review_id,customer_id,book_id,rating,review_text,created_at
1412,2568,5,2,Overrated. I did not enjoy the characters at all.,2024-07-08 10:42:00
2964,2333,3,4,"Good book, though the ending felt a little rushed.",2024-12-01 09:13:00
3657,1499,7,4,Enjoyed it quite a bit. Solid writing and interesting ideas.,2022-03-05 11:40:00
4996,1916,1,4,"Good book, though the ending felt a little rushed.",2021-05-28 17:06:00
3919,992,31,4,"Good book, though the ending felt a little rushed.",2024-09-19 18:51:00
4676,1107,1,3,Neither great nor terrible. Passes the time.,2022-01-09 20:14:00
5289,165,6,4,Mostly great. The middle section drags a bit.,2024-10-30 17:43:00
2642,2470,12,4,"Good book, though the ending felt a little rushed.",2021-06-19 16:36:00
4608,1596,1,4,Well-written and engaging. A few plot holes but forgivable.,2023-02-26 15:14:00
5475,1062,23,5,I finished this in two sittings. Absolutely riveting.,2024-02-04 18:57:00
525,1940,1,5,The writing is exceptional and the story gripped me from page one.,2022-12-05 15:40:00
3097,2002,2,4,Above average. Would recommend to fans of the genre.,2023-02-28 09:42:00
2665,2095,5,5,Exceeded all my expectations. Truly extraordinary.,2023-07-07 23:04:00
2009,2621,2,4,Enjoyed it quite a bit. Solid writing and interesting ideas.,2022-07-22 10:54:00
613,2663,1,3,It was okay. The hype around this book is a bit overstated.,2024-12-31 07:24:00
2257,2485,2,4,Well-written and engaging. A few plot holes but forgivable.,2024-02-13 21:14:00
5433,2330,4,3,,2023-10-19 16:02:00
2533,1710,2,5,Perfect blend of story and insight. Will read again.,2023-01-30 18:52:00
2981,442,2,4,Liked it. The first half is stronger than the second.,2024-12-09 16:39:00
883,1988,3,3,Decent read. Not my favourite but not bad either.,2022-11-01 04:42:00
5232,1042,3,3,Had potential but did not quite deliver on its promise.,2024-09-04 23:17:00
3196,29,8,2,Struggled to get through it. The story meanders endlessly.,2024-04-29 22:35:00
174,771,1,4,Enjoyed it quite a bit. Solid writing and interesting ideas.,2022-09-25 08:13:00
4435,1409,1,5,The writing is exceptional and the story gripped me from page one.,2024-02-13 06:13:00
2067,2487,15,3,It was okay. The hype around this book is a bit overstated.,2020-10-12 20:48:00
245,1694,5,3,Decent read. Not my favourite but not bad either.,2021-10-14 17:58:00
3637,136,1,4,Above average. Would recommend to fans of the genre.,2022-10-22 07:10:00
506,2034,1,3,Neither great nor terrible. Passes the time.,2020-04-13 06:52:00
930,2094,2,4,A very good read overall. Some chapters were slow but worth it.,2023-06-23 09:09:00
1827,2129,1,4,A very good read overall. Some chapters were slow but worth it.,2024-03-18 21:08:00
807,1233,3,3,"Some interesting parts, but overall felt underwhelming.",2023-11-21 22:36:00
3890,1513,1,4,Well-written and engaging. A few plot holes but forgivable.,2020-10-27 18:17:00
89,2406,1,3,Had potential but did not quite deliver on its promise.,2022-09-08 11:35:00
972,96,22,3,"Some interesting parts, but overall felt underwhelming.",2023-05-25 14:03:00
1707,1973,2,4,Pleasant read. Nothing groundbreaking but definitely enjoyable.,2024-09-28 12:23:00
287,1969,2,4,Well-written and engaging. A few plot holes but forgivable.,2024-01-01 16:44:00
69,598,1,4,Liked it. The first half is stronger than the second.,2024-01-19 07:48:00
3519,282,44,5,,2020-06-23 21:39:00
1140,772,8,4,Enjoyed it quite a bit. Solid writing and interesting ideas.,2022-10-19 17:06:00
3680,1252,3,3,"Some interesting parts, but overall felt underwhelming.",2024-08-18 20:01:00
1270,1460,1,2,Not for me. The writing style felt very dated.,2024-05-04 05:24:00
4784,1029,1,5,The writing is exceptional and the story gripped me from page one.,2024-08-17 17:30:00
2705,9,1,3,Decent read. Not my favourite but not bad either.,2021-06-10 19:49:00
4554,1435,46,3,Decent read. Not my favourite but not bad either.,2023-04-04 17:15:00
1450,52,2,4,,2022-03-12 06:29:00
3577,1778,37,4,Above average. Would recommend to fans of the genre.,2024-11-29 13:53:00
3951,943,114,3,,2022-07-02 07:32:00
4310,462,14,4,Mostly great. The middle section drags a bit.,2024-12-28 08:26:00
4735,994,1,4,,2021-02-25 15:14:00
3814,1703,1,4,Mostly great. The middle section drags a bit.,2024-12-31 17:09:00
5470,2049,4,3,"Mixed feelings. Good premise, mediocre execution.",2021-09-17 07:54:00
1867,1413,1,4,Pleasant read. Nothing groundbreaking but definitely enjoyable.,2023-10-22 12:02:00
3421,1214,5,2,Would not recommend. Too slow and the payoff was not worth it.,2024-01-14 15:04:00
4842,1587,41,3,Average. Had its moments but failed to really engage me.,2024-01-14 17:43:00
5115,2613,20,5,,2023-11-14 14:29:00
4113,2679,2,4,,2023-12-02 19:07:00
3188,111,6,3,,2024-04-21 16:48:00
127,1081,1,5,Brilliant narrative. The characters feel genuinely real.,2024-12-08 19:44:00
753,2571,3,3,"Mixed feelings. Good premise, mediocre execution.",2023-07-21 11:04:00
5197,1231,3,3,"Some interesting parts, but overall felt underwhelming.",2021-11-09 14:23:00
3393,2749,4,4,Pleasant read. Nothing groundbreaking but definitely enjoyable.,2024-11-08 17:10:00
982,2458,6,3,It was okay. The hype around this book is a bit overstated.,2023-07-08 16:07:00
483,1240,2,4,Well-written and engaging. A few plot holes but forgivable.,2023-07-05 14:54:00
4118,806,1,3,Had potential but did not quite deliver on its promise.,2021-05-27 09:28:00
5091,642,2,4,Enjoyed it quite a bit. Solid writing and interesting ideas.,2024-08-26 15:40:00
2882,1964,1,5,,2024-03-02 19:38:00
601,1580,1,4,Liked it. The first half is stronger than the second.,2023-08-13 08:28:00
3384,2069,6,3,Had potential but did not quite deliver on its promise.,2024-06-02 06:49:00
1326,723,1,4,"Good book, though the ending felt a little rushed.",2022-10-11 15:50:00
1286,909,9,4,"Good book, though the ending felt a little rushed.",2024-10-20 13:03:00
2745,2267,15,3,Neither great nor terrible. Passes the time.,2024-01-21 17:42:00
4276,50,1,3,Average. Had its moments but failed to really engage me.,2024-06-14 08:23:00
4788,285,75,4,Mostly great. The middle section drags a bit.,2024-12-17 12:34:00
59,16,2,4,Above average. Would recommend to fans of the genre.,2022-09-22 22:49:00
797,1569,1,4,Liked it. The first half is stronger than the second.,2024-06-07 18:46:00
1188,2141,1,4,Above average. Would recommend to fans of the genre.,2024-10-25 13:06:00
794,2691,1,4,Enjoyed it quite a bit. Solid writing and interesting ideas.,2024-06-06 07:53:00
1583,1168,16,5,Beautifully written. The author's style is simply stunning.,2024-08-21 19:03:00
2122,2415,17,5,Perfect blend of story and insight. Will read again.,2023-09-21 20:08:00
460,1640,4,3,"Mixed feelings. Good premise, mediocre execution.",2021-06-13 07:53:00
1417,9,32,2,Would not recommend. Too slow and the payoff was not worth it.,2021-04-28 13:14:00
2620,1156,13,3,Average. Had its moments but failed to really engage me.,2022-07-30 11:28:00
3095,723,52,2,Disappointed. Expected much more based on the reviews.,2023-05-27 19:27:00
4738,657,1,3,Had potential but did not quite deliver on its promise.,2024-12-13 09:08:00
663,963,1,5,I finished this in two sittings. Absolutely riveting.,2023-03-29 19:55:00
4952,1490,20,5,,2021-12-20 20:25:00
5090,2236,1,4,Enjoyed it quite a bit. Solid writing and interesting ideas.,2024-10-08 03:52:00
5124,2348,2,3,,2024-05-19 13:58:00
1865,1493,1,5,Brilliant narrative. The characters feel genuinely real.,2022-11-26 10:01:00
2011,1128,10,3,Decent read. Not my favourite but not bad either.,2023-05-21 14:05:00
5607,1357,1,5,Absolutely loved this book — couldn't put it down!,2023-12-28 18:29:00
2202,2696,36,5,Beautifully written. The author's style is simply stunning.,2024-05-02 15:42:00
2836,2350,1,3,Had potential but did not quite deliver on its promise.,2024-06-08 09:27:00
2082,1432,22,4,,2023-11-02 12:49:00
1697,77,2,5,Beautifully written. The author's style is simply stunning.,2022-12-28 11:39:00
652,1039,12,3,Decent read. Not my favourite but not bad either.,2023-03-04 23:30:00
507,1237,1,3,Decent read. Not my favourite but not bad either.,2022-06-02 12:21:00
2160,1603,3,4,Enjoyed it quite a bit. Solid writing and interesting ideas.,2022-06-28 05:38:00
1896,2424,5,3,"Mixed feelings. Good premise, mediocre execution.",2024-12-12 22:18:00
4860,1756,8,2,Disappointed. Expected much more based on the reviews.,2023-05-17 10:35:00
3164,1424,1,3,Decent read. Not my favourite but not bad either.,2023-03-31 03:21:00
5410,355,6,3,It was okay. The hype around this book is a bit overstated.,2022-04-21 11:04:00
2001,1175,1,3,Decent read. Not my favourite but not bad either.,2024-12-31 08:37:00
1690,512,1,4,Mostly great. The middle section drags a bit.,2023-11-02 17:07:00
3849,1432,1,3,"Some interesting parts, but overall felt underwhelming.",2024-12-31 15:19:00
776,1566,11,4,Enjoyed it quite a bit. Solid writing and interesting ideas.,2023-11-04 19:12:00
3063,1247,2,4,A very good read overall. Some chapters were slow but worth it.,2022-01-17 18:41:00
3345,2588,1,3,Decent read. Not my favourite but not bad either.,2024-10-21 09:40:00
5551,1250,16,3,"Some interesting parts, but overall felt underwhelming.",2024-02-06 07:08:00
4540,1365,6,2,The plot felt disjointed and the pacing was off throughout.,2024-10-13 17:52:00
5472,1852,2,3,,2024-02-08 17:24:00
4890,1313,4,3,Average. Had its moments but failed to really engage me.,2023-03-21 03:09:00
2704,24,1,5,Beautifully written. The author's style is simply stunning.,2024-07-08 19:53:00
1485,1018,9,4,Enjoyed it quite a bit. Solid writing and interesting ideas.,2022-11-29 14:02:00
1185,1354,2,4,Enjoyed it quite a bit. Solid writing and interesting ideas.,2023-08-02 08:42:00
834,796,2,4,,2024-09-28 02:55:00
3339,2016,1,4,,2024-04-29 07:27:00
4944,2592,2,4,Well-written and engaging. A few plot holes but forgivable.,2023-10-26 20:40:00
3799,1345,109,5,The writing is exceptional and the story gripped me from page one.,2023-10-20 08:43:00
4167,262,4,2,Overrated. I did not enjoy the characters at all.,2023-09-14 20:49:00
2343,283,16,3,Neither great nor terrible. Passes the time.,2023-10-06 18:06:00
1236,2280,1,4,Pleasant read. Nothing groundbreaking but definitely enjoyable.,2024-08-20 13:17:00
5114,1919,5,4,Liked it. The first half is stronger than the second.,2021-08-14 12:14:00
471,2727,1,2,The plot felt disjointed and the pacing was off throughout.,2023-12-21 17:34:00
3404,354,18,4,Above average. Would recommend to fans of the genre.,2024-12-09 21:27:00
3772,1420,1,4,Mostly great. The middle section drags a bit.,2024-04-28 14:22:00
3904,2767,9,3,Decent read. Not my favourite but not bad either.,2024-06-24 10:45:00
728,481,40,5,This book changed the way I think. A must-read for everyone.,2024-01-02 14:58:00
4558,1981,39,4,,2021-02-28 21:56:00
576,1708,1,3,It was okay. The hype around this book is a bit overstated.,2020-09-03 11:34:00
375,2616,4,3,Decent read. Not my favourite but not bad either.,2024-11-26 10:18:00
5568,2126,10,4,Above average. Would recommend to fans of the genre.,2023-11-23 09:52:00
536,1696,2,3,Decent read. Not my favourite but not bad either.,2024-11-04 07:51:00
642,2324,1,3,Decent read. Not my favourite but not bad either.,2021-01-12 20:42:00
4587,2589,1,3,Average. Had its moments but failed to really engage me.,2024-10-24 14:01:00
2351,2400,2,3,"Mixed feelings. Good premise, mediocre execution.",2024-10-29 07:00:00
210,2390,2,4,A very good read overall. Some chapters were slow but worth it.,2024-02-06 09:51:00
5484,1705,81,3,It was okay. The hype around this book is a bit overstated.,2022-06-08 16:36:00
63,2644,2,6,Above average. Would recommend to fans of the genre.,2022-01-13 19:09:00
4515,2219,3,3,It was okay. The hype around this book is a bit overstated.,2022-10-27 12:36:00
2969,1744,2,4,Well-written and engaging. A few plot holes but forgivable.,2020-05-09 15:24:00
3785,615,1,3,"Mixed feelings. Good premise, mediocre execution.",2024-06-30 19:17:00
1949,2703,2,4,"Good book, though the ending felt a little rushed.",2024-07-01 07:33:00
1863,2400,35,4,Mostly great. The middle section drags a bit.,2023-06-18 08:13:00
841,861,1,4,Mostly great. The middle section drags a bit.,2024-12-31 11:23:00
4384,1754,6,4,Liked it. The first half is stronger than the second.,2024-11-16 20:09:00
3078,2078,1,5,One of the best reads I have had in years. Highly recommended.,2022-09-11 08:30:00
2391,1328,1,4,Pleasant read. Nothing groundbreaking but definitely enjoyable.,2024-12-28 08:30:00
2208,312,1,5,,2021-12-17 09:06:00
5061,764,23,3,It was okay. The hype around this book is a bit overstated.,2021-12-29 06:53:00
5233,629,7,5,Perfect blend of story and insight. Will read again.,2023-10-20 17:57:00
1703,1546,2,4,Enjoyed it quite a bit. Solid writing and interesting ideas.,2023-06-15 17:31:00
2695,1246,1,4,Pleasant read. Nothing groundbreaking but definitely enjoyable.,2020-12-19 17:00:00
2929,479,4,4,Mostly great. The middle section drags a bit.,2024-11-23 20:34:00
2633,297,1,3,Average. Had its moments but failed to really engage me.,2022-04-01 19:06:00
585,736,1,3,It was okay. The hype around this book is a bit overstated.,2024-03-23 20:36:00
3283,245,2,4,Well-written and engaging. A few plot holes but forgivable.,2024-09-25 19:13:00
2762,1956,28,2,Would not recommend. Too slow and the payoff was not worth it.,2024-07-03 16:24:00
4620,2235,2,4,A very good read overall. Some chapters were slow but worth it.,2024-06-07 10:16:00
5576,731,1,3,Decent read. Not my favourite but not bad either.,2022-06-16 15:06:00
4094,2079,1,3,Decent read. Not my favourite but not bad either.,2024-08-19 12:58:00
2934,545,7,5,A masterpiece. Every chapter left me wanting more.,2022-05-31 20:31:00
4480,1306,3,2,Overrated. I did not enjoy the characters at all.,2024-06-19 07:23:00
3433,899,7,4,Above average. Would recommend to fans of the genre.,2024-09-09 16:27:00
2596,82,6,2,,2022-09-30 17:54:00
4550,1808,2,4,Well-written and engaging. A few plot holes but forgivable.,2021-12-26 14:08:00
5604,18,16,5,Exceeded all my expectations. Truly extraordinary.,2023-12-05 22:17:00
1739,719,13,3,Average. Had its moments but failed to really engage me.,2024-01-15 16:13:00
4246,1341,13,4,Above average. Would recommend to fans of the genre.,2021-06-08 05:51:00
4601,1842,27,3,Decent read. Not my favourite but not bad either.,2024-03-28 11:02:00
4628,2651,1,5,One of the best reads I have had in years. Highly recommended.,2024-12-31 10:43:00
1013,2131,1,5,Exceeded all my expectations. Truly extraordinary.,2023-07-23 13:02:00
2330,108,4,3,Decent read. Not my favourite but not bad either.,2023-02-01 08:21:00
1729,1935,3,3,"Some interesting parts, but overall felt underwhelming.",2021-09-18 18:17:00
226,796,19,3,Average. Had its moments but failed to really engage me.,2024-12-31 07:59:00
3549,437,4,3,Neither great nor terrible. Passes the time.,2024-02-12 18:59:00
780,2267,1,2,The plot felt disjointed and the pacing was off throughout.,2024-10-18 09:23:00
1347,2089,3,4,Enjoyed it quite a bit. Solid writing and interesting ideas.,2022-01-06 20:28:00
2621,1737,1,4,Mostly great. The middle section drags a bit.,2021-09-26 00:00:00
80,2016,23,1,One of the worst books I have read. No coherent plot.,2020-03-13 17:33:00
2937,1324,3,3,,2022-01-31 08:31:00
54,627,1,3,Average. Had its moments but failed to really engage me.,2021-02-08 16:27:00
1212,1008,4,5,A masterpiece. Every chapter left me wanting more.,2021-08-15 08:02:00
5486,398,14,4,,2024-04-03 04:43:00
4407,1693,1,4,Liked it. The first half is stronger than the second.,2023-01-04 09:20:00
1648,17,1,4,Liked it. The first half is stronger than the second.,2023-10-01 21:36:00
4838,1762,2,4,Enjoyed it quite a bit. Solid writing and interesting ideas.,2024-12-11 19:27:00
2429,2353,4,4,Above average. Would recommend to fans of the genre.,2021-02-14 20:03:00
458,1597,2,4,Above average. Would recommend to fans of the genre.,2024-12-31 07:41:00
3893,792,9,4,Liked it. The first half is stronger than the second.,2024-03-27 14:31:00
4792,821,2,3,,2022-10-23 06:41:00
2554,814,2,4,Mostly great. The middle section drags a bit.,2023-08-17 15:24:00
498,1718,27,4,Liked it. The first half is stronger than the second.,2023-12-04 21:37:00
2490,936,1,4,Above average. Would recommend to fans of the genre.,2022-08-05 11:45:00
1259,582,16,3,Decent read. Not my favourite but not bad either.,2023-02-22 08:51:00
3619,1379,1,3,It was okay. The hype around this book is a bit overstated.,2023-01-10 11:56:00
5319,2297,3,3,"Mixed feelings. Good premise, mediocre execution.",2024-07-15 09:21:00
4383,2387,1,4,Pleasant read. Nothing groundbreaking but definitely enjoyable.,2022-11-25 21:43:00
882,1751,11,4,Mostly great. The middle section drags a bit.,2021-09-30 14:19:00
2467,1983,5,3,Had potential but did not quite deliver on its promise.,2024-11-22 10:56:00
3548,2356,2,5,Absolutely loved this book — couldn't put it down!,2024-06-21 19:18:00
2947,1599,2,3,It was okay. The hype around this book is a bit overstated.,2024-01-08 16:21:00
2407,2455,183,3,,2021-10-20 23:10:00
2850,1597,1,4,"Good book, though the ending felt a little rushed.",2024-11-20 19:46:00
1173,2540,151,3,"Some interesting parts, but overall felt underwhelming.",2023-01-24 18:01:00
1319,1372,15,6,Above average. Would recommend to fans of the genre.,2023-01-29 16:33:00
3405,1692,30,3,Neither great nor terrible. Passes the time.,2024-10-13 12:48:00
4185,1060,1,4,Enjoyed it quite a bit. Solid writing and interesting ideas.,2023-07-08 09:33:00
3046,1225,178,5,One of the best reads I have had in years. Highly recommended.,2023-01-23 16:07:00
3986,1530,4,3,"Mixed feelings. Good premise, mediocre execution.",2024-07-18 11:29:00
5479,1815,39,4,Above average. Would recommend to fans of the genre.,2024-09-23 19:16:00
3330,2179,1,4,Above average. Would recommend to fans of the genre.,2024-03-15 20:56:00
595,2434,1,3,Decent read. Not my favourite but not bad either.,2024-10-09 19:59:00
4017,583,5,4,A very good read overall. Some chapters were slow but worth it.,2024-08-19 16:33:00
2898,1306,1,3,Had potential but did not quite deliver on its promise.,2023-08-25 15:12:00
132,2075,1,3,"Some interesting parts, but overall felt underwhelming.",2021-10-14 05:07:00
2959,173,3,4,Well-written and engaging. A few plot holes but forgivable.,2020-08-03 20:59:00
1056,277,2,5,The writing is exceptional and the story gripped me from page one.,2024-10-04 13:12:00
3060,1627,5,3,Decent read. Not my favourite but not bad either.,2024-05-26 21:50:00
810,1082,2,4,Well-written and engaging. A few plot holes but forgivable.,2022-09-12 05:06:00
4239,2336,2,4,Above average. Would recommend to fans of the genre.,2024-11-18 08:21:00
4652,2121,2,4,A very good read overall. Some chapters were slow but worth it.,2023-03-16 15:34:00
4775,1919,18,3,Decent read. Not my favourite but not bad either.,2023-12-07 11:01:00
2261,2646,2,2,,2024-06-01 13:02:00
4565,1049,13,2,Struggled to get through it. The story meanders endlessly.,2022-10-20 06:01:00
382,2536,4,2,Disappointed. Expected much more based on the reviews.,2024-12-29 09:01:00
3424,572,8,4,Above average. Would recommend to fans of the genre.,2024-10-07 13:02:00
4365,2708,1,4,Above average. Would recommend to fans of the genre.,2024-07-21 21:40:00
3782,1697,2,3,Decent read. Not my favourite but not bad either.,2021-10-26 08:56:00
1074,2037,2,4,Well-written and engaging. A few plot holes but forgivable.,2024-11-12 08:25:00
676,2618,1,2,The plot felt disjointed and the pacing was off throughout.,2021-04-30 07:16:00
1075,1034,2,5,Absolutely loved this book — couldn't put it down!,2022-09-16 00:44:00
2370,19,11,4,A very good read overall. Some chapters were slow but worth it.,2023-11-14 09:58:00
1273,931,2,3,"Some interesting parts, but overall felt underwhelming.",2021-01-24 18:09:00
4144,977,4,3,Had potential but did not quite deliver on its promise.,2024-05-04 14:59:00
195,61,1,4,Liked it. The first half is stronger than the second.,2024-06-22 10:29:00
180,1085,1,4,Enjoyed it quite a bit. Solid writing and interesting ideas.,2022-10-12 16:16:00
3358,1799,2,2,Would not recommend. Too slow and the payoff was not worth it.,2022-02-01 12:28:00
3032,2078,19,4,Enjoyed it quite a bit. Solid writing and interesting ideas.,2023-10-26 15:00:00
1775,737,1,4,Pleasant read. Nothing groundbreaking but definitely enjoyable.,2023-10-20 21:29:00
3009,1064,3,5,Brilliant narrative. The characters feel genuinely real.,2024-12-07 16:04:00
1860,2637,2,4,Enjoyed it quite a bit. Solid writing and interesting ideas.,2024-01-01 07:09:00
4766,1395,2,5,I finished this in two sittings. Absolutely riveting.,2024-10-22 23:53:00
4441,918,5,3,Decent read. Not my favourite but not bad either.,2024-09-24 10:51:00
3977,1999,5,4,Liked it. The first half is stronger than the second.,2024-04-06 08:10:00
3397,522,1,0,Decent read. Not my favourite but not bad either.,2021-07-26 16:45:00
4100,892,153,4,Liked it. The first half is stronger than the second.,2023-10-23 12:25:00
833,1413,29,4,A very good read overall. Some chapters were slow but worth it.,2022-04-06 16:27:00
2755,149,1,3,It was okay. The hype around this book is a bit overstated.,2024-11-20 17:35:00
4116,723,20,3,"Some interesting parts, but overall felt underwhelming.",2024-12-20 00:38:00
3783,1865,12,5,Absolutely loved this book — couldn't put it down!,2023-06-13 18:57:00
1727,1187,50,4,"Good book, though the ending felt a little rushed.",2024-01-28 12:52:00
33,310,3,5,I finished this in two sittings. Absolutely riveting.,2020-02-06 11:16:00
303,740,2,2,Not for me. The writing style felt very dated.,2024-11-01 15:49:00
5276,2285,1,3,"Mixed feelings. Good premise, mediocre execution.",2024-10-26 17:27:00
2311,1617,1,4,Well-written and engaging. A few plot holes but forgivable.,2024-09-02 07:22:00
4125,2548,1,3,Neither great nor terrible. Passes the time.,2022-03-19 22:24:00
4576,172,4,3,"Mixed feelings. Good premise, mediocre execution.",2024-02-01 09:54:00
391,525,1,5,This book changed the way I think. A must-read for everyone.,2024-12-07 15:48:00
1009,1603,6,2,Disappointed. Expected much more based on the reviews.,2021-04-13 03:04:00
3394,490,3,2,Not for me. The writing style felt very dated.,2022-02-24 19:29:00
691,1111,3,4,Mostly great. The middle section drags a bit.,2024-12-31 09:23:00
3585,336,2,5,Perfect blend of story and insight. Will read again.,2024-03-23 19:09:00
5073,757,4,4,A very good read overall. Some chapters were slow but worth it.,2022-09-18 17:28:00
2021,2581,1,5,A masterpiece. Every chapter left me wanting more.,2024-05-17 12:16:00
1031,1348,1,3,Had potential but did not quite deliver on its promise.,2023-08-06 17:59:00
4446,2716,53,5,One of the best reads I have had in years. Highly recommended.,2024-04-20 05:26:00
4149,624,1,3,"Mixed feelings. Good premise, mediocre execution.",2022-10-25 18:51:00
1888,277,94,4,Mostly great. The middle section drags a bit.,2022-03-01 18:44:00
1077,1718,2,5,Beautifully written. The author's style is simply stunning.,2023-01-08 20:54:00
3747,1500,5,4,A very good read overall. Some chapters were slow but worth it.,2024-09-15 14:09:00
5407,301,30,3,Average. Had its moments but failed to really engage me.,2024-06-14 08:23:00
4308,790,3,3,Had potential but did not quite deliver on its promise.,2024-09-28 13:23:00
861,1155,11,3,"Mixed feelings. Good premise, mediocre execution.",2022-10-16 08:07:00
705,1247,5,3,,2023-04-06 18:33:00
964,2698,1,3,Had potential but did not quite deliver on its promise.,2024-04-23 20:49:00
1573,1655,2,4,"Good book, though the ending felt a little rushed.",2024-04-20 17:29:00
4513,2686,3,3,,2024-12-03 04:58:00
5538,1505,1,4,Pleasant read. Nothing groundbreaking but definitely enjoyable.,2023-09-09 13:17:00
1307,1764,2,6,A masterpiece. Every chapter left me wanting more.,2024-11-09 20:20:00
264,1809,1,4,,2021-06-20 15:54:00
750,1569,2,0,Pleasant read. Nothing groundbreaking but definitely enjoyable.,2023-11-01 20:12:00
2130,2237,2,3,Had potential but did not quite deliver on its promise.,2022-11-17 16:38:00
1899,13,4,3,It was okay. The hype around this book is a bit overstated.,2024-08-23 02:02:00
1242,504,3,4,"Good book, though the ending felt a little rushed.",2022-01-26 15:30:00
3117,1681,3,4,Liked it. The first half is stronger than the second.,2020-02-28 06:18:00
3605,1929,2,3,Decent read. Not my favourite but not bad either.,2024-01-09 05:45:00
490,75,6,3,Had potential but did not quite deliver on its promise.,2024-12-31 15:03:00
4754,1547,1,4,Pleasant read. Nothing groundbreaking but definitely enjoyable.,2024-09-18 07:19:00
1221,1865,6,4,,2024-09-20 18:04:00
1730,1720,2,4,Mostly great. The middle section drags a bit.,2023-07-27 19:19:00
435,628,4,4,Liked it. The first half is stronger than the second.,2024-06-09 12:57:00
2360,61,41,4,Pleasant read. Nothing groundbreaking but definitely enjoyable.,2024-06-08 06:48:00
4758,2150,4,2,Struggled to get through it. The story meanders endlessly.,2023-08-28 19:36:00
4912,1417,5,4,Mostly great. The middle section drags a bit.,2024-10-26 15:34:00
1231,2540,1,4,Enjoyed it quite a bit. Solid writing and interesting ideas.,2024-10-28 15:35:00
594,852,1,3,Average. Had its moments but failed to really engage me.,2024-12-28 15:29:00
1571,2126,10,4,Above average. Would recommend to fans of the genre.,2023-11-23 09:52:00
3979,127,24,5,Exceeded all my expectations. Truly extraordinary.,2021-08-15 04:48:00
5089,2799,4,3,Decent read. Not my favourite but not bad either.,2020-06-16 18:29:00
4242,698,1,4,Mostly great. The middle section drags a bit.,2024-06-30 19:16:00
3967,654,2,3,Decent read. Not my favourite but not bad either.,2023-01-02 11:03:00
398,930,1,3,"Some interesting parts, but overall felt underwhelming.",2024-11-19 13:56:00
2245,858,7,5,Beautifully written. The author's style is simply stunning.,2023-03-18 09:39:00
62,547,1,4,"Good book, though the ending felt a little rushed.",2022-09-08 22:57:00
4523,791,3,4,Mostly great. The middle section drags a bit.,2024-09-30 21:14:00
5170,1489,3,4,Mostly great. The middle section drags a bit.,2022-08-29 08:03:00
3387,2454,10,4,A very good read overall. Some chapters were slow but worth it.,2023-11-14 12:10:00
2259,98,12,4,,2024-07-19 23:58:00
3289,1758,4,4,Pleasant read. Nothing groundbreaking but definitely enjoyable.,2024-10-25 22:44:00
2187,2486,5,3,Average. Had its moments but failed to really engage me.,2024-04-18 11:13:00
4718,2418,2,3,Neither great nor terrible. Passes the time.,2024-11-26 14:04:00
2454,2205,2,5,I finished this in two sittings. Absolutely riveting.,2024-11-24 17:59:00
2432,1696,7,4,"Good book, though the ending felt a little rushed.",2024-02-08 07:22:00
3114,724,11,4,Enjoyed it quite a bit. Solid writing and interesting ideas.,2022-05-24 18:56:00
3737,2306,5,1,Could not finish it. Extremely boring.,2024-04-29 08:48:00
2854,1412,1,4,Pleasant read. Nothing groundbreaking but definitely enjoyable.,2024-11-21 12:02:00
3975,2375,2,4,,2024-04-13 17:35:00
3080,690,4,4,Enjoyed it quite a bit. Solid writing and interesting ideas.,2022-02-09 13:37:00
4132,25,1,4,Mostly great. The middle section drags a bit.,2022-10-10 12:45:00
4190,533,19,3,"Mixed feelings. Good premise, mediocre execution.",2023-12-04 20:13:00
1716,597,2,3,Had potential but did not quite deliver on its promise.,2022-08-17 08:15:00
3464,1920,9,5,One of the best reads I have had in years. Highly recommended.,2020-05-21 09:53:00
4262,2296,9,4,Mostly great. The middle section drags a bit.,2021-06-02 07:30:00
552,1308,1,3,,2022-11-27 09:00:00
1609,1533,1,4,Well-written and engaging. A few plot holes but forgivable.,2020-03-28 13:38:00
1159,1277,1,4,"Good book, though the ending felt a little rushed.",2022-04-11 18:29:00
4643,2799,2,4,"Good book, though the ending felt a little rushed.",2023-10-30 11:27:00
2920,1257,100,4,Pleasant read. Nothing groundbreaking but definitely enjoyable.,2023-10-01 09:43:00
4297,911,1,3,"Mixed feelings. Good premise, mediocre execution.",2024-10-28 20:01:00
271,2533,3,3,Decent read. Not my favourite but not bad either.,2024-03-29 20:54:00
3899,969,33,3,Neither great nor terrible. Passes the time.,2024-08-10 09:10:00
418,2361,1,4,Pleasant read. Nothing groundbreaking but definitely enjoyable.,2024-09-07 17:25:00
4479,1014,3,4,Liked it. The first half is stronger than the second.,2023-12-29 10:17:00
5023,1306,13,2,,2022-04-04 13:42:00
352,703,1,5,Absolutely loved this book — couldn't put it down!,2024-07-29 19:09:00
5401,163,10,2,Disappointed. Expected much more based on the reviews.,2020-09-13 21:17:00
1113,1437,1,4,Liked it. The first half is stronger than the second.,2024-06-22 08:46:00
1468,2546,22,3,,2021-08-14 12:29:00
115,1027,4,5,This book changed the way I think. A must-read for everyone.,2024-03-29 20:49:00
4123,332,4,3,Neither great nor terrible. Passes the time.,2024-05-30 17:23:00
3654,2008,18,4,Liked it. The first half is stronger than the second.,2023-04-15 19:17:00
3582,2135,1,3,Decent read. Not my favourite but not bad either.,2024-07-31 15:36:00
682,1922,1,5,Absolutely loved this book — couldn't put it down!,2024-01-25 06:15:00
1246,1654,1,4,Well-written and engaging. A few plot holes but forgivable.,2021-11-02 18:55:00
5172,1941,3,5,,2024-09-17 17:48:00
2657,2512,1,4,Pleasant read. Nothing groundbreaking but definitely enjoyable.,2024-09-01 09:50:00
3290,2421,8,3,Average. Had its moments but failed to really engage me.,2022-01-12 19:01:00
4529,468,3,3,Average. Had its moments but failed to really engage me.,2022-01-24 07:44:00
4600,2729,40,5,Brilliant narrative. The characters feel genuinely real.,2023-02-28 17:57:00
516,749,3,4,A very good read overall. Some chapters were slow but worth it.,2020-03-13 18:29:00
5306,957,15,5,I finished this in two sittings. Absolutely riveting.,2024-08-02 21:21:00
1915,2350,9,3,"Some interesting parts, but overall felt underwhelming.",2024-12-02 08:13:00
3911,2288,2,4,Above average. Would recommend to fans of the genre.,2023-11-09 20:03:00
1563,1097,7,3,Had potential but did not quite deliver on its promise.,2021-08-22 06:52:00
4836,622,11,2,Disappointed. Expected much more based on the reviews.,2024-08-15 08:18:00
5405,898,50,5,Absolutely loved this book — couldn't put it down!,2024-04-05 14:26:00
3051,2172,4,5,,2024-10-23 20:16:00
1213,1720,3,3,Average. Had its moments but failed to really engage me.,2023-11-03 20:57:00
4670,1858,7,4,Above average. Would recommend to fans of the genre.,2022-09-11 11:44:00
2286,1131,3,4,Above average. Would recommend to fans of the genre.,2023-12-20 23:44:00
4186,1685,1,4,Liked it. The first half is stronger than the second.,2021-11-01 17:56:00
1454,2510,1,4,Pleasant read. Nothing groundbreaking but definitely enjoyable.,2022-07-07 10:59:00
2627,2154,1,4,"Good book, though the ending felt a little rushed.",2024-11-25 06:36:00
2638,1038,7,4,Enjoyed it quite a bit. Solid writing and interesting ideas.,2024-02-24 12:33:00
5290,2257,2,4,Well-written and engaging. A few plot holes but forgivable.,2024-06-05 17:34:00
4147,1939,2,5,,2024-11-15 12:12:00
5531,1475,15,4,"Good book, though the ending felt a little rushed.",2024-05-01 10:03:00
3586,2399,16,4,A very good read overall. Some chapters were slow but worth it.,2022-09-02 09:43:00
4906,328,18,3,Decent read. Not my favourite but not bad either.,2024-09-23 20:22:00
2928,2711,1,3,It was okay. The hype around this book is a bit overstated.,2023-01-30 11:47:00
358,56,10,3,Average. Had its moments but failed to really engage me.,2021-08-15 18:14:00
30,755,27,4,Mostly great. The middle section drags a bit.,2022-06-18 12:52:00
5442,2317,4,3,It was okay. The hype around this book is a bit overstated.,2022-10-30 19:55:00
363,1834,1,4,"Good book, though the ending felt a little rushed.",2024-09-29 18:30:00
4905,1151,7,4,Liked it. The first half is stronger than the second.,2022-03-13 12:18:00
3296,138,1,4,Enjoyed it quite a bit. Solid writing and interesting ideas.,2022-11-16 11:19:00
3281,2709,1,3,"Mixed feelings. Good premise, mediocre execution.",2024-12-18 22:17:00
3409,2683,12,4,Well-written and engaging. A few plot holes but forgivable.,2024-01-14 15:55:00
2749,1065,1,4,Pleasant read. Nothing groundbreaking but definitely enjoyable.,2021-01-28 06:39:00
3813,2623,16,5,Beautifully written. The author's style is simply stunning.,2023-01-06 11:02:00
1441,571,6,3,Decent read. Not my favourite but not bad either.,2024-08-21 12:05:00
5012,190,1,3,"Mixed feelings. Good premise, mediocre execution.",2023-08-31 08:39:00
4560,2399,2,2,Overrated. I did not enjoy the characters at all.,2023-04-24 17:41:00
4447,2233,2,5,Exceeded all my expectations. Truly extraordinary.,2022-05-25 18:33:00
3300,2583,2,3,Decent read. Not my favourite but not bad either.,2023-09-11 13:32:00
5501,262,17,3,Neither great nor terrible. Passes the time.,2024-03-23 13:27:00
1301,1319,31,5,A masterpiece. Every chapter left me wanting more.,2021-11-20 20:26:00
758,2396,1,3,,2024-12-27 15:22:00
2476,2412,21,4,"Good book, though the ending felt a little rushed.",2022-11-20 09:05:00
372,2732,1,5,Brilliant narrative. The characters feel genuinely real.,2024-10-21 23:47:00
2885,1225,15,4,A very good read overall. Some chapters were slow but worth it.,2023-05-11 08:08:00
1931,2621,3,2,The plot felt disjointed and the pacing was off throughout.,2023-05-02 09:01:00
5599,1173,6,2,The plot felt disjointed and the pacing was off throughout.,2024-05-03 16:16:00
574,1402,31,4,Liked it. The first half is stronger than the second.,2021-10-19 12:55:00
5539,179,1,3,"Some interesting parts, but overall felt underwhelming.",2024-11-10 08:46:00
2553,1645,1,3,Decent read. Not my favourite but not bad either.,2024-10-04 17:24:00
4457,2261,8,3,Neither great nor terrible. Passes the time.,2023-11-02 16:32:00
2999,587,2,4,"Good book, though the ending felt a little rushed.",2024-12-30 23:57:00
5446,1480,3,4,Liked it. The first half is stronger than the second.,2023-11-10 20:45:00
5223,355,2,4,"Good book, though the ending felt a little rushed.",2021-01-26 19:14:00
3982,1809,13,4,Well-written and engaging. A few plot holes but forgivable.,2024-02-15 11:59:00
4353,1137,9,5,Absolutely loved this book — couldn't put it down!,2024-11-02 13:47:00
1294,352,26,3,It was okay. The hype around this book is a bit overstated.,2024-03-19 13:42:00
3151,1301,13,4,Enjoyed it quite a bit. Solid writing and interesting ideas.,2021-07-21 06:26:00
2623,73,8,3,Had potential but did not quite deliver on its promise.,2024-07-13 08:27:00
3522,111,3,3,It was okay. The hype around this book is a bit overstated.,2024-07-02 11:32:00
426,789,2,3,Average. Had its moments but failed to really engage me.,2024-12-26 16:46:00
1296,1626,8,2,Overrated. I did not enjoy the characters at all.,2024-08-18 20:32:00
2071,965,15,4,Mostly great. The middle section drags a bit.,2024-12-31 10:24:00
2994,1640,1,3,,2024-11-07 19:08:00
1731,390,28,4,Pleasant read. Nothing groundbreaking but definitely enjoyable.,2022-02-24 22:40:00
535,825,1,3,Decent read. Not my favourite but not bad either.,2024-06-16 18:26:00
5546,1426,14,4,"Good book, though the ending felt a little rushed.",2021-08-03 18:06:00
2318,2539,74,2,Not for me. The writing style felt very dated.,2024-11-16 05:03:00
3106,2319,1,3,Average. Had its moments but failed to really engage me.,2024-10-28 21:22:00
4903,956,10,4,Pleasant read. Nothing groundbreaking but definitely enjoyable.,2022-08-04 08:45:00
4895,1511,1,5,Brilliant narrative. The characters feel genuinely real.,2022-02-14 18:36:00
3427,1451,1,3,Decent read. Not my favourite but not bad either.,2022-11-30 08:01:00
2814,1874,13,4,Mostly great. The middle section drags a bit.,2024-09-30 16:50:00
4615,2329,1,4,A very good read overall. Some chapters were slow but worth it.,2024-02-08 11:19:00
718,1289,4,4,Above average. Would recommend to fans of the genre.,2024-04-25 21:21:00
4174,1057,13,2,Overrated. I did not enjoy the characters at all.,2021-07-12 14:23:00
3183,2617,1,4,"Good book, though the ending felt a little rushed.",2024-02-16 18:20:00
5150,2388,1,4,Mostly great. The middle section drags a bit.,2024-08-05 20:54:00
1104,1282,3,3,It was okay. The hype around this book is a bit overstated.,2023-08-09 13:05:00
3422,2462,13,2,Not for me. The writing style felt very dated.,2024-11-07 08:35:00
526,1787,4,3,Decent read. Not my favourite but not bad either.,2024-02-28 22:43:00
4551,1370,11,4,Liked it. The first half is stronger than the second.,2024-02-19 08:32:00
3369,61,4,4,Pleasant read. Nothing groundbreaking but definitely enjoyable.,2022-10-08 17:41:00
4032,1030,2,4,A very good read overall. Some chapters were slow but worth it.,2024-06-06 18:14:00
2652,2129,4,2,,2022-10-05 12:12:00
1626,796,3,4,Above average. Would recommend to fans of the genre.,2024-10-12 07:26:00
1710,105,6,2,The plot felt disjointed and the pacing was off throughout.,2024-08-21 10:21:00
4744,114,6,3,Average. Had its moments but failed to really engage me.,2023-02-13 11:16:00
5225,2270,4,6,It was okay. The hype around this book is a bit overstated.,2022-03-06 19:11:00
4624,1589,3,4,Enjoyed it quite a bit. Solid writing and interesting ideas.,2022-11-12 10:40:00
1266,2589,4,3,Decent read. Not my favourite but not bad either.,2024-12-11 18:52:00
2295,314,1,3,"Mixed feelings. Good premise, mediocre execution.",2024-06-19 16:38:00
323,2734,3,4,Liked it. The first half is stronger than the second.,2022-06-16 14:36:00
974,1886,1,4,,2024-11-05 13:04:00
2281,42,62,3,Had potential but did not quite deliver on its promise.,2024-05-08 14:08:00
4749,1001,1,4,Well-written and engaging. A few plot holes but forgivable.,2024-07-02 18:02:00
1201,1101,3,3,,2022-12-28 07:31:00
4635,2566,114,3,"Some interesting parts, but overall felt underwhelming.",2024-12-31 12:55:00
1392,101,1,3,Average. Had its moments but failed to really engage me.,2024-12-13 17:53:00
1415,2621,6,3,"Some interesting parts, but overall felt underwhelming.",2021-09-02 15:36:00
4410,2300,1,4,,2023-09-28 13:38:00
2966,2354,7,4,Mostly great. The middle section drags a bit.,2022-08-06 06:52:00
501,873,3,4,Above average. Would recommend to fans of the genre.,2021-11-29 10:23:00
5002,723,93,4,"Good book, though the ending felt a little rushed.",2024-06-15 16:14:00
2253,98,9,2,Struggled to get through it. The story meanders endlessly.,2024-12-09 17:48:00
2794,789,9,3,It was okay. The hype around this book is a bit overstated.,2023-03-03 05:34:00
1060,233,3,2,The plot felt disjointed and the pacing was off throughout.,2024-05-12 12:23:00
3465,2160,4,4,Enjoyed it quite a bit. Solid writing and interesting ideas.,2024-11-02 18:33:00
2509,373,1,3,Had potential but did not quite deliver on its promise.,2024-09-20 08:18:00
5400,2218,5,3,Neither great nor terrible. Passes the time.,2020-04-06 06:45:00
3848,1563,2,5,A masterpiece. Every chapter left me wanting more.,2024-02-29 19:52:00
905,500,9,5,I finished this in two sittings. Absolutely riveting.,2021-01-22 16:26:00
3879,1,2,3,Average. Had its moments but failed to really engage me.,2024-12-19 14:52:00
2736,420,35,4,Above average. Would recommend to fans of the genre.,2023-04-07 21:25:00
822,2623,1,4,Mostly great. The middle section drags a bit.,2024-06-10 19:24:00
4279,2256,1,-1,"Good book, though the ending felt a little rushed.",2023-06-02 18:10:00
2294,2623,2,3,"Some interesting parts, but overall felt underwhelming.",2021-08-07 13:56:00
3098,2299,7,3,Neither great nor terrible. Passes the time.,2024-10-29 09:20:00
5300,306,1,5,The writing is exceptional and the story gripped me from page one.,2023-06-21 10:27:00
26,480,1,5,The writing is exceptional and the story gripped me from page one.,2024-06-22 19:17:00
5020,2658,1,3,Had potential but did not quite deliver on its promise.,2024-05-03 07:44:00
975,2177,1,4,Liked it. The first half is stronger than the second.,2024-05-16 16:32:00
3580,422,5,4,"Good book, though the ending felt a little rushed.",2024-04-15 19:26:00
42,2391,1,3,Had potential but did not quite deliver on its promise.,2020-11-30 20:36:00
1974,889,21,4,,2024-11-10 16:38:00
3226,723,2,4,Above average. Would recommend to fans of the genre.,2024-09-14 19:03:00
615,801,8,4,,2021-08-27 03:25:00
348,2318,1,3,Had potential but did not quite deliver on its promise.,2022-11-06 19:23:00
347,2687,1,4,Pleasant read. Nothing groundbreaking but definitely enjoyable.,2024-04-18 14:18:00
2251,720,1,3,Neither great nor terrible. Passes the time.,2023-03-19 07:22:00
142,1701,1,5,,2024-04-01 09:37:00
4990,2438,1,4,,2021-01-16 20:33:00
940,2589,5,5,A masterpiece. Every chapter left me wanting more.,2024-12-31 12:06:00
197,2185,1,2,Disappointed. Expected much more based on the reviews.,2022-08-16 05:24:00
3652,2556,1,4,Well-written and engaging. A few plot holes but forgivable.,2022-12-26 18:56:00
491,291,2,4,Well-written and engaging. A few plot holes but forgivable.,2023-01-29 11:09:00
4660,2551,1,3,It was okay. The hype around this book is a bit overstated.,2024-11-12 16:37:00
4829,454,1,4,Enjoyed it quite a bit. Solid writing and interesting ideas.,2024-07-16 22:19:00
5511,2222,3,1,Could not finish it. Extremely boring.,2021-01-07 18:33:00
3642,208,4,4,Above average. Would recommend to fans of the genre.,2023-02-06 09:52:00
2036,1696,56,4,Liked it. The first half is stronger than the second.,2024-08-22 17:53:00
263,457,2,5,Perfect blend of story and insight. Will read again.,2024-01-01 14:08:00
1512,679,1,4,,2024-12-31 13:46:00
2287,1889,187,2,Overrated. I did not enjoy the characters at all.,2021-06-25 17:42:00
3962,863,69,4,Mostly great. The middle section drags a bit.,2024-12-08 06:36:00
4668,1267,1,5,Exceeded all my expectations. Truly extraordinary.,2024-10-24 20:00:00
3597,1102,1,5,A masterpiece. Every chapter left me wanting more.,2024-04-28 08:49:00
2244,1638,1,4,Mostly great. The middle section drags a bit.,2024-09-17 10:58:00
3621,1690,1,4,,2024-06-15 10:40:00
2218,2242,1,3,It was okay. The hype around this book is a bit overstated.,2021-09-18 13:11:00
5149,1504,1,3,"Some interesting parts, but overall felt underwhelming.",2023-12-20 07:28:00
796,265,3,3,Decent read. Not my favourite but not bad either.,2022-01-17 10:43:00
4390,22,2,4,Enjoyed it quite a bit. Solid writing and interesting ideas.,2022-10-02 12:58:00
2002,1584,3,2,Would not recommend. Too slow and the payoff was not worth it.,2021-06-27 13:23:00
4146,100,1,3,"Mixed feelings. Good premise, mediocre execution.",2022-12-03 06:12:00
1162,1351,1,2,Not for me. The writing style felt very dated.,2022-06-02 14:16:00
3432,2298,3,4,"Good book, though the ending felt a little rushed.",2024-12-10 11:22:00
5361,1203,49,3,"Some interesting parts, but overall felt underwhelming.",2023-02-09 07:41:00
542,1868,2,4,Mostly great. The middle section drags a bit.,2023-08-17 06:51:00
5509,1933,1,2,Struggled to get through it. The story meanders endlessly.,2024-12-14 12:11:00
3988,1829,4,3,Decent read. Not my favourite but not bad either.,2023-11-16 14:59:00
5151,1721,7,3,Had potential but did not quite deliver on its promise.,2023-10-24 09:44:00
4533,1923,2,4,Above average. Would recommend to fans of the genre.,2022-02-23 21:06:00
3929,313,1,4,A very good read overall. Some chapters were slow but worth it.,2022-11-23 18:23:00
2951,1442,1,4,Pleasant read. Nothing groundbreaking but definitely enjoyable.,2024-01-22 17:15:00
346,1860,13,3,"Mixed feelings. Good premise, mediocre execution.",2024-07-14 06:52:00
4418,1895,2,6,I finished this in two sittings. Absolutely riveting.,2024-04-22 15:57:00
465,2040,12,5,,2023-12-16 08:54:00
5058,69,9,2,Not for me. The writing style felt very dated.,2023-10-25 18:00:00
4027,548,5,5,A masterpiece. Every chapter left me wanting more.,2021-11-27 13:29:00
670,1944,13,5,Perfect blend of story and insight. Will read again.,2023-01-15 06:30:00
5304,1608,22,4,A very good read overall. Some chapters were slow but worth it.,2023-09-22 19:22:00
626,487,1,3,"Some interesting parts, but overall felt underwhelming.",2023-12-20 05:27:00
242,151,9,4,A very good read overall. Some chapters were slow but worth it.,2023-03-21 09:48:00
2976,622,2,4,Mostly great. The middle section drags a bit.,2024-12-31 16:39:00
1497,1844,1,5,A masterpiece. Every chapter left me wanting more.,2022-07-25 07:37:00
860,1780,1,2,Struggled to get through it. The story meanders endlessly.,2024-06-20 13:25:00
5440,2268,12,5,Absolutely loved this book — couldn't put it down!,2023-04-02 11:51:00
5143,2174,2,3,It was okay. The hype around this book is a bit overstated.,2024-07-07 01:54:00
3056,2376,1,4,Well-written and engaging. A few plot holes but forgivable.,2021-11-10 21:07:00
5038,1516,3,4,"Good book, though the ending felt a little rushed.",2023-02-02 17:27:00
4136,1705,3,3,"Mixed feelings. Good premise, mediocre execution.",2020-05-26 21:30:00
1746,559,2,4,"Good book, though the ending felt a little rushed.",2021-11-15 18:37:00
1064,1689,3,4,Well-written and engaging. A few plot holes but forgivable.,2024-05-23 19:01:00
4385,691,2,4,Above average. Would recommend to fans of the genre.,2024-11-20 07:31:00
1515,1953,1,5,Brilliant narrative. The characters feel genuinely real.,2022-04-07 19:02:00
1363,68,55,2,The plot felt disjointed and the pacing was off throughout.,2024-06-16 13:47:00
3625,1951,1,4,Pleasant read. Nothing groundbreaking but definitely enjoyable.,2024-11-20 17:59:00
5140,2249,23,4,Mostly great. The middle section drags a bit.,2020-10-24 10:55:00
481,2685,7,4,,2023-05-05 13:15:00
4173,1315,2,4,"Good book, though the ending felt a little rushed.",2023-09-05 07:45:00
3438,2280,6,2,Not for me. The writing style felt very dated.,2023-02-19 19:50:00
445,1656,1,3,It was okay. The hype around this book is a bit overstated.,2024-01-26 00:43:00
1012,219,4,4,Pleasant read. Nothing groundbreaking but definitely enjoyable.,2022-06-13 21:35:00
2506,802,3,3,Average. Had its moments but failed to really engage me.,2022-01-28 13:22:00
17,1124,3,3,"Mixed feelings. Good premise, mediocre execution.",2024-04-26 19:08:00
1550,2310,1,3,Neither great nor terrible. Passes the time.,2023-11-03 08:10:00
71,2036,1,4,Pleasant read. Nothing groundbreaking but definitely enjoyable.,2024-06-28 05:24:00
1369,2059,18,3,Decent read. Not my favourite but not bad either.,2020-08-18 17:15:00
4939,2288,1,4,A very good read overall. Some chapters were slow but worth it.,2024-11-05 11:10:00
3867,959,2,4,A very good read overall. Some chapters were slow but worth it.,2023-05-16 08:57:00
5076,887,2,5,Perfect blend of story and insight. Will read again.,2023-09-15 21:28:00
3544,658,2,5,Beautifully written. The author's style is simply stunning.,2023-06-01 09:42:00
3479,1353,1,5,Beautifully written. The author's style is simply stunning.,2020-04-10 14:38:00
4078,1782,61,2,Struggled to get through it. The story meanders endlessly.,2023-10-29 08:16:00
1245,602,1,2,Would not recommend. Too slow and the payoff was not worth it.,2024-02-29 17:08:00
3389,1754,16,2,Not for me. The writing style felt very dated.,2024-02-21 08:56:00
457,2774,82,2,Overrated. I did not enjoy the characters at all.,2024-03-05 18:45:00
3874,2348,6,1,Terrible. Wasted my money and my time.,2020-11-12 17:06:00
823,1532,1,3,Neither great nor terrible. Passes the time.,2022-03-13 20:56:00
5102,304,2,4,"Good book, though the ending felt a little rushed.",2021-09-27 01:27:00
5094,469,1,5,,2021-01-02 18:36:00
4499,2268,1,2,The plot felt disjointed and the pacing was off throughout.,2021-02-27 08:34:00
4885,735,35,3,Decent read. Not my favourite but not bad either.,2024-10-19 07:02:00
2118,2238,6,3,Average. Had its moments but failed to really engage me.,2024-08-08 06:29:00
4450,714,4,3,It was okay. The hype around this book is a bit overstated.,2024-07-02 19:09:00
4157,2340,1,2,Would not recommend. Too slow and the payoff was not worth it.,2022-12-11 07:03:00
3756,1843,1,5,,2021-10-14 18:01:00
620,2642,1,2,Would not recommend. Too slow and the payoff was not worth it.,2024-02-25 16:25:00
4272,1197,5,4,Above average. Would recommend to fans of the genre.,2024-02-10 17:26:00
1372,978,1,4,"Good book, though the ending felt a little rushed.",2024-11-06 16:34:00
5529,277,6,2,Not for me. The writing style felt very dated.,2024-10-12 12:33:00
4253,2055,12,4,Above average. Would recommend to fans of the genre.,2024-09-26 16:10:00
4284,1854,30,4,Enjoyed it quite a bit. Solid writing and interesting ideas.,2024-10-17 13:17:00
101,251,1,4,Above average. Would recommend to fans of the genre.,2022-11-06 07:44:00
1420,2773,1,3,Decent read. Not my favourite but not bad either.,2024-01-19 16:43:00
3581,2666,4,4,Well-written and engaging. A few plot holes but forgivable.,2023-08-15 00:30:00
5510,2251,1,4,,2020-09-23 08:51:00
356,2536,55,3,Neither great nor terrible. Passes the time.,2024-05-14 11:53:00
2381,172,5,5,The writing is exceptional and the story gripped me from page one.,2024-05-02 18:50:00
2826,403,1,3,It was okay. The hype around this book is a bit overstated.,2024-07-31 21:55:00
4982,1708,3,3,Had potential but did not quite deliver on its promise.,2024-04-13 21:05:00
120,150,1,3,,2024-12-31 16:21:00
3983,2138,15,4,Liked it. The first half is stronger than the second.,2024-09-28 11:54:00
1608,2456,1,4,"Good book, though the ending felt a little rushed.",2024-09-08 08:12:00
4559,196,1,2,Disappointed. Expected much more based on the reviews.,2023-01-07 08:14:00
777,2233,12,4,Liked it. The first half is stronger than the second.,2024-04-17 19:49:00
1768,1195,1,4,A very good read overall. Some chapters were slow but worth it.,2023-01-26 14:22:00
813,379,59,5,The writing is exceptional and the story gripped me from page one.,2024-12-06 21:14:00
4669,589,1,5,One of the best reads I have had in years. Highly recommended.,2024-05-20 21:43:00
3743,2485,32,3,,2020-04-19 11:41:00
963,285,7,4,Well-written and engaging. A few plot holes but forgivable.,2024-10-04 07:13:00
3968,892,3,2,Overrated. I did not enjoy the characters at all.,2022-12-09 08:34:00
4458,2713,1,4,,2023-11-15 12:28:00
1020,1685,3,3,Decent read. Not my favourite but not bad either.,2020-08-19 18:49:00
4327,990,3,5,The writing is exceptional and the story gripped me from page one.,2021-08-28 07:50:00
3248,1163,2,5,Beautifully written. The author's style is simply stunning.,2024-01-07 19:06:00
3173,2749,3,3,It was okay. The hype around this book is a bit overstated.,2024-09-12 18:25:00
2910,1336,8,2,The plot felt disjointed and the pacing was off throughout.,2023-04-21 11:30:00
3736,1623,1,4,Mostly great. The middle section drags a bit.,2023-01-11 02:00:00
5333,456,3,3,It was okay. The hype around this book is a bit overstated.,2021-01-16 18:45:00
5597,1743,26,3,Had potential but did not quite deliver on its promise.,2020-12-29 12:29:00
2888,921,5,3,Neither great nor terrible. Passes the time.,2024-10-29 14:25:00
3838,5,1,4,Well-written and engaging. A few plot holes but forgivable.,2022-09-27 12:39:00
4598,972,1,5,This book changed the way I think. A must-read for everyone.,2021-02-18 18:30:00
727,2416,1,3,Had potential but did not quite deliver on its promise.,2024-08-28 19:18:00
1829,2288,9,4,A very good read overall. Some chapters were slow but worth it.,2024-11-28 20:25:00
4780,1431,1,3,Neither great nor terrible. Passes the time.,2023-12-30 21:53:00
46,2799,1,3,It was okay. The hype around this book is a bit overstated.,2021-06-27 21:41:00
2752,1393,2,5,I finished this in two sittings. Absolutely riveting.,2024-05-06 20:11:00
5398,908,17,3,"Mixed feelings. Good premise, mediocre execution.",2021-08-31 08:41:00
5570,178,1,4,Pleasant read. Nothing groundbreaking but definitely enjoyable.,2024-07-17 05:40:00
730,114,57,4,Liked it. The first half is stronger than the second.,2024-05-13 18:51:00
2240,2046,4,4,Enjoyed it quite a bit. Solid writing and interesting ideas.,2020-06-27 21:16:00
1254,1013,1,4,,2020-05-13 08:13:00
4819,33,5,5,A masterpiece. Every chapter left me wanting more.,2024-10-10 10:27:00
3112,466,187,1,Terrible. Wasted my money and my time.,2020-06-05 18:20:00
3113,2537,2,5,The writing is exceptional and the story gripped me from page one.,2022-12-17 06:34:00
1479,1732,10,4,Enjoyed it quite a bit. Solid writing and interesting ideas.,2023-11-03 16:52:00
1920,783,1,5,I finished this in two sittings. Absolutely riveting.,2022-02-06 07:15:00
275,2659,2,5,Exceeded all my expectations. Truly extraordinary.,2024-10-26 18:57:00
3138,2178,2,4,Mostly great. The middle section drags a bit.,2024-08-18 18:48:00
3484,309,2,4,Liked it. The first half is stronger than the second.,2020-10-17 20:41:00
2968,606,1,3,"Some interesting parts, but overall felt underwhelming.",2024-06-23 06:12:00
3915,2251,31,3,Had potential but did not quite deliver on its promise.,2022-10-21 08:29:00
4729,14,2,4,"Good book, though the ending felt a little rushed.",2022-10-02 18:47:00
4469,1621,2,3,"Mixed feelings. Good premise, mediocre execution.",2024-05-09 22:33:00
4369,2307,4,3,Had potential but did not quite deliver on its promise.,2021-07-05 17:33:00
3882,44,1,4,Enjoyed it quite a bit. Solid writing and interesting ideas.,2023-02-20 12:06:00
3434,1316,14,-1,,2022-10-19 07:01:00
3366,779,3,5,One of the best reads I have had in years. Highly recommended.,2024-12-30 11:31:00
316,111,38,2,The plot felt disjointed and the pacing was off throughout.,2024-06-21 15:56:00
949,1383,1,3,"Mixed feelings. Good premise, mediocre execution.",2024-09-11 20:52:00
2534,212,2,4,"Good book, though the ending felt a little rushed.",2024-07-23 21:55:00
1139,570,1,4,Above average. Would recommend to fans of the genre.,2021-08-21 11:12:00
1635,2012,6,2,Not for me. The writing style felt very dated.,2022-07-01 15:29:00
3576,1140,2,4,"Good book, though the ending felt a little rushed.",2024-10-07 01:13:00
1384,607,1,2,Would not recommend. Too slow and the payoff was not worth it.,2022-09-24 19:33:00
2879,2661,2,4,Above average. Would recommend to fans of the genre.,2024-04-10 07:52:00
2025,1765,14,0,Well-written and engaging. A few plot holes but forgivable.,2023-09-30 17:26:00
4774,1224,1,4,A very good read overall. Some chapters were slow but worth it.,2023-11-29 11:35:00
1272,1581,1,4,,2023-11-21 19:44:00
1053,669,1,4,Liked it. The first half is stronger than the second.,2023-10-05 10:44:00
2428,955,2,2,,2022-12-29 03:43:00
1871,2013,1,5,I finished this in two sittings. Absolutely riveting.,2024-12-31 11:37:00
48,791,1,2,Disappointed. Expected much more based on the reviews.,2024-02-08 13:36:00
5272,2757,1,5,I finished this in two sittings. Absolutely riveting.,2023-08-02 11:17:00
1202,1013,6,3,Decent read. Not my favourite but not bad either.,2020-02-05 12:03:00
4841,1843,5,3,Average. Had its moments but failed to really engage me.,2021-08-09 14:00:00
1070,283,5,2,Overrated. I did not enjoy the characters at all.,2024-03-13 19:35:00
3930,1776,4,3,Neither great nor terrible. Passes the time.,2021-09-20 16:02:00
3704,312,22,2,,2023-05-08 09:58:00
3610,1159,2,3,Decent read. Not my favourite but not bad either.,2024-10-15 19:05:00
1576,613,1,4,Liked it. The first half is stronger than the second.,2022-06-08 17:53:00
249,1808,1,5,This book changed the way I think. A must-read for everyone.,2023-09-10 13:19:00
5365,2299,126,6,Enjoyed it quite a bit. Solid writing and interesting ideas.,2023-05-18 09:36:00
2872,371,2,4,Mostly great. The middle section drags a bit.,2022-05-02 16:54:00
2521,2685,3,2,Struggled to get through it. The story meanders endlessly.,2022-07-20 11:12:00
3317,2062,2,5,Exceeded all my expectations. Truly extraordinary.,2023-09-29 07:01:00
941,1269,1,4,Above average. Would recommend to fans of the genre.,2022-03-06 15:58:00
3364,1370,7,-1,Average. Had its moments but failed to really engage me.,2024-07-16 19:45:00
2107,1064,7,4,Pleasant read. Nothing groundbreaking but definitely enjoyable.,2024-12-31 20:50:00
3320,10,12,5,,2022-10-13 07:53:00
452,857,6,3,Had potential but did not quite deliver on its promise.,2024-07-27 19:56:00
2073,1480,5,3,Neither great nor terrible. Passes the time.,2024-06-19 16:38:00
4706,2117,1,3,It was okay. The hype around this book is a bit overstated.,2022-09-15 07:39:00
4054,1937,5,3,"Mixed feelings. Good premise, mediocre execution.",2024-05-18 18:23:00
1900,2781,2,3,Average. Had its moments but failed to really engage me.,2021-07-12 10:27:00
2901,893,39,4,A very good read overall. Some chapters were slow but worth it.,2024-12-31 18:40:00
4042,1402,2,3,Had potential but did not quite deliver on its promise.,2023-01-11 10:32:00
5473,255,5,3,"Mixed feelings. Good premise, mediocre execution.",2024-08-30 20:40:00
432,1673,1,5,Absolutely loved this book — couldn't put it down!,2024-07-08 05:16:00
639,2254,2,3,Neither great nor terrible. Passes the time.,2021-09-09 21:04:00
4095,656,181,2,Disappointed. Expected much more based on the reviews.,2020-12-08 10:37:00
1820,2105,26,5,Brilliant narrative. The characters feel genuinely real.,2022-08-26 15:57:00
3012,2225,33,2,Would not recommend. Too slow and the payoff was not worth it.,2024-04-26 18:47:00
3140,406,4,3,Had potential but did not quite deliver on its promise.,2023-08-03 19:49:00
915,801,1,5,Brilliant narrative. The characters feel genuinely real.,2020-11-25 20:29:00
2037,2010,1,3,"Some interesting parts, but overall felt underwhelming.",2020-08-15 12:39:00
1621,1009,1,4,Well-written and engaging. A few plot holes but forgivable.,2024-09-21 09:44:00
5453,321,4,4,Pleasant read. Nothing groundbreaking but definitely enjoyable.,2021-02-07 18:43:00
5324,2054,1,3,Average. Had its moments but failed to really engage me.,2024-04-11 20:34:00
237,2319,4,3,Neither great nor terrible. Passes the time.,2024-12-31 14:33:00
1737,411,12,4,Liked it. The first half is stronger than the second.,2024-03-30 10:48:00
205,1104,6,2,Would not recommend. Too slow and the payoff was not worth it.,2024-02-23 07:00:00
4003,2401,19,3,"Mixed feelings. Good premise, mediocre execution.",2023-11-10 08:03:00
1411,1097,1,4,Mostly great. The middle section drags a bit.,2024-12-04 19:59:00
1046,2723,2,4,Pleasant read. Nothing groundbreaking but definitely enjoyable.,2023-08-14 11:44:00
3665,1530,32,3,"Mixed feelings. Good premise, mediocre execution.",2024-06-10 06:10:00
5612,56,3,4,Well-written and engaging. A few plot holes but forgivable.,2023-10-18 13:37:00
3254,562,4,4,,2022-10-21 19:42:00
1505,2208,1,5,Exceeded all my expectations. Truly extraordinary.,2024-07-01 20:39:00
1615,1324,1,3,Had potential but did not quite deliver on its promise.,2024-07-12 18:13:00
2089,1014,38,5,This book changed the way I think. A must-read for everyone.,2023-10-29 10:35:00
3976,353,1,3,Decent read. Not my favourite but not bad either.,2022-02-27 14:19:00
2671,2429,5,3,Average. Had its moments but failed to really engage me.,2023-03-07 20:16:00
1987,1341,1,4,Well-written and engaging. A few plot holes but forgivable.,2020-03-28 12:22:00
1928,677,2,4,Liked it. The first half is stronger than the second.,2022-03-24 00:29:00
1649,1690,9,4,Well-written and engaging. A few plot holes but forgivable.,2024-12-03 08:43:00
4465,1443,2,5,Exceeded all my expectations. Truly extraordinary.,2021-08-18 10:58:00
4504,1321,29,4,Above average. Would recommend to fans of the genre.,2024-04-05 13:22:00
4745,561,1,3,"Some interesting parts, but overall felt underwhelming.",2024-05-23 18:28:00
2765,558,27,4,,2020-12-10 15:58:00
2569,2396,20,4,A very good read overall. Some chapters were slow but worth it.,2022-01-10 09:09:00
518,748,3,4,,2022-07-16 19:56:00
354,2408,2,4,Pleasant read. Nothing groundbreaking but definitely enjoyable.,2024-02-09 06:33:00
2664,2786,29,5,A masterpiece. Every chapter left me wanting more.,2023-08-22 12:01:00
277,2381,1,5,A masterpiece. Every chapter left me wanting more.,2024-04-21 08:39:00
1370,1807,34,4,Liked it. The first half is stronger than the second.,2024-10-30 14:51:00
1467,776,1,4,Well-written and engaging. A few plot holes but forgivable.,2022-10-13 01:55:00
4010,1198,32,2,The plot felt disjointed and the pacing was off throughout.,2024-07-05 08:31:00
1217,1754,1,3,"Some interesting parts, but overall felt underwhelming.",2024-06-10 22:51:00
1958,1197,1,4,A very good read overall. Some chapters were slow but worth it.,2023-12-13 10:31:00
2319,2017,8,3,Decent read. Not my favourite but not bad either.,2023-11-27 21:42:00
4377,2490,1,3,Average. Had its moments but failed to really engage me.,2024-11-04 12:43:00
586,2554,1,4,Mostly great. The middle section drags a bit.,2023-10-15 17:37:00
2982,1124,2,3,"Some interesting parts, but overall felt underwhelming.",2024-05-16 08:30:00
3182,1924,1,3,Neither great nor terrible. Passes the time.,2023-12-19 17:11:00
837,665,1,4,Well-written and engaging. A few plot holes but forgivable.,2022-02-06 12:16:00
2331,470,1,4,,2024-11-08 09:22:00
1472,2143,26,3,"Some interesting parts, but overall felt underwhelming.",2024-12-19 08:45:00
1500,358,1,4,Pleasant read. Nothing groundbreaking but definitely enjoyable.,2021-04-28 19:15:00
872,2260,20,4,Mostly great. The middle section drags a bit.,2022-11-02 11:57:00
5048,2508,2,3,Decent read. Not my favourite but not bad either.,2023-11-21 09:19:00
2667,1599,1,3,,2021-09-26 15:18:00
1981,1007,1,3,Decent read. Not my favourite but not bad either.,2020-12-31 16:30:00
64,2714,2,3,,2024-06-03 12:50:00
201,373,2,4,Enjoyed it quite a bit. Solid writing and interesting ideas.,2024-03-29 18:54:00
5215,1473,1,5,The writing is exceptional and the story gripped me from page one.,2022-09-11 10:48:00
2175,2658,16,4,Pleasant read. Nothing groundbreaking but definitely enjoyable.,2024-12-07 17:15:00
1494,2483,46,6,Not for me. The writing style felt very dated.,2024-11-04 19:00:00
83,1188,1,4,Above average. Would recommend to fans of the genre.,2024-02-27 05:37:00
2128,1643,1,3,Decent read. Not my favourite but not bad either.,2023-06-04 10:50:00
255,1131,44,3,"Mixed feelings. Good premise, mediocre execution.",2023-08-29 08:22:00
3803,501,3,4,Well-written and engaging. A few plot holes but forgivable.,2024-07-04 00:36:00
3771,298,5,2,The plot felt disjointed and the pacing was off throughout.,2022-07-21 10:11:00
2737,2476,6,3,It was okay. The hype around this book is a bit overstated.,2024-12-31 16:33:00
2758,327,10,2,Not for me. The writing style felt very dated.,2024-12-31 06:47:00
3304,676,11,4,A very good read overall. Some chapters were slow but worth it.,2024-09-28 11:12:00
1535,521,1,5,This book changed the way I think. A must-read for everyone.,2024-08-10 21:35:00
1733,1194,2,4,Pleasant read. Nothing groundbreaking but definitely enjoyable.,2021-02-09 15:52:00
2692,1219,1,4,Mostly great. The middle section drags a bit.,2020-02-16 08:55:00
5445,1841,3,4,Mostly great. The middle section drags a bit.,2022-09-09 09:58:00
1943,1302,23,4,Well-written and engaging. A few plot holes but forgivable.,2021-06-15 16:52:00
4205,1295,162,3,Average. Had its moments but failed to really engage me.,2021-10-28 19:26:00
2288,527,2,5,Perfect blend of story and insight. Will read again.,2024-12-19 22:55:00
5271,826,2,4,Enjoyed it quite a bit. Solid writing and interesting ideas.,2022-10-07 13:08:00
2063,1758,37,4,Mostly great. The middle section drags a bit.,2024-12-24 11:11:00
2714,2575,3,4,Mostly great. The middle section drags a bit.,2024-12-01 15:18:00
5041,2212,11,3,Decent read. Not my favourite but not bad either.,2022-02-10 19:53:00
4417,1452,1,4,Above average. Would recommend to fans of the genre.,2023-08-08 11:00:00
4442,29,1,4,"Good book, though the ending felt a little rushed.",2020-11-30 17:08:00
4978,1219,2,5,One of the best reads I have had in years. Highly recommended.,2020-09-01 12:12:00
4456,1643,2,4,Liked it. The first half is stronger than the second.,2023-02-14 12:50:00
4318,308,14,4,Above average. Would recommend to fans of the genre.,2024-07-27 19:09:00
4646,1530,64,3,It was okay. The hype around this book is a bit overstated.,2024-12-03 20:16:00
4360,964,2,5,The writing is exceptional and the story gripped me from page one.,2023-03-05 00:50:00
167,2667,1,3,Neither great nor terrible. Passes the time.,2024-11-08 22:27:00
4848,774,1,3,,2022-08-19 21:05:00
2655,375,3,3,Average. Had its moments but failed to really engage me.,2021-07-19 18:21:00
2776,1333,171,3,Neither great nor terrible. Passes the time.,2024-10-01 18:03:00
4891,576,1,5,One of the best reads I have had in years. Highly recommended.,2024-10-09 07:08:00
1817,2471,1,3,Had potential but did not quite deliver on its promise.,2022-11-18 09:54:00
1252,2378,3,4,"Good book, though the ending felt a little rushed.",2023-07-12 23:57:00
4439,1655,10,3,Had potential but did not quite deliver on its promise.,2024-10-21 11:00:00
5524,40,5,5,This book changed the way I think. A must-read for everyone.,2024-09-19 15:40:00
3806,699,1,5,The writing is exceptional and the story gripped me from page one.,2024-12-16 06:03:00
4648,2239,1,2,Struggled to get through it. The story meanders endlessly.,2022-07-09 20:30:00
4338,2258,1,3,"Mixed feelings. Good premise, mediocre execution.",2022-11-28 11:53:00
4610,2011,17,5,Absolutely loved this book — couldn't put it down!,2024-08-25 06:44:00
5138,2184,189,4,Liked it. The first half is stronger than the second.,2024-08-21 09:35:00
3841,1638,5,5,I finished this in two sittings. Absolutely riveting.,2024-10-25 08:17:00
514,2511,1,4,Enjoyed it quite a bit. Solid writing and interesting ideas.,2023-11-04 18:32:00
5147,457,44,3,Average. Had its moments but failed to really engage me.,2024-05-08 23:24:00
1193,299,2,5,Brilliant narrative. The characters feel genuinely real.,2023-08-02 18:20:00
1274,1134,3,3,Decent read. Not my favourite but not bad either.,2022-07-22 22:13:00
2974,2777,2,4,Enjoyed it quite a bit. Solid writing and interesting ideas.,2024-12-13 15:09:00
213,1512,1,4,Mostly great. The middle section drags a bit.,2020-07-29 06:51:00
971,122,3,2,Not for me. The writing style felt very dated.,2024-12-13 23:36:00
3454,567,78,3,"Mixed feelings. Good premise, mediocre execution.",2021-02-06 12:24:00
4139,2375,13,3,It was okay. The hype around this book is a bit overstated.,2024-12-04 16:26:00
4286,593,7,4,,2024-10-18 12:11:00
5317,130,129,4,,2024-08-31 18:58:00
1382,1127,2,5,A masterpiece. Every chapter left me wanting more.,2024-10-17 18:02:00
49,2179,5,2,Would not recommend. Too slow and the payoff was not worth it.,2023-11-20 09:47:00
3342,2728,2,4,Above average. Would recommend to fans of the genre.,2024-08-18 11:00:00
3600,80,2,3,"Some interesting parts, but overall felt underwhelming.",2023-10-18 15:17:00
4367,2716,2,5,I finished this in two sittings. Absolutely riveting.,2021-03-05 20:58:00
436,1995,1,3,"Some interesting parts, but overall felt underwhelming.",2024-11-13 07:52:00
21,914,17,3,"Mixed feelings. Good premise, mediocre execution.",2023-05-19 11:16:00
4527,1604,5,2,Struggled to get through it. The story meanders endlessly.,2023-11-03 19:57:00
5517,1122,1,4,"Good book, though the ending felt a little rushed.",2022-05-06 13:09:00
1663,1418,4,3,Had potential but did not quite deliver on its promise.,2022-04-22 11:16:00
4685,1803,20,4,Well-written and engaging. A few plot holes but forgivable.,2024-01-14 22:34:00
51,1450,6,3,It was okay. The hype around this book is a bit overstated.,2022-08-02 13:59:00
1633,122,8,4,Above average. Would recommend to fans of the genre.,2023-02-26 22:38:00
1598,89,45,3,"Some interesting parts, but overall felt underwhelming.",2024-08-03 17:30:00
2127,175,1,4,Above average. Would recommend to fans of the genre.,2021-03-02 12:33:00
2853,2394,27,4,"Good book, though the ending felt a little rushed.",2024-08-23 02:14:00
2236,1539,5,2,Would not recommend. Too slow and the payoff was not worth it.,2022-04-01 12:57:00
3550,1024,3,4,Enjoyed it quite a bit. Solid writing and interesting ideas.,2020-02-01 12:17:00
5268,765,2,3,"Mixed feelings. Good premise, mediocre execution.",2024-12-31 09:53:00
561,2527,8,5,This book changed the way I think. A must-read for everyone.,2024-02-11 17:37:00
2571,17,2,4,Well-written and engaging. A few plot holes but forgivable.,2023-03-14 12:52:00
612,1561,1,3,Average. Had its moments but failed to really engage me.,2024-12-25 12:28:00
5017,1033,1,3,Average. Had its moments but failed to really engage me.,2023-10-02 23:40:00
3989,108,3,3,Average. Had its moments but failed to really engage me.,2020-11-10 09:25:00
1109,1244,21,4,Enjoyed it quite a bit. Solid writing and interesting ideas.,2023-04-11 16:23:00
1257,98,1,3,Average. Had its moments but failed to really engage me.,2024-12-16 17:44:00
1373,2367,8,3,"Some interesting parts, but overall felt underwhelming.",2024-05-31 16:46:00
4127,1727,33,5,Beautifully written. The author's style is simply stunning.,2022-02-09 09:52:00
1916,1885,1,5,A masterpiece. Every chapter left me wanting more.,2021-05-29 08:14:00
2324,1484,12,4,,2024-09-19 08:54:00
2058,1756,10,4,,2023-09-14 14:11:00
1643,736,2,6,,2024-12-01 18:46:00
3315,2082,1,5,,2024-10-26 19:16:00
4511,413,4,3,It was okay. The hype around this book is a bit overstated.,2024-11-30 08:51:00
3230,1092,18,4,,2024-06-14 16:27:00
3011,2269,1,5,Exceeded all my expectations. Truly extraordinary.,2020-09-18 09:27:00
1367,967,1,4,Liked it. The first half is stronger than the second.,2023-09-29 18:48:00
5620,2099,15,3,Had potential but did not quite deliver on its promise.,2022-07-18 18:22:00
675,718,1,4,Above average. Would recommend to fans of the genre.,2023-05-26 20:53:00
4302,2482,5,4,"Good book, though the ending felt a little rushed.",2024-08-22 09:28:00
2029,864,4,4,"Good book, though the ending felt a little rushed.",2021-10-25 18:52:00
2998,585,6,2,Not for me. The writing style felt very dated.,2024-08-08 17:00:00
5158,455,4,4,Well-written and engaging. A few plot holes but forgivable.,2024-08-21 13:04:00
5239,2112,2,5,This book changed the way I think. A must-read for everyone.,2023-11-23 14:49:00
3876,509,2,4,Above average. Would recommend to fans of the genre.,2023-02-26 18:35:00
3041,1547,4,5,Beautifully written. The author's style is simply stunning.,2024-08-21 16:05:00
141,216,1,4,Well-written and engaging. A few plot holes but forgivable.,2024-10-05 10:33:00
2873,2559,1,3,Decent read. Not my favourite but not bad either.,2022-09-19 17:41:00
5243,30,1,4,"Good book, though the ending felt a little rushed.",2022-03-03 09:57:00
113,182,69,3,Neither great nor terrible. Passes the time.,2020-11-22 16:35:00
636,1952,1,4,Well-written and engaging. A few plot holes but forgivable.,2024-11-11 14:37:00
3908,2109,150,5,Brilliant narrative. The characters feel genuinely real.,2024-08-13 16:18:00
2195,593,1,4,Enjoyed it quite a bit. Solid writing and interesting ideas.,2024-09-20 10:44:00
3223,894,2,5,The writing is exceptional and the story gripped me from page one.,2024-12-31 06:02:00
4166,1520,2,5,This book changed the way I think. A must-read for everyone.,2024-02-24 18:07:00
1833,1366,1,5,Exceeded all my expectations. Truly extraordinary.,2024-08-23 12:59:00
3297,1321,1,4,,2024-03-02 21:25:00
1578,1213,13,4,Above average. Would recommend to fans of the genre.,2024-04-22 19:55:00
341,1788,6,3,Had potential but did not quite deliver on its promise.,2024-11-17 14:33:00
1089,1856,14,4,Mostly great. The middle section drags a bit.,2023-05-25 20:31:00
1993,1367,2,2,The plot felt disjointed and the pacing was off throughout.,2024-12-31 15:57:00
3316,544,2,3,"Some interesting parts, but overall felt underwhelming.",2024-03-28 07:40:00
2647,1779,2,4,A very good read overall. Some chapters were slow but worth it.,2024-12-31 10:06:00
2254,147,2,3,"Some interesting parts, but overall felt underwhelming.",2023-03-09 21:21:00
1043,497,1,4,,2023-11-03 11:22:00
1149,323,1,4,Above average. Would recommend to fans of the genre.,2024-02-15 11:48:00
5340,1542,2,4,Enjoyed it quite a bit. Solid writing and interesting ideas.,2023-06-20 16:45:00
1439,2229,3,5,The writing is exceptional and the story gripped me from page one.,2024-02-25 15:19:00
4730,2406,18,3,"Some interesting parts, but overall felt underwhelming.",2023-10-26 20:09:00
614,683,2,2,Would not recommend. Too slow and the payoff was not worth it.,2023-12-22 18:54:00
3624,766,3,4,Well-written and engaging. A few plot holes but forgivable.,2024-10-03 10:11:00
4785,910,31,4,A very good read overall. Some chapters were slow but worth it.,2024-02-04 13:21:00
3969,153,9,4,"Good book, though the ending felt a little rushed.",2021-09-15 19:41:00
2350,1856,3,3,"Some interesting parts, but overall felt underwhelming.",2024-03-06 15:45:00
3594,1569,4,0,"Some interesting parts, but overall felt underwhelming.",2024-07-10 10:58:00
2437,2057,46,3,"Mixed feelings. Good premise, mediocre execution.",2020-07-02 22:03:00
4165,1274,27,4,Above average. Would recommend to fans of the genre.,2022-08-10 22:46:00
2540,245,7,4,,2024-11-23 07:22:00
4853,781,1,3,Had potential but did not quite deliver on its promise.,2024-05-11 05:50:00
3360,840,4,3,Decent read. Not my favourite but not bad either.,2024-09-29 07:46:00
5578,2242,14,5,,2020-07-06 19:41:00
2777,2453,17,3,"Mixed feelings. Good premise, mediocre execution.",2024-11-01 19:03:00
495,1037,81,3,Decent read. Not my favourite but not bad either.,2024-07-20 00:11:00
2903,548,62,3,"Some interesting parts, but overall felt underwhelming.",2023-12-15 09:27:00
321,1202,1,3,It was okay. The hype around this book is a bit overstated.,2022-06-02 06:52:00
1003,1907,5,4,Liked it. The first half is stronger than the second.,2024-12-09 18:32:00
417,1607,25,4,Mostly great. The middle section drags a bit.,2024-07-08 21:07:00
710,670,6,0,Enjoyed it quite a bit. Solid writing and interesting ideas.,2024-11-12 07:40:00
4341,1424,2,4,Mostly great. The middle section drags a bit.,2021-10-04 13:51:00
430,269,1,4,"Good book, though the ending felt a little rushed.",2024-12-01 22:29:00
5451,14,1,4,Well-written and engaging. A few plot holes but forgivable.,2023-08-26 09:07:00
3829,424,1,4,Enjoyed it quite a bit. Solid writing and interesting ideas.,2024-05-21 21:06:00
378,946,1,4,Liked it. The first half is stronger than the second.,2023-08-17 16:24:00
1979,1844,3,4,Mostly great. The middle section drags a bit.,2022-01-29 16:26:00
3912,2173,7,3,Had potential but did not quite deliver on its promise.,2024-01-15 13:12:00
5016,2652,1,4,Well-written and engaging. A few plot holes but forgivable.,2024-05-29 20:51:00
1117,124,10,3,Neither great nor terrible. Passes the time.,2023-12-31 08:53:00
1429,3,1,4,"Good book, though the ending felt a little rushed.",2023-07-11 07:10:00
329,1998,37,4,Well-written and engaging. A few plot holes but forgivable.,2023-10-23 17:47:00
4011,137,2,4,Mostly great. The middle section drags a bit.,2024-11-28 09:04:00
4746,376,19,3,,2024-11-06 12:17:00
1283,2503,7,0,Enjoyed it quite a bit. Solid writing and interesting ideas.,2024-07-23 12:01:00
2172,1908,11,4,,2024-05-07 20:53:00
5565,654,7,4,,2021-10-08 09:05:00
2061,2229,2,3,It was okay. The hype around this book is a bit overstated.,2022-02-05 10:57:00
2778,640,2,5,One of the best reads I have had in years. Highly recommended.,2024-12-16 21:14:00
1657,1642,2,6,,2024-04-01 14:38:00
3940,1932,1,4,,2021-05-27 11:49:00
3946,396,3,4,A very good read overall. Some chapters were slow but worth it.,2024-02-05 01:28:00
3310,2178,37,4,,2023-12-11 17:03:00
4870,2617,4,3,Had potential but did not quite deliver on its promise.,2024-07-11 09:00:00
2542,429,13,5,Beautifully written. The author's style is simply stunning.,2024-05-03 05:48:00
4820,1817,1,4,,2023-05-20 21:26:00
5077,931,6,3,,2024-07-06 19:48:00
2272,74,1,4,A very good read overall. Some chapters were slow but worth it.,2020-05-07 13:49:00
631,558,1,3,Average. Had its moments but failed to really engage me.,2021-12-11 18:13:00
4801,1503,1,3,Neither great nor terrible. Passes the time.,2024-12-31 15:20:00
2918,337,45,4,Pleasant read. Nothing groundbreaking but definitely enjoyable.,2024-05-23 21:16:00
2027,362,3,3,"Some interesting parts, but overall felt underwhelming.",2023-02-20 18:42:00
3195,789,18,2,Disappointed. Expected much more based on the reviews.,2021-12-16 22:00:00
4822,969,125,3,Had potential but did not quite deliver on its promise.,2024-09-12 18:56:00
2342,1745,11,3,"Some interesting parts, but overall felt underwhelming.",2022-03-13 18:07:00
2387,168,3,2,Disappointed. Expected much more based on the reviews.,2020-11-04 20:14:00
2649,899,1,2,Would not recommend. Too slow and the payoff was not worth it.,2024-10-30 06:38:00
5282,2444,2,4,A very good read overall. Some chapters were slow but worth it.,2021-12-10 18:39:00
3775,191,1,4,Liked it. The first half is stronger than the second.,2020-05-18 07:10:00
1008,2433,2,4,Above average. Would recommend to fans of the genre.,2023-06-24 17:31:00
1127,580,1,4,Liked it. The first half is stronger than the second.,2024-08-11 19:19:00
1004,330,1,3,Decent read. Not my favourite but not bad either.,2024-06-22 11:02:00
1250,162,1,3,"Mixed feelings. Good premise, mediocre execution.",2021-05-23 06:24:00
2774,1074,1,4,"Good book, though the ending felt a little rushed.",2024-11-12 07:22:00
2970,280,27,3,Decent read. Not my favourite but not bad either.,2023-02-10 18:58:00
719,2538,2,5,Absolutely loved this book — couldn't put it down!,2023-10-10 08:10:00
1950,988,8,1,Terrible. Wasted my money and my time.,2024-11-03 14:14:00
2161,320,2,4,,2023-12-16 11:23:00
4839,1664,4,3,It was okay. The hype around this book is a bit overstated.,2022-06-23 16:39:00
3817,2324,29,4,"Good book, though the ending felt a little rushed.",2020-02-28 11:39:00
4604,2043,1,4,A very good read overall. Some chapters were slow but worth it.,2022-12-05 09:56:00
890,1570,8,4,Above average. Would recommend to fans of the genre.,2020-06-29 20:22:00
3488,1521,81,4,Above average. Would recommend to fans of the genre.,2024-08-14 08:43:00
4765,1582,1,3,Decent read. Not my favourite but not bad either.,2024-10-29 17:50:00
1797,1903,1,4,Enjoyed it quite a bit. Solid writing and interesting ideas.,2024-07-22 10:36:00
1761,1665,1,4,Well-written and engaging. A few plot holes but forgivable.,2023-10-09 08:48:00
2682,988,1,4,"Good book, though the ending felt a little rushed.",2024-10-16 19:53:00
2936,328,4,3,"Mixed feelings. Good premise, mediocre execution.",2024-10-20 18:50:00
1,2631,1,4,A very good read overall. Some chapters were slow but worth it.,2024-06-06 09:38:00
116,474,3,4,,2024-12-05 09:29:00
2194,2134,1,3,Had potential but did not quite deliver on its promise.,2024-10-30 21:41:00
1990,22,1,0,Pleasant read. Nothing groundbreaking but definitely enjoyable.,2024-08-06 09:35:00
320,1101,1,4,A very good read overall. Some chapters were slow but worth it.,2024-11-21 10:12:00
891,847,1,3,"Mixed feelings. Good premise, mediocre execution.",2024-11-07 13:21:00
251,2467,22,3,Decent read. Not my favourite but not bad either.,2023-02-13 11:28:00
5082,2283,4,2,Overrated. I did not enjoy the characters at all.,2024-12-27 22:18:00
2232,2322,3,4,Enjoyed it quite a bit. Solid writing and interesting ideas.,2022-01-17 08:57:00
3235,2647,1,3,"Mixed feelings. Good premise, mediocre execution.",2022-06-11 10:19:00
2798,2174,24,4,Pleasant read. Nothing groundbreaking but definitely enjoyable.,2024-02-26 15:50:00
5036,2395,4,2,Not for me. The writing style felt very dated.,2023-06-04 18:34:00
3792,842,3,4,Well-written and engaging. A few plot holes but forgivable.,2021-09-11 12:10:00
4897,870,1,4,,2024-12-21 09:13:00
5528,2124,4,4,Above average. Would recommend to fans of the genre.,2023-06-29 05:53:00
854,673,12,5,Exceeded all my expectations. Truly extraordinary.,2022-11-28 14:03:00
5424,1533,2,4,A very good read overall. Some chapters were slow but worth it.,2020-02-21 20:33:00
5284,178,8,3,"Mixed feelings. Good premise, mediocre execution.",2020-04-24 18:29:00
831,182,8,3,,2022-04-30 05:09:00
1214,785,2,4,Well-written and engaging. A few plot holes but forgivable.,2024-11-17 13:49:00
513,990,1,5,Exceeded all my expectations. Truly extraordinary.,2023-02-14 19:03:00
3311,1302,11,5,The writing is exceptional and the story gripped me from page one.,2020-09-12 11:25:00
5434,17,6,2,Not for me. The writing style felt very dated.,2024-10-28 13:37:00
4025,2563,22,2,The plot felt disjointed and the pacing was off throughout.,2020-12-17 15:56:00
4637,446,28,3,"Mixed feelings. Good premise, mediocre execution.",2023-12-08 07:24:00
3088,945,3,3,Had potential but did not quite deliver on its promise.,2024-07-12 18:42:00
2458,362,4,3,Had potential but did not quite deliver on its promise.,2022-06-24 07:37:00
4180,2777,1,3,"Some interesting parts, but overall felt underwhelming.",2024-03-20 10:42:00
1941,2063,1,4,,2024-11-23 08:02:00
4134,332,2,3,Neither great nor terrible. Passes the time.,2024-07-15 08:34:00
4666,684,15,4,Enjoyed it quite a bit. Solid writing and interesting ideas.,2023-07-23 08:14:00
359,346,6,3,"Mixed feelings. Good premise, mediocre execution.",2024-08-25 11:09:00
371,2361,11,3,"Some interesting parts, but overall felt underwhelming.",2024-12-11 20:40:00
814,2594,11,4,Enjoyed it quite a bit. Solid writing and interesting ideas.,2024-12-31 19:44:00
2132,197,10,4,A very good read overall. Some chapters were slow but worth it.,2024-07-28 17:30:00
1665,603,1,3,"Mixed feelings. Good premise, mediocre execution.",2024-06-23 14:35:00
1826,1914,1,4,Above average. Would recommend to fans of the genre.,2020-04-14 19:28:00
1637,1157,1,2,The plot felt disjointed and the pacing was off throughout.,2024-05-17 17:04:00
4197,1807,3,5,Exceeded all my expectations. Truly extraordinary.,2023-08-20 17:30:00
658,1321,73,4,"Good book, though the ending felt a little rushed.",2024-07-07 12:18:00
25,529,1,4,Above average. Would recommend to fans of the genre.,2024-11-27 17:05:00
5192,845,2,3,Had potential but did not quite deliver on its promise.,2022-12-05 11:06:00
14,323,4,2,Would not recommend. Too slow and the payoff was not worth it.,2023-09-01 16:34:00
1131,1496,1,3,Had potential but did not quite deliver on its promise.,2023-06-26 21:24:00
4020,181,2,5,A masterpiece. Every chapter left me wanting more.,2024-09-17 10:19:00
5336,1964,13,5,A masterpiece. Every chapter left me wanting more.,2023-08-31 15:11:00
4092,1889,41,5,Absolutely loved this book — couldn't put it down!,2021-08-24 14:18:00
3130,755,8,3,"Mixed feelings. Good premise, mediocre execution.",2023-12-19 09:21:00
4453,1237,36,4,Enjoyed it quite a bit. Solid writing and interesting ideas.,2022-06-02 16:10:00
4934,2768,2,5,One of the best reads I have had in years. Highly recommended.,2022-04-28 17:04:00
799,1131,5,3,Had potential but did not quite deliver on its promise.,2022-04-24 12:34:00
1281,215,1,3,Average. Had its moments but failed to really engage me.,2022-10-08 14:08:00
763,2159,4,3,,2024-06-11 14:54:00
1810,2668,11,5,A masterpiece. Every chapter left me wanting more.,2021-08-22 15:20:00
108,1418,1,4,A very good read overall. Some chapters were slow but worth it.,2023-07-01 12:23:00
3795,510,1,3,"Mixed feelings. Good premise, mediocre execution.",2021-06-21 12:28:00
609,1806,3,4,A very good read overall. Some chapters were slow but worth it.,2024-05-03 19:44:00
4073,1587,1,3,Neither great nor terrible. Passes the time.,2020-12-03 18:51:00
5585,2693,1,4,,2021-08-20 18:21:00
5205,2089,1,5,,2022-11-18 12:58:00
1752,2680,1,3,"Some interesting parts, but overall felt underwhelming.",2022-03-09 07:58:00
3746,1796,1,4,Enjoyed it quite a bit. Solid writing and interesting ideas.,2021-09-30 22:02:00
3827,854,3,4,Mostly great. The middle section drags a bit.,2020-09-17 22:02:00
1529,2073,2,5,Perfect blend of story and insight. Will read again.,2023-02-04 16:45:00
1773,98,3,3,Decent read. Not my favourite but not bad either.,2024-09-02 18:20:00
3039,2553,1,-1,Disappointed. Expected much more based on the reviews.,2024-09-03 17:44:00
4953,1697,1,5,Perfect blend of story and insight. Will read again.,2021-07-06 20:02:00
3722,1872,8,3,Had potential but did not quite deliver on its promise.,2023-12-04 13:39:00
3070,1127,24,3,Average. Had its moments but failed to really engage me.,2024-10-28 14:27:00
1967,1027,1,3,Neither great nor terrible. Passes the time.,2024-04-03 19:04:00
3383,1207,3,4,Mostly great. The middle section drags a bit.,2021-03-06 19:12:00
2371,797,81,4,A very good read overall. Some chapters were slow but worth it.,2022-04-29 07:20:00
3377,2720,13,4,Pleasant read. Nothing groundbreaking but definitely enjoyable.,2024-02-12 16:07:00
5314,210,1,4,,2023-07-17 17:18:00
4376,2246,4,5,I finished this in two sittings. Absolutely riveting.,2024-12-03 19:24:00
1790,1870,46,5,One of the best reads I have had in years. Highly recommended.,2020-12-04 00:23:00
2913,641,3,2,Overrated. I did not enjoy the characters at all.,2022-10-18 05:45:00
4076,2310,128,1,Gave up halfway. The writing is unbearable.,2021-12-11 09:08:00
1348,2378,9,3,,2023-05-12 18:56:00
440,423,5,5,Absolutely loved this book — couldn't put it down!,2024-09-10 09:56:00
3927,979,2,3,It was okay. The hype around this book is a bit overstated.,2022-02-20 12:12:00
4872,619,4,4,Mostly great. The middle section drags a bit.,2024-01-11 09:30:00
3765,1754,2,5,Perfect blend of story and insight. Will read again.,2023-05-10 14:03:00
4093,795,4,5,A masterpiece. Every chapter left me wanting more.,2023-01-13 18:48:00
4697,2394,22,3,It was okay. The hype around this book is a bit overstated.,2024-05-10 13:19:00
3417,1477,6,4,"Good book, though the ending felt a little rushed.",2024-01-13 14:33:00
977,949,5,2,Would not recommend. Too slow and the payoff was not worth it.,2024-06-03 18:52:00
3462,2740,3,5,A masterpiece. Every chapter left me wanting more.,2024-07-14 15:33:00
4393,1475,2,4,Liked it. The first half is stronger than the second.,2022-07-27 07:46:00
1632,1205,4,3,It was okay. The hype around this book is a bit overstated.,2022-08-09 17:00:00
4602,116,12,4,Well-written and engaging. A few plot holes but forgivable.,2024-11-23 12:21:00
2290,976,17,5,Beautifully written. The author's style is simply stunning.,2023-11-28 03:00:00
1098,416,2,3,"Some interesting parts, but overall felt underwhelming.",2023-07-06 19:36:00
2273,953,1,4,Enjoyed it quite a bit. Solid writing and interesting ideas.,2023-01-18 06:14:00
3386,172,81,4,A very good read overall. Some chapters were slow but worth it.,2023-09-14 22:54:00
3599,2027,2,4,Liked it. The first half is stronger than the second.,2022-12-23 18:58:00
3064,1031,4,3,Had potential but did not quite deliver on its promise.,2021-09-01 11:19:00
2515,693,1,4,,2024-05-08 15:07:00
3538,2775,6,-1,Struggled to get through it. The story meanders endlessly.,2021-11-29 09:31:00
1680,663,9,3,Neither great nor terrible. Passes the time.,2024-06-06 18:05:00
701,2678,30,4,"Good book, though the ending felt a little rushed.",2022-09-25 22:22:00
5152,2594,5,4,Mostly great. The middle section drags a bit.,2024-05-20 13:37:00
2858,2390,1,4,Enjoyed it quite a bit. Solid writing and interesting ideas.,2022-01-02 18:56:00
4984,647,4,2,The plot felt disjointed and the pacing was off throughout.,2024-10-21 22:15:00
4505,787,30,3,Average. Had its moments but failed to really engage me.,2020-03-08 18:42:00
1184,1600,28,4,Enjoyed it quite a bit. Solid writing and interesting ideas.,2023-01-09 19:34:00
527,1154,2,3,Neither great nor terrible. Passes the time.,2024-12-25 14:35:00
3269,1727,2,7,Average. Had its moments but failed to really engage me.,2023-05-14 09:08:00
3793,2133,3,5,Absolutely loved this book — couldn't put it down!,2024-07-23 15:27:00
3712,1662,2,4,Above average. Would recommend to fans of the genre.,2023-12-11 22:05:00
1966,2746,2,5,Perfect blend of story and insight. Will read again.,2023-12-09 04:45:00
878,462,1,4,,2024-08-30 14:24:00
2173,854,10,4,Liked it. The first half is stronger than the second.,2021-03-09 13:50:00
4678,2635,8,3,Decent read. Not my favourite but not bad either.,2022-03-17 14:15:00
5342,2487,7,4,"Good book, though the ending felt a little rushed.",2020-10-06 08:25:00
4599,2378,2,4,Pleasant read. Nothing groundbreaking but definitely enjoyable.,2024-10-14 03:28:00
4626,201,4,3,"Some interesting parts, but overall felt underwhelming.",2022-10-28 11:34:00
5211,598,60,3,"Some interesting parts, but overall felt underwhelming.",2023-06-27 16:55:00
238,2539,34,5,,2024-11-18 13:29:00
942,1258,1,5,I finished this in two sittings. Absolutely riveting.,2023-11-11 09:59:00
1828,582,8,2,Would not recommend. Too slow and the payoff was not worth it.,2023-11-11 21:39:00
124,1902,2,5,A masterpiece. Every chapter left me wanting more.,2021-08-15 12:35:00
3108,620,4,3,"Mixed feelings. Good premise, mediocre execution.",2022-12-22 08:55:00
3590,246,3,3,Average. Had its moments but failed to really engage me.,2022-03-30 17:14:00
3955,2125,1,5,Beautifully written. The author's style is simply stunning.,2024-04-28 09:51:00
3892,878,2,4,"Good book, though the ending felt a little rushed.",2024-12-13 18:49:00
278,108,2,3,"Mixed feelings. Good premise, mediocre execution.",2024-04-22 14:22:00
4534,182,22,4,,2023-03-07 08:40:00
3907,322,6,4,"Good book, though the ending felt a little rushed.",2024-05-31 18:33:00
196,995,1,3,Neither great nor terrible. Passes the time.,2023-06-09 09:33:00
919,2421,5,4,Liked it. The first half is stronger than the second.,2022-10-13 16:20:00
307,2494,2,4,Well-written and engaging. A few plot holes but forgivable.,2022-01-08 16:22:00
4825,600,6,4,"Good book, though the ending felt a little rushed.",2022-10-15 20:55:00
4796,518,9,4,Enjoyed it quite a bit. Solid writing and interesting ideas.,2024-01-10 10:36:00
2644,2770,5,4,Above average. Would recommend to fans of the genre.,2021-03-22 08:29:00
478,1500,1,4,"Good book, though the ending felt a little rushed.",2023-11-16 12:24:00
1922,1292,1,3,Had potential but did not quite deliver on its promise.,2024-10-17 10:56:00
5122,613,103,3,"Mixed feelings. Good premise, mediocre execution.",2022-12-16 09:29:00
1357,636,1,5,The writing is exceptional and the story gripped me from page one.,2022-09-01 19:31:00
37,2649,2,5,The writing is exceptional and the story gripped me from page one.,2024-01-02 20:56:00
3675,1695,3,2,Struggled to get through it. The story meanders endlessly.,2023-09-24 09:00:00
2835,446,6,3,Average. Had its moments but failed to really engage me.,2024-11-21 05:11:00
198,1023,1,2,Not for me. The writing style felt very dated.,2023-07-14 20:37:00
3514,866,1,4,Pleasant read. Nothing groundbreaking but definitely enjoyable.,2024-07-27 22:57:00
1825,2458,1,3,Decent read. Not my favourite but not bad either.,2024-12-31 20:56:00
4751,1655,15,5,One of the best reads I have had in years. Highly recommended.,2024-08-17 14:36:00
5255,2744,83,5,Exceeded all my expectations. Truly extraordinary.,2022-06-08 09:50:00
5135,977,1,3,Decent read. Not my favourite but not bad either.,2024-11-28 18:24:00
1559,190,7,3,Average. Had its moments but failed to really engage me.,2023-06-10 19:53:00
3137,795,1,5,Exceeded all my expectations. Truly extraordinary.,2023-02-23 12:57:00
1678,1908,99,4,"Good book, though the ending felt a little rushed.",2024-05-25 12:57:00
2465,1170,1,5,Beautifully written. The author's style is simply stunning.,2024-11-14 17:00:00
5467,2522,6,3,Decent read. Not my favourite but not bad either.,2024-11-20 18:28:00
3472,1783,32,4,,2024-12-31 07:30:00
5182,959,3,3,"Mixed feelings. Good premise, mediocre execution.",2023-09-23 11:30:00
1401,931,1,3,It was okay. The hype around this book is a bit overstated.,2021-09-30 12:42:00
3419,597,3,3,Had potential but did not quite deliver on its promise.,2024-08-10 12:02:00
1033,2094,4,4,Liked it. The first half is stronger than the second.,2024-04-17 00:04:00
2042,62,4,4,Liked it. The first half is stronger than the second.,2023-07-14 07:09:00
3649,2783,3,3,It was okay. The hype around this book is a bit overstated.,2024-12-31 01:18:00
2408,1232,1,4,Pleasant read. Nothing groundbreaking but definitely enjoyable.,2023-02-28 11:15:00
3295,325,2,3,Had potential but did not quite deliver on its promise.,2023-11-10 12:48:00
1926,2148,69,3,"Some interesting parts, but overall felt underwhelming.",2024-02-16 12:04:00
2271,157,3,4,Pleasant read. Nothing groundbreaking but definitely enjoyable.,2024-01-13 19:14:00
4431,423,1,5,I finished this in two sittings. Absolutely riveting.,2024-06-24 18:42:00
3123,2768,1,4,"Good book, though the ending felt a little rushed.",2022-04-06 16:05:00
1110,415,2,4,Enjoyed it quite a bit. Solid writing and interesting ideas.,2024-06-03 04:14:00
4381,2576,4,4,A very good read overall. Some chapters were slow but worth it.,2023-01-04 12:54:00
5332,1502,1,4,A very good read overall. Some chapters were slow but worth it.,2024-06-20 07:04:00
16,2612,1,4,,2024-12-22 13:56:00
3992,790,2,3,"Some interesting parts, but overall felt underwhelming.",2024-08-14 11:41:00
2121,2437,2,3,Neither great nor terrible. Passes the time.,2022-12-04 06:39:00
1818,2515,4,3,It was okay. The hype around this book is a bit overstated.,2024-09-18 11:56:00
5075,1331,1,4,Enjoyed it quite a bit. Solid writing and interesting ideas.,2021-05-27 21:53:00
5588,1696,2,3,Decent read. Not my favourite but not bad either.,2024-11-04 07:51:00
4593,101,163,4,"Good book, though the ending felt a little rushed.",2023-11-30 21:13:00
2756,871,1,4,,2023-05-09 07:58:00
3687,2189,6,3,"Mixed feelings. Good premise, mediocre execution.",2021-12-13 12:40:00
403,2498,11,3,"Mixed feelings. Good premise, mediocre execution.",2024-07-17 18:07:00
3690,1140,6,3,"Some interesting parts, but overall felt underwhelming.",2024-03-03 11:02:00
2145,413,1,4,"Good book, though the ending felt a little rushed.",2024-12-31 12:10:00
3124,106,1,4,Pleasant read. Nothing groundbreaking but definitely enjoyable.,2023-12-19 17:16:00
567,2547,6,3,Average. Had its moments but failed to really engage me.,2022-08-15 19:08:00
4616,4,3,4,Enjoyed it quite a bit. Solid writing and interesting ideas.,2020-09-29 10:47:00
4866,273,5,4,A very good read overall. Some chapters were slow but worth it.,2024-03-20 17:25:00
1564,754,1,5,Brilliant narrative. The characters feel genuinely real.,2022-11-17 10:44:00
4916,145,5,2,Not for me. The writing style felt very dated.,2024-02-15 21:07:00
5180,2662,1,4,Well-written and engaging. A few plot holes but forgivable.,2022-04-13 06:32:00
2978,1370,1,4,Above average. Would recommend to fans of the genre.,2024-05-04 10:57:00
5261,2107,5,4,,2021-07-23 17:54:00
1567,1606,1,2,Overrated. I did not enjoy the characters at all.,2023-01-07 22:44:00
3525,2177,20,3,It was okay. The hype around this book is a bit overstated.,2024-03-03 18:45:00
1580,1151,3,3,Average. Had its moments but failed to really engage me.,2021-03-11 12:51:00
3595,2121,13,3,Decent read. Not my favourite but not bad either.,2024-03-07 17:48:00
3357,1457,5,3,It was okay. The hype around this book is a bit overstated.,2024-11-17 23:27:00
3784,238,2,5,,2024-07-27 09:23:00
3758,377,16,4,Mostly great. The middle section drags a bit.,2023-12-15 15:54:00
1912,346,4,2,,2024-02-28 08:10:00
1041,2383,1,4,Above average. Would recommend to fans of the genre.,2021-12-16 18:32:00
266,1128,2,4,Above average. Would recommend to fans of the genre.,2022-12-10 09:23:00
4987,1261,4,2,Struggled to get through it. The story meanders endlessly.,2022-12-02 15:02:00
5291,652,7,5,One of the best reads I have had in years. Highly recommended.,2023-03-06 22:42:00
2617,977,3,4,A very good read overall. Some chapters were slow but worth it.,2023-03-22 21:29:00
3055,884,1,3,Average. Had its moments but failed to really engage me.,2024-12-31 13:01:00
2304,606,2,4,Enjoyed it quite a bit. Solid writing and interesting ideas.,2024-02-08 21:03:00
1778,2314,3,5,,2022-01-05 17:21:00
5132,1817,4,6,Decent read. Not my favourite but not bad either.,2021-06-04 17:49:00
3883,656,12,5,The writing is exceptional and the story gripped me from page one.,2024-03-16 14:35:00
3186,1215,1,2,Struggled to get through it. The story meanders endlessly.,2022-10-11 22:55:00
3724,1008,9,3,Neither great nor terrible. Passes the time.,2021-03-28 10:05:00
5586,478,6,2,Disappointed. Expected much more based on the reviews.,2024-04-01 18:22:00
1435,2254,1,5,A masterpiece. Every chapter left me wanting more.,2023-06-02 21:53:00
588,1382,1,5,Exceeded all my expectations. Truly extraordinary.,2024-05-31 18:28:00
4929,2185,3,5,Absolutely loved this book — couldn't put it down!,2023-05-17 20:37:00
4462,1466,2,4,Liked it. The first half is stronger than the second.,2023-02-14 18:17:00
5117,2541,3,4,"Good book, though the ending felt a little rushed.",2023-06-26 13:19:00
2489,538,1,4,A very good read overall. Some chapters were slow but worth it.,2022-12-21 19:11:00
946,2576,12,4,Well-written and engaging. A few plot holes but forgivable.,2024-12-31 08:23:00
997,1120,1,4,Well-written and engaging. A few plot holes but forgivable.,2024-10-13 11:35:00
2941,190,13,5,Absolutely loved this book — couldn't put it down!,2021-03-18 17:15:00
2696,2733,77,2,Disappointed. Expected much more based on the reviews.,2024-08-19 07:27:00
246,1128,1,5,Absolutely loved this book — couldn't put it down!,2023-04-29 19:03:00
405,181,7,3,Had potential but did not quite deliver on its promise.,2023-09-13 07:23:00
5497,1448,2,4,Mostly great. The middle section drags a bit.,2022-10-25 21:07:00
961,1499,3,5,A masterpiece. Every chapter left me wanting more.,2024-02-05 20:53:00
1711,1979,12,3,Neither great nor terrible. Passes the time.,2023-07-29 20:22:00
2944,1807,1,3,"Some interesting parts, but overall felt underwhelming.",2023-10-30 13:43:00
2848,1650,1,4,Mostly great. The middle section drags a bit.,2022-10-30 02:00:00
1555,122,1,3,Decent read. Not my favourite but not bad either.,2022-08-20 19:22:00
3725,2401,3,4,Mostly great. The middle section drags a bit.,2024-12-31 21:35:00
798,2121,12,5,This book changed the way I think. A must-read for everyone.,2024-05-24 09:45:00
4802,2263,1,3,Had potential but did not quite deliver on its promise.,2021-02-28 16:59:00
5166,359,3,5,,2022-09-09 19:55:00
3873,39,2,4,Well-written and engaging. A few plot holes but forgivable.,2021-02-17 07:07:00
4855,301,9,3,Average. Had its moments but failed to really engage me.,2024-07-02 19:48:00
2098,1134,7,4,Mostly great. The middle section drags a bit.,2021-06-27 18:16:00
4969,731,6,3,Neither great nor terrible. Passes the time.,2022-10-27 13:15:00
2771,1492,9,3,Decent read. Not my favourite but not bad either.,2024-02-04 21:09:00
1351,592,13,3,"Mixed feelings. Good premise, mediocre execution.",2023-03-03 11:50:00
82,2297,1,4,Above average. Would recommend to fans of the genre.,2024-04-20 13:10:00
1072,244,2,5,Brilliant narrative. The characters feel genuinely real.,2023-12-09 17:50:00
75,1363,5,2,Disappointed. Expected much more based on the reviews.,2024-06-26 14:38:00
4066,472,172,4,A very good read overall. Some chapters were slow but worth it.,2023-07-05 07:27:00
560,861,5,5,Absolutely loved this book — couldn't put it down!,2020-08-05 22:49:00
191,2708,41,4,Well-written and engaging. A few plot holes but forgivable.,2022-07-13 11:43:00
1247,2718,7,4,Mostly great. The middle section drags a bit.,2023-12-31 14:30:00
2689,2246,1,3,"Some interesting parts, but overall felt underwhelming.",2024-12-28 10:33:00
2549,1753,6,3,"Some interesting parts, but overall felt underwhelming.",2022-03-04 12:00:00
2313,2157,19,2,Would not recommend. Too slow and the payoff was not worth it.,2020-10-13 05:22:00
5288,2177,4,3,,2024-10-29 11:26:00
5298,204,1,5,,2024-01-15 19:30:00
3713,2303,1,4,Above average. Would recommend to fans of the genre.,2024-08-31 09:40:00
584,1104,3,4,"Good book, though the ending felt a little rushed.",2024-02-26 09:22:00
779,1764,4,3,,2023-04-25 17:02:00
5123,2363,1,3,Neither great nor terrible. Passes the time.,2022-12-07 12:43:00
5066,488,1,3,Had potential but did not quite deliver on its promise.,2023-11-09 09:03:00
4317,1149,2,5,Exceeded all my expectations. Truly extraordinary.,2022-10-16 15:20:00
2447,2439,2,4,,2023-06-25 19:43:00
3781,1153,6,3,"Mixed feelings. Good premise, mediocre execution.",2023-12-12 18:39:00
2219,482,1,4,"Good book, though the ending felt a little rushed.",2024-06-13 08:08:00
4498,1256,1,4,Pleasant read. Nothing groundbreaking but definitely enjoyable.,2024-12-10 11:11:00
433,1545,2,4,A very good read overall. Some chapters were slow but worth it.,2023-09-01 21:21:00
3030,2126,1,4,A very good read overall. Some chapters were slow but worth it.,2024-11-13 15:42:00
2492,163,3,4,Above average. Would recommend to fans of the genre.,2022-12-08 19:03:00
5490,2781,10,4,,2024-01-06 08:04:00
15,642,32,2,The plot felt disjointed and the pacing was off throughout.,2024-12-31 19:03:00
3341,2008,1,4,"Good book, though the ending felt a little rushed.",2024-07-30 18:43:00
1776,2796,1,4,Well-written and engaging. A few plot holes but forgivable.,2022-09-02 21:32:00
1101,1327,1,3,Had potential but did not quite deliver on its promise.,2022-02-14 19:27:00
5540,2067,24,3,Average. Had its moments but failed to really engage me.,2023-04-06 05:48:00
5252,1133,3,4,Above average. Would recommend to fans of the genre.,2023-10-16 06:01:00
1276,400,8,3,Had potential but did not quite deliver on its promise.,2024-11-23 07:31:00
397,778,32,3,,2023-08-11 21:29:00
410,532,1,4,Well-written and engaging. A few plot holes but forgivable.,2024-12-31 20:01:00
4397,1667,1,3,Neither great nor terrible. Passes the time.,2022-09-30 18:17:00
1312,1038,10,7,Perfect blend of story and insight. Will read again.,2021-12-19 08:57:00
3936,2494,1,4,"Good book, though the ending felt a little rushed.",2024-01-19 17:31:00
2069,832,1,-1,A very good read overall. Some chapters were slow but worth it.,2023-07-09 19:21:00
4773,1405,1,3,Average. Had its moments but failed to really engage me.,2023-08-05 15:57:00
3811,125,2,4,Liked it. The first half is stronger than the second.,2023-05-08 09:11:00
1091,109,3,5,The writing is exceptional and the story gripped me from page one.,2023-05-27 17:20:00
4395,389,13,2,Disappointed. Expected much more based on the reviews.,2020-12-13 21:37:00
3542,65,34,4,Above average. Would recommend to fans of the genre.,2024-05-11 19:09:00
3285,2245,2,4,Above average. Would recommend to fans of the genre.,2023-08-11 22:57:00
3241,1391,2,4,Enjoyed it quite a bit. Solid writing and interesting ideas.,2023-09-11 19:02:00
32,2279,16,2,The plot felt disjointed and the pacing was off throughout.,2024-12-09 14:45:00
3623,1949,8,3,"Some interesting parts, but overall felt underwhelming.",2023-12-15 23:29:00
2694,2647,3,5,Absolutely loved this book — couldn't put it down!,2024-10-17 13:26:00
5518,2345,2,5,The writing is exceptional and the story gripped me from page one.,2024-02-28 21:26:00
3425,990,13,3,Neither great nor terrible. Passes the time.,2020-09-19 07:01:00
148,185,1,5,The writing is exceptional and the story gripped me from page one.,2024-12-31 12:11:00
2491,1321,2,4,Enjoyed it quite a bit. Solid writing and interesting ideas.,2024-12-24 15:31:00
4463,1904,1,4,A very good read overall. Some chapters were slow but worth it.,2021-10-10 12:59:00
4532,1222,1,4,Above average. Would recommend to fans of the genre.,2023-02-23 13:33:00
4151,1620,1,3,Decent read. Not my favourite but not bad either.,2023-05-04 12:02:00
2640,1121,1,5,,2022-11-11 15:06:00
1416,1361,57,5,I finished this in two sittings. Absolutely riveting.,2024-12-11 12:57:00
2266,2178,4,4,Pleasant read. Nothing groundbreaking but definitely enjoyable.,2023-09-28 08:10:00
3868,149,5,3,"Some interesting parts, but overall felt underwhelming.",2023-11-07 21:26:00
3436,1405,3,3,Decent read. Not my favourite but not bad either.,2023-02-17 05:00:00
1204,2680,2,3,Decent read. Not my favourite but not bad either.,2023-11-10 08:00:00
4131,1514,110,4,Liked it. The first half is stronger than the second.,2021-08-04 15:49:00
5617,956,14,4,Well-written and engaging. A few plot holes but forgivable.,2023-11-24 14:15:00
3607,1824,1,2,Struggled to get through it. The story meanders endlessly.,2024-10-26 07:19:00
4106,2189,17,4,Mostly great. The middle section drags a bit.,2021-06-09 08:58:00
2116,1426,5,4,Pleasant read. Nothing groundbreaking but definitely enjoyable.,2024-02-11 20:42:00
1388,1308,8,3,Neither great nor terrible. Passes the time.,2023-04-14 08:55:00
166,2528,2,3,Average. Had its moments but failed to really engage me.,2023-10-08 12:32:00
2117,2786,1,3,Decent read. Not my favourite but not bad either.,2024-09-01 16:42:00
2258,325,1,4,"Good book, though the ending felt a little rushed.",2023-12-09 09:51:00
4803,402,1,3,"Some interesting parts, but overall felt underwhelming.",2023-07-29 13:47:00
4275,2551,5,3,"Mixed feelings. Good premise, mediocre execution.",2024-12-31 14:27:00
1263,377,18,2,Would not recommend. Too slow and the payoff was not worth it.,2022-05-19 10:18:00
1083,1085,4,3,Neither great nor terrible. Passes the time.,2024-12-20 14:28:00
5047,2684,19,4,Pleasant read. Nothing groundbreaking but definitely enjoyable.,2022-04-05 14:42:00
3963,2782,5,2,Struggled to get through it. The story meanders endlessly.,2023-05-27 21:10:00
4597,2616,1,4,Liked it. The first half is stronger than the second.,2023-10-04 08:41:00
2883,2350,2,4,,2024-04-21 17:27:00
1590,642,1,4,Pleasant read. Nothing groundbreaking but definitely enjoyable.,2024-08-14 17:17:00
533,1104,8,3,It was okay. The hype around this book is a bit overstated.,2023-12-29 12:17:00
5572,1425,8,3,Average. Had its moments but failed to really engage me.,2021-06-13 20:23:00
2668,315,16,3,"Some interesting parts, but overall felt underwhelming.",2024-08-22 17:20:00
3006,2749,1,5,Perfect blend of story and insight. Will read again.,2023-01-06 18:58:00
5040,325,3,3,It was okay. The hype around this book is a bit overstated.,2023-02-08 12:07:00
5159,377,8,4,,2023-08-31 16:36:00
3948,977,11,5,Beautifully written. The author's style is simply stunning.,2023-04-04 12:31:00
4140,2637,1,3,Average. Had its moments but failed to really engage me.,2022-07-24 20:32:00
3535,1608,1,5,Perfect blend of story and insight. Will read again.,2024-09-08 09:55:00
5263,1020,24,4,Enjoyed it quite a bit. Solid writing and interesting ideas.,2022-05-30 18:46:00
2409,2746,13,3,"Mixed feelings. Good premise, mediocre execution.",2022-12-07 11:32:00
1464,559,3,2,Disappointed. Expected much more based on the reviews.,2024-01-06 16:04:00
415,2053,82,3,It was okay. The hype around this book is a bit overstated.,2022-10-14 16:22:00
850,1046,87,4,"Good book, though the ending felt a little rushed.",2021-09-09 19:14:00
606,2368,3,3,Neither great nor terrible. Passes the time.,2024-12-12 06:32:00
4273,1133,7,3,It was okay. The hype around this book is a bit overstated.,2021-03-27 20:44:00
3970,1453,18,2,Overrated. I did not enjoy the characters at all.,2023-11-26 16:11:00
1968,1137,1,4,,2024-10-06 20:46:00
912,639,11,3,Average. Had its moments but failed to really engage me.,2022-12-31 18:34:00
832,932,2,3,Neither great nor terrible. Passes the time.,2022-03-18 11:21:00
4640,1830,2,4,Mostly great. The middle section drags a bit.,2024-10-11 00:26:00
138,1180,2,3,It was okay. The hype around this book is a bit overstated.,2024-07-22 12:43:00
1222,2544,1,3,"Mixed feelings. Good premise, mediocre execution.",2024-10-14 18:39:00
1569,2720,26,4,Above average. Would recommend to fans of the genre.,2023-04-13 11:29:00
4051,1803,14,5,Brilliant narrative. The characters feel genuinely real.,2024-11-09 17:10:00
1282,825,2,5,A masterpiece. Every chapter left me wanting more.,2024-09-20 07:39:00
269,1688,2,4,Above average. Would recommend to fans of the genre.,2022-10-22 12:45:00
2979,282,1,2,Struggled to get through it. The story meanders endlessly.,2020-11-19 18:40:00
3636,2709,4,4,Well-written and engaging. A few plot holes but forgivable.,2024-09-21 13:08:00
3972,2267,9,4,,2024-06-08 07:44:00
2154,1389,4,2,Overrated. I did not enjoy the characters at all.,2021-11-21 11:57:00
3638,1166,2,3,"Mixed feelings. Good premise, mediocre execution.",2021-09-13 11:52:00
864,172,12,4,,2024-12-31 13:58:00
1112,225,1,3,"Mixed feelings. Good premise, mediocre execution.",2023-12-24 08:09:00
2081,1218,1,3,Decent read. Not my favourite but not bad either.,2024-11-11 08:16:00
1789,1191,5,3,It was okay. The hype around this book is a bit overstated.,2022-12-25 15:34:00
4795,29,6,2,The plot felt disjointed and the pacing was off throughout.,2022-09-05 08:32:00
474,2688,3,4,A very good read overall. Some chapters were slow but worth it.,2024-02-17 15:22:00
2769,1041,14,4,Enjoyed it quite a bit. Solid writing and interesting ideas.,2022-04-14 08:03:00
3558,1006,2,4,Above average. Would recommend to fans of the genre.,2024-08-18 12:32:00
1108,2361,2,4,"Good book, though the ending felt a little rushed.",2024-12-23 18:13:00
2022,317,28,3,"Mixed feelings. Good premise, mediocre execution.",2023-12-27 13:54:00
2750,1435,13,4,,2024-10-13 16:22:00
3797,1287,2,4,Above average. Would recommend to fans of the genre.,2024-01-08 08:08:00
3121,718,2,3,It was okay. The hype around this book is a bit overstated.,2023-12-24 07:19:00
4492,2066,10,2,The plot felt disjointed and the pacing was off throughout.,2022-09-02 07:26:00
5307,1486,1,5,Exceeded all my expectations. Truly extraordinary.,2024-05-17 07:25:00
3052,1822,12,4,Liked it. The first half is stronger than the second.,2024-11-04 19:00:00
4731,1196,21,4,"Good book, though the ending felt a little rushed.",2024-09-26 07:52:00
3181,410,2,4,Enjoyed it quite a bit. Solid writing and interesting ideas.,2023-09-13 13:02:00
299,2539,13,3,"Some interesting parts, but overall felt underwhelming.",2024-12-25 10:20:00
2053,1106,3,3,It was okay. The hype around this book is a bit overstated.,2022-10-21 21:24:00
647,1655,1,4,A very good read overall. Some chapters were slow but worth it.,2024-12-09 19:43:00
528,2003,2,4,A very good read overall. Some chapters were slow but worth it.,2023-07-27 14:44:00
112,1520,1,4,Liked it. The first half is stronger than the second.,2023-05-12 20:09:00
760,1478,1,4,Pleasant read. Nothing groundbreaking but definitely enjoyable.,2022-05-22 20:10:00
3923,2210,6,4,"Good book, though the ending felt a little rushed.",2024-12-04 18:38:00
4203,301,1,4,Above average. Would recommend to fans of the genre.,2022-06-23 04:13:00
4111,600,62,3,Decent read. Not my favourite but not bad either.,2022-02-23 15:25:00
2986,1968,1,5,Beautifully written. The author's style is simply stunning.,2022-07-12 09:36:00
344,1807,2,5,Beautifully written. The author's style is simply stunning.,2024-04-20 11:45:00
3085,1971,2,4,Well-written and engaging. A few plot holes but forgivable.,2024-03-28 12:29:00
335,1519,1,5,The writing is exceptional and the story gripped me from page one.,2023-06-12 18:02:00
1834,875,1,3,It was okay. The hype around this book is a bit overstated.,2022-10-06 22:18:00
539,856,16,4,Pleasant read. Nothing groundbreaking but definitely enjoyable.,2023-02-28 14:52:00
2805,538,3,2,The plot felt disjointed and the pacing was off throughout.,2023-10-23 14:45:00
3381,519,7,5,The writing is exceptional and the story gripped me from page one.,2023-06-06 21:27:00
3430,1546,1,5,Brilliant narrative. The characters feel genuinely real.,2024-01-01 12:12:00
254,1792,96,3,"Mixed feelings. Good premise, mediocre execution.",2024-08-13 18:39:00
4486,1130,6,4,Enjoyed it quite a bit. Solid writing and interesting ideas.,2023-02-24 13:10:00
72,2225,4,4,Enjoyed it quite a bit. Solid writing and interesting ideas.,2024-12-08 13:26:00
3420,2578,1,4,Liked it. The first half is stronger than the second.,2024-03-09 20:34:00
1061,1410,1,3,"Some interesting parts, but overall felt underwhelming.",2020-09-28 09:44:00
5462,2444,4,3,"Mixed feelings. Good premise, mediocre execution.",2023-10-05 20:40:00
2365,329,1,3,Neither great nor terrible. Passes the time.,2024-11-29 15:04:00
1364,1652,1,5,Perfect blend of story and insight. Will read again.,2020-05-16 12:15:00
2940,1979,1,4,Mostly great. The middle section drags a bit.,2023-03-16 18:33:00
4044,938,2,5,,2023-03-22 16:25:00
3802,2022,1,4,Above average. Would recommend to fans of the genre.,2024-02-02 12:13:00
4677,2012,11,4,A very good read overall. Some chapters were slow but worth it.,2023-05-28 19:38:00
4189,1916,5,3,Neither great nor terrible. Passes the time.,2023-09-02 21:05:00
3343,2205,1,3,Average. Had its moments but failed to really engage me.,2021-11-04 10:08:00
492,1857,1,4,"Good book, though the ending felt a little rushed.",2024-12-31 19:05:00
5315,2700,2,4,"Good book, though the ending felt a little rushed.",2022-09-01 08:19:00
3527,1281,2,3,"Mixed feelings. Good premise, mediocre execution.",2020-08-21 09:09:00
479,1700,23,4,Above average. Would recommend to fans of the genre.,2020-02-01 19:21:00
1923,1155,4,3,"Mixed feelings. Good premise, mediocre execution.",2024-12-12 07:48:00
4314,1782,2,3,"Some interesting parts, but overall felt underwhelming.",2024-05-11 09:52:00
4098,939,1,3,Had potential but did not quite deliver on its promise.,2024-06-13 11:01:00
530,1392,3,3,Had potential but did not quite deliver on its promise.,2023-04-21 20:27:00
3208,1193,62,4,"Good book, though the ending felt a little rushed.",2024-12-31 01:22:00
1795,2093,2,4,Liked it. The first half is stronger than the second.,2023-09-13 10:20:00
3796,1223,1,5,Perfect blend of story and insight. Will read again.,2020-04-03 11:45:00
4580,2146,4,2,Would not recommend. Too slow and the payoff was not worth it.,2020-10-02 15:12:00
4942,942,3,4,Above average. Would recommend to fans of the genre.,2021-11-10 15:27:00
1010,782,1,3,Had potential but did not quite deliver on its promise.,2024-05-05 11:07:00
175,1691,2,4,Liked it. The first half is stronger than the second.,2023-07-03 19:24:00
1978,1402,7,5,One of the best reads I have had in years. Highly recommended.,2020-12-16 10:55:00
1359,1973,9,5,One of the best reads I have had in years. Highly recommended.,2023-02-28 06:51:00
2950,691,1,4,Enjoyed it quite a bit. Solid writing and interesting ideas.,2023-04-18 06:42:00
4928,640,1,3,Decent read. Not my favourite but not bad either.,2024-01-01 20:04:00
3338,2400,1,3,Average. Had its moments but failed to really engage me.,2024-01-06 11:58:00
2066,151,2,4,Pleasant read. Nothing groundbreaking but definitely enjoyable.,2022-09-22 17:25:00
2609,2760,2,3,It was okay. The hype around this book is a bit overstated.,2024-11-29 07:32:00
189,1251,4,5,,2022-06-12 07:06:00
1639,1791,1,3,"Mixed feelings. Good premise, mediocre execution.",2024-10-07 19:54:00
1230,1923,26,3,Average. Had its moments but failed to really engage me.,2022-11-18 19:25:00
4663,1641,2,5,One of the best reads I have had in years. Highly recommended.,2024-05-30 16:02:00
1692,2148,1,3,"Some interesting parts, but overall felt underwhelming.",2024-04-11 19:20:00
3779,1971,1,4,Above average. Would recommend to fans of the genre.,2024-04-15 12:00:00
3414,2670,1,4,"Good book, though the ending felt a little rushed.",2024-01-31 18:44:00
1333,348,1,4,Pleasant read. Nothing groundbreaking but definitely enjoyable.,2024-08-27 06:12:00
5416,483,6,5,One of the best reads I have had in years. Highly recommended.,2024-09-18 18:30:00
914,877,1,3,"Some interesting parts, but overall felt underwhelming.",2024-09-08 08:32:00
2136,1790,5,4,"Good book, though the ending felt a little rushed.",2022-04-17 20:24:00
1518,374,1,4,Enjoyed it quite a bit. Solid writing and interesting ideas.,2024-12-31 19:35:00
605,2207,14,4,"Good book, though the ending felt a little rushed.",2024-11-10 10:43:00
4562,1698,6,4,Well-written and engaging. A few plot holes but forgivable.,2024-09-27 02:22:00
5328,1701,4,4,Mostly great. The middle section drags a bit.,2024-07-26 07:31:00
2525,2009,2,4,Pleasant read. Nothing groundbreaking but definitely enjoyable.,2024-02-24 19:49:00
944,402,3,2,Overrated. I did not enjoy the characters at all.,2021-11-09 14:44:00
792,2048,1,5,Exceeded all my expectations. Truly extraordinary.,2023-11-24 08:43:00
3520,1414,1,4,Well-written and engaging. A few plot holes but forgivable.,2024-08-09 16:42:00
2975,1316,5,3,Decent read. Not my favourite but not bad either.,2023-12-05 09:17:00
2192,2342,2,4,Above average. Would recommend to fans of the genre.,2023-07-31 12:21:00
1862,2086,1,3,Decent read. Not my favourite but not bad either.,2021-01-29 09:29:00
4476,842,1,4,,2022-08-16 18:22:00
5343,2608,28,3,Had potential but did not quite deliver on its promise.,2023-01-30 09:47:00
5413,1441,16,5,Brilliant narrative. The characters feel genuinely real.,2024-04-22 11:44:00
2693,322,4,4,Liked it. The first half is stronger than the second.,2024-11-19 14:38:00
3717,389,12,5,Absolutely loved this book — couldn't put it down!,2022-10-13 21:55:00
3216,1658,5,3,"Mixed feelings. Good premise, mediocre execution.",2023-09-08 00:17:00
2018,1082,5,4,Mostly great. The middle section drags a bit.,2024-04-12 18:07:00
1321,2776,4,2,Disappointed. Expected much more based on the reviews.,2024-01-10 15:51:00
4683,131,1,3,"Some interesting parts, but overall felt underwhelming.",2022-02-07 16:41:00
2615,2478,1,3,It was okay. The hype around this book is a bit overstated.,2023-10-03 16:17:00
4748,348,8,5,A masterpiece. Every chapter left me wanting more.,2023-02-23 10:09:00
4251,1026,19,3,Average. Had its moments but failed to really engage me.,2024-05-03 02:46:00
5045,2066,2,3,,2022-11-11 20:47:00
2028,1783,11,4,Liked it. The first half is stronger than the second.,2024-09-19 20:59:00
3960,2722,77,4,Pleasant read. Nothing groundbreaking but definitely enjoyable.,2024-10-30 20:27:00
4388,1138,1,4,Above average. Would recommend to fans of the genre.,2021-10-11 09:39:00
4824,1508,1,3,Had potential but did not quite deliver on its promise.,2024-11-30 09:48:00
424,554,2,3,"Mixed feelings. Good premise, mediocre execution.",2023-10-12 09:36:00
1741,1832,1,5,Exceeded all my expectations. Truly extraordinary.,2024-10-23 16:49:00
3127,1600,2,5,I finished this in two sittings. Absolutely riveting.,2023-10-03 19:57:00
633,623,1,4,Pleasant read. Nothing groundbreaking but definitely enjoyable.,2023-08-17 06:25:00
1036,1613,2,5,Brilliant narrative. The characters feel genuinely real.,2021-04-01 14:26:00
1721,1300,3,4,Pleasant read. Nothing groundbreaking but definitely enjoyable.,2024-04-03 17:04:00
1328,422,13,4,Well-written and engaging. A few plot holes but forgivable.,2024-09-11 19:41:00
537,2206,9,2,Overrated. I did not enjoy the characters at all.,2022-07-11 14:12:00
1444,296,1,3,,2023-07-23 11:32:00
4894,1521,3,4,Well-written and engaging. A few plot holes but forgivable.,2024-12-12 20:16:00
4901,859,3,4,Mostly great. The middle section drags a bit.,2023-01-06 23:38:00
2730,2341,1,4,,2022-04-13 06:32:00
1613,953,2,4,Pleasant read. Nothing groundbreaking but definitely enjoyable.,2023-07-08 10:14:00
2209,1268,3,3,Neither great nor terrible. Passes the time.,2022-07-18 15:58:00
1341,1093,79,2,The plot felt disjointed and the pacing was off throughout.,2024-07-04 09:46:00
2958,1205,1,5,This book changed the way I think. A must-read for everyone.,2022-04-04 06:31:00
2824,2276,2,4,Pleasant read. Nothing groundbreaking but definitely enjoyable.,2023-02-24 06:37:00
4658,608,22,4,A very good read overall. Some chapters were slow but worth it.,2024-05-18 21:58:00
2308,1948,1,5,Perfect blend of story and insight. Will read again.,2024-05-01 17:07:00
5580,2749,2,4,Enjoyed it quite a bit. Solid writing and interesting ideas.,2024-01-23 06:04:00
4225,2632,6,1,Terrible. Wasted my money and my time.,2021-11-17 11:29:00
400,702,2,4,Liked it. The first half is stronger than the second.,2023-12-19 09:32:00
4954,212,22,3,Had potential but did not quite deliver on its promise.,2023-12-14 12:52:00
2592,365,16,2,,2023-09-29 21:52:00
5220,1920,2,4,Enjoyed it quite a bit. Solid writing and interesting ideas.,2023-06-11 17:39:00
5168,2261,3,3,"Mixed feelings. Good premise, mediocre execution.",2024-07-27 19:35:00
1005,1102,4,3,"Mixed feelings. Good premise, mediocre execution.",2024-10-28 17:03:00
2216,1656,2,3,,2024-07-04 18:23:00
1801,2635,7,4,Well-written and engaging. A few plot holes but forgivable.,2021-08-25 06:08:00
2603,1985,1,4,Above average. Would recommend to fans of the genre.,2021-12-06 13:52:00
3456,2794,1,-1,A very good read overall. Some chapters were slow but worth it.,2024-04-08 21:45:00
5471,2263,47,3,Decent read. Not my favourite but not bad either.,2020-04-30 20:36:00
2463,1733,1,4,Pleasant read. Nothing groundbreaking but definitely enjoyable.,2024-07-04 17:49:00
2282,383,10,3,"Some interesting parts, but overall felt underwhelming.",2023-02-11 20:53:00
1878,11,24,3,"Mixed feelings. Good premise, mediocre execution.",2022-03-15 15:34:00
4058,2635,3,3,Neither great nor terrible. Passes the time.,2022-11-09 18:03:00
5412,219,7,3,"Some interesting parts, but overall felt underwhelming.",2024-09-24 17:22:00
4293,2607,1,5,The writing is exceptional and the story gripped me from page one.,2024-08-19 09:16:00
3161,2525,2,4,Enjoyed it quite a bit. Solid writing and interesting ideas.,2024-09-03 16:00:00
5352,1892,104,3,Had potential but did not quite deliver on its promise.,2023-12-13 22:19:00
1299,2659,4,2,Would not recommend. Too slow and the payoff was not worth it.,2022-11-29 19:12:00
5356,439,15,3,,2023-05-25 07:41:00
5214,782,2,5,Absolutely loved this book — couldn't put it down!,2024-05-27 19:50:00
4728,163,14,4,Well-written and engaging. A few plot holes but forgivable.,2023-06-26 16:06:00
4437,1831,14,3,Decent read. Not my favourite but not bad either.,2023-11-02 07:13:00
3160,640,8,4,Liked it. The first half is stronger than the second.,2024-02-23 16:41:00
3501,308,59,5,Beautifully written. The author's style is simply stunning.,2024-10-14 11:36:00
5415,2616,13,5,Brilliant narrative. The characters feel genuinely real.,2022-05-01 14:17:00
2097,1558,2,3,Decent read. Not my favourite but not bad either.,2024-02-25 08:11:00
3145,1267,2,3,It was okay. The hype around this book is a bit overstated.,2024-12-12 08:13:00
1426,633,1,5,Perfect blend of story and insight. Will read again.,2023-06-10 15:29:00
4938,2695,1,5,This book changed the way I think. A must-read for everyone.,2022-02-03 20:40:00
778,741,1,5,Exceeded all my expectations. Truly extraordinary.,2024-05-27 22:42:00
4633,2090,123,3,"Some interesting parts, but overall felt underwhelming.",2021-12-29 08:25:00
3191,1011,10,3,,2024-01-30 12:14:00
1448,2759,1,4,,2021-05-17 19:19:00
4156,1903,5,3,"Mixed feelings. Good premise, mediocre execution.",2024-12-07 15:46:00
1210,2672,23,5,This book changed the way I think. A must-read for everyone.,2022-04-23 21:43:00
2423,1436,1,3,"Some interesting parts, but overall felt underwhelming.",2024-12-31 17:45:00
3777,1642,1,4,Liked it. The first half is stronger than the second.,2022-12-09 12:56:00
280,2460,13,3,Average. Had its moments but failed to really engage me.,2024-11-21 09:48:00
2581,143,1,4,Liked it. The first half is stronger than the second.,2024-11-18 07:16:00
3400,1831,2,5,Perfect blend of story and insight. Will read again.,2024-12-28 09:35:00
2356,1703,2,3,"Mixed feelings. Good premise, mediocre execution.",2024-12-11 18:46:00
888,1908,1,5,One of the best reads I have had in years. Highly recommended.,2023-01-28 22:07:00
851,1316,2,4,A very good read overall. Some chapters were slow but worth it.,2024-09-16 10:00:00
2277,1297,12,3,Neither great nor terrible. Passes the time.,2023-04-17 10:38:00
5228,692,37,4,,2022-07-20 13:54:00
1118,2207,3,2,Not for me. The writing style felt very dated.,2024-12-29 20:13:00
3603,1120,3,4,Enjoyed it quite a bit. Solid writing and interesting ideas.,2020-09-28 07:26:00
2711,2162,1,4,"Good book, though the ending felt a little rushed.",2023-09-26 17:57:00
2972,1887,1,2,Struggled to get through it. The story meanders endlessly.,2024-07-12 20:19:00
2296,753,1,3,Decent read. Not my favourite but not bad either.,2024-02-17 10:41:00
2938,2085,1,3,Had potential but did not quite deliver on its promise.,2023-07-21 22:23:00
253,2775,4,3,Neither great nor terrible. Passes the time.,2021-12-16 15:51:00
4292,1028,5,1,One of the worst books I have read. No coherent plot.,2020-06-15 07:08:00
4863,1943,7,5,Perfect blend of story and insight. Will read again.,2022-03-22 20:18:00
2070,1729,1,5,,2023-07-16 09:29:00
4898,698,50,5,,2024-09-21 09:04:00
2152,1504,4,3,Had potential but did not quite deliver on its promise.,2024-10-15 03:43:00
1877,902,3,4,Above average. Would recommend to fans of the genre.,2022-09-27 18:46:00
5478,2059,3,2,Would not recommend. Too slow and the payoff was not worth it.,2021-10-02 19:15:00
4543,2722,5,4,Liked it. The first half is stronger than the second.,2024-04-24 15:05:00
1875,514,1,3,"Mixed feelings. Good premise, mediocre execution.",2024-09-16 08:27:00
3780,1748,14,5,Absolutely loved this book — couldn't put it down!,2023-12-28 00:51:00
4115,91,3,3,Average. Had its moments but failed to really engage me.,2022-07-28 07:50:00
765,295,18,2,Not for me. The writing style felt very dated.,2023-09-15 12:30:00
3446,2392,1,3,Average. Had its moments but failed to really engage me.,2024-12-09 19:27:00
5571,2012,12,5,Absolutely loved this book — couldn't put it down!,2022-04-12 09:34:00
4162,2018,3,4,Pleasant read. Nothing groundbreaking but definitely enjoyable.,2024-07-29 13:11:00
4833,245,1,3,Neither great nor terrible. Passes the time.,2024-04-12 09:15:00
1229,2635,4,2,Disappointed. Expected much more based on the reviews.,2022-10-17 14:47:00
1570,55,2,3,Average. Had its moments but failed to really engage me.,2024-01-16 18:26:00
1572,1935,1,3,"Some interesting parts, but overall felt underwhelming.",2022-11-16 19:56:00
1586,565,1,4,Pleasant read. Nothing groundbreaking but definitely enjoyable.,2024-03-01 20:44:00
336,537,1,4,Well-written and engaging. A few plot holes but forgivable.,2023-05-19 17:52:00
5503,1296,1,3,Neither great nor terrible. Passes the time.,2024-06-02 19:03:00
2582,327,5,5,Beautifully written. The author's style is simply stunning.,2021-05-06 21:09:00
1864,2543,1,4,Liked it. The first half is stronger than the second.,2021-12-06 08:11:00
4524,909,125,4,Mostly great. The middle section drags a bit.,2024-10-19 12:28:00
2511,60,1,4,Mostly great. The middle section drags a bit.,2024-10-28 20:29:00
5030,624,3,3,Average. Had its moments but failed to really engage me.,2023-06-30 10:21:00
2748,1226,6,3,It was okay. The hype around this book is a bit overstated.,2023-08-30 13:12:00
1304,2172,2,5,The writing is exceptional and the story gripped me from page one.,2021-08-14 23:48:00
4155,2668,4,4,Enjoyed it quite a bit. Solid writing and interesting ideas.,2024-02-16 21:59:00
4227,446,9,3,"Mixed feelings. Good premise, mediocre execution.",2023-11-07 17:46:00
4889,1831,5,5,Exceeded all my expectations. Truly extraordinary.,2023-08-20 21:07:00
1751,948,2,4,Liked it. The first half is stronger than the second.,2021-12-07 15:36:00
319,1868,3,3,Decent read. Not my favourite but not bad either.,2023-09-11 10:52:00
1819,2284,2,5,,2024-10-22 08:32:00
5569,1979,12,3,Neither great nor terrible. Passes the time.,2023-07-29 20:22:00
444,1545,1,5,I finished this in two sittings. Absolutely riveting.,2022-10-26 08:10:00
2953,46,3,3,Neither great nor terrible. Passes the time.,2020-11-17 19:30:00
161,2785,11,0,Decent read. Not my favourite but not bad either.,2023-08-16 17:29:00
5519,318,1,5,Beautifully written. The author's style is simply stunning.,2024-12-23 19:09:00
1477,968,1,4,Enjoyed it quite a bit. Solid writing and interesting ideas.,2024-12-31 13:06:00
1405,476,36,4,Liked it. The first half is stronger than the second.,2023-07-31 09:18:00
2378,2660,2,3,,2023-10-29 09:41:00
114,1471,1,3,Had potential but did not quite deliver on its promise.,2023-11-21 16:15:00
2247,390,1,4,Pleasant read. Nothing groundbreaking but definitely enjoyable.,2021-11-24 08:21:00
260,605,2,4,,2021-01-27 15:14:00
3401,1386,5,3,Had potential but did not quite deliver on its promise.,2022-02-24 16:06:00
4756,321,58,3,Average. Had its moments but failed to really engage me.,2022-08-26 10:42:00
2234,2319,3,3,Neither great nor terrible. Passes the time.,2023-12-03 08:43:00
56,2643,1,4,Above average. Would recommend to fans of the genre.,2024-06-02 14:25:00
268,1217,3,3,Decent read. Not my favourite but not bad either.,2024-12-28 20:37:00
3044,1205,28,3,Had potential but did not quite deliver on its promise.,2021-03-11 05:22:00
3554,579,1,4,A very good read overall. Some chapters were slow but worth it.,2024-12-11 10:17:00
5155,2346,2,4,Mostly great. The middle section drags a bit.,2024-02-13 17:33:00
5107,1102,2,2,,2024-09-30 18:54:00
4595,2353,1,5,Beautifully written. The author's style is simply stunning.,2020-12-05 08:18:00
3499,2111,5,4,"Good book, though the ending felt a little rushed.",2024-10-11 19:07:00
3663,160,1,4,"Good book, though the ending felt a little rushed.",2023-11-19 23:16:00
2496,2549,75,4,Pleasant read. Nothing groundbreaking but definitely enjoyable.,2023-04-01 09:39:00
619,2751,9,2,,2022-10-15 11:46:00
4684,1987,3,4,Pleasant read. Nothing groundbreaking but definitely enjoyable.,2022-07-16 15:12:00
313,1808,25,4,Pleasant read. Nothing groundbreaking but definitely enjoyable.,2022-01-02 13:13:00
427,2693,1,4,,2021-08-20 18:21:00
5535,1205,2,4,Above average. Would recommend to fans of the genre.,2021-05-08 17:58:00
215,1084,1,2,,2022-04-23 22:50:00
2560,916,1,4,Enjoyed it quite a bit. Solid writing and interesting ideas.,2022-12-02 12:36:00
4542,990,6,2,Not for me. The writing style felt very dated.,2022-11-29 06:31:00
3259,73,2,4,Enjoyed it quite a bit. Solid writing and interesting ideas.,2022-11-21 11:32:00
1887,731,31,4,Pleasant read. Nothing groundbreaking but definitely enjoyable.,2023-02-23 09:25:00
5191,2492,26,4,Mostly great. The middle section drags a bit.,2023-08-14 09:09:00
3234,1749,1,3,"Mixed feelings. Good premise, mediocre execution.",2022-12-27 18:40:00
2795,739,2,5,Perfect blend of story and insight. Will read again.,2021-02-24 11:46:00
5179,1584,1,2,The plot felt disjointed and the pacing was off throughout.,2021-05-21 20:07:00
1809,1928,3,3,"Mixed feelings. Good premise, mediocre execution.",2022-11-08 13:05:00
2038,1092,1,3,"Mixed feelings. Good premise, mediocre execution.",2021-11-28 20:27:00
1533,122,2,5,,2022-10-28 11:41:00
5411,1568,3,3,Had potential but did not quite deliver on its promise.,2023-11-02 21:18:00
1524,328,1,4,A very good read overall. Some chapters were slow but worth it.,2024-11-30 20:51:00
4778,942,2,4,Liked it. The first half is stronger than the second.,2024-11-23 14:00:00
2802,476,1,4,Enjoyed it quite a bit. Solid writing and interesting ideas.,2024-08-24 13:55:00
2685,521,11,3,"Some interesting parts, but overall felt underwhelming.",2022-02-17 17:03:00
4072,1823,1,4,Liked it. The first half is stronger than the second.,2024-11-19 18:35:00
4994,2448,10,4,Liked it. The first half is stronger than the second.,2020-09-04 09:32:00
4815,2760,1,4,A very good read overall. Some chapters were slow but worth it.,2024-12-02 18:35:00
2808,2581,7,3,"Mixed feelings. Good premise, mediocre execution.",2024-04-25 19:30:00
1531,637,1,4,Well-written and engaging. A few plot holes but forgivable.,2023-04-09 14:25:00
4052,1309,2,3,Neither great nor terrible. Passes the time.,2024-06-01 15:55:00
1699,1810,54,0,A very good read overall. Some chapters were slow but worth it.,2020-07-15 19:57:00
1971,1041,110,3,"Some interesting parts, but overall felt underwhelming.",2024-11-06 13:04:00
235,358,93,4,Well-written and engaging. A few plot holes but forgivable.,2024-03-20 18:13:00
2335,2051,2,4,Well-written and engaging. A few plot holes but forgivable.,2023-03-29 20:30:00
1338,1026,2,4,"Good book, though the ending felt a little rushed.",2023-01-26 15:20:00
3468,1297,10,4,Liked it. The first half is stronger than the second.,2023-12-04 20:51:00
2733,1352,1,5,This book changed the way I think. A must-read for everyone.,2021-05-20 16:22:00
2468,317,2,5,This book changed the way I think. A must-read for everyone.,2023-03-07 21:39:00
1558,340,2,4,Well-written and engaging. A few plot holes but forgivable.,2024-08-02 15:12:00
3896,2225,2,4,Above average. Would recommend to fans of the genre.,2023-07-25 07:01:00
163,445,7,3,Neither great nor terrible. Passes the time.,2024-01-29 20:32:00
2464,2317,37,5,The writing is exceptional and the story gripped me from page one.,2022-08-16 22:36:00
1756,280,6,2,The plot felt disjointed and the pacing was off throughout.,2024-05-09 17:42:00
5396,1889,1,5,The writing is exceptional and the story gripped me from page one.,2023-03-04 06:22:00
3298,2058,5,3,,2023-04-22 19:31:00
5178,2425,1,3,"Some interesting parts, but overall felt underwhelming.",2023-02-12 17:17:00
4007,377,1,4,Liked it. The first half is stronger than the second.,2024-12-31 13:21:00
364,2781,1,4,Mostly great. The middle section drags a bit.,2021-10-21 06:59:00
109,546,1,4,A very good read overall. Some chapters were slow but worth it.,2021-11-18 12:59:00
4514,1027,8,3,Average. Had its moments but failed to really engage me.,2023-01-12 17:59:00
1406,1052,1,4,Well-written and engaging. A few plot holes but forgivable.,2024-07-14 23:33:00
2336,1941,2,0,Decent read. Not my favourite but not bad either.,2024-12-31 13:49:00
3250,784,2,4,Above average. Would recommend to fans of the genre.,2024-12-31 01:00:00
3691,1392,1,3,"Some interesting parts, but overall felt underwhelming.",2021-11-29 06:39:00
1132,1537,1,3,Had potential but did not quite deliver on its promise.,2021-09-18 17:54:00
2586,2226,2,5,A masterpiece. Every chapter left me wanting more.,2024-07-23 09:41:00
3694,2162,2,4,Liked it. The first half is stronger than the second.,2021-12-02 21:04:00
3406,2755,4,4,Mostly great. The middle section drags a bit.,2021-09-05 07:54:00
5240,2514,1,4,Enjoyed it quite a bit. Solid writing and interesting ideas.,2024-01-13 20:04:00
2410,303,3,4,"Good book, though the ending felt a little rushed.",2023-09-14 13:48:00
5516,847,4,4,Liked it. The first half is stronger than the second.,2024-09-16 10:19:00
5450,1722,1,3,Average. Had its moments but failed to really engage me.,2021-07-17 15:06:00
177,769,1,3,,2024-12-14 20:45:00
5346,1106,4,4,,2021-10-16 18:49:00
3335,2049,2,4,"Good book, though the ending felt a little rushed.",2024-12-31 14:55:00
5098,1517,1,3,Decent read. Not my favourite but not bad either.,2024-08-31 07:34:00
4018,959,9,5,Exceeded all my expectations. Truly extraordinary.,2023-09-26 12:40:00
212,1316,1,4,Mostly great. The middle section drags a bit.,2023-01-08 21:48:00
1239,2686,1,4,A very good read overall. Some chapters were slow but worth it.,2024-11-25 17:35:00
3902,244,22,4,Well-written and engaging. A few plot holes but forgivable.,2024-11-22 13:21:00
4315,344,4,3,Had potential but did not quite deliver on its promise.,2020-12-27 16:23:00
1933,139,32,1,Terrible. Wasted my money and my time.,2024-08-04 20:53:00
1850,1768,2,4,Enjoyed it quite a bit. Solid writing and interesting ideas.,2022-10-05 17:23:00
3493,1028,1,4,Liked it. The first half is stronger than the second.,2022-08-13 13:27:00
3373,1004,4,4,Well-written and engaging. A few plot holes but forgivable.,2024-09-04 11:28:00
2327,1763,2,3,"Mixed feelings. Good premise, mediocre execution.",2024-05-11 18:05:00
5614,2319,3,3,Neither great nor terrible. Passes the time.,2023-12-03 08:43:00
3093,2579,2,4,"Good book, though the ending felt a little rushed.",2024-12-05 23:09:00
4525,2238,4,4,Enjoyed it quite a bit. Solid writing and interesting ideas.,2024-10-25 10:09:00
4281,495,4,3,"Mixed feelings. Good premise, mediocre execution.",2024-12-11 18:37:00
3809,1618,7,3,"Mixed feelings. Good premise, mediocre execution.",2022-03-13 23:19:00
3455,778,10,3,Neither great nor terrible. Passes the time.,2022-07-01 12:01:00
3043,202,5,4,Liked it. The first half is stronger than the second.,2024-12-12 16:14:00
5533,1107,2,4,Enjoyed it quite a bit. Solid writing and interesting ideas.,2020-10-18 12:23:00
4029,1129,13,4,Liked it. The first half is stronger than the second.,2023-09-06 10:15:00
5295,474,61,3,"Some interesting parts, but overall felt underwhelming.",2024-04-26 20:59:00
4107,2522,1,4,Mostly great. The middle section drags a bit.,2024-12-10 21:51:00
1305,2618,15,3,It was okay. The hype around this book is a bit overstated.,2020-10-17 13:28:00
4154,1484,4,4,Well-written and engaging. A few plot holes but forgivable.,2024-10-01 13:25:00
73,770,5,5,Absolutely loved this book — couldn't put it down!,2020-08-13 18:10:00
937,1425,3,5,I finished this in two sittings. Absolutely riveting.,2023-06-14 11:42:00
5353,1946,2,4,Liked it. The first half is stronger than the second.,2024-12-06 17:18:00
3706,2099,15,3,Had potential but did not quite deliver on its promise.,2022-07-18 18:22:00
4487,1235,3,4,"Good book, though the ending felt a little rushed.",2024-12-22 11:26:00
5072,2187,14,4,"Good book, though the ending felt a little rushed.",2024-04-03 14:25:00
1331,746,3,4,Liked it. The first half is stronger than the second.,2024-01-02 22:33:00
5303,1386,48,3,"Some interesting parts, but overall felt underwhelming.",2021-11-13 12:50:00
4596,1633,5,5,Perfect blend of story and insight. Will read again.,2020-12-10 20:36:00
4404,1315,4,4,Above average. Would recommend to fans of the genre.,2024-08-06 13:58:00
3477,608,2,-1,Enjoyed it quite a bit. Solid writing and interesting ideas.,2024-04-02 08:26:00
2907,343,2,5,This book changed the way I think. A must-read for everyone.,2024-07-04 14:31:00
2162,911,2,2,,2024-12-03 23:02:00
2557,2076,1,3,"Some interesting parts, but overall felt underwhelming.",2024-10-11 11:07:00
2859,1178,52,4,Above average. Would recommend to fans of the genre.,2024-09-26 04:41:00
665,1955,3,4,Well-written and engaging. A few plot holes but forgivable.,2022-05-10 00:11:00
2678,2026,1,4,Pleasant read. Nothing groundbreaking but definitely enjoyable.,2023-06-14 14:30:00
3370,721,6,3,Had potential but did not quite deliver on its promise.,2024-08-15 12:34:00
4572,55,1,3,It was okay. The hype around this book is a bit overstated.,2023-12-31 15:22:00
157,2346,1,5,Absolutely loved this book — couldn't put it down!,2024-06-24 20:22:00
712,1591,1,4,Mostly great. The middle section drags a bit.,2023-07-10 15:34:00
1685,2722,8,2,Overrated. I did not enjoy the characters at all.,2024-05-02 20:09:00
5377,2142,1,4,A very good read overall. Some chapters were slow but worth it.,2024-12-31 16:20:00
3224,718,5,2,Struggled to get through it. The story meanders endlessly.,2023-07-12 10:04:00
4192,2036,12,4,A very good read overall. Some chapters were slow but worth it.,2022-12-27 10:47:00
4936,1765,2,5,Exceeded all my expectations. Truly extraordinary.,2023-01-14 19:09:00
3505,1943,1,2,Disappointed. Expected much more based on the reviews.,2022-07-26 11:23:00
5461,2775,1,5,This book changed the way I think. A must-read for everyone.,2023-09-13 13:02:00
2900,1436,6,3,Decent read. Not my favourite but not bad either.,2024-05-09 12:35:00
1462,1260,2,4,A very good read overall. Some chapters were slow but worth it.,2024-09-30 19:40:00
2977,1632,1,4,Pleasant read. Nothing groundbreaking but definitely enjoyable.,2023-08-19 18:37:00
1636,2045,1,3,It was okay. The hype around this book is a bit overstated.,2021-07-27 22:35:00
2719,1023,2,3,"Mixed feelings. Good premise, mediocre execution.",2023-12-20 08:08:00
3751,2499,1,5,The writing is exceptional and the story gripped me from page one.,2024-06-10 12:57:00
2544,639,2,3,It was okay. The hype around this book is a bit overstated.,2024-11-12 16:40:00
2390,1889,4,3,Had potential but did not quite deliver on its promise.,2021-03-30 18:13:00
534,1181,1,2,Struggled to get through it. The story meanders endlessly.,2024-01-15 07:09:00
2045,1776,3,3,"Some interesting parts, but overall felt underwhelming.",2024-09-04 07:57:00
3973,333,2,4,"Good book, though the ending felt a little rushed.",2024-01-04 19:21:00
4426,2077,11,5,A masterpiece. Every chapter left me wanting more.,2024-06-01 13:16:00
4875,2481,1,3,Decent read. Not my favourite but not bad either.,2024-10-29 18:03:00
3050,1514,1,4,Mostly great. The middle section drags a bit.,2024-12-23 20:26:00
4366,687,4,3,It was okay. The hype around this book is a bit overstated.,2023-10-09 05:15:00
2645,1540,2,4,Well-written and engaging. A few plot holes but forgivable.,2022-04-08 06:31:00
2881,670,3,3,Decent read. Not my favourite but not bad either.,2024-06-08 20:02:00
97,769,8,3,Decent read. Not my favourite but not bad either.,2024-10-17 23:13:00
1044,384,12,5,I finished this in two sittings. Absolutely riveting.,2023-12-29 15:18:00
3476,2474,1,4,Mostly great. The middle section drags a bit.,2021-09-11 01:22:00
3735,2185,2,5,One of the best reads I have had in years. Highly recommended.,2022-10-12 08:19:00
4402,1454,11,1,Terrible. Wasted my money and my time.,2023-08-11 20:51:00
4531,861,63,4,Pleasant read. Nothing groundbreaking but definitely enjoyable.,2022-02-09 10:07:00
289,1357,3,3,It was okay. The hype around this book is a bit overstated.,2024-10-12 10:16:00
4117,1365,3,3,Had potential but did not quite deliver on its promise.,2024-06-25 18:30:00
2264,2356,15,5,The writing is exceptional and the story gripped me from page one.,2024-05-31 10:47:00
4613,1189,2,4,Pleasant read. Nothing groundbreaking but definitely enjoyable.,2024-09-22 20:45:00
1279,2595,4,3,Had potential but did not quite deliver on its promise.,2024-12-22 17:59:00
4470,61,3,3,Had potential but did not quite deliver on its promise.,2024-08-27 19:05:00
2159,1677,18,3,Had potential but did not quite deliver on its promise.,2024-12-05 20:44:00
3846,1995,11,2,Disappointed. Expected much more based on the reviews.,2024-07-18 12:58:00
5345,406,1,3,Decent read. Not my favourite but not bad either.,2024-09-15 20:02:00
3105,2279,3,4,Liked it. The first half is stronger than the second.,2023-03-13 11:18:00
4142,2614,1,5,Beautifully written. The author's style is simply stunning.,2021-08-19 08:26:00
477,2528,1,4,Above average. Would recommend to fans of the genre.,2024-07-18 08:09:00
826,231,1,5,Absolutely loved this book — couldn't put it down!,2024-11-05 21:16:00
1018,2032,5,3,"Some interesting parts, but overall felt underwhelming.",2024-12-13 19:12:00
1947,1832,3,3,Had potential but did not quite deliver on its promise.,2023-05-02 13:56:00
4519,517,19,3,Had potential but did not quite deliver on its promise.,2021-10-11 11:24:00
345,1747,3,4,Liked it. The first half is stronger than the second.,2023-08-02 08:28:00
1893,399,36,4,Liked it. The first half is stronger than the second.,2023-08-23 18:39:00
2417,2679,1,3,Had potential but did not quite deliver on its promise.,2024-05-09 18:45:00
2504,1667,107,4,Above average. Would recommend to fans of the genre.,2024-10-10 05:17:00
1787,1793,2,3,Had potential but did not quite deliver on its promise.,2024-12-30 05:12:00
4723,1208,9,2,Overrated. I did not enjoy the characters at all.,2024-05-30 11:07:00
1517,2672,2,3,Neither great nor terrible. Passes the time.,2023-11-28 18:36:00
1345,1784,4,3,Neither great nor terrible. Passes the time.,2023-01-26 12:28:00
1683,1731,2,4,"Good book, though the ending felt a little rushed.",2021-06-23 03:40:00
102,2324,2,4,,2022-06-03 19:28:00
4152,708,4,3,Had potential but did not quite deliver on its promise.,2024-02-05 05:32:00
1288,68,6,3,It was okay. The hype around this book is a bit overstated.,2023-11-16 10:04:00
5086,2391,65,2,Not for me. The writing style felt very dated.,2020-01-21 08:58:00
4711,644,1,3,"Some interesting parts, but overall felt underwhelming.",2023-12-04 19:55:00
1209,1480,1,2,,2023-06-30 08:52:00
1805,1929,9,5,Absolutely loved this book — couldn't put it down!,2024-08-07 11:21:00
133,177,1,2,Disappointed. Expected much more based on the reviews.,2020-03-13 12:11:00
4812,228,18,4,Well-written and engaging. A few plot holes but forgivable.,2023-10-30 04:56:00
1939,2093,1,5,I finished this in two sittings. Absolutely riveting.,2023-06-26 12:29:00
5556,301,9,3,Average. Had its moments but failed to really engage me.,2024-07-02 19:48:00
4759,40,3,4,Mostly great. The middle section drags a bit.,2023-05-15 18:20:00
1261,939,4,5,I finished this in two sittings. Absolutely riveting.,2024-04-26 13:53:00
5499,1895,27,3,"Mixed feelings. Good premise, mediocre execution.",2023-09-15 18:47:00
2185,1578,2,5,Exceeded all my expectations. Truly extraordinary.,2024-07-09 17:57:00
3276,2513,7,4,Mostly great. The middle section drags a bit.,2024-11-26 14:15:00
4548,337,1,4,"Good book, though the ending felt a little rushed.",2024-08-26 14:47:00
1327,1120,2,3,"Mixed feelings. Good premise, mediocre execution.",2024-11-04 08:50:00
3292,2019,3,3,"Mixed feelings. Good premise, mediocre execution.",2022-06-19 17:17:00
1957,1882,15,4,Mostly great. The middle section drags a bit.,2023-06-04 13:34:00
5250,1727,5,4,"Good book, though the ending felt a little rushed.",2024-02-17 19:52:00
453,578,29,5,Beautifully written. The author's style is simply stunning.,2021-12-07 20:33:00
3755,2779,1,3,"Some interesting parts, but overall felt underwhelming.",2024-08-06 12:15:00
1227,2678,2,5,I finished this in two sittings. Absolutely riveting.,2022-11-14 15:37:00
5275,2569,1,4,Pleasant read. Nothing groundbreaking but definitely enjoyable.,2024-12-31 17:54:00
5581,776,1,4,Well-written and engaging. A few plot holes but forgivable.,2022-10-13 01:55:00
2656,557,3,3,"Some interesting parts, but overall felt underwhelming.",2024-03-20 20:22:00
603,1078,97,4,A very good read overall. Some chapters were slow but worth it.,2023-05-11 21:24:00
1835,1443,3,3,"Mixed feelings. Good premise, mediocre execution.",2022-08-06 09:57:00
4907,2684,3,2,Overrated. I did not enjoy the characters at all.,2021-12-20 16:30:00
709,1077,2,4,,2024-03-07 14:20:00
4547,1157,2,3,Decent read. Not my favourite but not bad either.,2022-11-02 08:39:00
926,2451,1,4,Pleasant read. Nothing groundbreaking but definitely enjoyable.,2024-06-12 06:27:00
827,794,1,4,Pleasant read. Nothing groundbreaking but definitely enjoyable.,2020-01-29 15:42:00
3471,577,1,5,One of the best reads I have had in years. Highly recommended.,2024-10-17 12:13:00
3993,2272,4,4,Well-written and engaging. A few plot holes but forgivable.,2024-06-06 04:03:00
184,1071,4,4,Above average. Would recommend to fans of the genre.,2024-05-27 19:22:00
3396,1436,10,4,Well-written and engaging. A few plot holes but forgivable.,2024-11-20 18:11:00
4387,1758,5,3,"Mixed feelings. Good premise, mediocre execution.",2024-11-13 09:15:00
2090,1865,42,3,Decent read. Not my favourite but not bad either.,2024-01-04 08:54:00
1992,1880,1,3,"Mixed feelings. Good premise, mediocre execution.",2023-11-17 00:20:00
2403,1668,6,3,Decent read. Not my favourite but not bad either.,2024-09-27 15:10:00
2523,63,2,4,Mostly great. The middle section drags a bit.,2023-07-20 15:25:00
5193,1295,6,1,Do not waste your money on this.,2024-03-22 10:43:00
5226,1388,5,3,Had potential but did not quite deliver on its promise.,2021-10-05 07:43:00
2334,308,3,3,,2024-04-05 19:25:00
4105,2709,3,2,Struggled to get through it. The story meanders endlessly.,2022-04-06 08:38:00
1732,2332,60,3,Had potential but did not quite deliver on its promise.,2023-08-22 12:46:00
2611,507,2,4,Enjoyed it quite a bit. Solid writing and interesting ideas.,2020-02-29 13:02:00
3201,1700,2,4,Liked it. The first half is stronger than the second.,2022-10-06 13:56:00
3715,2412,7,5,The writing is exceptional and the story gripped me from page one.,2023-11-22 12:16:00
1552,1049,1,5,A masterpiece. Every chapter left me wanting more.,2020-09-08 19:17:00
3015,1670,1,2,,2024-06-07 09:38:00
3596,821,1,4,Well-written and engaging. A few plot holes but forgivable.,2024-01-09 21:20:00
5325,377,46,3,Neither great nor terrible. Passes the time.,2023-09-26 20:44:00
3451,2333,5,2,Disappointed. Expected much more based on the reviews.,2024-01-10 07:02:00
969,1133,5,3,"Some interesting parts, but overall felt underwhelming.",2023-02-03 07:15:00
5613,108,2,3,"Mixed feelings. Good premise, mediocre execution.",2024-04-22 14:22:00
4985,1999,1,4,,2023-11-19 22:57:00
5206,1678,1,4,Mostly great. The middle section drags a bit.,2021-02-24 20:13:00
2584,2463,1,4,A very good read overall. Some chapters were slow but worth it.,2022-09-18 04:12:00
1799,2718,1,3,Neither great nor terrible. Passes the time.,2023-02-25 10:08:00
3539,1624,181,3,Average. Had its moments but failed to really engage me.,2023-09-23 18:17:00
4653,2232,3,3,Average. Had its moments but failed to really engage me.,2024-12-10 20:32:00
3966,710,10,2,Overrated. I did not enjoy the characters at all.,2020-12-31 18:44:00
5504,471,8,3,It was okay. The hype around this book is a bit overstated.,2022-04-27 12:30:00
119,147,1,2,Not for me. The writing style felt very dated.,2022-10-03 17:26:00
3416,2446,1,5,Beautifully written. The author's style is simply stunning.,2023-09-18 15:17:00
1660,2324,3,4,,2020-05-25 13:45:00
3985,2428,1,3,Decent read. Not my favourite but not bad either.,2024-12-09 13:08:00
1804,1639,1,4,Well-written and engaging. A few plot holes but forgivable.,2021-02-19 14:13:00
2646,364,1,5,Brilliant narrative. The characters feel genuinely real.,2022-12-01 18:51:00
2669,1035,11,4,,2023-02-07 18:51:00
2902,2788,5,3,Average. Had its moments but failed to really engage me.,2024-08-21 15:22:00
4787,1982,2,4,A very good read overall. Some chapters were slow but worth it.,2020-10-17 10:17:00
5485,2569,69,3,Had potential but did not quite deliver on its promise.,2024-10-21 06:33:00
3529,1507,17,5,This book changed the way I think. A must-read for everyone.,2023-10-12 22:36:00
4925,1411,3,4,Above average. Would recommend to fans of the genre.,2022-07-01 08:38:00
2545,244,7,5,One of the best reads I have had in years. Highly recommended.,2023-10-21 07:23:00
3077,318,2,4,Above average. Would recommend to fans of the genre.,2024-12-31 10:07:00
782,533,127,3,,2024-10-05 06:04:00
5507,1280,2,4,Mostly great. The middle section drags a bit.,2021-05-25 18:07:00
751,1096,2,5,I finished this in two sittings. Absolutely riveting.,2024-11-17 22:07:00
3351,1449,3,4,Pleasant read. Nothing groundbreaking but definitely enjoyable.,2021-11-27 12:22:00
3122,2571,4,4,,2024-02-17 16:29:00
429,2593,2,4,Above average. Would recommend to fans of the genre.,2023-09-17 15:03:00
128,1550,3,3,,2024-01-31 16:18:00
880,81,1,5,Exceeded all my expectations. Truly extraordinary.,2023-04-13 19:40:00
1203,2249,1,4,Liked it. The first half is stronger than the second.,2022-07-18 08:23:00
896,987,29,5,Perfect blend of story and insight. Will read again.,2022-09-25 07:54:00
5101,2040,1,3,Neither great nor terrible. Passes the time.,2024-12-31 08:34:00
3155,505,1,3,It was okay. The hype around this book is a bit overstated.,2021-11-15 09:46:00
2112,2175,3,5,The writing is exceptional and the story gripped me from page one.,2023-11-27 13:55:00
2734,1175,7,5,,2024-11-19 17:19:00
3954,909,3,4,,2024-12-31 11:37:00
2849,981,4,4,A very good read overall. Some chapters were slow but worth it.,2024-08-17 09:32:00
1832,447,2,2,Struggled to get through it. The story meanders endlessly.,2023-09-09 05:31:00
1143,1814,47,5,A masterpiece. Every chapter left me wanting more.,2024-06-08 11:04:00
617,1373,1,4,Well-written and engaging. A few plot holes but forgivable.,2021-06-22 18:50:00
5351,745,11,4,Enjoyed it quite a bit. Solid writing and interesting ideas.,2021-07-02 02:55:00
297,427,105,2,Would not recommend. Too slow and the payoff was not worth it.,2024-10-14 08:41:00
532,2173,4,4,Liked it. The first half is stronger than the second.,2020-11-13 16:04:00
3614,538,5,1,One of the worst books I have read. No coherent plot.,2024-08-18 18:08:00
4081,754,5,5,One of the best reads I have had in years. Highly recommended.,2022-04-27 18:41:00
4689,560,12,2,Overrated. I did not enjoy the characters at all.,2024-12-21 10:23:00
2909,1480,12,4,Well-written and engaging. A few plot holes but forgivable.,2023-09-05 18:05:00
1126,544,6,3,"Some interesting parts, but overall felt underwhelming.",2024-05-15 18:40:00
1942,2067,10,4,Mostly great. The middle section drags a bit.,2021-12-24 06:23:00
2135,2353,2,3,Had potential but did not quite deliver on its promise.,2022-01-22 08:26:00
3443,2210,2,4,Above average. Would recommend to fans of the genre.,2023-10-13 17:39:00
4972,766,1,5,Beautifully written. The author's style is simply stunning.,2023-09-21 14:38:00
265,1977,79,3,It was okay. The hype around this book is a bit overstated.,2022-06-10 06:13:00
764,1777,1,4,"Good book, though the ending felt a little rushed.",2023-01-11 20:50:00
3831,2495,7,3,Decent read. Not my favourite but not bad either.,2021-10-08 16:46:00
1054,1853,1,4,Enjoyed it quite a bit. Solid writing and interesting ideas.,2024-11-22 15:19:00
4881,2766,3,3,"Some interesting parts, but overall felt underwhelming.",2024-11-02 03:32:00
2499,2016,4,3,Decent read. Not my favourite but not bad either.,2021-06-02 20:25:00
732,304,20,3,"Some interesting parts, but overall felt underwhelming.",2020-03-10 11:25:00
3698,1659,1,5,One of the best reads I have had in years. Highly recommended.,2024-10-20 16:36:00
1604,760,1,5,A masterpiece. Every chapter left me wanting more.,2021-11-09 20:12:00
3001,2290,5,4,Above average. Would recommend to fans of the genre.,2022-07-28 20:14:00
5573,1410,3,3,Neither great nor terrible. Passes the time.,2021-07-23 19:46:00
1191,1297,1,4,Pleasant read. Nothing groundbreaking but definitely enjoyable.,2022-03-03 21:31:00
1719,2738,4,4,Above average. Would recommend to fans of the genre.,2024-02-24 09:30:00
1419,2086,8,3,Decent read. Not my favourite but not bad either.,2020-08-23 12:42:00
2183,2714,1,3,Neither great nor terrible. Passes the time.,2024-09-15 11:43:00
773,1734,4,3,"Some interesting parts, but overall felt underwhelming.",2023-12-09 09:21:00
5063,2227,7,4,Above average. Would recommend to fans of the genre.,2024-02-05 13:41:00
4036,2594,2,3,"Mixed feelings. Good premise, mediocre execution.",2024-05-02 17:44:00
1200,1490,1,3,It was okay. The hype around this book is a bit overstated.,2024-06-03 09:43:00
118,959,1,4,Above average. Would recommend to fans of the genre.,2024-08-05 13:24:00
4258,627,7,3,Had potential but did not quite deliver on its promise.,2020-04-18 11:16:00
5248,2359,2,3,Neither great nor terrible. Passes the time.,2023-01-22 15:25:00
4636,2204,3,4,Liked it. The first half is stronger than the second.,2023-05-30 18:38:00
3054,2720,73,3,"Some interesting parts, but overall felt underwhelming.",2024-04-24 07:29:00
3021,1329,1,5,I finished this in two sittings. Absolutely riveting.,2024-11-02 12:51:00
1623,2780,1,4,Above average. Would recommend to fans of the genre.,2024-01-24 08:55:00
361,1979,3,3,It was okay. The hype around this book is a bit overstated.,2021-12-08 20:58:00
881,2339,3,3,"Mixed feelings. Good premise, mediocre execution.",2024-01-30 08:37:00
2531,1730,4,1,One of the worst books I have read. No coherent plot.,2024-10-20 02:47:00
3852,2531,5,2,Overrated. I did not enjoy the characters at all.,2024-11-10 18:13:00
998,1711,1,5,Brilliant narrative. The characters feel genuinely real.,2022-10-06 10:15:00
3823,409,1,4,,2021-08-11 10:26:00
5548,206,2,4,Pleasant read. Nothing groundbreaking but definitely enjoyable.,2024-04-27 08:49:00
4312,1374,187,3,"Mixed feelings. Good premise, mediocre execution.",2023-12-23 12:14:00
3536,57,4,3,It was okay. The hype around this book is a bit overstated.,2023-05-21 19:47:00
5364,2672,3,4,Mostly great. The middle section drags a bit.,2024-03-12 07:03:00
2200,1270,1,5,This book changed the way I think. A must-read for everyone.,2024-03-11 06:41:00
5201,519,2,4,Mostly great. The middle section drags a bit.,2023-12-22 20:28:00
3327,974,28,4,Pleasant read. Nothing groundbreaking but definitely enjoyable.,2022-08-17 08:49:00
698,566,2,4,"Good book, though the ending felt a little rushed.",2021-09-13 08:30:00
302,2156,1,5,A masterpiece. Every chapter left me wanting more.,2024-05-08 21:28:00
1764,2789,139,5,One of the best reads I have had in years. Highly recommended.,2022-03-21 15:30:00
4989,749,21,3,"Some interesting parts, but overall felt underwhelming.",2023-07-09 14:54:00
5202,2796,4,4,,2022-10-15 11:01:00
368,1038,28,4,Well-written and engaging. A few plot holes but forgivable.,2024-03-10 22:17:00
1970,127,18,2,Struggled to get through it. The story meanders endlessly.,2024-11-28 20:31:00
1521,275,2,5,Exceeded all my expectations. Truly extraordinary.,2021-09-24 11:01:00
233,442,1,3,,2024-06-18 15:02:00
707,693,5,4,Above average. Would recommend to fans of the genre.,2023-05-16 07:40:00
3282,1491,1,3,,2024-10-25 19:58:00
159,1115,1,4,Mostly great. The middle section drags a bit.,2022-03-06 14:40:00
244,2252,1,3,Neither great nor terrible. Passes the time.,2024-12-31 19:21:00
4411,736,4,3,It was okay. The hype around this book is a bit overstated.,2023-11-08 21:36:00
4202,1058,1,4,Above average. Would recommend to fans of the genre.,2023-12-22 17:20:00
3570,2563,32,3,"Mixed feelings. Good premise, mediocre execution.",2023-01-18 06:04:00
24,688,1,2,Struggled to get through it. The story meanders endlessly.,2021-06-28 09:53:00
90,1130,1,4,"Good book, though the ending felt a little rushed.",2022-08-01 21:31:00
3128,1375,2,3,It was okay. The hype around this book is a bit overstated.,2021-01-31 17:46:00
2954,427,2,4,A very good read overall. Some chapters were slow but worth it.,2021-01-12 12:13:00
4518,415,4,3,,2024-07-09 16:36:00
5195,1779,1,3,"Some interesting parts, but overall felt underwhelming.",2024-08-21 20:36:00
2034,2636,4,5,Brilliant narrative. The characters feel genuinely real.,2023-10-29 17:56:00
2886,316,1,2,Disappointed. Expected much more based on the reviews.,2024-07-21 12:48:00
1785,2660,1,4,Liked it. The first half is stronger than the second.,2022-12-31 18:30:00
2083,1700,3,2,Not for me. The writing style felt very dated.,2024-09-26 18:36:00
3267,470,4,3,Decent read. Not my favourite but not bad either.,2023-11-15 08:06:00
5027,1984,5,3,It was okay. The hype around this book is a bit overstated.,2024-10-29 20:57:00
3887,127,3,4,Pleasant read. Nothing groundbreaking but definitely enjoyable.,2023-08-22 00:51:00
1473,1835,11,4,"Good book, though the ending felt a little rushed.",2023-06-15 09:52:00
4362,2636,25,3,,2024-12-14 11:38:00
3156,2071,1,3,,2024-08-13 21:54:00
68,1538,1,4,A very good read overall. Some chapters were slow but worth it.,2024-01-25 06:50:00
934,754,3,3,Average. Had its moments but failed to really engage me.,2023-07-29 10:03:00
5286,1453,33,5,Perfect blend of story and insight. Will read again.,2023-03-08 09:38:00
3407,19,20,5,Perfect blend of story and insight. Will read again.,2024-08-30 11:39:00
2256,1200,1,4,Liked it. The first half is stronger than the second.,2024-04-02 17:08:00
81,234,8,3,"Some interesting parts, but overall felt underwhelming.",2023-09-16 11:01:00
671,2473,6,4,,2022-12-12 16:29:00
3898,2565,1,3,"Mixed feelings. Good premise, mediocre execution.",2023-11-25 20:34:00
1506,1010,2,4,,2023-08-23 07:43:00
1183,2060,2,5,One of the best reads I have had in years. Highly recommended.,2023-12-13 09:31:00
523,297,4,3,"Some interesting parts, but overall felt underwhelming.",2024-03-01 05:04:00
743,2659,8,4,Above average. Would recommend to fans of the genre.,2023-02-15 07:27:00
4973,34,29,4,"Good book, though the ending felt a little rushed.",2024-11-14 11:46:00
1704,1577,3,3,"Mixed feelings. Good premise, mediocre execution.",2024-06-23 13:02:00
2191,257,1,4,Mostly great. The middle section drags a bit.,2022-06-26 06:36:00
1937,759,2,3,Decent read. Not my favourite but not bad either.,2024-06-04 19:21:00
2822,1078,11,4,Above average. Would recommend to fans of the genre.,2023-12-02 03:04:00
1670,2583,1,4,,2024-09-12 15:11:00
4983,1609,1,4,Pleasant read. Nothing groundbreaking but definitely enjoyable.,2022-10-05 18:49:00
4716,2754,6,3,Neither great nor terrible. Passes the time.,2024-06-04 08:19:00
4257,39,78,5,Beautifully written. The author's style is simply stunning.,2024-06-05 20:52:00
2182,1446,1,3,Neither great nor terrible. Passes the time.,2022-12-07 10:49:00
3818,263,4,2,Disappointed. Expected much more based on the reviews.,2024-03-06 18:45:00
3617,2514,2,3,Average. Had its moments but failed to really engage me.,2023-01-27 14:18:00
3294,2537,26,3,,2023-09-30 10:06:00
4847,482,5,2,Not for me. The writing style felt very dated.,2023-12-28 18:03:00
487,758,5,3,Neither great nor terrible. Passes the time.,2021-12-23 17:36:00
5388,75,139,2,Would not recommend. Too slow and the payoff was not worth it.,2023-04-30 19:05:00
3788,1825,1,4,Mostly great. The middle section drags a bit.,2024-02-04 19:29:00
4814,1539,1,2,Not for me. The writing style felt very dated.,2022-07-15 18:57:00
1669,1408,2,5,I finished this in two sittings. Absolutely riveting.,2024-03-30 18:33:00
5431,2172,5,4,Liked it. The first half is stronger than the second.,2020-08-23 19:33:00
5425,26,53,4,Mostly great. The middle section drags a bit.,2024-09-30 08:25:00
3804,813,34,4,Above average. Would recommend to fans of the genre.,2024-06-12 11:03:00
510,2150,1,4,Mostly great. The middle section drags a bit.,2022-08-12 22:13:00
2262,1622,1,3,"Some interesting parts, but overall felt underwhelming.",2023-07-19 00:43:00
5009,215,7,4,"Good book, though the ending felt a little rushed.",2022-01-16 18:17:00
294,938,1,3,"Some interesting parts, but overall felt underwhelming.",2023-07-15 11:39:00
2634,894,1,4,"Good book, though the ending felt a little rushed.",2024-05-29 11:41:00
5079,594,138,4,Well-written and engaging. A few plot holes but forgivable.,2024-07-25 09:47:00
1511,1328,3,2,Would not recommend. Too slow and the payoff was not worth it.,2024-12-31 21:24:00
870,1156,1,4,Well-written and engaging. A few plot holes but forgivable.,2021-09-06 11:47:00
2228,2376,10,3,Decent read. Not my favourite but not bad either.,2020-08-16 11:34:00
2811,56,1,5,,2022-07-30 12:51:00
582,772,3,4,Well-written and engaging. A few plot holes but forgivable.,2024-12-03 19:34:00
5590,709,2,4,A very good read overall. Some chapters were slow but worth it.,2022-10-17 19:49:00
5230,1873,71,4,Enjoyed it quite a bit. Solid writing and interesting ideas.,2022-11-27 16:21:00
4194,857,14,4,Enjoyed it quite a bit. Solid writing and interesting ideas.,2024-10-25 13:12:00
4590,277,3,3,"Some interesting parts, but overall felt underwhelming.",2023-01-11 08:32:00
2764,37,1,3,It was okay. The hype around this book is a bit overstated.,2024-03-29 17:50:00
2412,2167,112,3,Decent read. Not my favourite but not bad either.,2023-01-14 07:13:00
194,437,5,2,Disappointed. Expected much more based on the reviews.,2024-12-31 09:23:00
1890,161,1,3,"Some interesting parts, but overall felt underwhelming.",2024-01-25 18:10:00
2424,2105,4,3,"Some interesting parts, but overall felt underwhelming.",2024-07-31 08:50:00
4887,1981,13,3,Decent read. Not my favourite but not bad either.,2020-03-23 22:16:00
4099,705,2,3,Neither great nor terrible. Passes the time.,2021-12-19 14:49:00
4621,96,1,4,Mostly great. The middle section drags a bit.,2024-03-22 22:13:00
5423,227,1,5,Exceeded all my expectations. Truly extraordinary.,2022-06-21 18:46:00
3172,2576,5,3,Neither great nor terrible. Passes the time.,2023-03-02 19:00:00
2890,2056,10,4,Liked it. The first half is stronger than the second.,2023-09-13 08:25:00
1393,2245,30,5,Brilliant narrative. The characters feel genuinely real.,2022-09-09 09:29:00
5553,490,12,3,Average. Had its moments but failed to really engage me.,2021-01-10 16:37:00
3555,495,1,2,,2024-02-04 19:21:00
5189,1760,73,3,Decent read. Not my favourite but not bad either.,2022-12-22 08:44:00
4481,1861,1,3,Average. Had its moments but failed to really engage me.,2022-10-01 20:47:00
394,1843,6,3,It was okay. The hype around this book is a bit overstated.,2022-03-31 00:18:00
3730,2409,1,5,The writing is exceptional and the story gripped me from page one.,2020-08-01 11:42:00
4133,1479,3,4,Above average. Would recommend to fans of the genre.,2024-08-29 09:42:00
5181,2616,189,4,Enjoyed it quite a bit. Solid writing and interesting ideas.,2024-09-08 17:11:00
2834,270,6,4,,2023-02-25 19:36:00
4159,892,1,0,Disappointed. Expected much more based on the reviews.,2023-11-21 18:02:00
1688,849,1,5,The writing is exceptional and the story gripped me from page one.,2024-05-06 18:22:00
2949,2094,1,5,One of the best reads I have had in years. Highly recommended.,2024-05-03 13:56:00
3246,2746,4,4,,2021-11-05 04:19:00
4034,2211,3,3,It was okay. The hype around this book is a bit overstated.,2021-08-06 17:26:00
599,861,53,5,I finished this in two sittings. Absolutely riveting.,2022-12-13 11:57:00
3033,1562,4,3,Average. Had its moments but failed to really engage me.,2024-01-13 16:12:00
3906,1368,2,5,Perfect blend of story and insight. Will read again.,2024-12-31 17:28:00
5292,1979,2,5,One of the best reads I have had in years. Highly recommended.,2024-12-31 12:58:00
1513,1262,1,4,Well-written and engaging. A few plot holes but forgivable.,2024-08-14 14:19:00
2486,1115,14,4,"Good book, though the ending felt a little rushed.",2022-12-06 16:38:00
2394,414,1,3,It was okay. The hype around this book is a bit overstated.,2021-12-27 18:39:00
5428,872,3,4,Mostly great. The middle section drags a bit.,2024-01-11 08:55:00
564,2467,4,3,Had potential but did not quite deliver on its promise.,2022-11-12 17:23:00
2877,2173,27,3,Decent read. Not my favourite but not bad either.,2023-06-06 20:49:00
2992,1772,2,4,Pleasant read. Nothing groundbreaking but definitely enjoyable.,2022-11-16 18:47:00
4717,1555,12,5,This book changed the way I think. A must-read for everyone.,2023-05-15 08:09:00
3650,2492,2,4,,2024-02-12 21:04:00
2720,1145,26,3,Average. Had its moments but failed to really engage me.,2024-03-22 07:48:00
4220,16,1,2,Struggled to get through it. The story meanders endlessly.,2023-08-11 20:32:00
4831,1519,9,4,A very good read overall. Some chapters were slow but worth it.,2024-12-31 09:37:00
5552,2223,9,4,Mostly great. The middle section drags a bit.,2024-07-09 07:06:00
4986,889,78,4,Liked it. The first half is stronger than the second.,2024-12-11 20:46:00
3552,2415,1,3,Had potential but did not quite deliver on its promise.,2023-12-23 17:12:00
1137,627,5,3,Neither great nor terrible. Passes the time.,2023-05-10 03:03:00
1051,2245,1,4,Mostly great. The middle section drags a bit.,2024-11-21 22:16:00
2279,2186,1,4,A very good read overall. Some chapters were slow but worth it.,2021-07-23 09:26:00
5118,502,31,4,"Good book, though the ending felt a little rushed.",2021-05-21 15:24:00
2141,1463,4,3,"Mixed feelings. Good premise, mediocre execution.",2024-11-07 09:56:00
2456,2529,1,5,,2024-08-21 22:19:00
2675,2759,11,5,Perfect blend of story and insight. Will read again.,2021-02-16 13:58:00
4577,1025,1,6,Perfect blend of story and insight. Will read again.,2021-12-06 18:50:00
2270,2549,1,4,,2021-12-28 08:12:00
1058,844,3,4,Pleasant read. Nothing groundbreaking but definitely enjoyable.,2024-02-28 19:36:00
4910,1064,35,4,Liked it. The first half is stronger than the second.,2024-11-15 12:31:00
5241,431,8,5,This book changed the way I think. A must-read for everyone.,2024-12-14 09:19:00
3244,1135,1,4,Enjoyed it quite a bit. Solid writing and interesting ideas.,2024-01-24 22:57:00
838,2753,2,3,Neither great nor terrible. Passes the time.,2023-11-07 17:20:00
868,700,1,3,Neither great nor terrible. Passes the time.,2023-03-14 20:36:00
886,1974,3,3,Average. Had its moments but failed to really engage me.,2022-08-25 16:59:00
3731,456,4,2,Overrated. I did not enjoy the characters at all.,2022-09-22 12:20:00
2193,754,2,3,Average. Had its moments but failed to really engage me.,2020-03-16 10:23:00
3965,1874,1,5,This book changed the way I think. A must-read for everyone.,2024-01-09 11:09:00
1095,1287,1,3,Decent read. Not my favourite but not bad either.,2023-08-22 06:41:00
524,559,5,4,"Good book, though the ending felt a little rushed.",2021-07-01 19:22:00
4160,25,3,3,Neither great nor terrible. Passes the time.,2024-08-10 08:49:00
892,704,37,3,Had potential but did not quite deliver on its promise.,2024-12-25 12:42:00
2072,1229,2,5,Perfect blend of story and insight. Will read again.,2023-05-10 08:40:00
2660,977,36,4,Pleasant read. Nothing groundbreaking but definitely enjoyable.,2023-11-04 18:22:00
1198,2568,1,-1,The writing is exceptional and the story gripped me from page one.,2024-05-15 12:06:00
1339,188,2,2,The plot felt disjointed and the pacing was off throughout.,2023-06-27 16:19:00
5522,477,1,4,Enjoyed it quite a bit. Solid writing and interesting ideas.,2022-03-23 21:08:00
2895,2055,15,5,Beautifully written. The author's style is simply stunning.,2023-12-12 13:34:00
3225,2707,1,2,The plot felt disjointed and the pacing was off throughout.,2024-12-31 08:59:00
3141,321,6,2,Not for me. The writing style felt very dated.,2020-05-26 15:28:00
4747,155,114,4,Pleasant read. Nothing groundbreaking but definitely enjoyable.,2024-10-13 00:47:00
2543,1793,24,3,Average. Had its moments but failed to really engage me.,2023-04-13 14:58:00
3518,15,3,4,A very good read overall. Some chapters were slow but worth it.,2022-11-14 07:22:00
2255,1621,1,4,Above average. Would recommend to fans of the genre.,2023-08-01 20:55:00
1354,2093,68,5,One of the best reads I have had in years. Highly recommended.,2024-06-14 18:19:00
3126,1170,5,4,Mostly great. The middle section drags a bit.,2024-12-16 20:11:00
1352,351,2,3,Decent read. Not my favourite but not bad either.,2021-09-07 11:00:00
1532,2223,5,3,Average. Had its moments but failed to really engage me.,2024-06-09 07:39:00
5383,1330,1,4,Enjoyed it quite a bit. Solid writing and interesting ideas.,2024-09-17 15:02:00
1028,1041,8,4,"Good book, though the ending felt a little rushed.",2024-01-10 18:15:00
3442,2733,1,3,,2024-05-07 11:36:00
1894,2348,8,3,Average. Had its moments but failed to really engage me.,2021-05-28 12:33:00
3504,2541,9,3,"Mixed feelings. Good premise, mediocre execution.",2021-01-14 17:55:00
817,1835,4,3,"Mixed feelings. Good premise, mediocre execution.",2023-06-23 10:44:00
2198,208,3,4,A very good read overall. Some chapters were slow but worth it.,2024-01-25 09:58:00
3942,770,2,4,"Good book, though the ending felt a little rushed.",2021-03-23 00:52:00
1121,2590,1,3,Neither great nor terrible. Passes the time.,2020-02-27 17:25:00
13,267,1,5,Exceeded all my expectations. Truly extraordinary.,2024-04-06 22:56:00
2587,2326,5,5,A masterpiece. Every chapter left me wanting more.,2024-12-26 10:05:00
186,2053,2,4,"Good book, though the ending felt a little rushed.",2020-11-07 19:19:00
4521,2613,5,2,Struggled to get through it. The story meanders endlessly.,2023-02-11 11:31:00
455,2619,1,4,Above average. Would recommend to fans of the genre.,2024-12-04 08:59:00
5320,660,3,4,Pleasant read. Nothing groundbreaking but definitely enjoyable.,2023-12-13 11:07:00
5476,514,13,4,Mostly great. The middle section drags a bit.,2024-04-17 17:25:00
1503,2057,2,4,Liked it. The first half is stronger than the second.,2024-03-01 08:14:00
2698,627,3,4,Pleasant read. Nothing groundbreaking but definitely enjoyable.,2021-10-21 17:44:00
1694,1111,1,4,Enjoyed it quite a bit. Solid writing and interesting ideas.,2024-10-05 19:24:00
3152,640,9,3,It was okay. The hype around this book is a bit overstated.,2024-10-17 17:50:00
3559,1186,7,4,Enjoyed it quite a bit. Solid writing and interesting ideas.,2024-01-21 13:03:00
545,819,29,5,Perfect blend of story and insight. Will read again.,2023-06-18 15:43:00
4975,849,2,4,Above average. Would recommend to fans of the genre.,2024-06-01 19:38:00
2659,390,2,2,Not for me. The writing style felt very dated.,2022-07-26 14:28:00
3318,829,9,4,"Good book, though the ending felt a little rushed.",2023-01-14 20:56:00
5387,760,4,4,Liked it. The first half is stronger than the second.,2021-06-23 11:43:00
3695,1499,1,5,Beautifully written. The author's style is simply stunning.,2021-04-12 12:52:00
3534,344,3,3,It was okay. The hype around this book is a bit overstated.,2024-01-13 11:30:00
4949,1505,10,4,Well-written and engaging. A few plot holes but forgivable.,2024-05-29 15:14:00
688,93,1,5,One of the best reads I have had in years. Highly recommended.,2020-10-22 18:49:00
3545,1487,2,4,"Good book, though the ending felt a little rushed.",2024-06-01 21:22:00
4563,653,10,4,Above average. Would recommend to fans of the genre.,2024-02-12 19:22:00
29,885,1,3,"Some interesting parts, but overall felt underwhelming.",2020-03-19 10:45:00
2718,502,29,5,The writing is exceptional and the story gripped me from page one.,2020-12-15 21:12:00
1679,2530,4,3,Neither great nor terrible. Passes the time.,2024-05-06 22:24:00
5326,2425,8,3,Neither great nor terrible. Passes the time.,2024-10-30 13:53:00
76,2399,1,5,Brilliant narrative. The characters feel genuinely real.,2023-02-08 20:30:00
1595,209,2,4,Liked it. The first half is stronger than the second.,2024-09-25 11:19:00
4586,1376,1,4,Pleasant read. Nothing groundbreaking but definitely enjoyable.,2024-10-23 19:36:00
4267,2495,2,4,A very good read overall. Some chapters were slow but worth it.,2023-03-06 08:23:00
1534,951,1,5,Exceeded all my expectations. Truly extraordinary.,2024-07-12 20:09:00
3613,155,4,3,"Mixed feelings. Good premise, mediocre execution.",2024-09-18 04:55:00
4223,272,4,3,,2023-05-19 18:14:00
50,1132,1,4,Liked it. The first half is stronger than the second.,2023-10-09 11:25:00
4698,1262,3,4,Mostly great. The middle section drags a bit.,2024-12-31 04:51:00
4806,914,1,4,"Good book, though the ending felt a little rushed.",2023-10-26 06:49:00
1901,948,26,5,The writing is exceptional and the story gripped me from page one.,2022-08-18 17:49:00
3365,1418,7,4,Well-written and engaging. A few plot holes but forgivable.,2022-11-19 09:30:00
2478,480,3,4,Pleasant read. Nothing groundbreaking but definitely enjoyable.,2023-05-31 14:59:00
2237,280,1,7,A very good read overall. Some chapters were slow but worth it.,2023-01-15 17:28:00
1742,1388,1,6,"Some interesting parts, but overall felt underwhelming.",2024-02-10 18:10:00
4612,2328,83,5,A masterpiece. Every chapter left me wanting more.,2024-11-28 09:01:00
431,384,1,4,Well-written and engaging. A few plot holes but forgivable.,2024-01-12 13:15:00
3474,704,4,4,"Good book, though the ending felt a little rushed.",2024-11-17 18:16:00
2559,769,2,5,One of the best reads I have had in years. Highly recommended.,2024-12-31 14:17:00
5362,1014,2,4,,2023-08-31 20:21:00
924,1357,1,5,Absolutely loved this book — couldn't put it down!,2023-12-28 18:29:00
3674,2692,6,3,"Some interesting parts, but overall felt underwhelming.",2024-07-08 09:20:00
5144,2112,8,3,It was okay. The hype around this book is a bit overstated.,2021-08-26 10:01:00
3685,1028,3,4,,2021-07-03 07:48:00
20,1046,1,3,Average. Had its moments but failed to really engage me.,2024-01-07 23:41:00
4979,1395,1,5,A masterpiece. Every chapter left me wanting more.,2024-10-31 06:07:00
5039,1656,50,5,A masterpiece. Every chapter left me wanting more.,2024-08-29 19:41:00
3774,1701,23,4,,2024-12-31 09:13:00
4097,418,3,4,Well-written and engaging. A few plot holes but forgivable.,2024-05-28 18:23:00
4647,955,4,2,Not for me. The writing style felt very dated.,2023-10-08 14:08:00
1332,1097,6,3,"Some interesting parts, but overall felt underwhelming.",2021-11-11 14:40:00
4981,498,59,5,Brilliant narrative. The characters feel genuinely real.,2021-05-13 19:09:00
1821,923,5,3,It was okay. The hype around this book is a bit overstated.,2023-07-18 07:52:00
611,577,5,2,Struggled to get through it. The story meanders endlessly.,2024-12-19 07:15:00
876,164,7,4,Pleasant read. Nothing groundbreaking but definitely enjoyable.,2024-07-10 13:00:00
754,720,3,3,,2023-09-01 09:53:00
1714,1021,2,3,Decent read. Not my favourite but not bad either.,2024-12-18 17:54:00
2103,523,21,3,It was okay. The hype around this book is a bit overstated.,2022-03-15 17:27:00
470,486,5,3,Decent read. Not my favourite but not bad either.,2024-09-13 18:24:00
206,2126,2,4,Mostly great. The middle section drags a bit.,2024-11-07 12:57:00
2322,864,2,4,Mostly great. The middle section drags a bit.,2022-12-19 12:41:00
771,582,1,4,Above average. Would recommend to fans of the genre.,2023-10-31 16:51:00
3395,1451,2,5,I finished this in two sittings. Absolutely riveting.,2023-12-05 22:57:00
5465,1182,2,4,Above average. Would recommend to fans of the genre.,2024-01-16 16:57:00
1869,1328,40,4,Above average. Would recommend to fans of the genre.,2024-12-31 13:42:00
1672,1797,12,5,Brilliant narrative. The characters feel genuinely real.,2024-08-02 09:30:00
4997,875,2,3,"Mixed feelings. Good premise, mediocre execution.",2024-05-04 14:23:00
1002,739,1,5,Absolutely loved this book — couldn't put it down!,2022-08-23 18:34:00
1872,2252,2,4,Mostly great. The middle section drags a bit.,2024-10-14 11:23:00
2706,277,5,4,Above average. Would recommend to fans of the genre.,2023-08-31 04:36:00
4935,1935,8,3,,2023-02-18 20:29:00
2473,1447,7,5,,2023-08-28 08:56:00
3007,2460,1,4,Liked it. The first half is stronger than the second.,2024-12-16 19:51:00
4087,1047,15,5,Absolutely loved this book — couldn't put it down!,2023-11-19 16:31:00
4714,1388,8,2,,2023-02-17 08:09:00
5449,2315,22,3,"Mixed feelings. Good premise, mediocre execution.",2023-12-28 21:33:00
1106,2112,1,3,Decent read. Not my favourite but not bad either.,2021-11-02 11:07:00
3169,2444,3,4,Mostly great. The middle section drags a bit.,2023-11-29 13:51:00
5131,670,4,2,Would not recommend. Too slow and the payoff was not worth it.,2024-11-02 21:49:00
3180,563,24,4,Liked it. The first half is stronger than the second.,2020-07-12 00:40:00
53,615,3,4,Above average. Would recommend to fans of the genre.,2024-07-20 07:21:00
35,1257,1,4,Liked it. The first half is stronger than the second.,2023-09-15 10:02:00
3592,1792,1,4,,2021-03-19 17:41:00
1541,2372,16,3,Neither great nor terrible. Passes the time.,2024-02-19 19:36:00
2701,1314,1,3,Decent read. Not my favourite but not bad either.,2021-02-21 17:04:00
5397,1207,5,3,Neither great nor terrible. Passes the time.,2021-05-25 06:07:00
2803,1198,2,4,Pleasant read. Nothing groundbreaking but definitely enjoyable.,2024-08-19 09:20:00
2790,1260,5,3,Decent read. Not my favourite but not bad either.,2024-12-31 17:00:00
1433,1405,2,5,One of the best reads I have had in years. Highly recommended.,2023-07-04 19:19:00
1617,1284,1,5,A masterpiece. Every chapter left me wanting more.,2021-09-25 13:01:00
193,1814,1,5,,2023-07-05 19:18:00
4291,2022,2,2,Disappointed. Expected much more based on the reviews.,2023-12-14 18:38:00
1432,2294,2,4,Well-written and engaging. A few plot holes but forgivable.,2023-10-04 21:55:00
3851,1285,83,5,Absolutely loved this book — couldn't put it down!,2024-12-31 19:18:00
809,2180,22,3,Decent read. Not my favourite but not bad either.,2023-10-06 17:43:00
34,2350,19,3,It was okay. The hype around this book is a bit overstated.,2024-09-05 13:39:00
1684,1031,11,5,One of the best reads I have had in years. Highly recommended.,2024-04-19 17:42:00
4782,1895,4,4,Enjoyed it quite a bit. Solid writing and interesting ideas.,2023-11-23 08:24:00
5363,2684,2,4,Enjoyed it quite a bit. Solid writing and interesting ideas.,2021-10-04 10:04:00
87,368,5,3,"Mixed feelings. Good premise, mediocre execution.",2023-08-20 19:09:00
5056,2541,5,3,Decent read. Not my favourite but not bad either.,2023-11-16 16:04:00
1932,2800,3,4,,2023-07-21 20:39:00
3961,2770,1,5,Beautifully written. The author's style is simply stunning.,2023-01-15 09:05:00
3081,1580,30,3,,2024-12-31 16:51:00
1682,2030,9,3,,2024-04-17 17:39:00
5468,1369,12,4,Above average. Would recommend to fans of the genre.,2024-10-13 05:31:00
3800,1571,1,5,Exceeded all my expectations. Truly extraordinary.,2024-07-08 19:18:00
2754,2655,1,2,Overrated. I did not enjoy the characters at all.,2022-12-22 11:45:00
704,1610,1,4,A very good read overall. Some chapters were slow but worth it.,2024-04-08 10:59:00
592,2298,1,3,Average. Had its moments but failed to really engage me.,2020-11-17 08:41:00
3819,2179,3,4,,2023-11-13 22:38:00
2413,122,13,3,Neither great nor terrible. Passes the time.,2023-09-13 17:47:00
4294,2096,1,3,"Mixed feelings. Good premise, mediocre execution.",2024-09-18 07:45:00
2767,1219,28,3,It was okay. The hype around this book is a bit overstated.,2023-02-07 22:16:00
2355,1165,2,3,"Mixed feelings. Good premise, mediocre execution.",2023-10-17 18:41:00
4247,974,85,4,Liked it. The first half is stronger than the second.,2023-02-08 15:56:00
3732,1478,3,4,"Good book, though the ending felt a little rushed.",2024-07-06 19:29:00
2518,2181,99,5,Beautifully written. The author's style is simply stunning.,2024-07-05 17:01:00
1038,402,4,3,"Some interesting parts, but overall felt underwhelming.",2022-01-11 15:37:00
2684,1004,13,2,,2023-09-07 20:08:00
2014,796,1,2,Struggled to get through it. The story meanders endlessly.,2024-11-07 21:54:00
2106,960,4,2,Not for me. The writing style felt very dated.,2021-06-29 03:42:00
4974,2298,2,4,,2022-10-01 21:11:00
952,798,1,3,Decent read. Not my favourite but not bad either.,2020-11-22 09:52:00
790,1566,2,4,"Good book, though the ending felt a little rushed.",2023-10-15 10:30:00
801,666,32,3,"Mixed feelings. Good premise, mediocre execution.",2023-02-04 17:33:00
5287,826,7,4,A very good read overall. Some chapters were slow but worth it.,2024-10-09 18:02:00
3686,252,2,2,The plot felt disjointed and the pacing was off throughout.,2023-02-03 22:05:00
5203,2679,3,3,Average. Had its moments but failed to really engage me.,2023-11-18 10:53:00
5273,2625,3,5,Perfect blend of story and insight. Will read again.,2023-01-01 13:46:00
1757,1750,16,3,Neither great nor terrible. Passes the time.,2022-10-04 15:26:00
183,665,8,3,Neither great nor terrible. Passes the time.,2021-05-28 06:28:00
288,1698,3,3,"Some interesting parts, but overall felt underwhelming.",2024-10-18 20:44:00
4241,2375,6,3,Neither great nor terrible. Passes the time.,2024-08-19 08:39:00
1777,1932,3,2,The plot felt disjointed and the pacing was off throughout.,2021-02-11 18:02:00
2997,1792,6,2,Would not recommend. Too slow and the payoff was not worth it.,2020-11-10 07:17:00
4177,1677,3,4,"Good book, though the ending felt a little rushed.",2024-11-16 18:53:00
4335,2197,42,3,It was okay. The hype around this book is a bit overstated.,2023-09-26 09:23:00
1142,2207,1,4,Above average. Would recommend to fans of the genre.,2024-05-29 08:54:00
5165,2175,6,2,Overrated. I did not enjoy the characters at all.,2022-09-20 12:31:00
3057,2615,1,2,Not for me. The writing style felt very dated.,2021-03-10 18:42:00
4911,126,1,4,Above average. Would recommend to fans of the genre.,2022-06-10 11:42:00
1228,740,17,5,Absolutely loved this book — couldn't put it down!,2024-08-20 11:39:00
1084,256,9,4,A very good read overall. Some chapters were slow but worth it.,2022-03-22 13:18:00
1671,2428,3,4,Enjoyed it quite a bit. Solid writing and interesting ideas.,2024-10-26 09:52:00
3880,220,2,4,Well-written and engaging. A few plot holes but forgivable.,2023-01-10 18:06:00
3677,242,9,3,Neither great nor terrible. Passes the time.,2023-12-27 18:56:00
2817,1545,26,2,Overrated. I did not enjoy the characters at all.,2024-01-14 18:35:00
2867,496,23,5,This book changed the way I think. A must-read for everyone.,2022-05-08 20:30:00
4356,1380,52,3,Neither great nor terrible. Passes the time.,2023-05-31 19:31:00
2661,2548,3,3,It was okay. The hype around this book is a bit overstated.,2021-11-11 12:45:00
208,2668,1,4,"Good book, though the ending felt a little rushed.",2023-10-04 23:49:00
987,98,7,4,Pleasant read. Nothing groundbreaking but definitely enjoyable.,2024-09-28 17:51:00
4733,1099,2,4,Well-written and engaging. A few plot holes but forgivable.,2024-02-17 08:10:00
1855,1398,2,4,Pleasant read. Nothing groundbreaking but definitely enjoyable.,2024-08-26 12:50:00
4068,15,5,3,Decent read. Not my favourite but not bad either.,2024-02-20 17:19:00
4482,2635,2,3,"Some interesting parts, but overall felt underwhelming.",2021-07-20 16:16:00
4674,2473,1,3,"Mixed feelings. Good premise, mediocre execution.",2022-06-06 10:37:00
1788,26,2,5,Absolutely loved this book — couldn't put it down!,2022-06-23 18:47:00
3313,1918,2,5,A masterpiece. Every chapter left me wanting more.,2023-09-17 06:20:00
945,1209,6,1,Do not waste your money on this.,2023-07-30 14:28:00
5302,765,180,3,"Mixed feelings. Good premise, mediocre execution.",2024-12-31 11:25:00
4976,1701,7,3,,2023-04-18 10:57:00
1581,2046,1,4,Above average. Would recommend to fans of the genre.,2023-04-10 15:50:00
4321,2670,2,4,Well-written and engaging. A few plot holes but forgivable.,2024-11-19 17:29:00
4459,2592,1,3,Average. Had its moments but failed to really engage me.,2024-04-08 18:50:00
4150,1644,1,5,Beautifully written. The author's style is simply stunning.,2021-12-05 22:22:00
1614,1832,13,4,"Good book, though the ending felt a little rushed.",2024-12-11 10:32:00
951,2531,35,3,It was okay. The hype around this book is a bit overstated.,2024-06-19 10:09:00
3629,472,30,2,Struggled to get through it. The story meanders endlessly.,2022-08-11 13:14:00
5084,147,27,5,A masterpiece. Every chapter left me wanting more.,2020-05-22 11:15:00
2738,1455,5,4,Above average. Would recommend to fans of the genre.,2023-11-21 18:55:00
3564,2533,1,5,One of the best reads I have had in years. Highly recommended.,2024-05-26 18:05:00
5207,2466,1,4,Liked it. The first half is stronger than the second.,2024-12-06 18:27:00
2421,433,3,3,"Mixed feelings. Good premise, mediocre execution.",2021-12-22 15:54:00
2140,735,2,5,This book changed the way I think. A must-read for everyone.,2024-07-10 23:20:00
2163,1919,1,5,This book changed the way I think. A must-read for everyone.,2020-12-03 19:07:00
2397,1895,11,4,Above average. Would recommend to fans of the genre.,2024-08-08 10:28:00
1798,2146,12,5,Perfect blend of story and insight. Will read again.,2021-01-04 21:45:00
1153,1695,1,3,Had potential but did not quite deliver on its promise.,2024-12-31 20:09:00
4065,2032,2,3,"Some interesting parts, but overall felt underwhelming.",2023-11-21 16:41:00
2924,1357,30,3,"Mixed feelings. Good premise, mediocre execution.",2023-11-14 13:28:00
2306,1880,17,3,Had potential but did not quite deliver on its promise.,2023-12-10 11:38:00
4208,1728,68,4,A very good read overall. Some chapters were slow but worth it.,2023-01-17 18:55:00
1781,205,2,4,Mostly great. The middle section drags a bit.,2024-08-05 11:56:00
3618,1709,58,4,Mostly great. The middle section drags a bit.,2023-06-09 12:20:00
693,982,8,3,,2022-05-10 22:20:00
4594,837,1,3,"Some interesting parts, but overall felt underwhelming.",2023-10-21 01:31:00
267,1168,1,4,Pleasant read. Nothing groundbreaking but definitely enjoyable.,2024-08-28 18:39:00
2431,604,9,4,Above average. Would recommend to fans of the genre.,2020-10-12 19:04:00
4720,2206,2,5,Exceeded all my expectations. Truly extraordinary.,2022-04-03 17:40:00
932,2048,3,5,This book changed the way I think. A must-read for everyone.,2024-05-19 20:55:00
1560,2122,4,2,Not for me. The writing style felt very dated.,2024-10-09 12:10:00
2235,219,1,4,"Good book, though the ending felt a little rushed.",2023-11-28 18:52:00
3825,895,3,3,Neither great nor terrible. Passes the time.,2024-02-11 09:47:00
192,770,4,3,Neither great nor terrible. Passes the time.,2024-01-31 07:55:00
1422,1991,3,2,Would not recommend. Too slow and the payoff was not worth it.,2021-10-23 03:50:00
5544,2197,1,5,A masterpiece. Every chapter left me wanting more.,2023-05-17 08:40:00
553,2567,1,3,Decent read. Not my favourite but not bad either.,2024-10-29 19:48:00
1446,92,2,3,It was okay. The hype around this book is a bit overstated.,2023-11-29 13:52:00
2724,1450,2,5,Perfect blend of story and insight. Will read again.,2024-12-13 06:45:00
1144,302,4,4,"Good book, though the ending felt a little rushed.",2024-12-27 11:08:00
4434,210,8,4,Above average. Would recommend to fans of the genre.,2024-03-29 22:37:00
4351,2154,26,3,Average. Had its moments but failed to really engage me.,2024-02-19 19:23:00
2791,2092,2,5,A masterpiece. Every chapter left me wanting more.,2022-11-03 13:40:00
5113,169,1,3,Neither great nor terrible. Passes the time.,2021-02-02 10:16:00
3640,2326,1,5,Absolutely loved this book — couldn't put it down!,2024-11-25 11:22:00
1034,10,2,4,Well-written and engaging. A few plot holes but forgivable.,2023-09-03 23:54:00
5492,2147,1,3,Decent read. Not my favourite but not bad either.,2023-04-06 12:35:00
469,2148,2,5,I finished this in two sittings. Absolutely riveting.,2021-08-19 14:30:00
2880,589,41,4,Liked it. The first half is stronger than the second.,2024-10-28 17:08:00
2955,1275,1,4,Above average. Would recommend to fans of the genre.,2021-08-12 08:57:00
4254,2005,4,4,Pleasant read. Nothing groundbreaking but definitely enjoyable.,2024-02-10 15:21:00
3379,1787,2,3,,2024-05-12 17:28:00
5367,1656,3,3,Had potential but did not quite deliver on its promise.,2024-10-27 19:32:00
928,1482,20,3,Average. Had its moments but failed to really engage me.,2024-10-31 15:34:00
377,1713,9,4,"Good book, though the ending felt a little rushed.",2021-08-19 19:09:00
1125,540,1,4,Enjoyed it quite a bit. Solid writing and interesting ideas.,2024-10-19 17:37:00
939,959,4,5,Brilliant narrative. The characters feel genuinely real.,2024-02-29 18:56:00
999,1635,1,5,Absolutely loved this book — couldn't put it down!,2023-08-10 11:11:00
1000,700,2,5,Exceeded all my expectations. Truly extraordinary.,2024-03-28 09:49:00
4290,2185,60,3,"Mixed feelings. Good premise, mediocre execution.",2022-11-22 21:25:00
2003,560,127,3,Had potential but did not quite deliver on its promise.,2024-11-24 10:38:00
4324,416,1,5,Brilliant narrative. The characters feel genuinely real.,2024-04-16 21:20:00
317,1410,2,3,Had potential but did not quite deliver on its promise.,2021-06-25 17:39:00
190,1281,1,4,,2023-03-16 01:23:00
5359,951,4,3,Had potential but did not quite deliver on its promise.,2024-07-30 21:40:00
5534,1486,119,2,Disappointed. Expected much more based on the reviews.,2024-03-26 13:31:00
4422,1973,1,4,Enjoyed it quite a bit. Solid writing and interesting ideas.,2024-02-29 11:59:00
1927,1552,1,3,Decent read. Not my favourite but not bad either.,2023-07-04 08:31:00
4623,900,5,3,Had potential but did not quite deliver on its promise.,2020-10-12 09:07:00
2732,518,1,4,Well-written and engaging. A few plot holes but forgivable.,2024-03-31 16:15:00
4039,1284,15,5,Exceeded all my expectations. Truly extraordinary.,2021-10-27 16:28:00
1330,341,2,5,Absolutely loved this book — couldn't put it down!,2024-09-19 18:22:00
4488,2735,4,4,Pleasant read. Nothing groundbreaking but definitely enjoyable.,2023-11-01 14:43:00
858,2032,17,3,"Mixed feelings. Good premise, mediocre execution.",2024-12-02 13:09:00
2723,1573,2,2,The plot felt disjointed and the pacing was off throughout.,2022-04-11 09:55:00
2526,1125,134,3,"Some interesting parts, but overall felt underwhelming.",2022-11-11 20:49:00
2896,2666,2,4,Mostly great. The middle section drags a bit.,2024-12-31 23:34:00
4330,304,3,4,Mostly great. The middle section drags a bit.,2023-12-16 21:41:00
1562,1550,2,4,Liked it. The first half is stronger than the second.,2023-03-10 00:20:00
5559,61,41,4,Pleasant read. Nothing groundbreaking but definitely enjoyable.,2024-06-08 06:48:00
3199,415,1,5,This book changed the way I think. A must-read for everyone.,2023-12-07 15:12:00
1706,1893,3,5,Absolutely loved this book — couldn't put it down!,2022-10-13 20:40:00
1705,246,6,4,Enjoyed it quite a bit. Solid writing and interesting ideas.,2024-09-30 11:50:00
4477,2104,1,4,Liked it. The first half is stronger than the second.,2024-09-13 01:37:00
1424,2359,1,4,Enjoyed it quite a bit. Solid writing and interesting ideas.,2022-11-09 12:53:00
970,2121,1,4,Mostly great. The middle section drags a bit.,2024-01-04 14:25:00
1322,719,3,0,Enjoyed it quite a bit. Solid writing and interesting ideas.,2023-12-26 15:27:00
5350,1944,10,4,Pleasant read. Nothing groundbreaking but definitely enjoyable.,2023-08-25 11:04:00
3237,1842,3,5,Exceeded all my expectations. Truly extraordinary.,2024-06-06 08:01:00
759,730,1,5,I finished this in two sittings. Absolutely riveting.,2024-01-03 16:19:00
1964,18,16,5,Exceeded all my expectations. Truly extraordinary.,2023-12-05 22:17:00
979,163,1,4,Well-written and engaging. A few plot holes but forgivable.,2021-10-01 14:57:00
2339,2554,9,4,Liked it. The first half is stronger than the second.,2022-03-11 18:57:00
5357,651,1,3,"Some interesting parts, but overall felt underwhelming.",2024-06-06 10:31:00
459,2622,8,4,Pleasant read. Nothing groundbreaking but definitely enjoyable.,2024-01-23 21:59:00
58,2059,2,5,One of the best reads I have had in years. Highly recommended.,2022-10-28 23:12:00
5526,1412,15,4,A very good read overall. Some chapters were slow but worth it.,2024-07-03 07:36:00
4871,918,1,3,"Mixed feelings. Good premise, mediocre execution.",2022-11-21 13:25:00
1461,1705,40,3,Neither great nor terrible. Passes the time.,2024-11-02 15:00:00
4762,2074,80,4,Liked it. The first half is stronger than the second.,2024-05-20 11:39:00
1123,824,9,4,Well-written and engaging. A few plot holes but forgivable.,2023-12-27 12:40:00
3291,2057,53,4,Pleasant read. Nothing groundbreaking but definitely enjoyable.,2021-04-25 14:47:00
1278,1390,9,4,Liked it. The first half is stronger than the second.,2024-11-19 14:24:00
1840,316,3,3,Had potential but did not quite deliver on its promise.,2024-01-11 16:34:00
2844,1305,3,2,The plot felt disjointed and the pacing was off throughout.,2023-11-17 00:52:00
2201,737,6,3,"Mixed feelings. Good premise, mediocre execution.",2021-08-10 20:36:00
1579,1133,2,5,Beautifully written. The author's style is simply stunning.,2024-01-02 14:05:00
2233,1690,3,4,A very good read overall. Some chapters were slow but worth it.,2024-09-07 11:08:00
4966,1941,102,1,One of the worst books I have read. No coherent plot.,2024-11-24 10:18:00
2699,683,4,3,It was okay. The hype around this book is a bit overstated.,2022-03-14 19:28:00
2361,370,1,3,,2024-11-14 20:24:00
4182,1887,7,4,"Good book, though the ending felt a little rushed.",2024-11-07 07:52:00
4958,2425,30,3,It was okay. The hype around this book is a bit overstated.,2022-12-19 17:47:00
5216,348,4,6,Pleasant read. Nothing groundbreaking but definitely enjoyable.,2023-04-20 19:08:00
994,737,3,3,It was okay. The hype around this book is a bit overstated.,2022-07-27 07:50:00
1880,2571,26,4,Enjoyed it quite a bit. Solid writing and interesting ideas.,2022-07-14 08:14:00
4064,2087,1,4,Well-written and engaging. A few plot holes but forgivable.,2022-01-31 17:01:00
5262,613,4,3,It was okay. The hype around this book is a bit overstated.,2022-12-29 19:01:00
4472,111,13,3,,2024-06-08 20:36:00
218,1135,6,3,Decent read. Not my favourite but not bad either.,2024-11-04 21:27:00
3857,751,1,3,"Mixed feelings. Good premise, mediocre execution.",2024-10-21 08:24:00
3167,180,75,4,Above average. Would recommend to fans of the genre.,2024-12-31 19:50:00
2249,556,22,4,"Good book, though the ending felt a little rushed.",2022-12-09 17:09:00
5187,2113,6,3,Average. Had its moments but failed to really engage me.,2021-06-15 22:08:00
1317,2196,8,4,Mostly great. The middle section drags a bit.,2024-10-23 07:46:00
4777,1200,2,5,Exceeded all my expectations. Truly extraordinary.,2021-09-21 11:56:00
5430,2011,37,3,Decent read. Not my favourite but not bad either.,2022-11-16 22:23:00
1728,2429,10,4,Pleasant read. Nothing groundbreaking but definitely enjoyable.,2024-11-14 20:18:00
3189,2070,2,4,,2022-05-19 21:32:00
4198,168,1,4,"Good book, though the ending felt a little rushed.",2023-10-27 08:21:00
2648,2074,1,4,Above average. Would recommend to fans of the genre.,2024-06-20 16:04:00
1103,834,1,5,A masterpiece. Every chapter left me wanting more.,2023-03-05 08:26:00
1396,622,4,3,Decent read. Not my favourite but not bad either.,2023-09-25 08:10:00
4642,1600,1,4,,2024-06-13 15:37:00
1057,265,10,4,"Good book, though the ending felt a little rushed.",2021-06-06 14:46:00
4694,1707,17,4,"Good book, though the ending felt a little rushed.",2024-07-05 12:09:00
3918,1372,1,3,It was okay. The hype around this book is a bit overstated.,2023-05-10 17:35:00
4057,2158,2,4,"Good book, though the ending felt a little rushed.",2021-02-05 12:12:00
485,1649,3,4,Above average. Would recommend to fans of the genre.,2022-04-16 20:25:00
4062,1976,1,4,Enjoyed it quite a bit. Solid writing and interesting ideas.,2022-06-22 18:46:00
1551,2175,1,3,Decent read. Not my favourite but not bad either.,2021-10-26 12:02:00
1006,1087,1,5,Absolutely loved this book — couldn't put it down!,2024-12-11 11:21:00
2143,643,1,3,,2021-09-03 16:46:00
1284,2163,1,4,Above average. Would recommend to fans of the genre.,2024-08-13 18:11:00
2041,1732,4,4,Enjoyed it quite a bit. Solid writing and interesting ideas.,2024-05-03 12:30:00
1749,2560,3,3,Neither great nor terrible. Passes the time.,2024-09-20 13:03:00
3473,2662,5,5,Exceeded all my expectations. Truly extraordinary.,2023-07-27 21:58:00
2346,1901,10,4,"Good book, though the ending felt a little rushed.",2023-10-17 19:51:00
4452,1638,4,4,Enjoyed it quite a bit. Solid writing and interesting ideas.,2024-11-15 16:36:00
4080,1325,41,5,The writing is exceptional and the story gripped me from page one.,2022-10-15 17:36:00
407,997,6,2,Overrated. I did not enjoy the characters at all.,2023-09-30 20:23:00
4681,1293,1,3,Average. Had its moments but failed to really engage me.,2024-12-02 20:21:00
1698,1602,3,4,Enjoyed it quite a bit. Solid writing and interesting ideas.,2022-03-17 14:12:00
4701,1979,29,5,I finished this in two sittings. Absolutely riveting.,2021-11-03 11:52:00
2595,2365,1,3,Neither great nor terrible. Passes the time.,2024-11-20 17:10:00
188,331,10,3,Neither great nor terrible. Passes the time.,2024-07-05 13:25:00
645,1774,1,3,"Some interesting parts, but overall felt underwhelming.",2020-08-12 19:13:00
2772,2399,5,4,Enjoyed it quite a bit. Solid writing and interesting ideas.,2021-03-29 16:55:00
1770,898,1,3,"Mixed feelings. Good premise, mediocre execution.",2022-06-08 13:59:00
4662,1455,105,5,Exceeded all my expectations. Truly extraordinary.,2024-06-13 18:20:00
4813,1624,6,4,Enjoyed it quite a bit. Solid writing and interesting ideas.,2024-09-11 18:24:00
3374,2283,68,2,Overrated. I did not enjoy the characters at all.,2023-11-28 15:20:00
5,1071,3,3,Neither great nor terrible. Passes the time.,2024-11-06 13:06:00
203,268,1,3,Had potential but did not quite deliver on its promise.,2024-10-28 20:27:00
3664,1832,6,2,,2021-12-02 22:44:00
3480,351,1,4,"Good book, though the ending felt a little rushed.",2024-03-25 16:51:00
4948,2667,123,4,"Good book, though the ending felt a little rushed.",2024-09-27 20:34:00
5591,230,3,5,I finished this in two sittings. Absolutely riveting.,2023-11-12 17:45:00
589,2685,4,5,Perfect blend of story and insight. Will read again.,2023-05-11 23:22:00
3475,877,8,4,"Good book, though the ending felt a little rushed.",2022-07-08 12:52:00
2399,663,4,2,Would not recommend. Too slow and the payoff was not worth it.,2023-09-19 21:18:00
568,107,8,4,"Good book, though the ending felt a little rushed.",2024-06-21 08:00:00
1496,2439,1,3,"Mixed feelings. Good premise, mediocre execution.",2024-08-13 19:47:00
1986,509,3,3,Average. Had its moments but failed to really engage me.,2022-12-19 17:52:00
2354,1898,1,3,It was okay. The hype around this book is a bit overstated.,2022-01-19 08:18:00
5474,1745,53,5,Exceeded all my expectations. Truly extraordinary.,2024-05-05 15:20:00
5074,1700,56,5,Absolutely loved this book — couldn't put it down!,2024-12-31 08:23:00
5126,148,1,5,This book changed the way I think. A must-read for everyone.,2023-08-15 19:54:00
486,1436,3,4,A very good read overall. Some chapters were slow but worth it.,2020-11-06 11:07:00
2222,1882,17,3,Decent read. Not my favourite but not bad either.,2023-12-18 12:56:00
555,2539,4,2,Would not recommend. Too slow and the payoff was not worth it.,2024-10-27 14:04:00
4699,735,3,4,Enjoyed it quite a bit. Solid writing and interesting ideas.,2024-11-11 13:29:00
282,2307,2,5,This book changed the way I think. A must-read for everyone.,2021-03-14 15:09:00
3750,978,15,5,Exceeded all my expectations. Truly extraordinary.,2024-09-14 16:31:00
1582,2269,2,4,Above average. Would recommend to fans of the genre.,2024-10-21 19:56:00
1972,364,3,4,Above average. Would recommend to fans of the genre.,2023-02-26 07:34:00
23,1508,5,0,Not for me. The writing style felt very dated.,2021-04-18 06:59:00
745,2501,6,3,Average. Had its moments but failed to really engage me.,2023-10-14 19:37:00
3101,2163,2,4,A very good read overall. Some chapters were slow but worth it.,2024-04-28 17:12:00
684,362,1,5,I finished this in two sittings. Absolutely riveting.,2023-01-24 15:47:00
1350,825,5,4,Mostly great. The middle section drags a bit.,2024-08-27 18:40:00
1808,1193,29,4,Liked it. The first half is stronger than the second.,2023-09-21 14:08:00
4867,2312,1,4,Mostly great. The middle section drags a bit.,2023-10-15 16:49:00
3839,926,8,3,"Some interesting parts, but overall felt underwhelming.",2023-08-02 17:32:00
3661,2530,1,5,A masterpiece. Every chapter left me wanting more.,2024-07-24 11:24:00
2243,772,2,5,Exceeded all my expectations. Truly extraordinary.,2024-05-11 12:31:00
4741,528,2,3,It was okay. The hype around this book is a bit overstated.,2023-06-05 13:34:00
5031,736,6,4,Pleasant read. Nothing groundbreaking but definitely enjoyable.,2023-11-26 21:20:00
3053,1440,6,2,Overrated. I did not enjoy the characters at all.,2024-02-11 09:39:00
3720,1316,7,5,I finished this in two sittings. Absolutely riveting.,2022-05-13 11:02:00
2739,2146,70,5,Perfect blend of story and insight. Will read again.,2023-10-20 20:50:00
298,181,13,3,,2024-06-09 11:53:00
1378,2723,1,5,,2023-02-17 12:10:00
898,611,1,5,Brilliant narrative. The characters feel genuinely real.,2024-10-25 17:55:00
5301,195,2,5,Absolutely loved this book — couldn't put it down!,2023-12-24 12:43:00
3900,1778,1,4,"Good book, though the ending felt a little rushed.",2024-05-10 17:04:00
5024,28,4,2,The plot felt disjointed and the pacing was off throughout.,2024-08-24 18:52:00
3229,1810,1,4,Liked it. The first half is stronger than the second.,2021-07-12 08:40:00
1403,641,1,3,Neither great nor terrible. Passes the time.,2021-12-05 09:18:00
616,857,1,4,Enjoyed it quite a bit. Solid writing and interesting ideas.,2024-05-08 14:52:00
3090,323,8,4,A very good read overall. Some chapters were slow but worth it.,2023-07-21 08:48:00
4509,1697,14,5,A masterpiece. Every chapter left me wanting more.,2021-03-09 17:00:00
2060,359,1,4,A very good read overall. Some chapters were slow but worth it.,2024-12-31 18:48:00
5469,582,2,4,Well-written and engaging. A few plot holes but forgivable.,2023-09-16 19:59:00
2574,1640,2,3,"Some interesting parts, but overall felt underwhelming.",2022-08-06 20:34:00
749,1152,13,4,A very good read overall. Some chapters were slow but worth it.,2023-04-18 06:07:00
2923,1889,6,1,Gave up halfway. The writing is unbearable.,2022-04-03 21:40:00
835,2030,56,4,A very good read overall. Some chapters were slow but worth it.,2023-08-11 07:12:00
4364,602,59,3,,2020-10-04 18:05:00
150,2635,1,3,Had potential but did not quite deliver on its promise.,2024-08-04 10:10:00
3466,1900,3,3,"Mixed feelings. Good premise, mediocre execution.",2021-04-11 07:19:00
4021,2498,1,4,A very good read overall. Some chapters were slow but worth it.,2023-05-16 14:16:00
5096,2676,5,5,Exceeded all my expectations. Truly extraordinary.,2024-08-06 14:58:00
2064,1578,1,3,"Mixed feelings. Good premise, mediocre execution.",2023-08-08 12:29:00
2932,818,3,7,It was okay. The hype around this book is a bit overstated.,2024-02-15 17:47:00
752,883,68,5,,2024-03-05 13:04:00
4657,1580,2,3,Neither great nor terrible. Passes the time.,2024-10-16 09:35:00
2357,971,23,4,Well-written and engaging. A few plot holes but forgivable.,2023-09-15 11:19:00
2030,2379,1,3,Average. Had its moments but failed to really engage me.,2024-11-02 23:45:00
4696,2204,1,4,Enjoyed it quite a bit. Solid writing and interesting ideas.,2023-07-30 11:21:00
3842,554,1,4,,2024-01-20 08:58:00
3528,326,7,4,Well-written and engaging. A few plot holes but forgivable.,2023-11-12 16:56:00
721,479,3,4,A very good read overall. Some chapters were slow but worth it.,2022-08-04 14:43:00
408,2665,11,3,"Mixed feelings. Good premise, mediocre execution.",2023-03-17 17:00:00
2096,163,2,4,Liked it. The first half is stronger than the second.,2023-12-22 06:55:00
1675,348,2,3,"Some interesting parts, but overall felt underwhelming.",2023-10-22 17:58:00
1474,1131,2,5,The writing is exceptional and the story gripped me from page one.,2024-05-06 10:54:00
2616,2275,1,3,Average. Had its moments but failed to really engage me.,2023-12-26 07:41:00
4,758,4,3,Had potential but did not quite deliver on its promise.,2021-11-22 21:31:00
2303,2101,11,5,Absolutely loved this book — couldn't put it down!,2022-02-11 20:19:00
1919,1422,1,4,Mostly great. The middle section drags a bit.,2024-10-27 00:18:00
4771,1133,16,3,Neither great nor terrible. Passes the time.,2021-04-29 15:56:00
2168,654,7,4,,2021-10-08 09:05:00
4909,434,2,3,Decent read. Not my favourite but not bad either.,2022-08-24 10:35:00
4444,548,1,5,Perfect blend of story and insight. Will read again.,2023-11-27 11:34:00
3699,1879,1,4,Above average. Would recommend to fans of the genre.,2023-07-26 15:01:00
5349,471,10,2,The plot felt disjointed and the pacing was off throughout.,2022-10-20 19:48:00
1857,723,10,3,Average. Had its moments but failed to really engage me.,2024-10-07 05:39:00
1689,1575,2,4,Well-written and engaging. A few plot holes but forgivable.,2023-10-27 19:31:00
772,1060,57,3,Average. Had its moments but failed to really engage me.,2022-03-17 23:56:00
1151,2332,6,4,Well-written and engaging. A few plot holes but forgivable.,2024-08-03 09:49:00
3572,1481,2,3,"Some interesting parts, but overall felt underwhelming.",2024-07-20 09:09:00
3340,2416,2,5,One of the best reads I have had in years. Highly recommended.,2024-07-17 00:47:00
3541,708,78,4,"Good book, though the ending felt a little rushed.",2024-08-09 22:00:00
2012,1221,2,4,"Good book, though the ending felt a little rushed.",2024-07-31 17:15:00
293,716,1,4,Well-written and engaging. A few plot holes but forgivable.,2023-01-09 16:58:00
5505,984,4,4,A very good read overall. Some chapters were slow but worth it.,2023-06-18 14:40:00
3069,1425,8,3,Average. Had its moments but failed to really engage me.,2021-06-13 20:23:00
538,1168,9,2,Disappointed. Expected much more based on the reviews.,2024-11-15 19:55:00
657,1040,1,7,Well-written and engaging. A few plot holes but forgivable.,2024-08-30 21:36:00
1486,1024,1,2,Overrated. I did not enjoy the characters at all.,2023-06-28 18:11:00
2416,144,6,3,Had potential but did not quite deliver on its promise.,2021-09-21 07:33:00
384,49,7,3,It was okay. The hype around this book is a bit overstated.,2023-10-17 17:14:00
5137,474,17,4,Enjoyed it quite a bit. Solid writing and interesting ideas.,2024-11-04 17:21:00
4661,1626,14,5,Exceeded all my expectations. Truly extraordinary.,2023-01-01 10:40:00
2338,1320,1,4,Pleasant read. Nothing groundbreaking but definitely enjoyable.,2024-12-06 09:03:00
1666,2172,1,4,Well-written and engaging. A few plot holes but forgivable.,2020-12-18 18:55:00
1037,253,1,4,Mostly great. The middle section drags a bit.,2023-12-01 08:32:00
4799,748,9,3,Neither great nor terrible. Passes the time.,2022-12-05 06:14:00
4961,40,104,3,Neither great nor terrible. Passes the time.,2023-12-21 20:02:00
4413,729,8,3,Neither great nor terrible. Passes the time.,2024-11-29 07:44:00
2722,1499,9,3,Neither great nor terrible. Passes the time.,2022-05-19 14:36:00
5021,1332,1,2,Struggled to get through it. The story meanders endlessly.,2021-12-26 16:52:00
3739,2485,6,0,Enjoyed it quite a bit. Solid writing and interesting ideas.,2021-01-25 04:00:00
2916,1705,2,5,Beautifully written. The author's style is simply stunning.,2020-06-30 08:48:00
3349,1832,35,3,It was okay. The hype around this book is a bit overstated.,2024-05-26 04:18:00
690,2751,1,4,Above average. Would recommend to fans of the genre.,2023-12-31 19:04:00
2599,61,6,4,Above average. Would recommend to fans of the genre.,2023-08-08 14:32:00
3368,240,1,4,Liked it. The first half is stronger than the second.,2024-06-27 16:45:00
3711,2723,49,0,Neither great nor terrible. Passes the time.,2024-07-04 19:07:00
4347,872,2,4,A very good read overall. Some chapters were slow but worth it.,2023-07-01 12:46:00
4040,2036,49,2,Struggled to get through it. The story meanders endlessly.,2020-03-09 17:13:00
2114,462,4,4,"Good book, though the ending felt a little rushed.",2024-12-04 13:06:00
1924,297,2,4,,2024-12-31 16:56:00
1745,2627,1,3,Average. Had its moments but failed to really engage me.,2023-09-08 20:51:00
1771,230,1,4,"Good book, though the ending felt a little rushed.",2023-08-16 17:13:00
742,63,3,2,Not for me. The writing style felt very dated.,2022-07-30 05:40:00
3622,1308,2,4,A very good read overall. Some chapters were slow but worth it.,2023-10-30 12:11:00
3639,310,23,3,Had potential but did not quite deliver on its promise.,2024-01-13 22:37:00
867,2298,13,5,The writing is exceptional and the story gripped me from page one.,2021-10-03 04:44:00
130,1833,1,3,It was okay. The hype around this book is a bit overstated.,2021-07-28 13:46:00
1192,2228,1,4,,2024-10-21 23:01:00
3211,2032,10,3,Decent read. Not my favourite but not bad either.,2024-01-04 06:00:00
2164,769,6,3,It was okay. The hype around this book is a bit overstated.,2024-10-30 17:08:00
1268,176,1,3,"Mixed feelings. Good premise, mediocre execution.",2024-10-09 20:35:00
2075,940,25,5,Exceeded all my expectations. Truly extraordinary.,2023-03-17 14:36:00
2528,2581,3,2,,2022-08-06 20:17:00
541,468,2,4,Pleasant read. Nothing groundbreaking but definitely enjoyable.,2024-07-23 14:55:00
3144,436,1,4,Well-written and engaging. A few plot holes but forgivable.,2024-10-19 19:39:00
3440,2067,1,3,Neither great nor terrible. Passes the time.,2023-06-04 11:38:00
2985,159,7,4,Liked it. The first half is stronger than the second.,2023-09-17 09:55:00
2026,705,8,2,Disappointed. Expected much more based on the reviews.,2022-11-21 07:02:00
3193,2375,1,4,Pleasant read. Nothing groundbreaking but definitely enjoyable.,2024-06-23 16:25:00
5071,1777,4,4,A very good read overall. Some chapters were slow but worth it.,2020-06-30 17:20:00
5464,1039,2,2,Struggled to get through it. The story meanders endlessly.,2020-04-09 17:54:00
5049,422,6,2,Not for me. The writing style felt very dated.,2024-08-29 07:28:00
467,2255,2,4,Enjoyed it quite a bit. Solid writing and interesting ideas.,2024-08-16 19:13:00
3391,791,2,5,This book changed the way I think. A must-read for everyone.,2024-02-24 19:55:00
5537,1654,3,4,A very good read overall. Some chapters were slow but worth it.,2024-06-03 12:51:00
909,1461,1,4,Pleasant read. Nothing groundbreaking but definitely enjoyable.,2023-08-02 11:34:00
1390,1955,2,5,This book changed the way I think. A must-read for everyone.,2023-12-26 16:48:00
4823,667,1,4,Above average. Would recommend to fans of the genre.,2024-05-11 12:20:00
2129,2405,1,4,Pleasant read. Nothing groundbreaking but definitely enjoyable.,2023-04-20 15:50:00
4199,2722,31,4,Mostly great. The middle section drags a bit.,2024-07-05 07:32:00
3111,1397,5,3,Neither great nor terrible. Passes the time.,2023-11-26 12:46:00
484,801,62,5,Perfect blend of story and insight. Will read again.,2021-10-11 00:12:00
5456,1790,3,3,"Some interesting parts, but overall felt underwhelming.",2021-05-11 19:16:00
575,2430,2,5,The writing is exceptional and the story gripped me from page one.,2024-12-24 09:39:00
3453,2668,7,4,Mostly great. The middle section drags a bit.,2022-10-04 15:29:00
3038,2646,1,4,Enjoyed it quite a bit. Solid writing and interesting ideas.,2023-08-13 19:37:00
2436,428,1,3,"Mixed feelings. Good premise, mediocre execution.",2023-09-29 15:20:00
4108,335,1,4,A very good read overall. Some chapters were slow but worth it.,2023-01-09 12:08:00
5494,1265,4,2,Would not recommend. Too slow and the payoff was not worth it.,2020-05-04 12:35:00
2796,891,5,3,Decent read. Not my favourite but not bad either.,2023-10-21 03:14:00
2285,494,8,2,Not for me. The writing style felt very dated.,2024-10-26 20:30:00
4075,1340,1,5,Beautifully written. The author's style is simply stunning.,2024-12-31 13:35:00
3778,1606,14,4,Enjoyed it quite a bit. Solid writing and interesting ideas.,2022-11-23 06:08:00
4619,2012,29,5,Brilliant narrative. The characters feel genuinely real.,2023-06-29 07:24:00
4000,295,31,4,Enjoyed it quite a bit. Solid writing and interesting ideas.,2024-11-26 09:13:00
1561,912,17,5,The writing is exceptional and the story gripped me from page one.,2023-06-24 06:47:00
5236,344,2,4,"Good book, though the ending felt a little rushed.",2022-01-21 19:37:00
2539,1787,1,4,Mostly great. The middle section drags a bit.,2024-03-01 06:29:00
2797,1159,4,2,The plot felt disjointed and the pacing was off throughout.,2022-11-13 20:59:00
2715,2702,8,1,Gave up halfway. The writing is unbearable.,2023-06-09 13:50:00
1520,2735,1,3,Average. Had its moments but failed to really engage me.,2021-02-06 12:49:00
3086,2523,1,4,A very good read overall. Some chapters were slow but worth it.,2023-12-26 12:14:00
648,376,1,4,"Good book, though the ending felt a little rushed.",2024-04-13 08:16:00
4255,898,146,4,Well-written and engaging. A few plot holes but forgivable.,2024-09-06 08:04:00
4331,1140,87,5,Exceeded all my expectations. Truly extraordinary.,2021-01-04 08:45:00
2993,174,1,4,Well-written and engaging. A few plot holes but forgivable.,2023-09-08 20:52:00
2672,856,1,4,Mostly great. The middle section drags a bit.,2024-09-28 10:20:00
4858,1871,1,4,"Good book, though the ending felt a little rushed.",2021-08-20 17:08:00
5372,1714,1,3,Decent read. Not my favourite but not bad either.,2024-10-27 14:06:00
3922,1223,13,4,A very good read overall. Some chapters were slow but worth it.,2023-05-23 20:59:00
2488,921,2,4,Mostly great. The middle section drags a bit.,2024-12-31 17:03:00
1492,2167,37,3,Neither great nor terrible. Passes the time.,2021-09-22 19:33:00
1483,818,5,3,Had potential but did not quite deliver on its promise.,2024-12-31 20:36:00
349,40,1,5,I finished this in two sittings. Absolutely riveting.,2024-06-16 15:29:00
5460,1203,13,4,Mostly great. The middle section drags a bit.,2023-09-10 11:08:00
808,437,1,5,One of the best reads I have had in years. Highly recommended.,2024-04-01 17:31:00
326,1674,1,3,It was okay. The hype around this book is a bit overstated.,2022-08-22 19:48:00
355,1788,1,3,Average. Had its moments but failed to really engage me.,2021-12-06 17:05:00
4016,1081,123,4,"Good book, though the ending felt a little rushed.",2024-12-04 21:34:00
306,303,1,5,Perfect blend of story and insight. Will read again.,2023-08-07 16:29:00
4843,1515,34,4,Mostly great. The middle section drags a bit.,2023-10-17 22:48:00
716,1171,1,3,"Mixed feelings. Good premise, mediocre execution.",2022-03-23 14:54:00
2710,1060,33,3,"Mixed feelings. Good premise, mediocre execution.",2022-05-18 18:59:00
5455,803,1,5,A masterpiece. Every chapter left me wanting more.,2024-05-23 21:23:00
2897,2035,2,3,,2024-02-15 11:17:00
66,1777,5,3,Average. Had its moments but failed to really engage me.,2023-12-02 07:15:00
4474,153,2,3,Had potential but did not quite deliver on its promise.,2024-09-12 19:56:00
2946,874,27,3,Decent read. Not my favourite but not bad either.,2023-06-20 13:21:00
5108,699,3,3,Had potential but did not quite deliver on its promise.,2024-10-14 12:14:00
4732,80,4,7,"Mixed feelings. Good premise, mediocre execution.",2024-01-28 13:32:00
1155,2182,1,5,Exceeded all my expectations. Truly extraordinary.,2024-02-26 14:14:00
2446,2699,3,4,Above average. Would recommend to fans of the genre.,2024-11-27 00:01:00
629,158,1,4,Liked it. The first half is stronger than the second.,2024-12-27 20:48:00
3461,1260,1,4,"Good book, though the ending felt a little rushed.",2024-08-01 07:58:00
4873,704,2,4,Above average. Would recommend to fans of the genre.,2024-12-31 20:06:00
2597,2375,3,4,,2024-04-01 21:33:00
1720,248,1,3,Had potential but did not quite deliver on its promise.,2021-04-14 10:52:00
91,2554,2,5,I finished this in two sittings. Absolutely riveting.,2022-12-09 17:40:00
2388,1957,3,3,,2020-12-18 17:21:00
4048,732,21,3,,2022-02-06 14:27:00
5120,2127,15,3,,2023-11-09 08:54:00
1892,1192,66,3,Decent read. Not my favourite but not bad either.,2024-11-14 18:00:00
4549,788,9,3,It was okay. The hype around this book is a bit overstated.,2023-10-27 12:46:00
4070,2592,8,4,"Good book, though the ending felt a little rushed.",2023-11-11 18:30:00
4536,2409,2,4,Well-written and engaging. A few plot holes but forgivable.,2021-12-11 22:05:00
3245,1861,2,4,Liked it. The first half is stronger than the second.,2023-05-04 11:40:00
1168,2390,3,4,Liked it. The first half is stronger than the second.,2022-10-01 18:07:00
3411,1428,1,4,A very good read overall. Some chapters were slow but worth it.,2023-08-01 23:54:00
3689,1579,3,4,"Good book, though the ending felt a little rushed.",2024-02-07 21:13:00
2663,1914,8,4,Mostly great. The middle section drags a bit.,2023-01-27 20:14:00
144,1476,13,4,Above average. Would recommend to fans of the genre.,2024-05-23 18:49:00
3506,1882,47,4,A very good read overall. Some chapters were slow but worth it.,2024-08-05 09:06:00
315,2603,1,2,Disappointed. Expected much more based on the reviews.,2023-12-04 20:01:00
3024,2324,23,4,Enjoyed it quite a bit. Solid writing and interesting ideas.,2022-12-06 18:50:00
3449,254,2,5,A masterpiece. Every chapter left me wanting more.,2022-12-07 22:39:00
1881,1418,2,5,,2023-12-13 18:40:00
1620,716,8,4,"Good book, though the ending felt a little rushed.",2022-03-03 17:30:00
4951,2227,4,4,Pleasant read. Nothing groundbreaking but definitely enjoyable.,2024-11-16 11:27:00
3168,401,1,2,Would not recommend. Too slow and the payoff was not worth it.,2022-12-07 07:04:00
2687,2550,1,4,Pleasant read. Nothing groundbreaking but definitely enjoyable.,2022-11-20 16:17:00
1655,401,5,4,Mostly great. The middle section drags a bit.,2022-09-26 11:08:00
569,1275,5,2,Would not recommend. Too slow and the payoff was not worth it.,2020-09-23 19:14:00
991,941,1,5,Exceeded all my expectations. Truly extraordinary.,2023-03-11 06:05:00
3481,1624,1,4,Liked it. The first half is stronger than the second.,2024-02-18 09:33:00
4857,1059,3,7,"Mixed feelings. Good premise, mediocre execution.",2023-12-08 09:47:00
2568,2484,5,4,Mostly great. The middle section drags a bit.,2024-01-14 18:03:00
4022,2472,2,4,Enjoyed it quite a bit. Solid writing and interesting ideas.,2022-10-14 19:18:00
290,261,1,4,Above average. Would recommend to fans of the genre.,2020-05-24 10:54:00
5190,162,2,3,Neither great nor terrible. Passes the time.,2022-02-21 07:52:00
4700,2686,20,4,,2024-12-21 16:49:00
2184,852,2,4,Well-written and engaging. A few plot holes but forgivable.,2024-09-09 10:33:00
4715,2120,182,4,Well-written and engaging. A few plot holes but forgivable.,2022-09-15 20:34:00
1410,2065,1,5,The writing is exceptional and the story gripped me from page one.,2021-08-05 18:35:00
1549,735,1,4,Above average. Would recommend to fans of the genre.,2024-06-19 17:47:00
3858,857,3,4,Pleasant read. Nothing groundbreaking but definitely enjoyable.,2024-12-31 10:26:00
4491,1387,1,3,"Mixed feelings. Good premise, mediocre execution.",2023-12-02 15:51:00
5256,2243,8,3,Neither great nor terrible. Passes the time.,2021-05-28 08:09:00
2367,353,27,4,Liked it. The first half is stronger than the second.,2022-03-17 18:31:00
5051,1203,5,3,Average. Had its moments but failed to really engage me.,2024-12-31 18:19:00
4844,447,1,4,Above average. Would recommend to fans of the genre.,2021-10-05 14:07:00
5496,2112,80,5,This book changed the way I think. A must-read for everyone.,2022-12-12 16:40:00
2552,2096,2,4,Liked it. The first half is stronger than the second.,2024-11-26 20:19:00
4516,695,8,3,,2022-10-14 16:10:00
2781,2401,2,5,This book changed the way I think. A must-read for everyone.,2024-07-03 18:28:00
2963,2143,39,3,It was okay. The hype around this book is a bit overstated.,2020-04-16 09:24:00
2056,460,1,4,Mostly great. The middle section drags a bit.,2024-06-19 21:56:00
2809,287,1,3,Neither great nor terrible. Passes the time.,2022-11-23 11:08:00
4739,2260,3,3,Average. Had its moments but failed to really engage me.,2022-01-02 20:48:00
5106,559,4,2,Struggled to get through it. The story meanders endlessly.,2024-04-05 17:22:00
4755,1392,12,4,Mostly great. The middle section drags a bit.,2024-07-26 20:07:00
1174,1477,1,4,Well-written and engaging. A few plot holes but forgivable.,2023-08-20 18:41:00
3682,842,8,3,Had potential but did not quite deliver on its promise.,2021-11-20 06:46:00
4379,2281,2,5,Beautifully written. The author's style is simply stunning.,2021-09-14 17:33:00
3855,1061,1,5,One of the best reads I have had in years. Highly recommended.,2024-07-01 05:49:00
284,1965,3,3,"Mixed feelings. Good premise, mediocre execution.",2024-02-10 07:41:00
783,2702,1,2,Disappointed. Expected much more based on the reviews.,2024-05-26 14:25:00
5564,414,1,3,It was okay. The hype around this book is a bit overstated.,2021-12-27 18:39:00
1812,2630,6,3,Neither great nor terrible. Passes the time.,2024-04-15 12:34:00
5409,2475,2,4,Pleasant read. Nothing groundbreaking but definitely enjoyable.,2023-02-07 13:58:00
4401,2659,9,3,Decent read. Not my favourite but not bad either.,2021-09-12 08:44:00
2035,910,1,3,"Some interesting parts, but overall felt underwhelming.",2023-12-08 21:10:00
4061,2669,1,4,,2024-06-25 18:46:00
2305,2368,70,2,Would not recommend. Too slow and the payoff was not worth it.,2022-06-24 21:29:00
3643,223,2,3,"Mixed feelings. Good premise, mediocre execution.",2020-11-07 17:19:00
2832,1300,6,4,Well-written and engaging. A few plot holes but forgivable.,2022-09-02 10:58:00
768,2265,4,3,Had potential but did not quite deliver on its promise.,2023-09-25 05:46:00
5543,34,11,4,Liked it. The first half is stronger than the second.,2024-07-11 19:50:00
4923,698,22,4,Well-written and engaging. A few plot holes but forgivable.,2024-10-21 09:58:00
4770,1164,124,3,It was okay. The hype around this book is a bit overstated.,2023-10-13 17:52:00
2108,2047,28,3,Neither great nor terrible. Passes the time.,2020-04-13 18:33:00
1543,982,25,3,It was okay. The hype around this book is a bit overstated.,2023-12-25 12:17:00
1516,818,2,4,Mostly great. The middle section drags a bit.,2024-06-04 18:05:00
3957,271,1,4,A very good read overall. Some chapters were slow but worth it.,2021-11-06 21:24:00
1592,383,1,3,It was okay. The hype around this book is a bit overstated.,2023-09-25 17:16:00
3834,1404,2,4,Enjoyed it quite a bit. Solid writing and interesting ideas.,2024-10-05 10:53:00
3521,1348,2,4,Above average. Would recommend to fans of the genre.,2022-01-27 23:47:00
3659,690,2,3,Decent read. Not my favourite but not bad either.,2022-12-09 12:17:00
3821,1342,11,4,Pleasant read. Nothing groundbreaking but definitely enjoyable.,2023-04-03 15:27:00
1096,2642,155,4,Enjoyed it quite a bit. Solid writing and interesting ideas.,2023-10-08 21:03:00
4249,1315,8,3,Average. Had its moments but failed to really engage me.,2022-11-25 21:30:00
3042,2351,1,4,Well-written and engaging. A few plot holes but forgivable.,2022-07-30 11:59:00
1846,1282,1,5,Perfect blend of story and insight. Will read again.,2024-09-10 01:43:00
31,342,1,5,One of the best reads I have had in years. Highly recommended.,2023-02-05 17:19:00
3767,1271,1,4,"Good book, though the ending felt a little rushed.",2023-03-01 11:21:00
5435,185,5,3,Neither great nor terrible. Passes the time.,2023-08-02 17:23:00
1086,2211,1,3,Had potential but did not quite deliver on its promise.,2021-08-21 07:14:00
4261,2356,13,5,Brilliant narrative. The characters feel genuinely real.,2024-12-03 16:07:00
3376,2301,2,4,A very good read overall. Some chapters were slow but worth it.,2024-06-28 10:53:00
1726,2725,1,3,Neither great nor terrible. Passes the time.,2024-10-21 11:47:00
4285,991,1,4,A very good read overall. Some chapters were slow but worth it.,2024-10-31 13:44:00
2495,1318,1,4,Well-written and engaging. A few plot holes but forgivable.,2023-03-04 18:02:00
2230,292,5,3,,2024-09-12 18:33:00
3171,586,17,4,Above average. Would recommend to fans of the genre.,2023-09-21 07:48:00
4336,114,8,3,Neither great nor terrible. Passes the time.,2022-04-12 12:59:00
916,619,2,4,Pleasant read. Nothing groundbreaking but definitely enjoyable.,2024-06-17 11:53:00
2088,2724,1,4,Above average. Would recommend to fans of the genre.,2024-08-08 09:25:00
2535,623,4,3,Had potential but did not quite deliver on its promise.,2023-12-14 22:28:00
1262,1085,5,1,Gave up halfway. The writing is unbearable.,2023-01-03 17:33:00
2988,748,1,4,Enjoyed it quite a bit. Solid writing and interesting ideas.,2021-03-05 17:03:00
3139,1247,6,4,Well-written and engaging. A few plot holes but forgivable.,2021-03-07 16:35:00
726,124,167,2,Overrated. I did not enjoy the characters at all.,2024-09-14 11:08:00
228,1290,1,2,Would not recommend. Too slow and the payoff was not worth it.,2024-11-28 12:31:00
4085,927,1,4,Mostly great. The middle section drags a bit.,2024-09-02 23:11:00
5208,2774,1,4,Mostly great. The middle section drags a bit.,2024-09-03 21:52:00
5562,2635,1,3,Had potential but did not quite deliver on its promise.,2024-08-04 10:10:00
2006,1172,1,4,Enjoyed it quite a bit. Solid writing and interesting ideas.,2023-07-18 18:50:00
5188,1216,1,3,Neither great nor terrible. Passes the time.,2024-03-11 09:36:00
4088,957,1,4,Pleasant read. Nothing groundbreaking but definitely enjoyable.,2021-08-06 12:53:00
365,339,1,5,Perfect blend of story and insight. Will read again.,2023-08-28 22:14:00
4354,2066,6,2,Disappointed. Expected much more based on the reviews.,2022-02-09 06:48:00
5078,2339,23,4,Mostly great. The middle section drags a bit.,2022-02-01 17:26:00
5093,2304,1,3,"Mixed feelings. Good premise, mediocre execution.",2022-11-28 08:17:00
2884,895,2,2,Not for me. The writing style felt very dated.,2023-03-11 16:12:00
2239,1242,2,5,One of the best reads I have had in years. Highly recommended.,2024-02-19 17:20:00
4945,14,14,5,Absolutely loved this book — couldn't put it down!,2022-01-21 04:27:00
449,1127,1,5,Brilliant narrative. The characters feel genuinely real.,2024-09-13 18:37:00
4962,2280,107,4,,2024-08-16 10:29:00
1358,675,1,3,Average. Had its moments but failed to really engage me.,2021-10-14 17:38:00
88,2748,4,3,"Mixed feelings. Good premise, mediocre execution.",2024-10-09 07:49:00
3240,1876,3,4,Enjoyed it quite a bit. Solid writing and interesting ideas.,2023-03-23 09:25:00
3566,1810,45,3,"Mixed feelings. Good premise, mediocre execution.",2023-07-09 13:30:00
3019,1604,1,4,Above average. Would recommend to fans of the genre.,2022-09-06 20:46:00
815,2500,2,3,"Mixed feelings. Good premise, mediocre execution.",2023-02-25 19:07:00
3388,1337,2,3,Average. Had its moments but failed to really engage me.,2024-09-15 12:57:00
3206,2177,13,5,I finished this in two sittings. Absolutely riveting.,2024-07-30 08:55:00
5018,1786,3,2,The plot felt disjointed and the pacing was off throughout.,2022-06-02 15:49:00
4702,986,39,4,Above average. Would recommend to fans of the genre.,2023-04-15 10:09:00
1068,1114,21,4,,2024-04-06 17:49:00
5161,2146,35,3,Neither great nor terrible. Passes the time.,2024-09-29 23:04:00
3789,1394,12,4,A very good read overall. Some chapters were slow but worth it.,2023-11-20 19:42:00
2422,2588,6,2,Would not recommend. Too slow and the payoff was not worth it.,2024-12-31 17:11:00
4693,2041,3,3,"Some interesting parts, but overall felt underwhelming.",2022-07-28 17:48:00
1376,405,39,3,"Some interesting parts, but overall felt underwhelming.",2024-11-15 07:01:00
4578,2573,1,5,Perfect blend of story and insight. Will read again.,2021-11-02 12:58:00
2502,1124,1,4,Enjoyed it quite a bit. Solid writing and interesting ideas.,2024-12-11 07:03:00
748,134,4,4,Pleasant read. Nothing groundbreaking but definitely enjoyable.,2022-03-05 08:51:00
2293,2657,12,4,Mostly great. The middle section drags a bit.,2024-05-13 18:51:00
5034,1840,1,4,Mostly great. The middle section drags a bit.,2023-01-09 14:19:00
4688,266,2,4,Above average. Would recommend to fans of the genre.,2024-12-31 12:37:00
2604,2740,2,4,"Good book, though the ending felt a little rushed.",2024-06-14 13:28:00
667,779,1,4,Above average. Would recommend to fans of the genre.,2024-08-29 09:41:00
2137,1939,1,4,Pleasant read. Nothing groundbreaking but definitely enjoyable.,2024-08-16 11:39:00
1055,359,2,3,,2021-09-10 19:03:00
5330,1173,6,2,The plot felt disjointed and the pacing was off throughout.,2024-05-03 16:16:00
4455,1027,13,3,"Some interesting parts, but overall felt underwhelming.",2023-03-14 08:25:00
2841,2746,24,3,Decent read. Not my favourite but not bad either.,2022-02-26 19:40:00
2176,2563,154,3,Had potential but did not quite deliver on its promise.,2022-07-31 10:38:00
4028,83,1,5,A masterpiece. Every chapter left me wanting more.,2023-12-23 22:33:00
2783,1915,2,4,A very good read overall. Some chapters were slow but worth it.,2024-08-21 08:34:00
2241,1983,2,3,Decent read. Not my favourite but not bad either.,2024-10-16 23:52:00
2166,1832,2,3,"Some interesting parts, but overall felt underwhelming.",2022-05-10 07:44:00
3760,263,1,4,Mostly great. The middle section drags a bit.,2023-11-19 19:47:00
4545,643,17,5,The writing is exceptional and the story gripped me from page one.,2023-05-03 12:27:00
692,784,10,3,It was okay. The hype around this book is a bit overstated.,2024-10-09 18:29:00
4089,1864,12,4,,2024-02-23 09:48:00
3136,129,6,3,Had potential but did not quite deliver on its promise.,2023-12-22 13:33:00
2899,940,9,3,Decent read. Not my favourite but not bad either.,2022-11-26 09:44:00
1418,2750,2,2,Overrated. I did not enjoy the characters at all.,2023-05-23 08:24:00
437,932,1,4,Pleasant read. Nothing groundbreaking but definitely enjoyable.,2023-08-03 09:33:00
4649,2762,1,2,The plot felt disjointed and the pacing was off throughout.,2023-04-09 14:38:00
2579,462,3,2,Would not recommend. Too slow and the payoff was not worth it.,2021-09-26 16:41:00
2815,819,1,5,Absolutely loved this book — couldn't put it down!,2023-03-12 15:11:00
4512,2658,6,3,Had potential but did not quite deliver on its promise.,2024-10-08 14:58:00
4913,636,2,5,,2021-12-02 20:33:00
2933,2305,1,4,Well-written and engaging. A few plot holes but forgivable.,2021-04-01 11:59:00
2284,2090,11,3,Neither great nor terrible. Passes the time.,2020-11-14 09:00:00
4263,926,5,2,Overrated. I did not enjoy the characters at all.,2022-07-11 08:17:00
1930,79,1,2,Struggled to get through it. The story meanders endlessly.,2024-07-14 11:26:00
2530,938,5,3,Neither great nor terrible. Passes the time.,2023-02-20 08:31:00
621,950,73,4,Well-written and engaging. A few plot holes but forgivable.,2023-09-30 18:28:00
1458,1805,2,4,Well-written and engaging. A few plot holes but forgivable.,2023-02-15 09:54:00
2726,2734,13,4,"Good book, though the ending felt a little rushed.",2023-03-14 18:49:00
995,1138,4,3,Neither great nor terrible. Passes the time.,2021-09-10 12:35:00
4764,1057,6,3,"Some interesting parts, but overall felt underwhelming.",2020-01-30 07:33:00
3187,2298,4,3,Had potential but did not quite deliver on its promise.,2022-01-12 11:18:00
350,155,6,4,Pleasant read. Nothing groundbreaking but definitely enjoyable.,2024-12-29 12:39:00
2292,840,2,4,Enjoyed it quite a bit. Solid writing and interesting ideas.,2024-02-20 15:23:00
1014,1034,1,2,Overrated. I did not enjoy the characters at all.,2023-04-27 20:44:00
1059,1833,2,4,A very good read overall. Some chapters were slow but worth it.,2021-07-29 07:40:00
908,2120,1,4,Pleasant read. Nothing groundbreaking but definitely enjoyable.,2021-03-02 18:44:00
134,492,4,3,Had potential but did not quite deliver on its promise.,2024-05-18 09:58:00
5283,1641,1,3,Average. Had its moments but failed to really engage me.,2024-07-09 18:02:00
3129,1911,1,4,Enjoyed it quite a bit. Solid writing and interesting ideas.,2024-05-01 16:54:00
1387,411,41,5,Absolutely loved this book — couldn't put it down!,2023-10-08 10:11:00
3931,1214,11,4,Well-written and engaging. A few plot holes but forgivable.,2024-08-02 17:42:00
2742,1128,11,3,"Mixed feelings. Good premise, mediocre execution.",2023-05-20 11:52:00
2358,331,3,5,I finished this in two sittings. Absolutely riveting.,2022-01-25 10:23:00
1823,2755,1,4,Pleasant read. Nothing groundbreaking but definitely enjoyable.,2024-11-25 22:06:00
923,1548,1,4,Liked it. The first half is stronger than the second.,2024-12-31 20:16:00
1584,1926,1,4,A very good read overall. Some chapters were slow but worth it.,2024-07-10 07:57:00
222,1451,51,3,,2023-12-03 02:37:00
4188,2564,135,2,The plot felt disjointed and the pacing was off throughout.,2023-10-09 16:02:00
2177,2037,134,6,Above average. Would recommend to fans of the genre.,2024-06-07 14:36:00
2111,498,4,3,Average. Had its moments but failed to really engage me.,2024-12-16 02:36:00
1208,1372,3,4,Mostly great. The middle section drags a bit.,2024-06-13 16:45:00
3347,843,1,4,Above average. Would recommend to fans of the genre.,2020-08-17 06:57:00
2908,1655,89,4,A very good read overall. Some chapters were slow but worth it.,2024-02-15 12:36:00
953,1944,4,4,Mostly great. The middle section drags a bit.,2022-06-16 12:09:00
3895,2228,2,4,Mostly great. The middle section drags a bit.,2024-10-23 20:20:00
1361,708,14,4,Liked it. The first half is stronger than the second.,2023-05-18 16:48:00
1116,124,1,3,"Mixed feelings. Good premise, mediocre execution.",2024-01-12 10:10:00
3671,1932,7,5,One of the best reads I have had in years. Highly recommended.,2022-01-01 22:13:00
1622,1522,3,3,It was okay. The hype around this book is a bit overstated.,2022-11-06 07:18:00
959,2396,3,3,,2023-07-10 17:28:00
4049,2467,82,3,Decent read. Not my favourite but not bad either.,2024-11-17 10:58:00
3991,555,1,3,Had potential but did not quite deliver on its promise.,2024-07-27 19:50:00
3233,2527,1,4,Enjoyed it quite a bit. Solid writing and interesting ideas.,2024-06-22 09:12:00
3611,810,181,4,Above average. Would recommend to fans of the genre.,2023-10-21 01:56:00
746,2349,4,2,Would not recommend. Too slow and the payoff was not worth it.,2023-01-09 10:44:00
1824,341,3,2,Would not recommend. Too slow and the payoff was not worth it.,2024-12-25 15:04:00
5322,2544,15,5,One of the best reads I have had in years. Highly recommended.,2021-11-20 21:38:00
3836,49,109,5,I finished this in two sittings. Absolutely riveting.,2024-08-24 16:58:00
4313,1842,2,3,Neither great nor terrible. Passes the time.,2024-04-24 09:58:00
664,704,1,5,One of the best reads I have had in years. Highly recommended.,2024-12-31 12:47:00
5224,1832,19,3,"Mixed feelings. Good premise, mediocre execution.",2022-01-21 09:03:00
1693,1378,4,4,"Good book, though the ending felt a little rushed.",2022-10-13 20:21:00
171,1986,1,5,,2024-12-31 14:21:00
3236,2754,1,0,Enjoyed it quite a bit. Solid writing and interesting ideas.,2024-07-18 16:34:00
5358,1435,1,4,Liked it. The first half is stronger than the second.,2022-07-04 18:48:00
3018,155,1,3,Decent read. Not my favourite but not bad either.,2024-10-28 09:34:00
3205,2209,1,5,A masterpiece. Every chapter left me wanting more.,2024-08-21 11:22:00
556,127,2,3,Had potential but did not quite deliver on its promise.,2024-10-04 19:35:00
4445,873,5,3,"Mixed feelings. Good premise, mediocre execution.",2024-02-18 07:10:00
3243,1425,1,5,Beautifully written. The author's style is simply stunning.,2022-01-02 00:33:00
137,2779,6,3,It was okay. The hype around this book is a bit overstated.,2023-12-23 11:22:00
3209,30,5,4,Enjoyed it quite a bit. Solid writing and interesting ideas.,2024-07-14 13:17:00
1784,1935,24,4,"Good book, though the ending felt a little rushed.",2022-05-28 19:45:00
3202,1664,2,5,Exceeded all my expectations. Truly extraordinary.,2024-04-19 04:53:00
4319,2214,62,3,Neither great nor terrible. Passes the time.,2023-02-28 16:55:00
2820,547,26,2,Would not recommend. Too slow and the payoff was not worth it.,2024-06-25 19:59:00
4614,2100,3,2,The plot felt disjointed and the pacing was off throughout.,2022-06-09 12:44:00
380,501,4,3,Average. Had its moments but failed to really engage me.,2024-11-26 23:29:00
3035,2088,1,4,,2024-06-01 13:44:00
894,1750,1,4,A very good read overall. Some chapters were slow but worth it.,2023-12-09 19:51:00
3641,393,3,3,"Some interesting parts, but overall felt underwhelming.",2022-07-26 11:00:00
3328,644,3,3,"Mixed feelings. Good premise, mediocre execution.",2023-04-27 07:07:00
4260,2725,2,3,Neither great nor terrible. Passes the time.,2021-06-08 18:01:00
3776,1117,4,3,,2024-06-22 12:34:00
342,453,3,4,Above average. Would recommend to fans of the genre.,2024-03-17 12:36:00
301,2077,1,3,Neither great nor terrible. Passes the time.,2024-10-15 07:50:00
3540,1019,4,3,"Mixed feelings. Good premise, mediocre execution.",2024-06-22 17:16:00
988,756,1,4,Above average. Would recommend to fans of the genre.,2023-09-24 17:27:00
2341,2599,5,3,It was okay. The hype around this book is a bit overstated.,2022-07-30 16:44:00
3668,1854,4,2,Disappointed. Expected much more based on the reviews.,2023-04-25 09:31:00
696,939,3,3,,2024-12-09 07:07:00
935,2555,109,5,,2021-08-24 21:22:00
3491,813,4,2,The plot felt disjointed and the pacing was off throughout.,2024-08-13 06:01:00
3738,330,2,6,One of the best reads I have had in years. Highly recommended.,2024-04-04 07:33:00
4927,1753,1,4,Liked it. The first half is stronger than the second.,2021-10-07 13:23:00
1847,50,7,4,"Good book, though the ending felt a little rushed.",2022-09-17 18:12:00
2960,1743,1,5,Exceeded all my expectations. Truly extraordinary.,2024-01-30 18:20:00
5596,1417,5,4,Mostly great. The middle section drags a bit.,2024-10-26 15:34:00
5142,1003,8,2,The plot felt disjointed and the pacing was off throughout.,2022-08-13 18:40:00
122,2222,2,1,Do not waste your money on this.,2021-01-26 08:43:00
3321,443,3,3,Neither great nor terrible. Passes the time.,2023-07-22 12:27:00
2374,2245,14,5,I finished this in two sittings. Absolutely riveting.,2022-11-05 09:50:00
5513,1277,3,4,Well-written and engaging. A few plot holes but forgivable.,2021-09-18 20:26:00
4561,467,1,4,A very good read overall. Some chapters were slow but worth it.,2023-09-20 08:21:00
1076,351,4,4,Pleasant read. Nothing groundbreaking but definitely enjoyable.,2022-04-09 15:10:00
2891,2469,6,4,A very good read overall. Some chapters were slow but worth it.,2024-05-12 15:24:00
420,1047,2,3,Neither great nor terrible. Passes the time.,2024-11-05 11:39:00
78,19,1,4,Pleasant read. Nothing groundbreaking but definitely enjoyable.,2024-05-07 16:38:00
3853,1076,1,3,It was okay. The hype around this book is a bit overstated.,2024-04-28 20:08:00
5477,515,4,2,The plot felt disjointed and the pacing was off throughout.,2024-01-07 07:40:00
3271,1224,2,4,,2021-09-15 12:35:00
2441,997,2,5,I finished this in two sittings. Absolutely riveting.,2024-12-21 20:43:00
4280,480,15,5,A masterpiece. Every chapter left me wanting more.,2022-02-02 18:22:00
744,669,2,4,"Good book, though the ending felt a little rushed.",2024-01-26 11:34:00
4708,2618,75,4,Enjoyed it quite a bit. Solid writing and interesting ideas.,2022-09-02 20:32:00
2823,1352,2,5,Brilliant narrative. The characters feel genuinely real.,2021-11-11 21:11:00
4704,2501,1,3,,2022-03-28 21:30:00
2507,1553,1,3,"Mixed feelings. Good premise, mediocre execution.",2024-04-06 15:52:00
4158,504,6,3,"Mixed feelings. Good premise, mediocre execution.",2021-11-29 08:51:00
5532,886,4,3,It was okay. The hype around this book is a bit overstated.,2021-10-24 07:16:00
4856,2749,2,4,Enjoyed it quite a bit. Solid writing and interesting ideas.,2024-01-23 06:04:00
3162,1490,3,3,Average. Had its moments but failed to really engage me.,2024-11-15 11:18:00
2906,1381,1,4,"Good book, though the ending felt a little rushed.",2021-09-11 21:56:00
129,1993,8,3,Average. Had its moments but failed to really engage me.,2021-10-02 20:24:00
3749,595,30,3,It was okay. The hype around this book is a bit overstated.,2023-03-10 07:13:00
2448,790,23,3,,2024-09-23 07:40:00
392,193,1,4,Liked it. The first half is stronger than the second.,2023-07-14 04:51:00
812,1023,5,2,Struggled to get through it. The story meanders endlessly.,2024-10-07 21:24:00
3485,2316,12,5,One of the best reads I have had in years. Highly recommended.,2023-12-28 23:35:00
562,670,77,3,"Some interesting parts, but overall felt underwhelming.",2024-06-02 19:27:00
1772,292,1,5,This book changed the way I think. A must-read for everyone.,2024-03-29 21:11:00
4436,786,7,4,Well-written and engaging. A few plot holes but forgivable.,2023-01-28 07:38:00
1436,1698,2,4,"Good book, though the ending felt a little rushed.",2024-12-10 09:20:00
2857,2050,1,3,Decent read. Not my favourite but not bad either.,2024-10-13 19:22:00
2157,1900,2,4,,2023-11-21 06:21:00
7,1241,1,3,"Mixed feelings. Good premise, mediocre execution.",2022-01-11 14:42:00
4672,2453,1,2,Would not recommend. Too slow and the payoff was not worth it.,2024-10-31 19:33:00
3820,2121,24,3,"Mixed feelings. Good premise, mediocre execution.",2022-05-10 17:22:00
4904,1774,3,3,Decent read. Not my favourite but not bad either.,2024-04-12 15:27:00
1800,1805,1,3,Neither great nor terrible. Passes the time.,2024-08-13 20:49:00
4024,1102,26,4,Mostly great. The middle section drags a bit.,2024-01-20 14:28:00
4786,2525,14,3,It was okay. The hype around this book is a bit overstated.,2021-12-14 16:50:00
1119,670,8,3,Neither great nor terrible. Passes the time.,2024-07-02 21:17:00
5488,448,1,4,Enjoyed it quite a bit. Solid writing and interesting ideas.,2024-03-03 19:46:00
551,2177,6,3,Neither great nor terrible. Passes the time.,2024-05-31 03:33:00
5221,2146,18,3,"Mixed feelings. Good premise, mediocre execution.",2024-04-16 16:12:00
1314,947,2,5,This book changed the way I think. A must-read for everyone.,2023-11-14 13:10:00
634,2261,1,2,Would not recommend. Too slow and the payoff was not worth it.,2024-02-12 18:45:00
3359,494,3,3,,2024-11-24 08:43:00
3861,930,3,3,Had potential but did not quite deliver on its promise.,2024-11-12 09:44:00
5210,981,2,4,Pleasant read. Nothing groundbreaking but definitely enjoyable.,2024-09-12 04:12:00
1355,992,1,2,Not for me. The writing style felt very dated.,2024-01-28 11:10:00
5010,1720,18,2,,2023-08-23 19:04:00
1717,1884,1,3,,2024-12-28 15:26:00
4359,2760,170,2,Disappointed. Expected much more based on the reviews.,2024-09-07 19:49:00
1016,2396,2,3,"Mixed feelings. Good premise, mediocre execution.",2020-10-24 19:44:00
884,1610,2,3,"Some interesting parts, but overall felt underwhelming.",2024-06-21 14:10:00
3002,1883,1,5,A masterpiece. Every chapter left me wanting more.,2022-07-28 12:05:00
733,2339,1,4,Enjoyed it quite a bit. Solid writing and interesting ideas.,2022-05-15 19:02:00
2461,636,4,3,"Mixed feelings. Good premise, mediocre execution.",2022-07-29 09:45:00
4892,2766,5,3,Neither great nor terrible. Passes the time.,2021-08-14 18:05:00
3037,2103,1,4,Pleasant read. Nothing groundbreaking but definitely enjoyable.,2023-12-31 18:52:00
2887,898,2,3,Average. Had its moments but failed to really engage me.,2022-03-24 14:49:00
983,117,4,3,"Some interesting parts, but overall felt underwhelming.",2024-07-18 23:41:00
2398,1032,6,2,Struggled to get through it. The story meanders endlessly.,2024-06-15 07:43:00
4370,883,1,5,Absolutely loved this book — couldn't put it down!,2023-09-26 11:30:00
2942,360,1,3,,2024-01-14 23:23:00
5026,982,1,4,A very good read overall. Some chapters were slow but worth it.,2024-03-20 09:41:00
369,2777,3,4,"Good book, though the ending felt a little rushed.",2024-08-27 13:10:00
2435,2640,5,4,Well-written and engaging. A few plot holes but forgivable.,2023-09-21 12:05:00
3627,1185,1,4,Mostly great. The middle section drags a bit.,2024-09-22 08:17:00
3203,1171,18,4,,2023-03-04 13:47:00
178,971,1,4,Pleasant read. Nothing groundbreaking but definitely enjoyable.,2024-12-31 18:28:00
146,1788,2,3,Average. Had its moments but failed to really engage me.,2023-01-27 11:22:00
1368,2184,67,4,Pleasant read. Nothing groundbreaking but definitely enjoyable.,2024-04-21 21:43:00
666,2741,4,2,Not for me. The writing style felt very dated.,2022-10-26 17:48:00
2484,992,3,2,The plot felt disjointed and the pacing was off throughout.,2024-01-12 12:28:00
340,608,3,4,Pleasant read. Nothing groundbreaking but definitely enjoyable.,2024-11-04 20:05:00
4703,1411,29,4,,2022-03-30 23:24:00
2801,1054,3,3,,2024-07-24 17:06:00
2575,959,7,5,Absolutely loved this book — couldn't put it down!,2022-12-04 18:48:00
1023,2722,21,4,,2024-05-05 12:51:00
3005,1245,18,3,"Mixed feelings. Good premise, mediocre execution.",2020-11-05 18:24:00
1379,486,34,3,"Some interesting parts, but overall felt underwhelming.",2021-08-03 19:33:00
1960,2652,2,4,Above average. Would recommend to fans of the genre.,2024-10-16 08:26:00
4212,111,15,4,"Good book, though the ending felt a little rushed.",2024-12-02 18:07:00
3178,2238,1,4,Well-written and engaging. A few plot holes but forgivable.,2024-08-09 12:11:00
2015,2272,6,3,"Some interesting parts, but overall felt underwhelming.",2024-11-12 19:10:00
2008,2327,1,3,Had potential but did not quite deliver on its promise.,2022-12-02 10:33:00
1544,1966,1,5,This book changed the way I think. A must-read for everyone.,2022-02-01 23:53:00
202,1839,2,4,Mostly great. The middle section drags a bit.,2024-10-14 04:02:00
494,2575,1,3,It was okay. The hype around this book is a bit overstated.,2024-05-29 08:17:00
1934,567,1,4,Above average. Would recommend to fans of the genre.,2023-12-19 08:37:00
2457,1080,6,3,"Mixed feelings. Good premise, mediocre execution.",2024-06-13 13:21:00
4121,1394,1,5,,2023-10-14 19:16:00
1984,858,5,2,Disappointed. Expected much more based on the reviews.,2024-05-31 15:59:00
1607,952,3,3,,2022-03-23 17:29:00
4245,302,35,5,Exceeded all my expectations. Truly extraordinary.,2024-10-05 20:25:00
3633,156,4,3,"Some interesting parts, but overall felt underwhelming.",2024-08-02 18:21:00
5167,2544,5,3,,2022-09-06 21:39:00
4421,1667,32,4,"Good book, though the ending felt a little rushed.",2024-09-28 14:44:00
3125,1063,1,4,"Good book, though the ending felt a little rushed.",2024-11-26 09:34:00
1627,892,2,3,It was okay. The hype around this book is a bit overstated.,2024-10-15 17:05:00
3350,1038,12,4,Well-written and engaging. A few plot holes but forgivable.,2023-07-26 00:22:00
3606,239,1,4,"Good book, though the ending felt a little rushed.",2023-11-28 11:04:00
5064,1094,8,4,Above average. Would recommend to fans of the genre.,2023-09-12 10:16:00
2787,1507,1,4,Enjoyed it quite a bit. Solid writing and interesting ideas.,2024-07-20 21:45:00
3612,1322,2,3,Had potential but did not quite deliver on its promise.,2023-01-04 18:03:00
2110,1679,2,3,Decent read. Not my favourite but not bad either.,2024-12-31 18:42:00
10,1817,2,4,Well-written and engaging. A few plot holes but forgivable.,2022-09-15 20:30:00
2109,1821,3,2,The plot felt disjointed and the pacing was off throughout.,2023-11-23 18:13:00
907,2667,2,5,I finished this in two sittings. Absolutely riveting.,2024-10-29 14:51:00
4172,602,2,3,"Mixed feelings. Good premise, mediocre execution.",2024-07-21 13:09:00
3061,2767,63,4,Liked it. The first half is stronger than the second.,2021-11-21 20:47:00
4102,2132,30,4,Above average. Would recommend to fans of the genre.,2024-07-20 13:14:00
503,2695,3,5,A masterpiece. Every chapter left me wanting more.,2023-02-14 17:33:00
3083,622,3,4,Enjoyed it quite a bit. Solid writing and interesting ideas.,2023-11-27 10:28:00
4705,2299,28,4,,2023-08-30 21:44:00
3346,1369,2,3,"Mixed feelings. Good premise, mediocre execution.",2024-09-02 19:29:00
4278,539,6,2,Not for me. The writing style felt very dated.,2023-06-25 08:05:00
5482,1445,6,3,Average. Had its moments but failed to really engage me.,2021-03-10 17:43:00
5057,2090,3,3,It was okay. The hype around this book is a bit overstated.,2023-11-27 20:12:00
4809,2080,1,4,Above average. Would recommend to fans of the genre.,2024-06-05 19:33:00
451,1321,6,3,"Some interesting parts, but overall felt underwhelming.",2023-12-05 14:28:00
1303,283,2,5,Absolutely loved this book — couldn't put it down!,2024-07-05 10:02:00
1491,623,6,3,Neither great nor terrible. Passes the time.,2023-10-28 01:55:00
2385,1328,12,4,Liked it. The first half is stronger than the second.,2024-03-28 08:16:00
2150,1232,9,3,Had potential but did not quite deliver on its promise.,2020-09-22 12:25:00
1115,960,78,4,Above average. Would recommend to fans of the genre.,2023-02-28 20:18:00
2459,2289,1,3,It was okay. The hype around this book is a bit overstated.,2024-02-22 18:33:00
1638,858,1,3,"Mixed feelings. Good premise, mediocre execution.",2022-09-04 17:14:00
1311,2230,1,3,"Mixed feelings. Good premise, mediocre execution.",2024-12-11 07:24:00
4371,1144,6,4,A very good read overall. Some chapters were slow but worth it.,2024-08-30 19:08:00
3158,1159,1,4,"Good book, though the ending felt a little rushed.",2023-04-20 06:54:00
1946,2185,4,3,It was okay. The hype around this book is a bit overstated.,2023-01-07 11:04:00
4625,808,23,4,Enjoyed it quite a bit. Solid writing and interesting ideas.,2024-01-26 16:33:00
906,95,2,2,Would not recommend. Too slow and the payoff was not worth it.,2022-05-10 09:56:00
2065,2701,2,5,Perfect blend of story and insight. Will read again.,2024-07-30 11:03:00
4443,2418,1,3,Neither great nor terrible. Passes the time.,2022-08-17 12:20:00
1380,2242,2,4,"Good book, though the ending felt a little rushed.",2023-09-20 11:55:00
2519,635,7,4,"Good book, though the ending felt a little rushed.",2024-12-26 19:28:00
2250,2132,9,3,Had potential but did not quite deliver on its promise.,2024-12-15 22:28:00
4493,1704,3,4,Above average. Would recommend to fans of the genre.,2024-01-25 19:52:00
5270,203,1,4,,2023-07-02 12:59:00
1906,2733,9,5,Beautifully written. The author's style is simply stunning.,2024-02-27 08:36:00
3888,745,1,4,,2024-02-01 21:13:00
5305,1180,5,5,Absolutely loved this book — couldn't put it down!,2024-12-08 09:37:00
5258,1755,2,4,"Good book, though the ending felt a little rushed.",2022-07-02 09:37:00
2297,112,4,3,"Mixed feelings. Good premise, mediocre execution.",2023-12-21 18:09:00
4325,1155,12,4,"Good book, though the ending felt a little rushed.",2024-01-19 06:50:00
5382,705,5,3,Neither great nor terrible. Passes the time.,2023-10-23 15:58:00
4050,1119,3,4,Above average. Would recommend to fans of the genre.,2024-05-22 20:55:00
3978,919,1,0,Above average. Would recommend to fans of the genre.,2022-10-30 19:03:00
2666,1237,3,2,The plot felt disjointed and the pacing was off throughout.,2024-08-14 19:02:00
4956,62,3,4,Liked it. The first half is stronger than the second.,2023-06-13 23:06:00
2524,2188,3,3,"Mixed feelings. Good premise, mediocre execution.",2022-06-08 19:05:00
4296,675,2,3,It was okay. The hype around this book is a bit overstated.,2021-10-24 18:28:00
2080,1499,2,4,A very good read overall. Some chapters were slow but worth it.,2023-06-21 11:40:00
5560,888,1,3,It was okay. The hype around this book is a bit overstated.,2023-09-29 07:12:00
5592,1750,1,4,A very good read overall. Some chapters were slow but worth it.,2023-12-09 19:51:00
5380,657,3,4,Above average. Would recommend to fans of the genre.,2024-03-02 08:16:00
992,1075,153,5,Beautifully written. The author's style is simply stunning.,2022-11-18 19:21:00
2268,499,1,3,Had potential but did not quite deliver on its promise.,2023-12-23 09:50:00
3984,1695,2,5,Absolutely loved this book — couldn't put it down!,2024-06-08 07:12:00
5067,1449,5,3,"Mixed feelings. Good premise, mediocre execution.",2023-02-08 10:34:00
1686,939,122,4,"Good book, though the ending felt a little rushed.",2024-09-28 18:50:00
2573,2718,2,5,I finished this in two sittings. Absolutely riveting.,2022-01-18 09:55:00
1197,400,18,3,"Some interesting parts, but overall felt underwhelming.",2022-11-14 17:45:00
3591,171,2,4,,2024-03-14 19:50:00
2226,1077,1,4,"Good book, though the ending felt a little rushed.",2023-08-17 07:31:00
4169,509,1,4,A very good read overall. Some chapters were slow but worth it.,2023-05-13 13:14:00
3502,986,100,5,One of the best reads I have had in years. Highly recommended.,2023-10-21 01:08:00
2856,422,4,5,Beautifully written. The author's style is simply stunning.,2023-12-19 08:25:00
4104,623,2,4,Liked it. The first half is stronger than the second.,2023-10-19 22:39:00
4507,1523,8,4,A very good read overall. Some chapters were slow but worth it.,2023-10-21 08:50:00
4191,516,1,4,Well-written and engaging. A few plot holes but forgivable.,2024-08-20 17:31:00
3034,1667,3,3,"Some interesting parts, but overall felt underwhelming.",2023-05-30 05:29:00
3385,1386,1,4,Well-written and engaging. A few plot holes but forgivable.,2023-02-02 07:34:00
2451,2525,9,4,A very good read overall. Some chapters were slow but worth it.,2022-01-12 17:04:00
331,801,2,5,A masterpiece. Every chapter left me wanting more.,2021-12-01 15:10:00
4900,2752,35,5,Brilliant narrative. The characters feel genuinely real.,2024-12-31 23:10:00
2775,969,11,4,"Good book, though the ending felt a little rushed.",2024-10-03 17:50:00
2321,559,1,4,Enjoyed it quite a bit. Solid writing and interesting ideas.,2022-05-22 06:03:00
2703,2153,5,3,"Some interesting parts, but overall felt underwhelming.",2022-09-22 09:18:00
2363,2278,1,5,I finished this in two sittings. Absolutely riveting.,2024-11-24 11:38:00
3278,2296,1,3,Neither great nor terrible. Passes the time.,2023-06-23 05:23:00
4946,1417,1,5,Perfect blend of story and insight. Will read again.,2023-09-12 06:58:00
2481,1865,2,4,,2024-08-04 10:35:00
4471,910,2,4,Well-written and engaging. A few plot holes but forgivable.,2024-11-25 07:07:00
1187,965,2,3,Average. Had its moments but failed to really engage me.,2023-09-19 10:31:00
4423,352,2,4,Well-written and engaging. A few plot holes but forgivable.,2023-05-07 10:13:00
3987,149,2,4,,2024-11-10 19:24:00
2610,551,2,3,Decent read. Not my favourite but not bad either.,2024-02-01 07:27:00
1700,244,3,3,Neither great nor terrible. Passes the time.,2023-07-04 06:02:00
1588,777,2,3,It was okay. The hype around this book is a bit overstated.,2023-01-31 20:19:00
3334,2741,10,4,A very good read overall. Some chapters were slow but worth it.,2022-10-04 19:08:00
903,2057,1,4,A very good read overall. Some chapters were slow but worth it.,2024-10-10 08:11:00
5584,1701,8,3,Decent read. Not my favourite but not bad either.,2023-08-09 08:44:00
989,2554,35,4,Pleasant read. Nothing groundbreaking but definitely enjoyable.,2024-07-08 17:34:00
248,1162,104,3,It was okay. The hype around this book is a bit overstated.,2021-12-22 08:54:00
544,727,1,4,Above average. Would recommend to fans of the genre.,2024-09-13 21:06:00
2799,1568,161,5,A masterpiece. Every chapter left me wanting more.,2024-10-12 14:49:00
1743,910,16,4,A very good read overall. Some chapters were slow but worth it.,2023-11-09 19:27:00
5575,52,2,4,,2022-03-12 06:29:00
3571,684,6,2,Struggled to get through it. The story meanders endlessly.,2022-10-26 20:18:00
3266,1844,2,4,Mostly great. The middle section drags a bit.,2022-07-05 12:12:00
2147,2149,1,4,Mostly great. The middle section drags a bit.,2024-01-27 07:19:00
735,725,2,3,Decent read. Not my favourite but not bad either.,2024-11-30 09:16:00
5466,68,4,4,Well-written and engaging. A few plot holes but forgivable.,2023-10-11 18:40:00
2307,1383,28,4,"Good book, though the ending felt a little rushed.",2024-12-20 16:47:00
1042,599,1,4,Well-written and engaging. A few plot holes but forgivable.,2021-11-22 13:16:00
1593,84,14,6,"Good book, though the ending felt a little rushed.",2022-09-06 16:48:00
2017,571,2,3,It was okay. The hype around this book is a bit overstated.,2020-12-14 19:42:00
5422,1235,2,5,One of the best reads I have had in years. Highly recommended.,2024-07-23 13:39:00
3428,449,1,5,,2023-12-12 18:51:00
2401,709,2,4,A very good read overall. Some chapters were slow but worth it.,2022-10-17 19:49:00
3115,892,4,2,Overrated. I did not enjoy the characters at all.,2023-01-04 11:54:00
4396,2425,9,3,Neither great nor terrible. Passes the time.,2023-07-25 03:31:00
2016,1008,1,3,Neither great nor terrible. Passes the time.,2024-02-26 14:19:00
3999,2634,56,4,Well-written and engaging. A few plot holes but forgivable.,2024-03-23 18:40:00
4589,2541,11,3,"Some interesting parts, but overall felt underwhelming.",2023-12-03 12:21:00
1163,219,3,3,Neither great nor terrible. Passes the time.,2023-12-02 14:12:00
4818,2041,4,3,Neither great nor terrible. Passes the time.,2023-07-06 11:01:00
276,2729,1,4,Liked it. The first half is stronger than the second.,2022-06-20 00:27:00
5587,1701,23,4,,2024-12-31 09:13:00
638,2720,52,4,"Good book, though the ending felt a little rushed.",2023-04-08 17:34:00
5299,2140,13,5,The writing is exceptional and the story gripped me from page one.,2022-09-01 12:32:00
1375,1762,12,5,Beautifully written. The author's style is simply stunning.,2024-09-05 07:48:00
2480,2465,2,4,,2024-04-05 16:55:00
1838,692,1,4,Liked it. The first half is stronger than the second.,2024-08-27 05:23:00
2482,1586,1,2,Overrated. I did not enjoy the characters at all.,2024-01-11 11:59:00
978,143,2,4,Pleasant read. Nothing groundbreaking but definitely enjoyable.,2024-12-08 14:54:00
781,1841,1,4,A very good read overall. Some chapters were slow but worth it.,2022-07-06 08:54:00
2,2444,1,2,Not for me. The writing style felt very dated.,2024-06-18 20:33:00
1427,1354,3,3,Decent read. Not my favourite but not bad either.,2024-10-18 13:16:00
5426,1722,10,4,Pleasant read. Nothing groundbreaking but definitely enjoyable.,2024-12-10 13:17:00
4060,1356,1,4,Liked it. The first half is stronger than the second.,2020-09-25 17:42:00
4538,494,12,5,The writing is exceptional and the story gripped me from page one.,2024-12-31 19:35:00
3741,197,1,5,Perfect blend of story and insight. Will read again.,2024-12-29 20:29:00
2337,1049,2,3,Average. Had its moments but failed to really engage me.,2020-07-21 19:14:00
4753,2524,2,5,Perfect blend of story and insight. Will read again.,2021-08-09 21:18:00
1870,46,2,3,Had potential but did not quite deliver on its promise.,2024-06-15 17:49:00
2512,2536,1,3,Had potential but did not quite deliver on its promise.,2023-12-02 22:22:00
3497,933,82,2,Struggled to get through it. The story meanders endlessly.,2024-06-16 19:59:00
2068,482,60,5,Perfect blend of story and insight. Will read again.,2021-01-22 04:59:00
5164,1163,7,4,Above average. Would recommend to fans of the genre.,2022-10-09 19:03:00
1619,939,2,5,The writing is exceptional and the story gripped me from page one.,2024-09-21 07:00:00
3770,290,6,3,Average. Had its moments but failed to really engage me.,2021-04-23 19:06:00
3740,56,3,4,Well-written and engaging. A few plot holes but forgivable.,2023-10-18 13:37:00
583,2097,7,5,Absolutely loved this book — couldn't put it down!,2024-12-01 16:09:00
641,1084,4,3,Average. Had its moments but failed to really engage me.,2022-10-04 17:04:00
4035,1685,2,5,Perfect blend of story and insight. Will read again.,2021-01-13 18:48:00
1111,2588,10,3,Had potential but did not quite deliver on its promise.,2024-10-13 06:55:00
5130,2577,9,3,Average. Had its moments but failed to really engage me.,2022-12-17 18:52:00
9,1576,2,5,One of the best reads I have had in years. Highly recommended.,2022-05-30 09:17:00
2851,2067,20,0,Neither great nor terrible. Passes the time.,2023-02-28 15:57:00
1767,1146,1,4,Above average. Would recommend to fans of the genre.,2022-10-14 09:37:00
4849,2474,12,3,Had potential but did not quite deliver on its promise.,2023-11-21 23:18:00
5542,1657,1,3,,2022-12-22 10:11:00
153,1484,1,4,A very good read overall. Some chapters were slow but worth it.,2024-09-21 18:51:00
5390,1441,7,5,,2024-03-16 08:29:00
5500,350,5,4,Above average. Would recommend to fans of the genre.,2021-02-26 23:49:00
4874,997,1,3,Had potential but did not quite deliver on its promise.,2023-08-03 00:52:00
4520,855,7,2,Would not recommend. Too slow and the payoff was not worth it.,2023-03-13 16:21:00
2142,392,2,3,Average. Had its moments but failed to really engage me.,2024-05-22 17:03:00
155,2611,1,2,The plot felt disjointed and the pacing was off throughout.,2024-06-26 12:08:00
5512,1701,8,3,Decent read. Not my favourite but not bad either.,2023-08-09 08:44:00
2619,597,1,4,Enjoyed it quite a bit. Solid writing and interesting ideas.,2024-01-29 06:15:00
2830,884,2,4,"Good book, though the ending felt a little rushed.",2024-10-06 15:55:00
5603,500,8,3,Decent read. Not my favourite but not bad either.,2024-09-03 17:18:00
855,723,3,3,It was okay. The hype around this book is a bit overstated.,2022-10-11 18:35:00
2761,446,2,4,,2024-09-27 10:15:00
4915,654,3,4,Enjoyed it quite a bit. Solid writing and interesting ideas.,2023-09-28 06:31:00
1891,713,1,4,Enjoyed it quite a bit. Solid writing and interesting ideas.,2021-10-03 13:36:00
2983,227,99,5,This book changed the way I think. A must-read for everyone.,2021-09-17 07:23:00
2697,2195,12,4,Well-written and engaging. A few plot holes but forgivable.,2022-05-09 08:48:00
493,809,1,5,Brilliant narrative. The characters feel genuinely real.,2022-09-02 14:11:00
2567,149,6,3,"Mixed feelings. Good premise, mediocre execution.",2024-12-17 10:33:00
3302,1987,1,4,Liked it. The first half is stronger than the second.,2022-04-21 13:15:00
1071,511,101,4,"Good book, though the ending felt a little rushed.",2023-12-16 17:57:00
3029,1416,3,5,Exceeded all my expectations. Truly extraordinary.,2021-12-23 18:04:00
5609,2757,1,5,I finished this in two sittings. Absolutely riveting.,2023-08-02 11:17:00
227,1214,1,3,It was okay. The hype around this book is a bit overstated.,2021-09-05 18:09:00
5557,98,2,3,Average. Had its moments but failed to really engage me.,2024-12-31 09:44:00
722,721,2,3,Had potential but did not quite deliver on its promise.,2023-07-27 18:18:00
2101,139,1,5,Absolutely loved this book — couldn't put it down!,2024-09-26 16:30:00
3944,2337,4,3,Average. Had its moments but failed to really engage me.,2020-07-27 17:26:00
2572,178,57,3,Neither great nor terrible. Passes the time.,2021-12-10 18:32:00
4957,2634,3,2,Would not recommend. Too slow and the payoff was not worth it.,2022-11-17 10:33:00
4323,1524,2,3,Had potential but did not quite deliver on its promise.,2024-11-07 20:58:00
357,1258,4,4,Mostly great. The middle section drags a bit.,2023-10-23 06:05:00
1223,356,1,5,Brilliant narrative. The characters feel genuinely real.,2024-08-12 13:24:00
3207,2567,2,4,"Good book, though the ending felt a little rushed.",2024-10-19 07:56:00
5050,2368,51,3,Decent read. Not my favourite but not bad either.,2024-06-05 09:59:00
2537,1952,3,3,Decent read. Not my favourite but not bad either.,2024-12-20 17:55:00
3628,472,3,3,"Mixed feelings. Good premise, mediocre execution.",2022-08-09 12:21:00
1353,2120,2,4,Enjoyed it quite a bit. Solid writing and interesting ideas.,2021-09-24 19:26:00
843,1319,1,4,Pleasant read. Nothing groundbreaking but definitely enjoyable.,2024-05-30 14:02:00
65,460,134,2,Disappointed. Expected much more based on the reviews.,2022-10-06 08:10:00
1048,1440,1,3,"Mixed feelings. Good premise, mediocre execution.",2023-11-28 14:36:00
531,1358,1,3,"Some interesting parts, but overall felt underwhelming.",2024-05-13 14:43:00
805,2091,1,3,"Mixed feelings. Good premise, mediocre execution.",2022-09-19 09:33:00
624,2716,1,3,Neither great nor terrible. Passes the time.,2023-08-25 09:58:00
3010,1713,1,4,Well-written and engaging. A few plot holes but forgivable.,2024-10-15 16:56:00
362,500,2,4,Liked it. The first half is stronger than the second.,2021-09-03 17:25:00
508,725,1,3,"Mixed feelings. Good premise, mediocre execution.",2024-10-22 20:51:00
2864,1308,6,4,"Good book, though the ending felt a little rushed.",2023-11-04 19:51:00
4109,2159,1,-1,Enjoyed it quite a bit. Solid writing and interesting ideas.,2022-08-27 08:31:00
4235,966,3,3,It was okay. The hype around this book is a bit overstated.,2023-12-25 19:53:00
1591,1629,1,3,Had potential but did not quite deliver on its promise.,2023-12-07 20:27:00
4056,665,2,2,The plot felt disjointed and the pacing was off throughout.,2021-11-13 21:58:00
2353,1878,2,4,Well-written and engaging. A few plot holes but forgivable.,2024-09-14 06:58:00
680,1397,2,3,It was okay. The hype around this book is a bit overstated.,2021-08-01 08:17:00
390,232,11,5,One of the best reads I have had in years. Highly recommended.,2023-01-19 19:38:00
2119,1774,48,2,Would not recommend. Too slow and the payoff was not worth it.,2024-03-25 08:27:00
1440,462,2,3,Average. Had its moments but failed to really engage me.,2021-03-10 09:04:00
4541,327,2,5,Exceeded all my expectations. Truly extraordinary.,2023-06-05 23:24:00
4622,2294,9,4,Mostly great. The middle section drags a bit.,2023-09-19 20:51:00
3913,1492,1,4,Pleasant read. Nothing groundbreaking but definitely enjoyable.,2023-02-25 16:28:00
3935,2255,1,5,I finished this in two sittings. Absolutely riveting.,2023-11-15 13:25:00
404,855,31,4,"Good book, though the ending felt a little rushed.",2022-10-13 20:45:00
4449,1244,1,3,Average. Had its moments but failed to really engage me.,2020-10-19 09:07:00
1050,2309,1,4,Pleasant read. Nothing groundbreaking but definitely enjoyable.,2023-07-21 12:58:00
1063,2751,8,2,Would not recommend. Too slow and the payoff was not worth it.,2024-03-08 19:54:00
2369,699,4,4,"Good book, though the ending felt a little rushed.",2024-12-31 17:22:00
2275,2688,2,5,The writing is exceptional and the story gripped me from page one.,2024-04-11 08:30:00
3787,1111,8,5,Absolutely loved this book — couldn't put it down!,2024-12-31 11:12:00
500,2425,3,4,Liked it. The first half is stronger than the second.,2023-02-11 20:38:00
1856,172,2,4,Above average. Would recommend to fans of the genre.,2024-05-13 09:05:00
5052,2733,12,5,,2024-10-01 03:56:00
3801,1081,2,3,Decent read. Not my favourite but not bad either.,2024-12-18 15:29:00
1654,206,106,3,Decent read. Not my favourite but not bad either.,2024-06-05 11:44:00
5393,2771,1,3,Average. Had its moments but failed to really engage me.,2024-03-10 18:42:00
4918,1748,2,5,The writing is exceptional and the story gripped me from page one.,2024-11-14 10:26:00
1653,1816,44,4,Above average. Would recommend to fans of the genre.,2024-01-17 14:32:00
2392,365,1,4,A very good read overall. Some chapters were slow but worth it.,2024-11-12 17:23:00
1255,1038,1,4,"Good book, though the ending felt a little rushed.",2022-05-29 13:51:00
5032,323,70,4,Well-written and engaging. A few plot holes but forgivable.,2024-08-22 16:40:00
3361,2366,5,3,It was okay. The hype around this book is a bit overstated.,2023-09-12 17:50:00
4454,2747,5,2,,2023-12-29 19:37:00
179,1527,1,5,A masterpiece. Every chapter left me wanting more.,2020-05-12 15:40:00
5025,1853,8,4,"Good book, though the ending felt a little rushed.",2024-12-22 23:36:00
3761,1355,3,4,Enjoyed it quite a bit. Solid writing and interesting ideas.,2024-07-27 18:44:00
4606,1699,2,3,Decent read. Not my favourite but not bad either.,2022-11-15 11:35:00
540,724,23,3,It was okay. The hype around this book is a bit overstated.,2024-11-27 22:42:00
4526,512,7,5,The writing is exceptional and the story gripped me from page one.,2021-09-16 19:09:00
2471,2128,2,2,Not for me. The writing style felt very dated.,2021-09-08 23:35:00
1206,165,14,4,Liked it. The first half is stronger than the second.,2023-08-21 21:17:00
2563,656,1,2,Struggled to get through it. The story meanders endlessly.,2023-08-14 20:53:00
5003,893,4,3,Neither great nor terrible. Passes the time.,2024-09-27 19:09:00
1218,2398,1,5,I finished this in two sittings. Absolutely riveting.,2023-11-03 13:33:00
3889,453,11,4,Enjoyed it quite a bit. Solid writing and interesting ideas.,2020-06-19 13:47:00
828,890,3,7,"Some interesting parts, but overall felt underwhelming.",2023-12-12 12:16:00
4209,1771,2,3,Neither great nor terrible. Passes the time.,2022-05-20 12:53:00
866,1645,82,3,Decent read. Not my favourite but not bad either.,2024-09-25 11:29:00
1324,2005,1,3,"Some interesting parts, but overall felt underwhelming.",2024-09-03 05:44:00
948,871,128,4,Above average. Would recommend to fans of the genre.,2023-12-15 14:12:00
4828,1498,1,4,Well-written and engaging. A few plot holes but forgivable.,2023-05-04 22:34:00
5594,130,129,4,,2024-08-31 18:58:00
1538,1203,2,4,Enjoyed it quite a bit. Solid writing and interesting ideas.,2024-06-10 18:44:00
1831,2667,37,4,A very good read overall. Some chapters were slow but worth it.,2024-10-09 18:35:00
2085,215,32,3,"Mixed feelings. Good premise, mediocre execution.",2022-05-25 13:08:00
3531,2760,5,3,It was okay. The hype around this book is a bit overstated.,2024-12-31 11:42:00
4791,793,1,4,Liked it. The first half is stronger than the second.,2024-11-30 19:14:00
1241,1730,1,5,Exceeded all my expectations. Truly extraordinary.,2024-10-13 04:40:00
4067,328,5,5,Absolutely loved this book — couldn't put it down!,2024-03-20 17:14:00
4742,1067,2,3,Average. Had its moments but failed to really engage me.,2023-09-05 16:54:00
2600,946,3,3,Average. Had its moments but failed to really engage me.,2023-10-05 16:08:00
4886,2530,2,4,Mostly great. The middle section drags a bit.,2024-07-12 13:43:00
395,2365,16,4,Above average. Would recommend to fans of the genre.,2024-07-17 18:34:00
3075,1993,4,4,A very good read overall. Some chapters were slow but worth it.,2024-05-22 07:14:00
5621,1854,30,4,Enjoyed it quite a bit. Solid writing and interesting ideas.,2024-10-17 13:17:00
1309,54,165,3,"Mixed feelings. Good premise, mediocre execution.",2024-03-18 21:10:00
1421,1803,2,4,"Good book, though the ending felt a little rushed.",2023-09-27 15:18:00
1256,2055,1,3,"Some interesting parts, but overall felt underwhelming.",2021-06-02 16:30:00
374,2191,2,4,Enjoyed it quite a bit. Solid writing and interesting ideas.,2021-03-13 03:55:00
1753,2017,22,3,Neither great nor terrible. Passes the time.,2020-05-08 22:21:00
4221,2707,3,4,Mostly great. The middle section drags a bit.,2024-09-20 17:43:00
4920,728,2,5,Brilliant narrative. The characters feel genuinely real.,2024-10-27 05:01:00
913,17,3,3,It was okay. The hype around this book is a bit overstated.,2020-07-13 09:24:00
893,272,1,4,Mostly great. The middle section drags a bit.,2024-10-01 18:38:00
3013,1333,1,4,"Good book, though the ending felt a little rushed.",2024-12-31 04:25:00
3934,1046,5,4,Liked it. The first half is stronger than the second.,2023-12-01 23:45:00
1988,1865,8,4,,2024-12-31 08:53:00
4074,1982,5,5,Exceeded all my expectations. Truly extraordinary.,2020-01-27 12:32:00
1944,787,2,4,"Good book, though the ending felt a little rushed.",2022-11-13 18:41:00
5127,2169,2,3,Neither great nor terrible. Passes the time.,2021-12-03 18:22:00
714,1782,1,5,Absolutely loved this book — couldn't put it down!,2023-02-01 20:27:00
3790,1238,1,4,Above average. Would recommend to fans of the genre.,2022-02-12 19:40:00
3031,2479,9,3,Had potential but did not quite deliver on its promise.,2023-11-28 19:01:00
3071,539,71,5,Perfect blend of story and insight. Will read again.,2023-10-12 08:32:00
4026,1948,4,4,Above average. Would recommend to fans of the genre.,2023-12-18 19:22:00
4800,2122,8,1,Could not finish it. Extremely boring.,2024-09-22 19:51:00
1851,49,6,2,Would not recommend. Too slow and the payoff was not worth it.,2023-10-15 02:01:00
2242,1290,3,3,It was okay. The hype around this book is a bit overstated.,2022-06-21 18:44:00
1334,1078,9,3,Decent read. Not my favourite but not bad either.,2024-05-23 20:57:00
3092,1497,1,4,A very good read overall. Some chapters were slow but worth it.,2021-08-31 18:58:00
2167,1626,3,4,Mostly great. The middle section drags a bit.,2023-11-07 07:22:00
5339,1006,4,2,Struggled to get through it. The story meanders endlessly.,2024-07-27 10:54:00
559,2513,2,5,Brilliant narrative. The characters feel genuinely real.,2023-12-29 20:13:00
2956,1133,4,5,Beautifully written. The author's style is simply stunning.,2022-11-03 17:07:00
4467,600,66,2,Disappointed. Expected much more based on the reviews.,2021-03-06 18:21:00
2580,1232,2,5,The writing is exceptional and the story gripped me from page one.,2022-02-01 22:03:00
1171,664,1,4,Pleasant read. Nothing groundbreaking but definitely enjoyable.,2024-05-23 11:33:00
1177,2488,1,5,Absolutely loved this book — couldn't put it down!,2023-09-20 23:01:00
1215,321,1,5,This book changed the way I think. A must-read for everyone.,2024-11-03 04:20:00
4686,2487,12,4,Liked it. The first half is stronger than the second.,2023-11-03 15:01:00
3508,98,5,4,Well-written and engaging. A few plot holes but forgivable.,2024-12-18 09:41:00
2860,1820,1,4,Well-written and engaging. A few plot holes but forgivable.,2024-05-19 14:18:00
1258,2034,8,2,Disappointed. Expected much more based on the reviews.,2022-04-29 08:38:00
4574,115,52,4,Pleasant read. Nothing groundbreaking but definitely enjoyable.,2022-01-16 14:10:00
4617,847,6,2,Would not recommend. Too slow and the payoff was not worth it.,2024-10-29 13:18:00
677,1965,1,7,Mostly great. The middle section drags a bit.,2022-09-12 12:41:00
3074,1706,1,3,"Some interesting parts, but overall felt underwhelming.",2021-03-03 07:27:00
2190,1184,4,3,Average. Had its moments but failed to really engage me.,2024-10-05 14:31:00
1952,852,3,3,Average. Had its moments but failed to really engage me.,2024-12-31 16:52:00
2747,1815,1,5,Absolutely loved this book — couldn't put it down!,2023-12-15 19:38:00
4250,1466,5,2,Would not recommend. Too slow and the payoff was not worth it.,2023-03-14 15:09:00
967,1696,1,2,Disappointed. Expected much more based on the reviews.,2023-07-07 04:46:00
4980,863,1,3,Neither great nor terrible. Passes the time.,2023-04-29 09:52:00
804,1841,91,3,"Mixed feelings. Good premise, mediocre execution.",2023-03-16 14:20:00
627,1154,1,5,Exceeded all my expectations. Truly extraordinary.,2024-10-22 13:15:00
4627,63,4,3,Neither great nor terrible. Passes the time.,2024-01-11 04:23:00
5601,2294,1,4,Well-written and engaging. A few plot holes but forgivable.,2020-07-09 14:25:00
4350,142,9,5,A masterpiece. Every chapter left me wanting more.,2024-03-04 12:16:00
3362,1593,1,5,Perfect blend of story and insight. Will read again.,2023-01-24 18:14:00
3154,2041,2,5,Brilliant narrative. The characters feel genuinely real.,2024-03-18 07:31:00
4634,436,8,3,It was okay. The hype around this book is a bit overstated.,2024-12-31 00:43:00
2996,61,2,4,,2022-12-12 11:08:00
5157,647,1,5,,2024-10-25 19:02:00
4656,2663,5,2,Not for me. The writing style felt very dated.,2024-06-01 08:32:00
819,14,30,3,Decent read. Not my favourite but not bad either.,2024-12-06 20:19:00
93,34,69,3,Average. Had its moments but failed to really engage me.,2024-12-14 16:31:00
4869,2532,6,3,,2021-06-24 18:22:00
3805,2209,2,2,The plot felt disjointed and the pacing was off throughout.,2024-08-16 10:23:00
4339,1734,3,4,Enjoyed it quite a bit. Solid writing and interesting ideas.,2024-09-28 06:49:00
3816,716,31,4,Above average. Would recommend to fans of the genre.,2022-10-18 16:21:00
4781,2038,3,4,Above average. Would recommend to fans of the genre.,2022-10-13 12:59:00
2588,1253,1,1,One of the worst books I have read. No coherent plot.,2023-08-17 16:48:00
3990,1507,3,3,,2024-04-28 20:28:00
5452,224,1,2,Disappointed. Expected much more based on the reviews.,2024-07-27 19:36:00
104,2382,2,3,It was okay. The hype around this book is a bit overstated.,2023-06-24 16:16:00
3176,1795,1,4,Mostly great. The middle section drags a bit.,2022-12-13 19:21:00
1951,446,5,3,"Mixed feelings. Good premise, mediocre execution.",2024-12-01 22:02:00
1646,1242,9,3,Decent read. Not my favourite but not bad either.,2024-08-17 20:39:00
2691,2259,1,5,This book changed the way I think. A must-read for everyone.,2024-11-09 08:06:00
5376,1882,2,4,"Good book, though the ending felt a little rushed.",2024-11-25 07:15:00
2396,369,1,4,Enjoyed it quite a bit. Solid writing and interesting ideas.,2020-08-28 14:48:00
5375,2513,5,4,A very good read overall. Some chapters were slow but worth it.,2023-05-22 16:09:00
3679,143,4,3,"Mixed feelings. Good premise, mediocre execution.",2024-10-13 13:36:00
2833,98,2,3,Average. Had its moments but failed to really engage me.,2024-12-31 09:44:00
4460,1659,14,2,Would not recommend. Too slow and the payoff was not worth it.,2023-01-03 10:00:00
4475,2463,4,4,,2022-04-08 13:04:00
5162,1693,37,3,"Mixed feelings. Good premise, mediocre execution.",2023-11-19 09:28:00
2115,2188,2,4,Mostly great. The middle section drags a bit.,2023-06-25 10:03:00
980,538,6,3,Average. Had its moments but failed to really engage me.,2023-02-23 14:33:00
3604,380,1,3,It was okay. The hype around this book is a bit overstated.,2022-03-20 18:58:00
993,2038,1,3,Neither great nor terrible. Passes the time.,2023-11-14 09:40:00
5414,103,10,4,Liked it. The first half is stronger than the second.,2024-09-21 20:45:00
94,2158,1,2,Overrated. I did not enjoy the characters at all.,2022-10-13 16:14:00
1437,2166,4,3,"Some interesting parts, but overall felt underwhelming.",2024-12-30 12:00:00
5070,196,7,4,Liked it. The first half is stronger than the second.,2021-02-12 18:02:00
1293,675,25,5,Brilliant narrative. The characters feel genuinely real.,2022-03-28 11:52:00
5294,35,58,3,Had potential but did not quite deliver on its promise.,2024-12-31 06:32:00
1510,2412,1,4,Above average. Would recommend to fans of the genre.,2024-08-14 09:55:00
274,619,1,5,Absolutely loved this book — couldn't put it down!,2022-11-30 06:32:00
4046,2253,18,3,Average. Had its moments but failed to really engage me.,2022-08-16 18:46:00
1852,600,2,4,Pleasant read. Nothing groundbreaking but definitely enjoyable.,2021-06-30 20:13:00
2962,252,1,4,Pleasant read. Nothing groundbreaking but definitely enjoyable.,2024-06-26 16:26:00
852,1490,6,3,"Mixed feelings. Good premise, mediocre execution.",2024-11-28 13:06:00
653,756,26,2,Would not recommend. Too slow and the payoff was not worth it.,2023-07-12 07:20:00
1017,576,11,4,"Good book, though the ending felt a little rushed.",2021-07-30 09:47:00
1226,1776,1,4,A very good read overall. Some chapters were slow but worth it.,2023-09-02 10:48:00
5316,2238,7,3,"Mixed feelings. Good premise, mediocre execution.",2024-12-24 13:23:00
4375,2131,5,2,Not for me. The writing style felt very dated.,2024-12-31 13:43:00
2300,2615,2,5,Brilliant narrative. The characters feel genuinely real.,2022-10-16 20:18:00
3309,1475,6,4,,2022-12-12 18:58:00
5231,1499,11,4,,2023-08-08 18:18:00
4429,2012,7,5,Perfect blend of story and insight. Will read again.,2021-08-03 14:03:00
3588,1662,14,4,A very good read overall. Some chapters were slow but worth it.,2024-07-26 17:01:00
1094,1426,1,3,"Mixed feelings. Good premise, mediocre execution.",2024-11-21 18:52:00
5417,1726,3,3,"Some interesting parts, but overall felt underwhelming.",2023-03-21 01:55:00
3249,1414,2,4,,2023-09-24 12:21:00
2741,2283,15,3,Decent read. Not my favourite but not bad either.,2024-08-22 20:40:00
3047,2299,1,4,"Good book, though the ending felt a little rushed.",2023-09-23 06:35:00
126,578,1,5,One of the best reads I have had in years. Highly recommended.,2022-03-09 14:52:00
151,1183,1,5,One of the best reads I have had in years. Highly recommended.,2023-12-19 06:12:00
231,2380,2,5,Exceeded all my expectations. Truly extraordinary.,2023-03-10 18:02:00
5523,892,20,5,Beautifully written. The author's style is simply stunning.,2024-12-15 13:00:00
5498,2132,31,4,Above average. Would recommend to fans of the genre.,2024-01-03 16:34:00
820,139,3,4,Liked it. The first half is stronger than the second.,2024-11-22 13:43:00
900,635,1,4,Enjoyed it quite a bit. Solid writing and interesting ideas.,2023-09-22 17:42:00
1179,1514,2,3,Decent read. Not my favourite but not bad either.,2023-07-18 10:50:00
2433,613,2,3,Had potential but did not quite deliver on its promise.,2024-03-26 17:22:00
2643,1021,3,3,Decent read. Not my favourite but not bad either.,2024-08-22 16:34:00
2368,1772,18,3,It was okay. The hype around this book is a bit overstated.,2024-03-10 14:05:00
3200,1230,5,2,The plot felt disjointed and the pacing was off throughout.,2020-02-26 23:21:00
2650,2730,1,4,Pleasant read. Nothing groundbreaking but definitely enjoyable.,2024-12-31 10:34:00
4138,68,3,3,"Some interesting parts, but overall felt underwhelming.",2024-02-07 16:39:00
1519,1955,1,3,Decent read. Not my favourite but not bad either.,2022-11-14 18:03:00
845,2577,1,5,Brilliant narrative. The characters feel genuinely real.,2022-06-29 22:42:00
1431,688,3,5,Exceeded all my expectations. Truly extraordinary.,2021-11-12 07:37:00
734,2618,2,4,A very good read overall. Some chapters were slow but worth it.,2020-11-26 10:23:00
2912,1582,2,4,Mostly great. The middle section drags a bit.,2024-12-15 21:30:00
1362,1410,3,3,Neither great nor terrible. Passes the time.,2021-07-23 19:46:00
529,2461,4,3,Had potential but did not quite deliver on its promise.,2024-02-03 22:44:00
5163,2488,77,2,,2023-10-13 17:55:00
2598,1345,1,3,Neither great nor terrible. Passes the time.,2024-11-13 08:37:00
519,2009,1,4,Enjoyed it quite a bit. Solid writing and interesting ideas.,2022-04-30 06:24:00
3445,2036,2,4,Liked it. The first half is stronger than the second.,2024-09-12 07:01:00
5347,759,95,5,Perfect blend of story and insight. Will read again.,2024-01-21 16:04:00
1803,90,2,4,A very good read overall. Some chapters were slow but worth it.,2023-07-16 11:23:00
800,928,4,3,Decent read. Not my favourite but not bad either.,2024-12-31 10:32:00
250,1152,1,4,Above average. Would recommend to fans of the genre.,2024-10-23 07:18:00
1955,2163,7,4,A very good read overall. Some chapters were slow but worth it.,2024-12-29 14:15:00
520,437,2,4,Enjoyed it quite a bit. Solid writing and interesting ideas.,2024-09-08 18:21:00
3166,1181,3,4,"Good book, though the ending felt a little rushed.",2024-06-27 09:37:00
2188,1853,14,3,Average. Had its moments but failed to really engage me.,2024-07-28 09:58:00
2636,553,1,4,A very good read overall. Some chapters were slow but worth it.,2021-08-18 09:10:00
2670,2006,2,4,"Good book, though the ending felt a little rushed.",2024-03-25 07:17:00
3556,1547,6,2,Would not recommend. Too slow and the payoff was not worth it.,2024-08-15 15:56:00
4448,1930,3,5,One of the best reads I have had in years. Highly recommended.,2024-12-31 13:12:00
5037,2045,10,3,"Mixed feelings. Good premise, mediocre execution.",2021-01-16 19:35:00
3325,523,5,4,Mostly great. The middle section drags a bit.,2023-06-19 20:33:00
1885,1541,2,4,,2024-03-03 06:08:00
1176,35,35,5,Exceeded all my expectations. Truly extraordinary.,2024-06-24 07:49:00
2494,2775,2,4,,2021-08-19 08:29:00
1069,554,29,0,Absolutely loved this book — couldn't put it down!,2024-11-08 06:26:00
4210,509,16,5,,2023-08-08 21:34:00
1886,60,11,6,Neither great nor terrible. Passes the time.,2023-09-27 11:54:00
2316,2523,4,4,Pleasant read. Nothing groundbreaking but definitely enjoyable.,2024-03-01 16:57:00
2231,1658,1,3,"Some interesting parts, but overall felt underwhelming.",2023-10-24 07:08:00
1879,1302,1,4,Liked it. The first half is stronger than the second.,2022-01-06 20:54:00
3651,2182,12,3,Decent read. Not my favourite but not bad either.,2023-11-24 13:09:00
1049,1882,3,4,Mostly great. The middle section drags a bit.,2024-07-04 09:12:00
3854,918,2,4,A very good read overall. Some chapters were slow but worth it.,2024-11-21 09:35:00
413,2795,93,4,A very good read overall. Some chapters were slow but worth it.,2021-12-19 17:45:00
5615,291,2,4,Well-written and engaging. A few plot holes but forgivable.,2023-01-29 11:09:00
1438,2685,53,4,Enjoyed it quite a bit. Solid writing and interesting ideas.,2024-08-18 18:05:00
3222,2480,1,3,Average. Had its moments but failed to really engage me.,2023-06-22 09:53:00
3815,1039,1,5,Brilliant narrative. The characters feel genuinely real.,2024-06-03 11:36:00
5334,2394,3,5,Exceeded all my expectations. Truly extraordinary.,2024-05-23 17:59:00
4964,1369,1,5,Absolutely loved this book — couldn't put it down!,2024-09-26 19:40:00
2505,2154,6,3,It was okay. The hype around this book is a bit overstated.,2022-06-05 11:17:00
3981,2030,2,3,,2023-10-29 17:32:00
803,987,13,3,"Some interesting parts, but overall felt underwhelming.",2022-12-23 09:50:00
4120,2772,21,4,A very good read overall. Some chapters were slow but worth it.,2020-06-30 17:53:00
1029,587,1,4,"Good book, though the ending felt a little rushed.",2021-07-13 11:36:00
5527,1170,10,3,Decent read. Not my favourite but not bad either.,2024-12-31 20:05:00
3543,694,1,4,Above average. Would recommend to fans of the genre.,2024-10-25 21:32:00
1925,2030,1,4,Enjoyed it quite a bit. Solid writing and interesting ideas.,2023-06-10 11:04:00
802,1258,5,4,,2024-12-06 08:46:00
4432,2108,1,5,One of the best reads I have had in years. Highly recommended.,2024-10-31 17:17:00
4400,1892,163,3,Decent read. Not my favourite but not bad either.,2021-02-22 12:56:00
308,1607,1,4,Liked it. The first half is stronger than the second.,2024-05-14 13:01:00
2181,983,10,5,Perfect blend of story and insight. Will read again.,2022-12-28 19:11:00
1911,75,2,4,Pleasant read. Nothing groundbreaking but definitely enjoyable.,2023-09-22 13:15:00
5046,2435,6,3,Average. Had its moments but failed to really engage me.,2023-01-28 08:15:00
5406,30,2,5,Absolutely loved this book — couldn't put it down!,2023-10-06 18:04:00
3415,256,3,2,Not for me. The writing style felt very dated.,2020-08-15 08:17:00
1815,2659,1,3,Neither great nor terrible. Passes the time.,2021-09-09 09:34:00
3744,879,1,3,Had potential but did not quite deliver on its promise.,2022-08-25 21:42:00
1754,534,1,4,Liked it. The first half is stronger than the second.,2024-10-09 19:27:00
1220,822,1,3,It was okay. The hype around this book is a bit overstated.,2024-08-18 17:58:00
4821,224,3,4,,2024-04-02 21:58:00
2784,507,4,3,Had potential but did not quite deliver on its promise.,2020-10-03 11:41:00
1734,478,1,4,Mostly great. The middle section drags a bit.,2020-10-28 00:08:00
1651,1173,2,2,Overrated. I did not enjoy the characters at all.,2024-04-20 12:40:00
2278,468,1,3,"Some interesting parts, but overall felt underwhelming.",2022-03-08 18:59:00
1180,950,16,2,Disappointed. Expected much more based on the reviews.,2024-09-16 12:55:00
3314,2730,13,3,Average. Had its moments but failed to really engage me.,2024-02-29 07:09:00
3026,296,2,4,Mostly great. The middle section drags a bit.,2023-06-16 12:36:00
2541,2567,3,4,,2024-12-06 10:39:00
1460,1923,1,4,"Good book, though the ending felt a little rushed.",2024-12-31 12:43:00
879,2430,1,4,Above average. Would recommend to fans of the genre.,2024-07-07 08:09:00
787,151,1,4,Mostly great. The middle section drags a bit.,2022-05-27 20:01:00
327,726,5,3,Average. Had its moments but failed to really engage me.,2024-11-21 17:52:00
673,1279,1,4,Mostly great. The middle section drags a bit.,2024-05-06 11:30:00
1507,2133,8,3,Neither great nor terrible. Passes the time.,2024-05-10 19:49:00
4137,1319,3,4,Mostly great. The middle section drags a bit.,2022-08-10 18:35:00
4023,182,67,2,Struggled to get through it. The story meanders endlessly.,2022-08-28 16:22:00
4342,530,48,2,The plot felt disjointed and the pacing was off throughout.,2022-07-29 11:48:00
4082,1614,1,3,Decent read. Not my favourite but not bad either.,2024-06-07 10:08:00
3683,532,2,4,Above average. Would recommend to fans of the genre.,2023-11-12 18:39:00
209,1464,1,4,Above average. Would recommend to fans of the genre.,2023-05-26 06:39:00
4311,2714,3,4,A very good read overall. Some chapters were slow but worth it.,2024-09-08 14:24:00
1873,412,52,3,"Mixed feelings. Good premise, mediocre execution.",2022-12-03 11:16:00
2990,2483,4,2,Not for me. The writing style felt very dated.,2024-12-09 17:15:00
4047,772,22,3,Average. Had its moments but failed to really engage me.,2024-09-07 07:27:00
1469,2358,4,3,Average. Had its moments but failed to really engage me.,2024-02-28 09:36:00
4971,1566,1,2,,2024-09-03 22:04:00
1929,2222,1,5,One of the best reads I have had in years. Highly recommended.,2021-09-10 14:24:00
3727,1666,3,4,"Good book, though the ending felt a little rushed.",2024-02-05 09:15:00
3174,2521,1,2,,2024-04-16 19:17:00
5222,2677,1,6,Enjoyed it quite a bit. Solid writing and interesting ideas.,2022-10-12 19:08:00
4332,1236,2,4,A very good read overall. Some chapters were slow but worth it.,2024-10-06 12:13:00
4665,1250,2,4,Pleasant read. Nothing groundbreaking but definitely enjoyable.,2024-12-31 00:40:00
1385,1290,2,4,A very good read overall. Some chapters were slow but worth it.,2021-10-29 13:49:00
1232,372,5,3,Average. Had its moments but failed to really engage me.,2023-01-04 08:32:00
1702,719,10,3,It was okay. The hype around this book is a bit overstated.,2024-11-07 17:25:00
4037,2245,9,5,Beautifully written. The author's style is simply stunning.,2024-09-13 09:48:00
27,2348,1,4,A very good read overall. Some chapters were slow but worth it.,2023-03-16 07:02:00
385,1004,1,4,,2024-05-29 19:19:00
4772,2748,2,4,Liked it. The first half is stronger than the second.,2023-06-19 22:28:00
2087,1268,1,3,Average. Had its moments but failed to really engage me.,2023-05-14 06:41:00
788,2547,1,4,"Good book, though the ending felt a little rushed.",2021-06-20 17:47:00
1092,42,3,4,Well-written and engaging. A few plot holes but forgivable.,2023-01-16 18:13:00
1965,49,15,5,A masterpiece. Every chapter left me wanting more.,2023-12-18 02:45:00
441,1024,83,4,Well-written and engaging. A few plot holes but forgivable.,2023-12-17 01:19:00
5487,2412,30,2,Overrated. I did not enjoy the characters at all.,2022-10-12 11:55:00
3308,1089,5,3,,2024-05-03 12:50:00
1999,2026,5,3,"Mixed feelings. Good premise, mediocre execution.",2023-07-09 18:34:00
895,2281,1,3,,2021-09-18 21:37:00
711,107,10,4,"Good book, though the ending felt a little rushed.",2024-11-20 16:31:00
4805,2702,11,3,"Mixed feelings. Good premise, mediocre execution.",2021-04-18 17:24:00
2782,1777,2,4,Above average. Would recommend to fans of the genre.,2022-03-13 05:36:00
3426,117,2,3,It was okay. The hype around this book is a bit overstated.,2023-08-03 08:16:00
3509,7,2,4,,2022-12-04 17:07:00
3215,2415,5,3,Average. Had its moments but failed to really engage me.,2024-11-02 22:18:00
1470,419,32,2,Struggled to get through it. The story meanders endlessly.,2024-09-09 07:37:00
2340,1402,1,4,Liked it. The first half is stronger than the second.,2024-02-13 20:41:00
515,129,5,3,"Some interesting parts, but overall felt underwhelming.",2023-06-22 03:24:00
4468,740,1,4,A very good read overall. Some chapters were slow but worth it.,2023-10-26 01:46:00
3759,542,12,4,Well-written and engaging. A few plot holes but forgivable.,2023-10-22 19:42:00
2131,2650,1,5,Perfect blend of story and insight. Will read again.,2022-07-01 18:20:00
3696,598,4,3,"Mixed feelings. Good premise, mediocre execution.",2023-03-23 11:22:00
2497,2373,11,3,"Some interesting parts, but overall felt underwhelming.",2024-08-07 22:28:00
4398,1179,4,4,"Good book, though the ending felt a little rushed.",2024-02-16 17:48:00
3807,2444,26,3,Average. Had its moments but failed to really engage me.,2021-10-23 02:28:00
96,2151,1,4,Pleasant read. Nothing groundbreaking but definitely enjoyable.,2021-06-19 19:23:00
5338,2601,28,2,Disappointed. Expected much more based on the reviews.,2021-12-24 14:08:00
1996,1885,2,4,Above average. Would recommend to fans of the genre.,2022-07-02 09:38:00
2171,1857,2,5,The writing is exceptional and the story gripped me from page one.,2024-03-21 19:46:00
4846,1873,30,3,Decent read. Not my favourite but not bad either.,2023-06-26 14:39:00
1841,1245,4,6,"Good book, though the ending felt a little rushed.",2024-01-25 12:29:00
466,2752,7,5,I finished this in two sittings. Absolutely riveting.,2024-11-29 07:28:00
4406,1482,1,4,Enjoyed it quite a bit. Solid writing and interesting ideas.,2023-08-07 11:27:00
921,422,3,3,Decent read. Not my favourite but not bad either.,2023-08-08 17:25:00
761,520,1,4,Liked it. The first half is stronger than the second.,2023-07-22 08:40:00
5404,2552,12,5,This book changed the way I think. A must-read for everyone.,2022-03-08 11:51:00
5184,796,9,3,Average. Had its moments but failed to really engage me.,2024-11-30 12:05:00
849,312,2,5,Beautifully written. The author's style is simply stunning.,2023-10-21 11:51:00
2377,2624,2,5,Beautifully written. The author's style is simply stunning.,2023-07-11 19:29:00
901,3,3,4,Enjoyed it quite a bit. Solid writing and interesting ideas.,2022-02-16 18:07:00
3498,2525,1,4,Pleasant read. Nothing groundbreaking but definitely enjoyable.,2023-12-18 19:26:00
1456,2259,3,3,"Mixed feelings. Good premise, mediocre execution.",2024-12-13 05:38:00
3964,983,1,3,Average. Had its moments but failed to really engage me.,2021-01-10 13:04:00
3239,1811,1,4,Pleasant read. Nothing groundbreaking but definitely enjoyable.,2021-07-04 16:27:00
4585,578,2,4,Liked it. The first half is stronger than the second.,2022-01-04 11:03:00
1596,798,3,3,It was okay. The hype around this book is a bit overstated.,2023-03-02 16:38:00
304,244,1,3,Had potential but did not quite deliver on its promise.,2024-01-22 16:55:00
1662,888,1,3,It was okay. The hype around this book is a bit overstated.,2023-09-29 07:12:00
3905,453,28,3,,2020-05-20 21:17:00
2443,76,1,3,It was okay. The hype around this book is a bit overstated.,2024-05-15 07:49:00
3268,567,35,3,Decent read. Not my favourite but not bad either.,2024-06-20 09:07:00
4719,1834,88,4,Pleasant read. Nothing groundbreaking but definitely enjoyable.,2024-06-07 11:31:00
604,2672,1,3,Neither great nor terrible. Passes the time.,2023-12-17 09:36:00
207,385,173,4,A very good read overall. Some chapters were slow but worth it.,2021-12-10 11:14:00
708,256,1,3,"Mixed feelings. Good premise, mediocre execution.",2022-09-13 04:22:00
1397,1557,5,2,Would not recommend. Too slow and the payoff was not worth it.,2022-09-13 10:30:00
699,735,34,3,Had potential but did not quite deliver on its promise.,2024-06-25 19:54:00
1280,2227,10,3,Neither great nor terrible. Passes the time.,2024-08-15 10:03:00
2925,2371,35,4,Above average. Would recommend to fans of the genre.,2023-12-18 20:15:00
3881,491,12,3,Decent read. Not my favourite but not bad either.,2024-12-21 19:32:00
3463,2096,17,4,Liked it. The first half is stronger than the second.,2024-11-10 14:15:00
3914,1521,1,4,Pleasant read. Nothing groundbreaking but definitely enjoyable.,2024-01-26 06:03:00
4005,1157,35,3,Average. Had its moments but failed to really engage me.,2022-04-29 13:37:00
4494,335,4,5,Absolutely loved this book — couldn't put it down!,2020-07-29 19:02:00
5125,2522,3,4,A very good read overall. Some chapters were slow but worth it.,2024-11-15 18:04:00
1329,2470,1,5,Absolutely loved this book — couldn't put it down!,2022-04-25 22:35:00
145,1345,14,3,Average. Had its moments but failed to really engage me.,2024-06-09 17:35:00
1365,1655,102,2,Struggled to get through it. The story meanders endlessly.,2024-11-11 15:35:00
3920,278,24,3,Decent read. Not my favourite but not bad either.,2024-03-28 08:05:00
4539,1251,2,4,"Good book, though the ending felt a little rushed.",2023-03-17 06:06:00
3645,188,1,4,Above average. Would recommend to fans of the genre.,2023-01-27 14:36:00
2677,2219,9,3,It was okay. The hype around this book is a bit overstated.,2024-04-06 21:36:00
1724,1668,5,3,It was okay. The hype around this book is a bit overstated.,2023-11-21 22:26:00
502,2513,1,3,,2023-10-05 10:51:00
1442,2378,23,4,Liked it. The first half is stronger than the second.,2024-03-13 18:16:00
1207,407,3,3,"Mixed feelings. Good premise, mediocre execution.",2023-08-11 14:44:00
5420,1172,3,3,Neither great nor terrible. Passes the time.,2023-02-17 20:40:00
18,201,2,4,Mostly great. The middle section drags a bit.,2020-07-17 18:29:00
3448,605,1,5,Brilliant narrative. The characters feel genuinely real.,2024-05-26 15:37:00
324,2553,29,5,Brilliant narrative. The characters feel genuinely real.,2024-12-10 19:26:00
28,1228,1,4,Liked it. The first half is stronger than the second.,2024-05-23 18:44:00
4004,1028,2,5,Exceeded all my expectations. Truly extraordinary.,2024-01-29 12:07:00
911,1036,1,5,Beautifully written. The author's style is simply stunning.,2023-10-02 07:49:00
2076,1252,1,4,,2023-04-18 23:39:00
4110,405,2,3,"Mixed feelings. Good premise, mediocre execution.",2024-06-25 08:46:00
4304,551,5,5,Perfect blend of story and insight. Will read again.,2023-12-01 17:16:00
2766,181,4,2,Struggled to get through it. The story meanders endlessly.,2023-04-05 08:12:00
2679,710,4,3,,2022-12-14 15:26:00
859,2761,1,4,Liked it. The first half is stronger than the second.,2024-10-07 16:43:00
1425,2447,1,3,It was okay. The hype around this book is a bit overstated.,2024-09-13 10:04:00
4631,2766,2,5,One of the best reads I have had in years. Highly recommended.,2022-09-28 18:54:00
1377,2055,2,5,I finished this in two sittings. Absolutely riveting.,2021-02-22 10:55:00
2317,1525,12,4,Above average. Would recommend to fans of the genre.,2024-08-30 15:22:00
2861,1520,3,3,It was okay. The hype around this book is a bit overstated.,2022-06-17 13:20:00
2971,1148,2,5,Absolutely loved this book — couldn't put it down!,2024-05-19 19:10:00
2731,1099,6,2,Struggled to get through it. The story meanders endlessly.,2023-07-07 10:19:00
2837,482,8,3,Had potential but did not quite deliver on its promise.,2024-12-29 19:05:00
4063,2465,1,5,Perfect blend of story and insight. Will read again.,2024-03-05 07:23:00
683,1124,169,5,Perfect blend of story and insight. Will read again.,2024-12-31 18:53:00
2329,1854,13,4,A very good read overall. Some chapters were slow but worth it.,2024-01-28 13:40:00
1150,1651,4,2,Would not recommend. Too slow and the payoff was not worth it.,2024-07-22 17:29:00
311,1456,4,4,Pleasant read. Nothing groundbreaking but definitely enjoyable.,2023-02-17 10:39:00
5439,2398,30,4,Liked it. The first half is stronger than the second.,2022-03-21 16:14:00
672,628,1,5,Exceeded all my expectations. Truly extraordinary.,2022-06-04 15:49:00
2485,2452,1,4,A very good read overall. Some chapters were slow but worth it.,2023-02-01 17:19:00
4244,1149,1,5,Exceeded all my expectations. Truly extraordinary.,2022-02-21 16:25:00
370,1448,1,5,A masterpiece. Every chapter left me wanting more.,2024-03-11 18:11:00
4902,43,1,3,"Mixed feelings. Good premise, mediocre execution.",2023-12-05 19:39:00
489,2170,3,4,Liked it. The first half is stronger than the second.,2024-11-25 19:28:00
1498,2721,1,3,It was okay. The hype around this book is a bit overstated.,2024-02-17 06:04:00
976,2337,1,5,One of the best reads I have had in years. Highly recommended.,2024-05-10 14:16:00
2047,2343,1,2,Struggled to get through it. The story meanders endlessly.,2020-09-03 20:39:00
3634,671,6,3,Had potential but did not quite deliver on its promise.,2024-04-19 07:51:00
2527,255,1,5,Perfect blend of story and insight. Will read again.,2024-11-06 08:51:00
1575,2672,17,5,Beautifully written. The author's style is simply stunning.,2024-10-09 07:07:00
3457,1140,13,5,Beautifully written. The author's style is simply stunning.,2021-03-15 05:42:00
4707,692,8,4,Liked it. The first half is stronger than the second.,2023-10-18 05:16:00
1765,695,4,4,"Good book, though the ending felt a little rushed.",2022-02-08 03:47:00
650,850,9,3,"Some interesting parts, but overall felt underwhelming.",2024-12-19 07:22:00
3998,1114,1,3,It was okay. The hype around this book is a bit overstated.,2023-08-31 08:25:00
5043,2798,1,4,Above average. Would recommend to fans of the genre.,2024-09-12 06:44:00
3791,1432,82,4,Pleasant read. Nothing groundbreaking but definitely enjoyable.,2022-10-26 15:51:00
4392,97,1,5,Brilliant narrative. The characters feel genuinely real.,2021-10-04 09:44:00
2727,2472,3,3,Neither great nor terrible. Passes the time.,2024-11-12 13:19:00
863,295,1,5,The writing is exceptional and the story gripped me from page one.,2024-01-01 11:44:00
2624,888,3,4,Enjoyed it quite a bit. Solid writing and interesting ideas.,2023-11-07 08:55:00
3447,2637,52,2,Would not recommend. Too slow and the payoff was not worth it.,2023-10-20 20:09:00
741,1756,3,3,Average. Had its moments but failed to really engage me.,2024-09-04 09:31:00
956,2336,16,3,Average. Had its moments but failed to really engage me.,2024-04-19 21:47:00
700,2126,4,4,Mostly great. The middle section drags a bit.,2023-05-09 09:45:00
3865,1143,2,4,"Good book, though the ending felt a little rushed.",2024-11-12 05:04:00
5279,388,12,3,Decent read. Not my favourite but not bad either.,2023-10-20 00:41:00
3721,2059,4,4,"Good book, though the ending felt a little rushed.",2022-09-02 19:33:00
4654,1336,1,4,"Good book, though the ending felt a little rushed.",2021-01-08 08:55:00
1616,1747,1,4,Well-written and engaging. A few plot holes but forgivable.,2021-11-19 17:53:00
2227,96,2,5,Beautifully written. The author's style is simply stunning.,2023-09-18 19:21:00
5175,1378,2,3,It was okay. The hype around this book is a bit overstated.,2022-06-14 11:55:00
367,2194,2,5,,2024-11-04 12:24:00
1196,354,1,4,,2024-11-16 12:06:00
2874,1038,20,3,Average. Had its moments but failed to really engage me.,2023-03-04 12:29:00
5566,2336,16,3,Average. Had its moments but failed to really engage me.,2024-04-19 21:47:00
824,298,1,5,Absolutely loved this book — couldn't put it down!,2022-11-16 05:33:00
5112,2019,1,1,Terrible. Wasted my money and my time.,2021-07-08 14:06:00
4671,231,4,2,Overrated. I did not enjoy the characters at all.,2023-01-03 13:27:00
572,411,1,4,Above average. Would recommend to fans of the genre.,2023-08-30 11:25:00
4303,2620,1,5,This book changed the way I think. A must-read for everyone.,2024-04-17 14:57:00
4988,491,90,3,Average. Had its moments but failed to really engage me.,2023-08-03 08:39:00
4196,1125,1,3,Neither great nor terrible. Passes the time.,2023-10-13 06:05:00
2207,1660,1,5,One of the best reads I have had in years. Highly recommended.,2023-08-04 17:31:00
2347,426,1,4,Liked it. The first half is stronger than the second.,2020-08-25 18:19:00
3526,1816,6,3,"Mixed feelings. Good premise, mediocre execution.",2023-11-29 18:55:00
2989,799,1,4,Pleasant read. Nothing groundbreaking but definitely enjoyable.,2024-08-22 07:35:00
170,1041,17,5,,2020-12-03 21:50:00
3238,1943,6,1,Gave up halfway. The writing is unbearable.,2024-09-29 15:40:00
3862,2173,18,3,It was okay. The hype around this book is a bit overstated.,2023-10-24 20:30:00
3532,746,2,5,I finished this in two sittings. Absolutely riveting.,2021-08-12 13:50:00
4427,1590,1,5,The writing is exceptional and the story gripped me from page one.,2022-08-23 17:22:00
2395,809,176,5,Perfect blend of story and insight. Will read again.,2023-03-03 18:24:00
984,2032,1,5,Exceeded all my expectations. Truly extraordinary.,2024-09-27 17:18:00
3925,2097,1,3,"Mixed feelings. Good premise, mediocre execution.",2024-09-13 11:54:00
3153,955,1,3,Had potential but did not quite deliver on its promise.,2023-05-01 18:45:00
791,2187,1,4,Liked it. The first half is stronger than the second.,2024-08-06 19:12:00
5087,1614,2,4,,2024-08-01 08:34:00
4265,917,3,5,Perfect blend of story and insight. Will read again.,2024-06-13 21:24:00
869,1651,5,3,Decent read. Not my favourite but not bad either.,2024-06-23 11:44:00
44,721,1,4,Mostly great. The middle section drags a bit.,2023-08-05 19:03:00
3305,114,1,4,Above average. Would recommend to fans of the genre.,2023-01-30 14:58:00
1528,144,1,4,Above average. Would recommend to fans of the genre.,2023-06-29 21:46:00
1237,2111,4,3,"Mixed feelings. Good premise, mediocre execution.",2024-11-04 09:23:00
5583,519,2,4,Mostly great. The middle section drags a bit.,2023-12-22 20:28:00
2683,980,11,4,Pleasant read. Nothing groundbreaking but definitely enjoyable.,2024-12-07 16:56:00
1148,2223,2,3,Decent read. Not my favourite but not bad either.,2022-12-08 21:16:00
3184,2778,1,5,Exceeded all my expectations. Truly extraordinary.,2024-11-22 07:29:00
3210,2038,163,5,Perfect blend of story and insight. Will read again.,2023-10-08 06:37:00
2453,265,1,4,Pleasant read. Nothing groundbreaking but definitely enjoyable.,2023-01-12 21:34:00
2922,630,1,4,Above average. Would recommend to fans of the genre.,2024-12-05 16:05:00
3326,2178,1,5,The writing is exceptional and the story gripped me from page one.,2024-12-31 19:15:00
3609,1375,1,5,This book changed the way I think. A must-read for everyone.,2020-12-22 16:43:00
236,716,4,3,Average. Had its moments but failed to really engage me.,2022-10-23 16:29:00
353,167,2,3,Neither great nor terrible. Passes the time.,2024-12-09 16:21:00
4163,2029,2,4,Enjoyed it quite a bit. Solid writing and interesting ideas.,2023-02-08 18:35:00
1135,1470,1,3,Had potential but did not quite deliver on its promise.,2024-12-31 15:15:00
4264,1386,34,5,A masterpiece. Every chapter left me wanting more.,2024-02-17 14:55:00
3470,1581,3,4,Well-written and engaging. A few plot holes but forgivable.,2022-11-01 19:45:00
1320,1868,1,4,Mostly great. The middle section drags a bit.,2024-12-31 08:21:00
936,338,4,3,"Some interesting parts, but overall felt underwhelming.",2024-05-03 19:41:00
3681,2053,1,5,The writing is exceptional and the story gripped me from page one.,2022-12-04 15:52:00
401,2772,2,5,The writing is exceptional and the story gripped me from page one.,2021-09-24 14:35:00
1748,543,2,2,Struggled to get through it. The story meanders endlessly.,2023-12-09 14:24:00
5174,2734,2,5,This book changed the way I think. A must-read for everyone.,2023-06-24 18:43:00
3331,527,9,2,Overrated. I did not enjoy the characters at all.,2024-05-26 15:07:00
1997,1025,3,2,The plot felt disjointed and the pacing was off throughout.,2023-04-21 07:08:00
2430,853,1,4,Enjoyed it quite a bit. Solid writing and interesting ideas.,2022-01-08 06:46:00
1471,2284,1,3,It was okay. The hype around this book is a bit overstated.,2024-07-03 20:08:00
1601,119,1,4,Enjoyed it quite a bit. Solid writing and interesting ideas.,2022-09-10 18:28:00
3878,912,33,4,Mostly great. The middle section drags a bit.,2023-11-15 18:02:00
3726,1090,1,4,Above average. Would recommend to fans of the genre.,2024-10-10 14:57:00
3863,232,5,4,"Good book, though the ending felt a little rushed.",2022-10-21 21:38:00
2404,1000,1,3,,2020-08-18 08:47:00
3608,758,2,5,,2021-08-17 12:47:00
5265,2686,2,5,I finished this in two sittings. Absolutely riveting.,2024-11-13 07:15:00
3132,285,3,4,Liked it. The first half is stronger than the second.,2021-09-05 09:19:00
5183,660,1,4,"Good book, though the ending felt a little rushed.",2023-03-20 20:12:00
1709,2634,1,-1,Disappointed. Expected much more based on the reviews.,2023-01-28 11:06:00
3367,2317,3,4,Enjoyed it quite a bit. Solid writing and interesting ideas.,2022-06-08 11:52:00
2427,2160,1,5,I finished this in two sittings. Absolutely riveting.,2024-10-12 19:05:00
3159,1478,2,5,A masterpiece. Every chapter left me wanting more.,2020-12-23 20:05:00
5441,135,3,4,Enjoyed it quite a bit. Solid writing and interesting ideas.,2021-03-17 20:35:00
2838,1490,2,5,I finished this in two sittings. Absolutely riveting.,2022-10-05 12:15:00
3551,2663,3,4,Well-written and engaging. A few plot holes but forgivable.,2024-08-30 14:21:00
3495,1812,28,3,"Mixed feelings. Good premise, mediocre execution.",2024-04-20 18:27:00
2267,278,1,4,Liked it. The first half is stronger than the second.,2022-01-05 13:42:00
2538,2483,20,4,Enjoyed it quite a bit. Solid writing and interesting ideas.,2024-08-24 10:58:00
1786,112,1,5,This book changed the way I think. A must-read for everyone.,2020-02-10 12:38:00
4991,697,16,3,It was okay. The hype around this book is a bit overstated.,2024-11-18 08:24:00
4810,1004,7,4,Above average. Would recommend to fans of the genre.,2024-09-12 14:14:00
910,2317,1,2,Struggled to get through it. The story meanders endlessly.,2021-10-22 18:15:00
668,388,3,4,A very good read overall. Some chapters were slow but worth it.,2023-01-24 12:22:00
5418,1477,7,4,Liked it. The first half is stronger than the second.,2022-01-27 13:10:00
3766,2744,1,5,I finished this in two sittings. Absolutely riveting.,2022-12-17 20:18:00
973,1296,57,4,"Good book, though the ending felt a little rushed.",2024-11-12 12:38:00
793,1638,6,3,Had potential but did not quite deliver on its promise.,2024-11-18 08:18:00
1530,23,1,4,A very good read overall. Some chapters were slow but worth it.,2023-08-11 12:27:00
4760,1169,4,2,Disappointed. Expected much more based on the reviews.,2024-05-14 10:10:00
4763,2002,41,5,Brilliant narrative. The characters feel genuinely real.,2022-04-14 17:52:00
4710,217,6,4,Well-written and engaging. A few plot holes but forgivable.,2022-02-16 20:57:00
4378,1476,2,3,,2023-11-19 19:31:00
3897,543,1,4,A very good read overall. Some chapters were slow but worth it.,2024-12-31 15:37:00
169,1941,1,4,"Good book, though the ending felt a little rushed.",2022-12-23 16:56:00
1315,1439,11,5,The writing is exceptional and the story gripped me from page one.,2024-12-12 15:20:00
5593,663,1,4,"Good book, though the ending felt a little rushed.",2023-10-02 14:30:00
3049,2538,1,4,"Good book, though the ending felt a little rushed.",2022-11-20 18:00:00
3185,547,2,3,Had potential but did not quite deliver on its promise.,2023-09-06 16:43:00
5145,2070,3,4,Mostly great. The middle section drags a bit.,2024-01-31 08:51:00
241,2505,1,4,Liked it. The first half is stronger than the second.,2022-05-12 20:32:00
3079,2667,7,5,This book changed the way I think. A must-read for everyone.,2024-12-31 17:44:00
295,1925,3,2,Disappointed. Expected much more based on the reviews.,2024-04-25 19:01:00
393,1391,3,5,This book changed the way I think. A must-read for everyone.,2024-04-21 22:11:00
2265,807,21,4,Well-written and engaging. A few plot holes but forgivable.,2023-11-01 07:07:00
1963,451,34,5,Brilliant narrative. The characters feel genuinely real.,2024-10-01 08:01:00
480,435,2,3,It was okay. The hype around this book is a bit overstated.,2024-08-04 09:11:00
2032,1918,1,3,Neither great nor terrible. Passes the time.,2024-05-23 20:26:00
3826,1507,5,3,Had potential but did not quite deliver on its promise.,2024-11-11 07:42:00
1882,350,10,7,Well-written and engaging. A few plot holes but forgivable.,2022-02-24 13:29:00
2768,109,1,4,Mostly great. The middle section drags a bit.,2024-11-13 13:12:00
4864,1143,1,3,It was okay. The hype around this book is a bit overstated.,2024-11-16 08:22:00
5238,793,55,4,,2023-11-15 23:36:00
4374,1998,2,4,A very good read overall. Some chapters were slow but worth it.,2024-01-04 18:44:00
1289,697,1,4,Above average. Would recommend to fans of the genre.,2022-12-25 09:08:00
4868,1742,7,3,"Some interesting parts, but overall felt underwhelming.",2024-12-31 15:21:00
5068,2535,2,3,Decent read. Not my favourite but not bad either.,2022-10-18 13:59:00
1539,383,14,4,Liked it. The first half is stronger than the second.,2024-12-09 06:51:00
5134,2604,2,4,Above average. Would recommend to fans of the genre.,2024-06-30 19:06:00
4967,1986,17,4,Mostly great. The middle section drags a bit.,2024-10-25 14:39:00
2894,1179,6,3,Decent read. Not my favourite but not bad either.,2024-03-19 12:55:00
1167,956,28,2,Would not recommend. Too slow and the payoff was not worth it.,2024-12-01 14:45:00
767,396,16,5,,2024-07-31 14:03:00
4148,589,47,3,Neither great nor terrible. Passes the time.,2024-07-03 17:42:00
1895,2673,1,4,Enjoyed it quite a bit. Solid writing and interesting ideas.,2024-03-12 15:49:00
1687,246,1,7,Pleasant read. Nothing groundbreaking but definitely enjoyable.,2022-12-27 09:59:00
2508,399,1,4,A very good read overall. Some chapters were slow but worth it.,2024-07-24 22:04:00
3728,2522,13,4,Well-written and engaging. A few plot holes but forgivable.,2024-12-31 10:07:00
4862,706,2,5,A masterpiece. Every chapter left me wanting more.,2024-12-27 16:28:00
11,775,1,5,A masterpiece. Every chapter left me wanting more.,2020-11-24 11:22:00
1917,717,5,4,Above average. Would recommend to fans of the genre.,2021-03-19 15:26:00
2215,979,6,2,Would not recommend. Too slow and the payoff was not worth it.,2023-06-06 11:42:00
2023,1673,20,4,Enjoyed it quite a bit. Solid writing and interesting ideas.,2024-09-06 10:23:00
2878,1546,9,3,Decent read. Not my favourite but not bad either.,2023-11-14 12:04:00
4557,1290,7,5,The writing is exceptional and the story gripped me from page one.,2023-03-30 18:54:00
1913,2412,2,5,The writing is exceptional and the story gripped me from page one.,2023-05-06 09:25:00
762,2520,3,4,"Good book, though the ending felt a little rushed.",2024-01-21 20:16:00
1489,435,1,3,Average. Had its moments but failed to really engage me.,2024-08-06 12:42:00
1954,1743,26,3,Had potential but did not quite deliver on its promise.,2020-12-29 12:29:00
4877,2396,6,2,Disappointed. Expected much more based on the reviews.,2023-09-30 17:58:00
5054,2057,31,5,Brilliant narrative. The characters feel genuinely real.,2021-03-16 20:45:00
685,1338,1,3,Average. Had its moments but failed to really engage me.,2024-05-11 22:33:00
1085,293,4,3,Average. Had its moments but failed to really engage me.,2023-03-16 12:13:00
1959,1530,1,3,Decent read. Not my favourite but not bad either.,2024-05-22 22:16:00
1650,822,2,4,Enjoyed it quite a bit. Solid writing and interesting ideas.,2024-09-29 11:17:00
5438,2680,98,4,"Good book, though the ending felt a little rushed.",2023-11-06 18:33:00
1181,34,42,2,Would not recommend. Too slow and the payoff was not worth it.,2024-12-31 12:44:00
5219,1310,9,4,Well-written and engaging. A few plot holes but forgivable.,2021-12-16 14:15:00
262,2072,5,1,One of the worst books I have read. No coherent plot.,2022-04-14 09:15:00
4651,51,1,3,"Mixed feelings. Good premise, mediocre execution.",2023-11-28 12:00:00
3329,1215,3,3,"Some interesting parts, but overall felt underwhelming.",2021-09-30 11:32:00
1594,1734,1,4,Above average. Would recommend to fans of the genre.,2023-12-29 10:54:00
229,658,1,4,Enjoyed it quite a bit. Solid writing and interesting ideas.,2021-12-13 18:15:00
4053,1230,1,3,"Some interesting parts, but overall felt underwhelming.",2020-11-06 15:50:00
4725,359,24,2,Would not recommend. Too slow and the payoff was not worth it.,2024-02-04 18:15:00
637,820,7,5,Perfect blend of story and insight. Will read again.,2023-07-28 13:13:00
3943,763,11,4,A very good read overall. Some chapters were slow but worth it.,2023-06-29 13:00:00
1783,1914,4,4,Above average. Would recommend to fans of the genre.,2022-09-26 08:46:00
5244,299,9,4,Above average. Would recommend to fans of the genre.,2024-02-14 20:31:00
2688,2487,1,4,A very good read overall. Some chapters were slow but worth it.,2024-02-02 17:36:00
4977,2443,2,4,Above average. Would recommend to fans of the genre.,2024-07-04 18:48:00
217,284,1,5,This book changed the way I think. A must-read for everyone.,2024-04-22 06:07:00
283,116,1,4,Above average. Would recommend to fans of the genre.,2024-07-31 09:45:00
3403,198,1,4,,2023-07-14 21:15:00
3332,1930,8,1,Gave up halfway. The writing is unbearable.,2024-02-23 08:40:00
2328,1156,3,4,A very good read overall. Some chapters were slow but worth it.,2020-05-03 19:31:00
5547,2306,10,3,Decent read. Not my favourite but not bad either.,2023-10-25 13:59:00
1935,1948,5,3,Neither great nor terrible. Passes the time.,2023-07-14 19:23:00
86,507,1,2,Overrated. I did not enjoy the characters at all.,2024-12-31 07:38:00
3647,2433,24,2,Disappointed. Expected much more based on the reviews.,2020-10-22 15:50:00
439,2796,6,4,Enjoyed it quite a bit. Solid writing and interesting ideas.,2022-02-02 09:51:00
3565,1486,2,5,One of the best reads I have had in years. Highly recommended.,2024-05-30 20:28:00
3560,558,11,3,It was okay. The hype around this book is a bit overstated.,2021-07-19 09:11:00
874,1328,23,4,Mostly great. The middle section drags a bit.,2024-12-31 20:14:00
4485,1790,1,4,Liked it. The first half is stronger than the second.,2021-07-05 08:12:00
4083,515,1,4,Mostly great. The middle section drags a bit.,2024-05-25 13:11:00
2289,1344,1,3,Average. Had its moments but failed to really engage me.,2023-06-22 22:12:00
3616,2084,24,4,Pleasant read. Nothing groundbreaking but definitely enjoyable.,2021-08-23 12:53:00
1030,455,2,4,Above average. Would recommend to fans of the genre.,2024-08-11 12:14:00
4687,1568,1,4,Liked it. The first half is stronger than the second.,2023-06-17 19:57:00
4184,1392,111,4,Above average. Would recommend to fans of the genre.,2024-12-31 19:50:00
4645,1526,1,4,Enjoyed it quite a bit. Solid writing and interesting ideas.,2024-05-09 07:29:00
1565,1531,11,4,Liked it. The first half is stronger than the second.,2024-11-28 18:30:00
4084,173,1,5,This book changed the way I think. A must-read for everyone.,2022-06-30 07:42:00
6,385,3,4,Above average. Would recommend to fans of the genre.,2020-04-10 22:59:00
546,2327,10,5,,2024-08-09 06:35:00
3059,565,3,4,Liked it. The first half is stronger than the second.,2024-11-01 13:58:00
4101,2132,1,4,Above average. Would recommend to fans of the genre.,2024-09-13 17:49:00
2740,639,1,4,Liked it. The first half is stronger than the second.,2022-12-02 07:51:00
1738,2017,1,4,Mostly great. The middle section drags a bit.,2024-05-02 13:44:00
243,845,1,4,Pleasant read. Nothing groundbreaking but definitely enjoyable.,2024-09-22 07:04:00
4218,256,2,2,Overrated. I did not enjoy the characters at all.,2023-07-08 08:18:00
3100,89,1,4,Mostly great. The middle section drags a bit.,2024-06-23 21:45:00
1205,2260,1,5,The writing is exceptional and the story gripped me from page one.,2023-10-10 20:21:00
3118,822,5,3,"Some interesting parts, but overall felt underwhelming.",2024-08-14 17:25:00
2529,866,4,2,Disappointed. Expected much more based on the reviews.,2023-05-07 14:43:00
2260,813,2,4,Enjoyed it quite a bit. Solid writing and interesting ideas.,2024-12-23 17:18:00
1275,1523,1,4,Liked it. The first half is stronger than the second.,2023-07-20 15:36:00
4752,2415,3,2,Would not recommend. Too slow and the payoff was not worth it.,2024-01-26 18:11:00
2716,977,2,4,Well-written and engaging. A few plot holes but forgivable.,2024-12-25 17:22:00
3537,1769,22,3,Neither great nor terrible. Passes the time.,2021-02-16 11:43:00
2312,541,1,3,Neither great nor terrible. Passes the time.,2024-12-31 13:55:00
3678,564,2,4,Above average. Would recommend to fans of the genre.,2024-11-04 19:08:00
2760,1426,2,3,Had potential but did not quite deliver on its promise.,2022-05-06 13:43:00
41,1571,5,2,Would not recommend. Too slow and the payoff was not worth it.,2024-12-30 21:07:00
2637,731,1,3,Decent read. Not my favourite but not bad either.,2022-06-16 15:06:00
2483,895,11,5,Exceeded all my expectations. Truly extraordinary.,2022-01-08 09:29:00
3008,951,3,5,One of the best reads I have had in years. Highly recommended.,2024-12-18 11:32:00
4200,2047,7,5,Perfect blend of story and insight. Will read again.,2020-03-30 12:14:00
1408,2429,1,5,One of the best reads I have had in years. Highly recommended.,2022-06-01 11:52:00
2186,2272,1,4,"Good book, though the ending felt a little rushed.",2024-08-07 18:39:00
1308,849,18,4,A very good read overall. Some chapters were slow but worth it.,2024-02-16 06:20:00
3104,1476,5,3,Decent read. Not my favourite but not bad either.,2023-08-31 11:02:00
376,1691,1,4,A very good read overall. Some chapters were slow but worth it.,2024-04-03 16:20:00
4019,1219,3,5,A masterpiece. Every chapter left me wanting more.,2023-03-28 15:21:00
3022,2130,2,3,It was okay. The hype around this book is a bit overstated.,2024-01-11 08:59:00
1490,2359,4,2,Disappointed. Expected much more based on the reviews.,2022-11-20 19:40:00
2276,1895,3,3,"Mixed feelings. Good premise, mediocre execution.",2024-08-22 09:38:00
2414,2576,1,4,A very good read overall. Some chapters were slow but worth it.,2022-07-30 19:54:00
3742,2529,4,3,Had potential but did not quite deliver on its promise.,2024-08-15 23:35:00
747,887,3,4,Liked it. The first half is stronger than the second.,2023-10-24 12:28:00
4333,2288,29,6,Absolutely loved this book — couldn't put it down!,2024-07-28 00:29:00
4183,2697,1,5,One of the best reads I have had in years. Highly recommended.,2023-04-07 13:21:00
3626,1007,5,4,Liked it. The first half is stronger than the second.,2022-01-24 22:52:00
3280,1264,1,4,,2022-10-20 17:24:00
1945,1854,1,4,Pleasant read. Nothing groundbreaking but definitely enjoyable.,2024-12-20 06:37:00
3490,1900,5,4,"Good book, though the ending felt a little rushed.",2023-12-08 17:58:00
2551,1993,1,4,Above average. Would recommend to fans of the genre.,2024-07-23 12:49:00
1291,1478,8,4,Well-written and engaging. A few plot holes but forgivable.,2021-01-06 12:59:00
2622,2413,25,3,"Mixed feelings. Good premise, mediocre execution.",2023-05-19 11:51:00
389,1301,3,4,Mostly great. The middle section drags a bit.,2022-10-02 23:32:00
681,2792,1,3,Average. Had its moments but failed to really engage me.,2023-06-15 18:07:00
5229,1383,3,4,Above average. Would recommend to fans of the genre.,2023-11-19 09:17:00
4307,683,1,3,Average. Had its moments but failed to really engage me.,2021-12-27 18:44:00
1302,1521,2,2,Disappointed. Expected much more based on the reviews.,2024-01-01 17:54:00
4438,838,1,4,Pleasant read. Nothing groundbreaking but definitely enjoyable.,2022-12-15 07:29:00
2199,1574,1,3,Average. Had its moments but failed to really engage me.,2024-08-05 14:34:00
2751,1573,1,3,"Some interesting parts, but overall felt underwhelming.",2024-11-22 18:06:00
312,465,1,3,,2024-10-30 20:53:00
3284,844,8,3,"Some interesting parts, but overall felt underwhelming.",2024-07-14 09:31:00
239,2312,2,4,Above average. Would recommend to fans of the genre.,2024-11-02 13:49:00
1914,1217,2,4,Enjoyed it quite a bit. Solid writing and interesting ideas.,2024-12-22 20:24:00
1806,1603,1,2,Overrated. I did not enjoy the characters at all.,2021-12-12 15:03:00
2452,2739,3,4,A very good read overall. Some chapters were slow but worth it.,2023-02-10 18:58:00
4947,989,1,5,One of the best reads I have had in years. Highly recommended.,2024-02-24 16:58:00
181,2261,2,3,Average. Had its moments but failed to really engage me.,2024-12-31 14:00:00
2179,886,1,4,Above average. Would recommend to fans of the genre.,2021-07-10 21:25:00
1574,484,4,2,Overrated. I did not enjoy the characters at all.,2023-02-15 14:01:00
1164,10,7,7,This book changed the way I think. A must-read for everyone.,2023-05-04 02:19:00
694,2292,4,4,Well-written and engaging. A few plot holes but forgivable.,2024-11-26 23:27:00
5022,539,2,3,"Mixed feelings. Good premise, mediocre execution.",2023-01-10 19:36:00
1956,1085,2,3,"Mixed feelings. Good premise, mediocre execution.",2022-04-11 11:20:00
1502,308,1,4,"Good book, though the ending felt a little rushed.",2024-02-02 02:42:00
334,332,1,4,Well-written and engaging. A few plot holes but forgivable.,2024-11-20 04:17:00
504,964,4,4,Enjoyed it quite a bit. Solid writing and interesting ideas.,2022-01-20 19:09:00
4386,1372,22,2,The plot felt disjointed and the pacing was off throughout.,2024-01-29 09:17:00
5160,1726,1,3,"Mixed feelings. Good premise, mediocre execution.",2023-02-11 17:09:00
3084,676,5,2,The plot felt disjointed and the pacing was off throughout.,2024-12-27 01:27:00
1599,239,4,3,Decent read. Not my favourite but not bad either.,2024-07-05 14:48:00
3413,1882,8,4,Mostly great. The middle section drags a bit.,2024-01-06 18:49:00
3734,1221,11,3,Neither great nor terrible. Passes the time.,2024-08-24 12:01:00
3435,1923,4,3,Average. Had its moments but failed to really engage me.,2022-09-06 13:14:00
1277,299,1,3,"Mixed feelings. Good premise, mediocre execution.",2023-09-15 12:19:00
1980,2442,1,4,Enjoyed it quite a bit. Solid writing and interesting ideas.,2023-02-05 23:27:00
5110,229,1,4,,2022-08-27 12:17:00
1545,2613,6,3,"Some interesting parts, but overall felt underwhelming.",2020-03-16 08:20:00
2948,1433,2,4,"Good book, though the ending felt a little rushed.",2023-10-27 11:14:00
3563,1618,6,3,It was okay. The hype around this book is a bit overstated.,2021-03-22 16:11:00
1605,1664,1,2,Would not recommend. Too slow and the payoff was not worth it.,2020-08-07 08:33:00
5176,2608,11,4,Well-written and engaging. A few plot holes but forgivable.,2023-04-24 17:04:00
5156,527,8,3,It was okay. The hype around this book is a bit overstated.,2024-09-13 08:25:00
2383,2470,2,3,"Some interesting parts, but overall felt underwhelming.",2024-08-24 11:18:00
2000,392,1,4,Pleasant read. Nothing groundbreaking but definitely enjoyable.,2024-09-20 19:49:00
3177,2041,1,5,I finished this in two sittings. Absolutely riveting.,2022-12-21 17:16:00
697,708,1,4,Above average. Would recommend to fans of the genre.,2022-11-09 09:30:00
2380,758,1,3,"Mixed feelings. Good premise, mediocre execution.",2024-11-30 06:05:00
4124,2213,11,3,Average. Had its moments but failed to really engage me.,2023-09-05 09:35:00
687,731,73,2,Would not recommend. Too slow and the payoff was not worth it.,2024-04-22 18:18:00
4679,1521,4,4,Mostly great. The middle section drags a bit.,2024-01-30 17:05:00
3630,1062,3,3,Had potential but did not quite deliver on its promise.,2024-08-04 18:22:00
3707,1674,149,0,The plot felt disjointed and the pacing was off throughout.,2024-02-20 11:32:00
2843,1390,1,4,,2022-05-27 14:17:00
2044,304,1,3,"Mixed feelings. Good premise, mediocre execution.",2024-03-18 13:49:00
3431,351,7,-1,Liked it. The first half is stronger than the second.,2023-03-10 12:32:00
5260,917,1,4,,2024-10-31 08:01:00
1457,59,1,4,Pleasant read. Nothing groundbreaking but definitely enjoyable.,2022-02-09 12:44:00
2146,1252,2,5,One of the best reads I have had in years. Highly recommended.,2023-12-04 08:00:00
2546,1929,35,4,A very good read overall. Some chapters were slow but worth it.,2022-11-16 13:11:00
1128,506,1,4,Liked it. The first half is stronger than the second.,2024-12-21 10:00:00
2263,435,5,2,The plot felt disjointed and the pacing was off throughout.,2024-08-15 07:35:00
3496,950,1,5,One of the best reads I have had in years. Highly recommended.,2024-11-15 13:04:00
3547,2719,2,5,Exceeded all my expectations. Truly extraordinary.,2024-06-19 08:25:00
5530,2606,3,3,It was okay. The hype around this book is a bit overstated.,2024-12-31 08:12:00
547,1412,11,2,,2024-08-05 14:07:00
1813,725,13,3,"Some interesting parts, but overall felt underwhelming.",2024-12-08 13:12:00
5081,1636,4,3,Decent read. Not my favourite but not bad either.,2024-09-28 18:11:00
5447,359,31,0,Exceeded all my expectations. Truly extraordinary.,2024-01-12 18:16:00
220,1439,1,5,,2024-08-06 21:24:00
5253,1890,1,4,Liked it. The first half is stronger than the second.,2023-05-18 08:52:00
5296,2125,3,3,"Mixed feelings. Good premise, mediocre execution.",2024-01-21 07:31:00
3459,471,1,4,A very good read overall. Some chapters were slow but worth it.,2024-09-08 21:37:00
172,865,1,4,Liked it. The first half is stronger than the second.,2022-07-20 11:19:00
4797,2599,1,4,Well-written and engaging. A few plot holes but forgivable.,2023-08-02 17:29:00
996,1787,22,3,Decent read. Not my favourite but not bad either.,2023-12-13 20:41:00
1868,2012,12,5,Absolutely loved this book — couldn't put it down!,2022-04-12 09:34:00
1253,1363,1,5,Absolutely loved this book — couldn't put it down!,2024-06-07 11:03:00
3932,630,2,5,The writing is exceptional and the story gripped me from page one.,2024-12-14 20:45:00
2973,2417,1,4,Liked it. The first half is stronger than the second.,2024-10-19 09:47:00
2536,2167,1,4,Mostly great. The middle section drags a bit.,2021-05-03 15:06:00
3214,2334,9,2,,2024-12-31 15:14:00
2225,2663,2,5,Brilliant narrative. The characters feel genuinely real.,2022-11-22 13:53:00
4876,980,4,3,Neither great nor terrible. Passes the time.,2024-08-01 03:27:00
2713,159,2,5,Brilliant narrative. The characters feel genuinely real.,2023-12-02 17:48:00
3255,734,4,5,Brilliant narrative. The characters feel genuinely real.,2024-05-05 19:58:00
240,2215,1,3,Neither great nor terrible. Passes the time.,2020-10-16 12:02:00
3530,1355,1,2,Would not recommend. Too slow and the payoff was not worth it.,2023-11-10 09:45:00
4326,2235,8,4,Pleasant read. Nothing groundbreaking but definitely enjoyable.,2023-08-23 08:11:00
4215,996,1,5,Absolutely loved this book — couldn't put it down!,2023-12-28 11:30:00
943,780,5,2,The plot felt disjointed and the pacing was off throughout.,2023-10-31 15:27:00
4591,1641,38,5,Absolutely loved this book — couldn't put it down!,2020-04-02 16:24:00
3299,1667,5,3,Had potential but did not quite deliver on its promise.,2023-06-17 10:38:00
4861,663,2,4,,2023-08-02 17:55:00
4724,180,1,4,Liked it. The first half is stronger than the second.,2022-04-12 16:03:00
4355,2231,2,4,Pleasant read. Nothing groundbreaking but definitely enjoyable.,2022-02-10 11:09:00
5116,1074,7,4,Above average. Would recommend to fans of the genre.,2024-08-23 16:12:00
4349,514,16,5,Brilliant narrative. The characters feel genuinely real.,2024-06-18 20:10:00
2780,1070,2,4,A very good read overall. Some chapters were slow but worth it.,2021-11-18 19:49:00
3091,725,4,4,Enjoyed it quite a bit. Solid writing and interesting ideas.,2024-10-25 21:34:00
5198,1232,41,5,This book changed the way I think. A must-read for everyone.,2022-03-23 08:29:00
1136,2634,2,4,Above average. Would recommend to fans of the genre.,2023-10-24 21:02:00
4420,1877,21,5,Beautifully written. The author's style is simply stunning.,2024-11-03 21:52:00
4489,1829,2,4,A very good read overall. Some chapters were slow but worth it.,2022-10-02 15:05:00
2547,279,2,0,Had potential but did not quite deliver on its promise.,2020-10-24 21:25:00
5454,681,1,3,Had potential but did not quite deliver on its promise.,2024-08-27 17:32:00
2213,1533,34,4,Pleasant read. Nothing groundbreaking but definitely enjoyable.,2021-04-10 20:52:00
3356,1272,7,5,Exceeded all my expectations. Truly extraordinary.,2024-06-15 19:28:00
549,2071,4,3,,2024-06-22 18:38:00
1953,1468,1,5,Brilliant narrative. The characters feel genuinely real.,2022-04-15 15:20:00
1065,1964,2,5,Exceeded all my expectations. Truly extraordinary.,2024-02-10 21:48:00
3561,2721,2,4,Mostly great. The middle section drags a bit.,2024-10-04 11:02:00
2197,962,1,3,Neither great nor terrible. Passes the time.,2023-05-07 05:01:00
1443,230,3,5,I finished this in two sittings. Absolutely riveting.,2023-11-12 17:45:00
3631,2457,5,4,Pleasant read. Nothing groundbreaking but definitely enjoyable.,2024-05-13 11:44:00
724,1752,27,2,Not for me. The writing style felt very dated.,2024-01-28 11:58:00
4528,1388,2,4,Mostly great. The middle section drags a bit.,2021-08-26 08:22:00
2477,928,2,5,Brilliant narrative. The characters feel genuinely real.,2024-11-02 18:51:00
5549,385,5,4,Well-written and engaging. A few plot holes but forgivable.,2024-12-24 19:16:00
678,262,1,3,"Some interesting parts, but overall felt underwhelming.",2022-08-30 08:23:00
70,1450,1,3,"Some interesting parts, but overall felt underwhelming.",2022-05-13 23:18:00
3288,1082,1,5,Brilliant narrative. The characters feel genuinely real.,2024-01-08 07:14:00
3546,215,13,4,,2021-08-09 10:27:00
4644,2379,2,3,Decent read. Not my favourite but not bad either.,2024-12-31 18:31:00
4722,1104,7,5,One of the best reads I have had in years. Highly recommended.,2023-12-11 13:30:00
4236,461,1,4,A very good read overall. Some chapters were slow but worth it.,2024-07-15 16:31:00
3264,1088,2,3,Neither great nor terrible. Passes the time.,2023-04-20 19:36:00
3000,2283,3,3,Neither great nor terrible. Passes the time.,2023-11-15 15:41:00
4502,1937,2,3,Average. Had its moments but failed to really engage me.,2023-06-11 19:18:00
1093,2635,10,3,,2021-05-02 17:48:00
4581,16,3,4,"Good book, though the ending felt a little rushed.",2022-08-14 05:50:00
1527,1289,6,2,Would not recommend. Too slow and the payoff was not worth it.,2024-05-04 14:01:00
3688,1175,3,2,Overrated. I did not enjoy the characters at all.,2024-10-14 18:39:00
2520,2055,13,3,Average. Had its moments but failed to really engage me.,2023-12-06 06:49:00
1073,1869,30,3,Neither great nor terrible. Passes the time.,2020-08-08 07:18:00
2302,1280,1,4,Liked it. The first half is stronger than the second.,2021-08-16 22:29:00
522,2594,1,4,,2024-07-06 12:44:00
4737,920,2,5,Beautifully written. The author's style is simply stunning.,2024-10-22 17:33:00
3662,1698,9,4,Mostly great. The middle section drags a bit.,2024-12-29 21:19:00
2866,1742,1,4,Above average. Would recommend to fans of the genre.,2022-11-11 16:32:00
412,2393,1,4,Enjoyed it quite a bit. Solid writing and interesting ideas.,2021-12-08 19:28:00
5281,955,17,3,Decent read. Not my favourite but not bad either.,2022-10-02 14:56:00
211,575,70,3,"Mixed feelings. Good premise, mediocre execution.",2024-07-08 17:41:00
4270,868,24,2,Disappointed. Expected much more based on the reviews.,2024-11-15 13:24:00
2269,1215,22,2,Not for me. The writing style felt very dated.,2020-11-30 14:06:00
1837,1242,3,4,Mostly great. The middle section drags a bit.,2022-02-17 17:14:00
1858,1257,2,4,Well-written and engaging. A few plot holes but forgivable.,2023-05-10 11:03:00
462,1796,12,4,Liked it. The first half is stronger than the second.,2022-09-19 16:02:00
473,672,3,3,"Some interesting parts, but overall felt underwhelming.",2024-10-16 10:30:00
2613,1236,1,3,It was okay. The hype around this book is a bit overstated.,2023-08-13 13:04:00
406,2334,3,4,"Good book, though the ending felt a little rushed.",2023-02-23 19:10:00
1323,1142,1,4,,2022-03-12 18:24:00
3635,194,1,4,Well-written and engaging. A few plot holes but forgivable.,2022-07-28 09:58:00
1921,541,2,3,It was okay. The hype around this book is a bit overstated.,2021-10-30 12:30:00
4394,1524,4,5,,2022-02-14 17:14:00
2050,908,2,4,Liked it. The first half is stronger than the second.,2023-10-29 18:41:00
1499,422,2,4,Well-written and engaging. A few plot holes but forgivable.,2023-09-04 03:27:00
5001,1040,47,3,Neither great nor terrible. Passes the time.,2024-08-01 09:52:00
3423,857,2,4,Above average. Would recommend to fans of the genre.,2024-06-17 22:44:00
3272,2143,1,4,,2023-01-02 16:56:00
4305,2682,1,3,Average. Had its moments but failed to really engage me.,2024-09-24 11:49:00
593,2507,1,4,Mostly great. The middle section drags a bit.,2024-12-25 22:23:00
2700,1718,1,3,Decent read. Not my favourite but not bad either.,2024-05-14 10:50:00
3615,2483,6,7,Not for me. The writing style felt very dated.,2024-10-27 12:30:00
2344,2397,1,4,Enjoyed it quite a bit. Solid writing and interesting ideas.,2024-06-03 09:44:00
1722,107,4,3,Average. Had its moments but failed to really engage me.,2024-06-09 18:17:00
1750,2379,4,3,,2024-10-16 17:55:00
587,2401,1,4,Above average. Would recommend to fans of the genre.,2024-12-31 18:39:00
5493,69,3,6,Had potential but did not quite deliver on its promise.,2021-02-23 05:25:00
4334,1185,20,5,Brilliant narrative. The characters feel genuinely real.,2023-12-03 22:59:00
4931,1800,1,4,Above average. Would recommend to fans of the genre.,2024-02-15 12:34:00
1712,1377,1,5,Exceeded all my expectations. Truly extraordinary.,2024-09-03 01:36:00
2827,916,2,3,Average. Had its moments but failed to really engage me.,2023-03-18 18:55:00
434,2318,2,4,,2023-02-16 07:21:00
703,236,1,4,A very good read overall. Some chapters were slow but worth it.,2021-08-09 21:55:00
5379,2753,102,4,Pleasant read. Nothing groundbreaking but definitely enjoyable.,2023-12-28 07:04:00
4161,2778,4,3,,2022-07-06 18:12:00
4583,1758,1,6,"Some interesting parts, but overall felt underwhelming.",2024-11-29 11:08:00
4001,2470,7,3,"Some interesting parts, but overall felt underwhelming.",2022-10-24 09:40:00
3410,2382,1,5,Beautifully written. The author's style is simply stunning.,2024-11-01 07:30:00
679,1459,2,4,"Good book, though the ending felt a little rushed.",2024-11-03 04:35:00
2770,255,8,4,Enjoyed it quite a bit. Solid writing and interesting ideas.,2024-10-27 22:49:00
3798,1135,27,5,Exceeded all my expectations. Truly extraordinary.,2024-11-22 22:31:00
3822,1719,18,3,Neither great nor terrible. Passes the time.,2021-11-21 10:07:00
2658,1258,2,3,Decent read. Not my favourite but not bad either.,2023-12-19 00:03:00
1434,637,16,5,Beautifully written. The author's style is simply stunning.,2023-04-13 10:47:00
756,1015,5,3,"Some interesting parts, but overall felt underwhelming.",2024-04-27 21:59:00
3909,2364,16,5,This book changed the way I think. A must-read for everyone.,2024-08-27 17:18:00
2681,2571,1,5,One of the best reads I have had in years. Highly recommended.,2023-09-28 17:13:00
187,817,1,3,"Mixed feelings. Good premise, mediocre execution.",2023-03-05 11:19:00
1983,1152,2,3,Had potential but did not quite deliver on its promise.,2023-04-13 20:52:00
5213,1418,38,4,,2023-12-08 19:23:00
2550,618,1,4,Liked it. The first half is stronger than the second.,2023-12-12 20:16:00
5595,2322,1,4,Enjoyed it quite a bit. Solid writing and interesting ideas.,2022-01-28 21:43:00
4204,1307,1,4,"Good book, though the ending felt a little rushed.",2024-10-11 21:00:00
2439,530,3,3,Had potential but did not quite deliver on its promise.,2024-06-11 19:35:00
4667,863,2,3,"Some interesting parts, but overall felt underwhelming.",2022-01-10 19:24:00
5280,2427,7,3,Neither great nor terrible. Passes the time.,2024-12-31 07:36:00
2871,1718,26,3,"Some interesting parts, but overall felt underwhelming.",2024-01-06 13:11:00
402,2790,113,4,A very good read overall. Some chapters were slow but worth it.,2024-02-21 12:19:00
5448,1364,16,4,Pleasant read. Nothing groundbreaking but definitely enjoyable.,2024-10-24 18:40:00
2462,2699,1,5,Brilliant narrative. The characters feel genuinely real.,2021-12-26 07:16:00
2105,821,9,3,Neither great nor terrible. Passes the time.,2023-11-29 17:34:00
3583,1600,11,5,Brilliant narrative. The characters feel genuinely real.,2021-12-10 01:55:00
2445,1809,2,2,Would not recommend. Too slow and the payoff was not worth it.,2021-04-05 08:02:00
2345,2394,1,4,Enjoyed it quite a bit. Solid writing and interesting ideas.,2024-07-31 19:05:00
3843,937,1,3,"Some interesting parts, but overall felt underwhelming.",2024-06-20 19:53:00
3190,500,1,3,Average. Had its moments but failed to really engage me.,2020-09-22 05:54:00
3653,1064,1,3,Decent read. Not my favourite but not bad either.,2024-06-05 06:57:00
2653,1719,2,3,"Some interesting parts, but overall felt underwhelming.",2022-10-13 15:33:00
2326,1463,13,3,It was okay. The hype around this book is a bit overstated.,2021-04-27 11:03:00
4243,2448,1,3,Had potential but did not quite deliver on its promise.,2024-10-04 11:04:00
4168,1090,31,5,Brilliant narrative. The characters feel genuinely real.,2024-12-31 21:49:00
846,2281,51,2,Struggled to get through it. The story meanders endlessly.,2023-12-13 12:20:00
4924,2557,1,3,"Some interesting parts, but overall felt underwhelming.",2022-03-12 20:07:00
1374,245,47,3,Average. Had its moments but failed to really engage me.,2024-12-07 14:04:00
1603,2424,3,3,Neither great nor terrible. Passes the time.,2024-11-02 06:39:00
3301,155,3,4,Well-written and engaging. A few plot holes but forgivable.,2024-11-29 08:34:00
702,519,3,3,Had potential but did not quite deliver on its promise.,2023-04-08 04:29:00
5103,1579,1,4,Pleasant read. Nothing groundbreaking but definitely enjoyable.,2023-10-08 09:42:00
1021,2207,100,5,Brilliant narrative. The characters feel genuinely real.,2024-07-02 11:42:00
285,1388,3,3,"Some interesting parts, but overall felt underwhelming.",2023-10-04 19:56:00
4096,1902,8,3,Neither great nor terrible. Passes the time.,2023-10-15 13:14:00
98,2587,11,4,Pleasant read. Nothing groundbreaking but definitely enjoyable.,2024-10-17 18:02:00
654,826,1,3,Average. Had its moments but failed to really engage me.,2024-12-31 17:46:00
4500,1314,5,4,A very good read overall. Some chapters were slow but worth it.,2020-10-01 18:44:00
3148,2640,17,3,Decent read. Not my favourite but not bad either.,2023-12-15 11:54:00
1908,859,2,2,Overrated. I did not enjoy the characters at all.,2022-03-20 20:48:00
3952,159,1,3,Average. Had its moments but failed to really engage me.,2024-10-27 10:25:00
3718,707,4,3,Decent read. Not my favourite but not bad either.,2024-03-14 06:26:00
857,1916,25,2,Disappointed. Expected much more based on the reviews.,2022-04-25 08:17:00
4506,1904,2,4,"Good book, though the ending felt a little rushed.",2020-11-18 07:22:00
2169,2535,1,3,Decent read. Not my favourite but not bad either.,2022-11-29 10:10:00
2062,760,6,3,It was okay. The hype around this book is a bit overstated.,2021-01-31 11:16:00
4579,2746,34,7,It was okay. The hype around this book is a bit overstated.,2024-10-13 12:35:00
1830,2096,3,2,Would not recommend. Too slow and the payoff was not worth it.,2024-11-08 12:36:00
4299,2676,13,5,I finished this in two sittings. Absolutely riveting.,2024-01-26 13:23:00
4361,1751,1,4,Well-written and engaging. A few plot holes but forgivable.,2023-01-13 17:37:00
4503,2425,14,5,The writing is exceptional and the story gripped me from page one.,2024-06-09 08:25:00
2384,2535,78,4,Above average. Would recommend to fans of the genre.,2023-09-05 20:23:00
3885,1367,7,5,Beautifully written. The author's style is simply stunning.,2024-04-18 12:31:00
5044,1963,1,3,Neither great nor terrible. Passes the time.,2020-10-12 13:14:00
4789,343,4,3,"Some interesting parts, but overall felt underwhelming.",2022-10-28 16:46:00
2607,1363,7,3,Average. Had its moments but failed to really engage me.,2024-03-11 11:27:00
4230,2489,8,2,Struggled to get through it. The story meanders endlessly.,2024-10-12 11:20:00
3648,787,1,3,Decent read. Not my favourite but not bad either.,2023-05-15 18:25:00
1371,786,2,5,Perfect blend of story and insight. Will read again.,2023-01-03 17:19:00
1225,455,16,4,"Good book, though the ending felt a little rushed.",2024-09-09 19:59:00
2945,500,8,3,Decent read. Not my favourite but not bad either.,2024-09-03 17:18:00
757,2539,1,3,Average. Had its moments but failed to really engage me.,2024-11-20 17:25:00
3786,1598,1,4,Mostly great. The middle section drags a bit.,2024-09-16 01:06:00
3579,1627,61,3,It was okay. The hype around this book is a bit overstated.,2024-12-31 19:35:00
3926,2708,2,3,"Mixed feelings. Good premise, mediocre execution.",2022-06-21 08:49:00
1849,1607,10,5,A masterpiece. Every chapter left me wanting more.,2023-01-27 21:27:00
4382,1962,1,5,Absolutely loved this book — couldn't put it down!,2024-12-31 09:41:00
4014,2182,2,3,Average. Had its moments but failed to really engage me.,2023-01-03 18:00:00
1760,744,1,4,A very good read overall. Some chapters were slow but worth it.,2021-06-02 21:36:00
409,1850,1,4,Liked it. The first half is stronger than the second.,2023-10-10 18:09:00
3768,275,6,1,Gave up halfway. The writing is unbearable.,2023-10-31 21:47:00
1708,1533,13,5,Beautifully written. The author's style is simply stunning.,2022-01-15 18:31:00
105,225,2,5,The writing is exceptional and the story gripped me from page one.,2024-09-20 18:09:00
1240,2356,1,4,"Good book, though the ending felt a little rushed.",2024-05-19 20:21:00
1062,2569,19,4,Above average. Would recommend to fans of the genre.,2024-11-20 10:29:00
4119,1200,20,4,Well-written and engaging. A few plot holes but forgivable.,2022-09-14 10:07:00
5059,2399,6,2,,2023-10-25 10:09:00
1602,1278,38,5,The writing is exceptional and the story gripped me from page one.,2022-01-29 13:29:00
3072,739,27,4,Mostly great. The middle section drags a bit.,2023-05-23 20:17:00
1097,2723,6,2,Struggled to get through it. The story meanders endlessly.,2023-04-30 18:36:00
5285,455,1,4,Liked it. The first half is stronger than the second.,2024-08-31 16:24:00
5327,825,7,4,Well-written and engaging. A few plot holes but forgivable.,2024-11-02 18:15:00
3673,1399,1,4,Mostly great. The middle section drags a bit.,2022-10-30 18:05:00
3,753,2,3,Decent read. Not my favourite but not bad either.,2023-01-01 20:28:00
2007,1859,5,3,,2020-12-07 12:33:00
3884,156,1,4,"Good book, though the ending felt a little rushed.",2024-01-29 17:37:00
5269,466,7,3,Had potential but did not quite deliver on its promise.,2022-03-18 10:19:00
4629,1085,8,4,Well-written and engaging. A few plot holes but forgivable.,2023-12-21 09:24:00
5004,437,52,3,It was okay. The hype around this book is a bit overstated.,2024-06-13 00:33:00
149,2089,2,4,Liked it. The first half is stronger than the second.,2022-10-09 07:28:00
1141,422,9,4,A very good read overall. Some chapters were slow but worth it.,2024-11-29 11:30:00
3589,2207,2,5,The writing is exceptional and the story gripped me from page one.,2024-09-10 12:40:00
2601,803,6,3,It was okay. The hype around this book is a bit overstated.,2024-09-01 13:08:00
2299,1008,2,4,Mostly great. The middle section drags a bit.,2024-05-03 18:53:00
1391,1154,3,2,Overrated. I did not enjoy the characters at all.,2024-03-28 05:04:00
3221,554,9,4,A very good read overall. Some chapters were slow but worth it.,2023-07-05 17:11:00
3524,101,4,3,Decent read. Not my favourite but not bad either.,2023-06-21 13:16:00
1861,2485,5,4,Mostly great. The middle section drags a bit.,2024-12-31 15:36:00
4368,685,87,3,"Some interesting parts, but overall felt underwhelming.",2024-06-03 12:39:00
4817,2300,7,3,"Some interesting parts, but overall felt underwhelming.",2022-12-28 11:13:00
3027,2589,3,2,Not for me. The writing style felt very dated.,2024-10-09 09:08:00
3004,794,8,2,Disappointed. Expected much more based on the reviews.,2023-11-19 17:19:00
610,2554,6,3,Decent read. Not my favourite but not bad either.,2023-02-24 13:45:00
1399,2148,27,4,Well-written and engaging. A few plot holes but forgivable.,2024-11-18 14:06:00
5212,1402,10,4,Liked it. The first half is stronger than the second.,2023-03-17 17:51:00
4767,2650,18,2,Disappointed. Expected much more based on the reviews.,2024-11-23 10:05:00
1780,1086,5,5,Beautifully written. The author's style is simply stunning.,2023-07-17 16:39:00
1610,281,1,3,Neither great nor terrible. Passes the time.,2024-07-28 22:08:00
2905,1788,3,3,,2024-04-05 19:24:00
1045,187,2,4,Well-written and engaging. A few plot holes but forgivable.,2021-08-20 15:24:00
2793,1735,2,4,A very good read overall. Some chapters were slow but worth it.,2024-06-12 17:59:00
1166,1006,1,3,"Mixed feelings. Good premise, mediocre execution.",2024-11-28 19:41:00
1235,1295,2,4,Enjoyed it quite a bit. Solid writing and interesting ideas.,2022-11-12 06:39:00
4882,401,2,3,It was okay. The hype around this book is a bit overstated.,2022-03-24 05:36:00
784,876,1,2,,2024-10-22 20:25:00
3910,409,5,4,Above average. Would recommend to fans of the genre.,2023-09-15 08:17:00
3486,1866,1,3,It was okay. The hype around this book is a bit overstated.,2024-01-22 03:26:00
4588,1213,62,3,Neither great nor terrible. Passes the time.,2024-04-18 16:38:00
3872,2670,9,3,Had potential but did not quite deliver on its promise.,2024-08-30 15:13:00
4740,2462,7,5,The writing is exceptional and the story gripped me from page one.,2024-12-28 16:52:00
1548,757,1,2,The plot felt disjointed and the pacing was off throughout.,2020-12-22 14:37:00
5521,2595,2,3,Neither great nor terrible. Passes the time.,2023-09-26 12:52:00
135,1841,2,2,Not for me. The writing style felt very dated.,2023-06-30 21:59:00
4965,1516,1,4,Well-written and engaging. A few plot holes but forgivable.,2023-04-11 07:16:00
496,2361,6,2,Not for me. The writing style felt very dated.,2024-12-31 19:42:00
4544,834,102,4,Above average. Would recommend to fans of the genre.,2024-04-01 07:28:00
5297,1153,4,2,Struggled to get through it. The story meanders endlessly.,2021-04-19 12:50:00
318,2485,1,4,"Good book, though the ending felt a little rushed.",2024-02-24 09:57:00
4883,2098,2,4,Pleasant read. Nothing groundbreaking but definitely enjoyable.,2024-08-09 21:19:00
1298,921,3,3,Had potential but did not quite deliver on its promise.,2024-11-19 03:09:00
3198,631,1,5,A masterpiece. Every chapter left me wanting more.,2023-08-24 14:28:00
5384,727,2,4,Enjoyed it quite a bit. Solid writing and interesting ideas.,2022-11-26 10:27:00
4692,2174,23,3,,2024-01-20 10:33:00
591,1812,2,4,Pleasant read. Nothing groundbreaking but definitely enjoyable.,2023-06-17 16:41:00
1758,2485,3,4,Enjoyed it quite a bit. Solid writing and interesting ideas.,2022-11-09 13:47:00
925,1721,4,2,Would not recommend. Too slow and the payoff was not worth it.,2023-09-04 22:32:00
660,2547,3,4,Enjoyed it quite a bit. Solid writing and interesting ideas.,2022-11-23 13:08:00
947,1050,1,7,"Good book, though the ending felt a little rushed.",2024-12-31 08:13:00
512,192,1,4,"Good book, though the ending felt a little rushed.",2024-09-20 15:56:00
4009,2356,3,3,Neither great nor terrible. Passes the time.,2024-11-04 10:02:00
1170,1482,48,2,,2023-12-19 00:22:00
4816,412,12,5,,2023-05-10 12:20:00
720,969,4,3,Had potential but did not quite deliver on its promise.,2024-07-23 00:01:00
2055,2294,1,4,Well-written and engaging. A few plot holes but forgivable.,2020-07-09 14:25:00
309,729,1,3,It was okay. The hype around this book is a bit overstated.,2022-12-02 15:17:00
2059,243,2,5,This book changed the way I think. A must-read for everyone.,2024-05-23 11:12:00
5344,500,3,5,This book changed the way I think. A must-read for everyone.,2023-09-13 19:18:00
164,1163,1,4,Above average. Would recommend to fans of the genre.,2022-07-22 01:26:00
5436,490,2,4,A very good read overall. Some chapters were slow but worth it.,2023-07-18 12:28:00
590,1071,1,4,Pleasant read. Nothing groundbreaking but definitely enjoyable.,2024-11-12 08:10:00
1463,608,1,5,Absolutely loved this book — couldn't put it down!,2024-03-02 20:10:00
4256,1168,3,3,Had potential but did not quite deliver on its promise.,2024-09-24 18:31:00
4779,1659,31,3,Decent read. Not my favourite but not bad either.,2023-10-21 08:37:00
1047,295,2,4,Enjoyed it quite a bit. Solid writing and interesting ideas.,2023-08-06 14:59:00
1905,2564,39,5,A masterpiece. Every chapter left me wanting more.,2023-06-18 01:50:00
4630,1031,2,5,A masterpiece. Every chapter left me wanting more.,2022-08-17 19:31:00
1556,1735,1,5,I finished this in two sittings. Absolutely riveting.,2023-10-20 20:15:00
3692,329,3,5,A masterpiece. Every chapter left me wanting more.,2024-06-23 16:01:00
5395,2322,2,5,Perfect blend of story and insight. Will read again.,2022-07-24 13:57:00
3352,2174,1,4,Enjoyed it quite a bit. Solid writing and interesting ideas.,2024-07-04 18:46:00
3723,1286,1,4,Enjoyed it quite a bit. Solid writing and interesting ideas.,2024-08-23 11:00:00
4013,2004,1,3,Average. Had its moments but failed to really engage me.,2024-12-31 22:47:00
1480,2029,21,5,Perfect blend of story and insight. Will read again.,2021-10-02 22:22:00
1265,2194,3,4,Pleasant read. Nothing groundbreaking but definitely enjoyable.,2024-12-31 17:03:00
731,1059,1,3,"Mixed feelings. Good premise, mediocre execution.",2024-05-28 09:19:00
3252,211,1,4,,2023-12-23 13:54:00
5247,785,12,4,Liked it. The first half is stronger than the second.,2024-08-24 09:32:00
4768,586,1,5,Perfect blend of story and insight. Will read again.,2021-05-08 20:55:00
597,2398,3,5,I finished this in two sittings. Absolutely riveting.,2024-10-04 14:03:00
1394,2700,1,2,Not for me. The writing style felt very dated.,2022-03-04 08:19:00
2460,2632,3,4,,2021-07-26 16:17:00
4827,386,1,4,Well-written and engaging. A few plot holes but forgivable.,2024-02-26 11:56:00
769,1858,1,4,Well-written and engaging. A few plot holes but forgivable.,2022-11-17 10:33:00
3697,2442,6,3,,2023-09-02 16:13:00
5323,703,41,5,Beautifully written. The author's style is simply stunning.,2024-10-16 06:28:00
3025,1509,3,3,Neither great nor terrible. Passes the time.,2023-12-09 11:25:00
4834,1721,1,3,,2023-10-27 17:37:00
3733,2668,6,3,"Some interesting parts, but overall felt underwhelming.",2022-01-08 14:20:00
1122,2678,1,3,It was okay. The hype around this book is a bit overstated.,2024-11-11 23:25:00
1389,1392,2,4,Well-written and engaging. A few plot holes but forgivable.,2023-12-26 19:13:00
1344,1837,2,6,One of the best reads I have had in years. Highly recommended.,2021-09-16 10:30:00
3494,893,1,3,It was okay. The hype around this book is a bit overstated.,2024-11-09 18:40:00
1395,1506,2,4,A very good read overall. Some chapters were slow but worth it.,2024-08-22 08:52:00
5121,1181,16,4,Enjoyed it quite a bit. Solid writing and interesting ideas.,2023-01-30 19:59:00
902,2394,2,5,A masterpiece. Every chapter left me wanting more.,2024-08-01 15:13:00
4164,950,4,3,Average. Had its moments but failed to really engage me.,2023-09-04 07:28:00
2077,194,2,4,Well-written and engaging. A few plot holes but forgivable.,2021-10-29 12:07:00
4743,120,11,1,,2023-01-15 09:13:00
2406,2750,1,4,Well-written and engaging. A few plot holes but forgivable.,2024-10-16 18:03:00
2078,1035,9,3,Had potential but did not quite deliver on its promise.,2024-03-07 13:34:00
1998,2208,7,3,"Some interesting parts, but overall felt underwhelming.",2024-08-12 08:56:00
2013,1384,5,3,Average. Had its moments but failed to really engage me.,2024-10-25 15:06:00
3287,1252,115,5,Absolutely loved this book — couldn't put it down!,2024-06-13 21:39:00
4217,1599,73,3,Had potential but did not quite deliver on its promise.,2024-11-25 14:37:00
695,345,1,3,It was okay. The hype around this book is a bit overstated.,2024-10-03 11:48:00
840,1432,53,2,The plot felt disjointed and the pacing was off throughout.,2022-08-14 10:13:00
3045,1626,1,3,,2024-12-15 06:00:00
5095,1156,2,3,"Some interesting parts, but overall felt underwhelming.",2023-12-09 08:57:00
1811,2037,3,5,Perfect blend of story and insight. Will read again.,2024-08-19 18:16:00
4322,788,5,4,Well-written and engaging. A few plot holes but forgivable.,2023-02-27 08:24:00
3134,1024,2,4,Well-written and engaging. A few plot holes but forgivable.,2021-03-11 15:07:00
3850,67,166,3,"Mixed feelings. Good premise, mediocre execution.",2024-09-24 18:26:00
1537,945,2,4,Liked it. The first half is stronger than the second.,2024-12-18 10:51:00
4277,1338,5,3,It was okay. The hype around this book is a bit overstated.,2024-07-20 21:59:00
4830,813,38,4,A very good read overall. Some chapters were slow but worth it.,2024-07-24 17:06:00
4933,650,1,7,Perfect blend of story and insight. Will read again.,2024-08-31 07:40:00
1553,2424,4,3,Average. Had its moments but failed to really engage me.,2024-03-09 18:46:00
4216,2784,1,4,Liked it. The first half is stronger than the second.,2023-09-02 19:15:00
4071,96,63,4,Mostly great. The middle section drags a bit.,2022-03-25 14:01:00
19,2307,1,4,Pleasant read. Nothing groundbreaking but definitely enjoyable.,2021-11-02 11:38:00
2608,438,1,4,"Good book, though the ending felt a little rushed.",2023-12-18 18:54:00
1251,1272,2,4,Enjoyed it quite a bit. Solid writing and interesting ideas.,2024-12-31 16:37:00
5185,317,8,4,Mostly great. The middle section drags a bit.,2023-10-28 12:59:00
2418,1298,1,3,Had potential but did not quite deliver on its promise.,2023-02-14 10:45:00
4546,1859,7,2,Struggled to get through it. The story meanders endlessly.,2022-01-17 01:41:00
2220,956,4,4,Enjoyed it quite a bit. Solid writing and interesting ideas.,2021-04-24 07:49:00
2690,1342,14,4,Mostly great. The middle section drags a bit.,2024-11-17 16:56:00
3023,2317,2,4,Enjoyed it quite a bit. Solid writing and interesting ideas.,2024-09-04 19:45:00
3672,965,105,2,Struggled to get through it. The story meanders endlessly.,2024-06-06 07:29:00
3363,2197,6,4,Enjoyed it quite a bit. Solid writing and interesting ideas.,2024-04-18 04:44:00
117,54,1,5,This book changed the way I think. A must-read for everyone.,2024-03-08 21:27:00
2631,877,9,6,"Mixed feelings. Good premise, mediocre execution.",2022-05-20 12:42:00
8,1328,25,5,I finished this in two sittings. Absolutely riveting.,2024-09-04 08:24:00
3273,2339,2,4,,2022-05-16 19:12:00
2819,2613,2,5,A masterpiece. Every chapter left me wanting more.,2020-10-16 10:51:00
2870,773,2,4,Above average. Would recommend to fans of the genre.,2023-08-07 19:27:00
3242,692,9,5,Beautifully written. The author's style is simply stunning.,2024-11-17 14:27:00
1866,486,1,3,Had potential but did not quite deliver on its promise.,2024-04-15 20:14:00
1618,394,1,4,Mostly great. The middle section drags a bit.,2023-01-12 07:43:00
566,685,1,4,A very good read overall. Some chapters were slow but worth it.,2024-12-31 22:36:00
922,90,8,4,Enjoyed it quite a bit. Solid writing and interesting ideas.,2024-08-14 18:16:00
920,1815,5,2,Disappointed. Expected much more based on the reviews.,2023-05-24 18:20:00
4069,64,1,6,Decent read. Not my favourite but not bad either.,2023-12-09 21:51:00
3275,1665,3,2,Not for me. The writing style felt very dated.,2022-09-10 07:40:00
3533,1746,2,5,A masterpiece. Every chapter left me wanting more.,2023-03-04 16:29:00
3523,396,1,4,Well-written and engaging. A few plot holes but forgivable.,2024-05-01 11:27:00
829,2638,7,3,"Some interesting parts, but overall felt underwhelming.",2024-05-23 08:31:00
5029,2361,4,4,Well-written and engaging. A few plot holes but forgivable.,2024-06-05 05:35:00
310,604,1,-1,Well-written and engaging. A few plot holes but forgivable.,2024-12-12 19:07:00
3644,1414,9,3,Average. Had its moments but failed to really engage me.,2024-07-13 14:18:00
3553,2314,1,4,Mostly great. The middle section drags a bit.,2022-05-11 23:38:00
5370,68,26,4,Well-written and engaging. A few plot holes but forgivable.,2024-11-10 18:47:00
3103,1435,2,4,Mostly great. The middle section drags a bit.,2023-11-05 10:49:00
5483,474,4,3,"Some interesting parts, but overall felt underwhelming.",2024-11-02 22:14:00
232,1678,76,2,Disappointed. Expected much more based on the reviews.,2020-12-03 07:25:00
5055,238,1,4,"Good book, though the ending felt a little rushed.",2024-10-26 20:09:00
446,2070,1,3,"Some interesting parts, but overall felt underwhelming.",2022-02-24 08:52:00
573,956,14,4,Well-written and engaging. A few plot holes but forgivable.,2023-11-24 14:15:00
5558,2394,3,5,Exceeded all my expectations. Truly extraordinary.,2024-05-23 17:59:00
655,2313,3,4,Liked it. The first half is stronger than the second.,2024-10-26 07:25:00
5419,1527,7,4,Above average. Would recommend to fans of the genre.,2022-09-28 17:51:00
5245,98,8,4,,2024-07-19 21:19:00
1138,542,1,4,Mostly great. The middle section drags a bit.,2024-06-06 08:47:00
292,2014,1,3,"Some interesting parts, but overall felt underwhelming.",2024-12-20 06:13:00
2139,1988,2,4,Liked it. The first half is stronger than the second.,2023-04-03 08:27:00
2400,1718,9,4,Above average. Would recommend to fans of the genre.,2022-07-04 14:50:00
125,1692,1,3,Average. Had its moments but failed to really engage me.,2024-01-19 19:33:00
3102,2433,21,4,Mostly great. The middle section drags a bit.,2020-03-24 20:01:00
3660,2082,2,4,Above average. Would recommend to fans of the genre.,2024-12-20 10:40:00
291,1235,1,4,A very good read overall. Some chapters were slow but worth it.,2024-04-28 22:02:00
5598,2566,1,4,,2024-12-12 07:01:00
4045,672,1,4,Pleasant read. Nothing groundbreaking but definitely enjoyable.,2023-08-04 12:34:00
4433,2599,3,3,"Mixed feelings. Good premise, mediocre execution.",2024-05-08 20:22:00
5589,429,13,5,Beautifully written. The author's style is simply stunning.,2024-05-03 05:48:00
2863,1506,4,2,,2024-09-20 20:14:00
632,476,68,5,One of the best reads I have had in years. Highly recommended.,2023-03-09 02:40:00
1381,1342,2,5,I finished this in two sittings. Absolutely riveting.,2023-12-21 08:11:00
2102,1881,1,4,Above average. Would recommend to fans of the genre.,2022-10-31 17:03:00
580,1758,8,2,The plot felt disjointed and the pacing was off throughout.,2024-12-31 18:54:00
3950,2412,3,4,Pleasant read. Nothing groundbreaking but definitely enjoyable.,2024-12-29 08:58:00
5459,33,3,2,Overrated. I did not enjoy the characters at all.,2022-08-21 07:06:00
5616,1329,1,5,I finished this in two sittings. Absolutely riveting.,2024-11-02 12:51:00
3830,2112,9,3,Had potential but did not quite deliver on its promise.,2022-08-15 17:17:00
4798,2280,30,3,Decent read. Not my favourite but not bad either.,2024-01-24 19:53:00
3602,511,2,4,Mostly great. The middle section drags a bit.,2022-12-05 23:05:00
5177,324,1,4,Liked it. The first half is stronger than the second.,2022-09-21 17:05:00
2040,201,1,4,,2021-12-01 22:02:00
438,2109,1,3,Neither great nor terrible. Passes the time.,2021-12-07 06:38:00
1897,2781,12,4,"Good book, though the ending felt a little rushed.",2021-09-11 23:48:00
2789,44,2,3,It was okay. The hype around this book is a bit overstated.,2022-11-15 23:14:00
3135,1838,1,4,A very good read overall. Some chapters were slow but worth it.,2024-07-06 12:01:00
2810,1429,1,5,,2024-08-03 20:11:00
2415,1169,2,4,Pleasant read. Nothing groundbreaking but definitely enjoyable.,2024-05-19 08:41:00
3197,2758,13,3,"Some interesting parts, but overall felt underwhelming.",2021-11-20 06:59:00
4440,1283,2,4,Well-written and engaging. A few plot holes but forgivable.,2023-11-24 16:25:00
300,1475,1,4,Mostly great. The middle section drags a bit.,2024-09-13 19:03:00
4352,2196,2,4,Well-written and engaging. A few plot holes but forgivable.,2024-11-01 20:21:00
3489,1904,3,5,Exceeded all my expectations. Truly extraordinary.,2021-04-12 07:33:00
550,1929,1,4,Mostly great. The middle section drags a bit.,2024-09-19 06:02:00
5019,388,2,4,"Good book, though the ending felt a little rushed.",2022-05-08 08:46:00
3980,2675,1,4,Pleasant read. Nothing groundbreaking but definitely enjoyable.,2024-05-30 09:15:00
4409,416,41,5,One of the best reads I have had in years. Highly recommended.,2024-08-17 18:51:00
774,1970,2,3,"Some interesting parts, but overall felt underwhelming.",2024-11-07 11:12:00
3231,1413,2,4,Pleasant read. Nothing groundbreaking but definitely enjoyable.,2022-05-24 11:55:00
2590,355,1,4,Mostly great. The middle section drags a bit.,2023-05-03 11:05:00
2712,505,15,3,"Some interesting parts, but overall felt underwhelming.",2023-03-08 00:28:00
3877,2120,16,4,Mostly great. The middle section drags a bit.,2022-02-17 21:45:00
386,1012,1,4,,2023-06-05 19:41:00
2914,1957,1,4,Enjoyed it quite a bit. Solid writing and interesting ideas.,2022-09-27 08:40:00
618,1398,1,3,Neither great nor terrible. Passes the time.,2024-11-02 12:28:00
5186,2543,15,5,One of the best reads I have had in years. Highly recommended.,2022-02-20 12:32:00
333,683,3,4,Pleasant read. Nothing groundbreaking but definitely enjoyable.,2024-10-07 21:33:00
4363,2447,10,4,,2024-04-19 11:16:00
95,1528,2,5,,2024-08-02 13:47:00
4248,1608,3,3,"Some interesting parts, but overall felt underwhelming.",2023-08-16 11:18:00
416,43,37,4,Above average. Would recommend to fans of the genre.,2024-02-05 20:57:00
1766,2359,7,5,This book changed the way I think. A must-read for everyone.,2022-07-02 17:11:00
325,542,2,5,Beautifully written. The author's style is simply stunning.,2021-08-19 12:16:00
5348,1081,18,4,Above average. Would recommend to fans of the genre.,2024-12-31 19:34:00
2283,666,1,3,It was okay. The hype around this book is a bit overstated.,2023-09-03 21:33:00
962,535,1,3,Neither great nor terrible. Passes the time.,2024-09-19 13:51:00
1428,1588,2,3,Average. Had its moments but failed to really engage me.,2023-04-24 07:48:00
273,525,12,5,Brilliant narrative. The characters feel genuinely real.,2024-12-31 16:01:00
5308,215,29,4,"Good book, though the ending felt a little rushed.",2022-08-26 18:23:00
1816,1681,2,4,Liked it. The first half is stronger than the second.,2021-10-05 18:12:00
5563,754,1,5,Brilliant narrative. The characters feel genuinely real.,2022-11-17 10:44:00
4451,932,6,4,Pleasant read. Nothing groundbreaking but definitely enjoyable.,2024-10-19 05:22:00
2440,527,1,4,A very good read overall. Some chapters were slow but worth it.,2023-07-18 20:39:00
3452,375,2,5,Beautifully written. The author's style is simply stunning.,2024-12-27 18:45:00
5385,608,5,5,Exceeded all my expectations. Truly extraordinary.,2024-12-02 18:06:00
2449,4,1,4,Liked it. The first half is stronger than the second.,2021-03-19 10:53:00
4921,64,165,-1,Liked it. The first half is stronger than the second.,2023-04-03 06:56:00
286,2579,1,4,Above average. Would recommend to fans of the genre.,2021-08-31 11:39:00
5309,772,1,5,I finished this in two sittings. Absolutely riveting.,2024-11-07 19:56:00
3693,645,10,4,Enjoyed it quite a bit. Solid writing and interesting ideas.,2024-12-27 23:41:00
3667,569,4,4,,2024-09-05 11:29:00
3040,1548,3,4,Above average. Would recommend to fans of the genre.,2024-10-30 20:11:00
1940,117,1,5,One of the best reads I have had in years. Highly recommended.,2024-03-29 21:37:00
2057,1449,1,4,Pleasant read. Nothing groundbreaking but definitely enjoyable.,2024-01-13 14:53:00
1744,483,1,3,Neither great nor terrible. Passes the time.,2024-07-21 20:58:00
4346,1233,1,4,,2024-09-10 18:27:00
2602,1844,30,3,"Mixed feelings. Good premise, mediocre execution.",2023-02-23 11:58:00
3107,2012,1,4,Above average. Would recommend to fans of the genre.,2022-02-26 13:18:00
1962,1752,2,4,Mostly great. The middle section drags a bit.,2024-11-08 07:28:00
2852,1541,3,3,Decent read. Not my favourite but not bad either.,2024-09-26 19:19:00
2165,2108,42,2,Disappointed. Expected much more based on the reviews.,2023-10-28 10:50:00
4466,1301,4,2,Struggled to get through it. The story meanders endlessly.,2022-08-23 15:04:00
1290,978,3,2,Not for me. The writing style felt very dated.,2024-10-25 22:52:00
5065,1941,85,5,This book changed the way I think. A must-read for everyone.,2024-04-05 02:58:00
2366,284,12,4,Mostly great. The middle section drags a bit.,2024-08-23 17:39:00
3062,216,6,4,Liked it. The first half is stronger than the second.,2024-07-21 15:29:00
3894,2337,38,5,,2024-06-22 15:34:00
3921,166,3,4,"Good book, though the ending felt a little rushed.",2024-12-24 08:22:00
4611,598,3,3,"Mixed feelings. Good premise, mediocre execution.",2023-10-16 15:16:00
4484,1405,7,4,Enjoyed it quite a bit. Solid writing and interesting ideas.,2023-04-02 18:24:00
1876,2508,1,4,Mostly great. The middle section drags a bit.,2020-11-30 11:33:00
3845,2242,14,5,,2020-07-06 19:41:00
1383,2580,139,4,Mostly great. The middle section drags a bit.,2024-10-17 18:32:00
3437,1441,10,3,Neither great nor terrible. Passes the time.,2024-07-19 15:09:00
1645,489,1,5,One of the best reads I have had in years. Highly recommended.,2021-11-04 08:24:00
4919,818,1,4,,2024-02-27 17:39:00
2548,2266,2,2,,2024-12-03 18:10:00
2470,1477,2,3,Decent read. Not my favourite but not bad either.,2023-12-21 17:23:00
499,1403,2,-1,Well-written and engaging. A few plot holes but forgivable.,2023-04-03 08:16:00
789,2054,6,4,Above average. Would recommend to fans of the genre.,2023-07-11 08:04:00
1297,1655,9,2,Struggled to get through it. The story meanders endlessly.,2024-03-19 09:46:00
1874,966,1,2,Would not recommend. Too slow and the payoff was not worth it.,2023-12-06 21:17:00
5457,2601,1,2,Disappointed. Expected much more based on the reviews.,2021-05-06 03:01:00
1910,1737,8,4,Above average. Would recommend to fans of the genre.,2021-11-30 14:54:00
100,93,14,4,Above average. Would recommend to fans of the genre.,2023-11-17 14:06:00
2629,67,1,3,Had potential but did not quite deliver on its promise.,2024-03-07 11:03:00
2578,343,5,3,Had potential but did not quite deliver on its promise.,2023-03-04 10:21:00
1540,1929,10,4,Mostly great. The middle section drags a bit.,2024-05-20 18:54:00
4880,1802,6,4,A very good read overall. Some chapters were slow but worth it.,2023-12-20 11:57:00
954,531,1,4,Above average. Would recommend to fans of the genre.,2023-12-06 06:57:00
173,466,1,4,Pleasant read. Nothing groundbreaking but definitely enjoyable.,2024-07-16 07:05:00
1859,2133,1,4,A very good read overall. Some chapters were slow but worth it.,2024-03-16 09:57:00
630,890,1,3,Had potential but did not quite deliver on its promise.,2024-11-12 18:55:00
4878,472,2,4,Well-written and engaging. A few plot holes but forgivable.,2024-10-21 05:48:00
3482,505,2,5,Perfect blend of story and insight. Will read again.,2024-02-08 15:47:00
5257,1154,19,3,"Mixed feelings. Good premise, mediocre execution.",2024-05-03 10:04:00
1554,1716,5,3,Average. Had its moments but failed to really engage me.,2023-06-25 17:22:00
4195,455,8,3,"Mixed feelings. Good premise, mediocre execution.",2024-11-15 22:10:00
414,1896,1,4,Liked it. The first half is stronger than the second.,2024-12-13 12:39:00
1836,1411,2,3,Neither great nor terrible. Passes the time.,2022-03-21 17:06:00
4575,1775,3,4,A very good read overall. Some chapters were slow but worth it.,2023-12-18 08:17:00
463,679,4,4,Mostly great. The middle section drags a bit.,2024-09-05 10:11:00
2564,1295,1,3,Had potential but did not quite deliver on its promise.,2021-07-10 17:58:00
1423,2440,9,3,Decent read. Not my favourite but not bad either.,2024-11-28 05:43:00
3702,1717,3,3,"Some interesting parts, but overall felt underwhelming.",2024-10-06 08:08:00
3232,2593,1,4,Above average. Would recommend to fans of the genre.,2021-11-20 17:04:00
4193,468,4,3,"Mixed feelings. Good premise, mediocre execution.",2022-01-08 23:54:00
2892,2425,5,3,Had potential but did not quite deliver on its promise.,2023-12-08 00:31:00
1285,2521,14,3,Decent read. Not my favourite but not bad either.,2024-09-28 11:28:00
2426,1542,1,3,"Mixed feelings. Good premise, mediocre execution.",2023-02-11 17:28:00
2493,119,3,5,One of the best reads I have had in years. Highly recommended.,2022-07-10 08:01:00
4761,1315,3,0,Had potential but did not quite deliver on its promise.,2021-02-09 16:58:00
223,993,1,3,It was okay. The hype around this book is a bit overstated.,2024-12-31 17:49:00
3274,1177,1,4,Pleasant read. Nothing groundbreaking but definitely enjoyable.,2024-10-22 20:55:00
4592,109,8,4,Liked it. The first half is stronger than the second.,2023-06-07 05:18:00
1015,62,1,3,,2023-01-22 13:38:00
1430,1385,1,2,Disappointed. Expected much more based on the reviews.,2024-10-28 11:09:00
554,1715,1,3,Neither great nor terrible. Passes the time.,2022-10-29 17:56:00
1542,956,2,4,A very good read overall. Some chapters were slow but worth it.,2023-04-07 21:33:00
2211,790,1,3,Decent read. Not my favourite but not bad either.,2024-05-31 18:21:00
5014,2119,1,3,Had potential but did not quite deliver on its promise.,2024-03-15 13:47:00
442,2201,3,3,Average. Had its moments but failed to really engage me.,2020-11-21 16:46:00
204,1506,1,5,I finished this in two sittings. Absolutely riveting.,2024-12-31 20:25:00
2952,1907,6,3,"Some interesting parts, but overall felt underwhelming.",2024-11-27 14:48:00
4517,99,1,3,"Some interesting parts, but overall felt underwhelming.",2022-10-15 21:09:00
3959,2393,2,4,"Good book, though the ending felt a little rushed.",2024-05-02 20:08:00
3429,790,15,5,This book changed the way I think. A must-read for everyone.,2024-06-20 06:52:00
475,2283,1,4,A very good read overall. Some chapters were slow but worth it.,2023-10-27 19:38:00
2375,883,4,3,"Mixed feelings. Good premise, mediocre execution.",2024-11-23 14:50:00
2031,608,62,3,It was okay. The hype around this book is a bit overstated.,2023-10-17 21:50:00
1079,2319,2,2,,2023-10-28 08:47:00
2503,2749,47,4,Above average. Would recommend to fans of the genre.,2022-01-15 18:39:00
4112,968,2,3,,2024-12-31 05:50:00
659,412,1,4,Above average. Would recommend to fans of the genre.,2023-05-21 13:56:00
2845,2220,2,4,"Good book, though the ending felt a little rushed.",2023-09-29 10:57:00
4306,1974,1,4,Mostly great. The middle section drags a bit.,2023-01-22 00:06:00
2593,1416,35,4,Liked it. The first half is stronger than the second.,2022-01-12 10:01:00
2995,1745,6,2,Struggled to get through it. The story meanders endlessly.,2023-04-27 07:06:00
3119,2016,3,4,"Good book, though the ending felt a little rushed.",2023-07-05 08:00:00
85,1370,2,5,A masterpiece. Every chapter left me wanting more.,2023-08-23 07:10:00
4380,530,1,4,Pleasant read. Nothing groundbreaking but definitely enjoyable.,2023-06-12 19:38:00
4043,912,5,2,,2024-06-08 06:46:00
1718,2427,1,1,Gave up halfway. The writing is unbearable.,2024-11-17 08:25:00
1027,1526,2,5,Beautifully written. The author's style is simply stunning.,2024-11-04 14:20:00
885,166,1,3,Decent read. Not my favourite but not bad either.,2023-07-27 19:42:00
847,1289,1,2,Would not recommend. Too slow and the payoff was not worth it.,2024-11-09 18:32:00
1165,1365,19,4,Pleasant read. Nothing groundbreaking but definitely enjoyable.,2024-11-30 11:05:00
2444,788,1,4,"Good book, though the ending felt a little rushed.",2024-12-20 19:14:00
2104,1179,1,4,Well-written and engaging. A few plot holes but forgivable.,2023-09-30 14:01:00
4567,2448,13,5,A masterpiece. Every chapter left me wanting more.,2022-04-14 17:56:00
3510,2288,3,4,Well-written and engaging. A few plot holes but forgivable.,2024-10-04 05:42:00
2206,1677,1,4,Above average. Would recommend to fans of the genre.,2024-10-30 12:46:00
3016,2163,10,3,,2024-10-28 08:55:00
1120,1717,1,3,Average. Had its moments but failed to really engage me.,2024-06-30 07:17:00
1779,131,24,3,"Some interesting parts, but overall felt underwhelming.",2021-06-23 04:18:00
3286,1141,5,2,Overrated. I did not enjoy the characters at all.,2024-12-31 14:49:00
3575,2262,1,4,Liked it. The first half is stronger than the second.,2023-06-13 10:50:00
3076,231,6,2,Struggled to get through it. The story meanders endlessly.,2023-07-05 14:41:00
2323,576,5,1,Do not waste your money on this.,2023-09-17 19:11:00
4552,1630,1,2,The plot felt disjointed and the pacing was off throughout.,2021-04-27 16:08:00
723,1079,1,4,Mostly great. The middle section drags a bit.,2024-09-19 06:22:00
1493,1449,2,4,Pleasant read. Nothing groundbreaking but definitely enjoyable.,2023-08-21 21:39:00
5111,1462,1,5,I finished this in two sittings. Absolutely riveting.,2021-02-20 15:56:00
247,1934,1,4,Enjoyed it quite a bit. Solid writing and interesting ideas.,2024-04-19 10:55:00
1792,95,3,3,Neither great nor terrible. Passes the time.,2021-02-08 16:05:00
577,966,4,4,,2023-05-10 08:36:00
3066,1434,3,3,Had potential but did not quite deliver on its promise.,2024-11-11 19:49:00
3763,2796,3,3,Had potential but did not quite deliver on its promise.,2020-04-09 19:53:00
3337,2458,2,4,,2024-10-17 06:00:00
4357,1176,2,3,It was okay. The hype around this book is a bit overstated.,2024-11-05 12:33:00
2223,1,1,2,Would not recommend. Too slow and the payoff was not worth it.,2024-11-30 13:39:00
4736,915,3,4,A very good read overall. Some chapters were slow but worth it.,2023-10-22 17:10:00
2405,2339,6,1,Terrible. Wasted my money and my time.,2022-07-18 16:35:00
4461,1245,2,4,Enjoyed it quite a bit. Solid writing and interesting ideas.,2021-03-27 06:57:00
3584,1496,2,3,Neither great nor terrible. Passes the time.,2024-02-24 06:52:00
5427,2188,1,5,This book changed the way I think. A must-read for everyone.,2023-06-21 21:17:00
4229,2101,1,3,Decent read. Not my favourite but not bad either.,2024-12-31 23:53:00
2676,2038,2,4,Liked it. The first half is stronger than the second.,2022-05-14 17:09:00
3928,1319,5,2,Disappointed. Expected much more based on the reviews.,2024-04-08 19:22:00
4573,2108,2,3,It was okay. The hype around this book is a bit overstated.,2023-06-15 12:03:00
1903,2279,1,3,,2024-01-11 17:16:00
5605,147,2,3,"Some interesting parts, but overall felt underwhelming.",2023-03-09 21:21:00
1459,519,1,3,Average. Had its moments but failed to really engage me.,2024-06-10 21:45:00
2831,434,1,4,A very good read overall. Some chapters were slow but worth it.,2024-04-01 18:24:00
706,2638,1,4,Mostly great. The middle section drags a bit.,2023-03-19 21:38:00
3859,117,5,4,Well-written and engaging. A few plot holes but forgivable.,2023-05-30 17:28:00
5042,197,4,4,Mostly great. The middle section drags a bit.,2024-10-26 19:15:00
1740,6,26,3,Neither great nor terrible. Passes the time.,2024-09-26 07:51:00
3150,1232,109,4,Above average. Would recommend to fans of the genre.,2022-01-05 21:00:00
3306,2195,10,3,It was okay. The hype around this book is a bit overstated.,2024-01-20 21:03:00
1629,511,1,4,"Good book, though the ending felt a little rushed.",2021-03-28 17:18:00
3179,2490,84,4,"Good book, though the ending felt a little rushed.",2023-12-13 09:59:00
1040,2627,6,3,Had potential but did not quite deliver on its promise.,2024-08-31 17:57:00
2048,1072,3,3,"Some interesting parts, but overall felt underwhelming.",2023-11-30 20:06:00
4794,2483,5,3,"Some interesting parts, but overall felt underwhelming.",2024-12-26 14:41:00
4170,2216,1,4,Above average. Would recommend to fans of the genre.,2022-11-15 21:14:00
1080,266,20,3,,2024-05-02 17:45:00
3251,1893,1,3,Neither great nor terrible. Passes the time.,2021-06-29 12:40:00
2314,1471,4,4,Pleasant read. Nothing groundbreaking but definitely enjoyable.,2024-11-05 18:39:00
4605,1451,72,-1,Above average. Would recommend to fans of the genre.,2022-07-24 16:30:00
12,1151,1,4,A very good read overall. Some chapters were slow but worth it.,2024-08-05 14:34:00
1024,1576,19,3,It was okay. The hype around this book is a bit overstated.,2024-11-03 20:50:00
3729,2178,6,2,Struggled to get through it. The story meanders endlessly.,2024-06-15 13:36:00
2763,1030,1,4,Enjoyed it quite a bit. Solid writing and interesting ideas.,2024-04-10 20:08:00
52,1098,5,2,Not for me. The writing style felt very dated.,2023-07-04 12:06:00
4535,1644,3,3,Average. Had its moments but failed to really engage me.,2023-06-10 17:57:00
3058,736,3,3,It was okay. The hype around this book is a bit overstated.,2024-01-05 09:11:00
1989,2777,7,5,Exceeded all my expectations. Truly extraordinary.,2024-08-14 11:02:00
1807,1047,1,2,Not for me. The writing style felt very dated.,2022-09-19 07:05:00
2252,1691,5,3,Neither great nor terrible. Passes the time.,2023-11-02 05:22:00
3087,1589,1,2,Would not recommend. Too slow and the payoff was not worth it.,2022-11-23 04:48:00
2178,327,1,3,Decent read. Not my favourite but not bad either.,2022-11-05 19:40:00
2868,770,1,4,Liked it. The first half is stronger than the second.,2021-07-07 19:06:00
2020,1041,4,5,A masterpiece. Every chapter left me wanting more.,2020-06-13 08:43:00
3392,2396,8,3,"Mixed feelings. Good premise, mediocre execution.",2021-06-09 09:21:00
5567,787,30,3,Average. Had its moments but failed to really engage me.,2020-03-08 18:42:00
1264,2274,1,5,Perfect blend of story and insight. Will read again.,2022-08-07 17:17:00
5619,190,2,4,"Good book, though the ending felt a little rushed.",2023-12-10 14:13:00
2033,632,1,2,The plot felt disjointed and the pacing was off throughout.,2023-07-27 07:18:00
1484,329,2,4,"Good book, though the ending felt a little rushed.",2023-08-19 18:53:00
3703,1636,1,4,Liked it. The first half is stronger than the second.,2024-09-08 20:41:00
360,606,8,1,Do not waste your money on this.,2024-06-03 21:53:00
1001,174,6,3,Average. Had its moments but failed to really engage me.,2024-08-20 12:27:00
1105,1106,8,2,Would not recommend. Too slow and the payoff was not worth it.,2021-01-07 19:25:00
4835,855,4,3,"Mixed feelings. Good premise, mediocre execution.",2024-11-14 05:02:00
5366,2455,3,5,A masterpiece. Every chapter left me wanting more.,2022-07-30 15:16:00
450,1189,1,3,Decent read. Not my favourite but not bad either.,2023-12-26 13:28:00
4727,476,4,3,It was okay. The hype around this book is a bit overstated.,2022-10-14 15:11:00
557,928,1,4,A very good read overall. Some chapters were slow but worth it.,2024-11-11 07:47:00
3217,1428,2,4,Pleasant read. Nothing groundbreaking but definitely enjoyable.,2024-06-13 18:29:00
5463,2419,1,4,"Good book, though the ending felt a little rushed.",2024-12-07 14:03:00
3562,387,2,4,Mostly great. The middle section drags a bit.,2022-03-20 17:08:00
1300,34,1,5,Perfect blend of story and insight. Will read again.,2024-06-19 06:35:00
4845,2771,5,4,Enjoyed it quite a bit. Solid writing and interesting ideas.,2024-11-30 08:23:00
2555,1671,1,3,"Mixed feelings. Good premise, mediocre execution.",2024-09-22 15:01:00
110,560,3,5,The writing is exceptional and the story gripped me from page one.,2024-06-15 22:10:00
5139,2111,1,4,Enjoyed it quite a bit. Solid writing and interesting ideas.,2024-12-20 18:18:00
4143,1291,1,3,It was okay. The hype around this book is a bit overstated.,2022-12-25 12:34:00
3573,730,3,4,"Good book, though the ending felt a little rushed.",2022-12-03 06:50:00
5312,733,2,2,Struggled to get through it. The story meanders endlessly.,2022-08-18 12:57:00
4908,2776,2,4,,2024-01-02 16:37:00
99,181,1,3,It was okay. The hype around this book is a bit overstated.,2023-07-10 12:12:00
4416,584,7,5,,2024-12-14 19:42:00
816,2173,38,4,A very good read overall. Some chapters were slow but worth it.,2024-07-03 18:47:00
3655,346,39,2,Not for me. The writing style felt very dated.,2024-04-17 17:29:00
1100,18,1,4,Enjoyed it quite a bit. Solid writing and interesting ideas.,2021-06-14 21:51:00
22,1915,1,4,Above average. Would recommend to fans of the genre.,2024-09-08 10:21:00
3708,631,24,4,"Good book, though the ending felt a little rushed.",2024-07-28 16:53:00
1782,1863,1,4,"Good book, though the ending felt a little rushed.",2024-07-09 17:35:00
795,2766,7,4,Liked it. The first half is stronger than the second.,2020-10-26 21:38:00
766,2050,6,3,Had potential but did not quite deliver on its promise.,2020-04-14 14:32:00
4373,941,4,5,Exceeded all my expectations. Truly extraordinary.,2021-11-29 08:20:00
2717,603,40,4,Mostly great. The middle section drags a bit.,2024-06-28 06:00:00
4266,2693,3,3,Neither great nor terrible. Passes the time.,2024-11-18 18:56:00
3312,639,77,4,Well-written and engaging. A few plot holes but forgivable.,2022-01-23 20:07:00
1160,801,7,3,Neither great nor terrible. Passes the time.,2022-04-25 09:34:00
39,1089,1,4,A very good read overall. Some chapters were slow but worth it.,2024-09-13 14:58:00
4343,2178,14,3,It was okay. The hype around this book is a bit overstated.,2024-10-11 07:37:00
67,2787,1,4,"Good book, though the ending felt a little rushed.",2020-12-12 12:12:00
1715,938,13,3,"Some interesting parts, but overall felt underwhelming.",2022-02-06 12:23:00
2570,585,1,4,A very good read overall. Some chapters were slow but worth it.,2024-12-31 07:05:00
1478,1698,1,4,Enjoyed it quite a bit. Solid writing and interesting ideas.,2024-11-21 16:35:00
2092,2197,4,4,Mostly great. The middle section drags a bit.,2022-12-20 07:34:00
669,2233,1,5,Absolutely loved this book — couldn't put it down!,2021-11-03 22:15:00
4041,1829,5,-1,Struggled to get through it. The story meanders endlessly.,2022-08-05 20:51:00
4497,1437,4,3,"Mixed feelings. Good premise, mediocre execution.",2023-05-31 08:43:00
5402,2578,7,3,Average. Had its moments but failed to really engage me.,2022-12-15 19:08:00
2725,2776,3,3,It was okay. The hype around this book is a bit overstated.,2024-04-05 06:49:00
5200,332,3,2,Disappointed. Expected much more based on the reviews.,2024-09-15 20:57:00
3869,2510,6,4,Mostly great. The middle section drags a bit.,2020-12-04 06:57:00
1514,1221,1,5,I finished this in two sittings. Absolutely riveting.,2022-03-25 20:43:00
5171,2487,2,4,Well-written and engaging. A few plot holes but forgivable.,2020-08-28 12:34:00
2393,697,20,5,Brilliant narrative. The characters feel genuinely real.,2024-02-12 07:34:00
3891,2214,1,3,"Some interesting parts, but overall felt underwhelming.",2022-01-05 07:59:00
806,1436,2,4,Well-written and engaging. A few plot holes but forgivable.,2024-07-08 08:50:00
3487,2401,25,4,Above average. Would recommend to fans of the genre.,2024-01-25 12:48:00
3204,317,6,5,This book changed the way I think. A must-read for everyone.,2021-02-24 14:25:00
5515,1816,8,3,"Some interesting parts, but overall felt underwhelming.",2024-12-17 19:53:00
4584,2768,8,4,Above average. Would recommend to fans of the genre.,2021-05-09 19:59:00
2158,36,26,4,Enjoyed it quite a bit. Solid writing and interesting ideas.,2021-10-19 23:00:00
2743,474,7,5,Perfect blend of story and insight. Will read again.,2023-12-26 19:22:00
4091,2325,3,3,Had potential but did not quite deliver on its promise.,2024-05-05 18:23:00
1774,1775,1,3,Average. Had its moments but failed to really engage me.,2023-11-05 15:07:00
3322,753,8,4,Pleasant read. Nothing groundbreaking but definitely enjoyable.,2024-09-15 13:15:00
2210,1903,7,4,A very good read overall. Some chapters were slow but worth it.,2024-11-15 18:48:00
4268,342,32,3,Average. Had its moments but failed to really engage me.,2024-03-06 06:17:00
5502,2410,3,3,It was okay. The hype around this book is a bit overstated.,2024-10-28 16:43:00
1640,1018,1,3,It was okay. The hype around this book is a bit overstated.,2021-12-10 22:33:00
5582,1006,3,4,,2024-12-31 20:17:00
2869,450,6,2,The plot felt disjointed and the pacing was off throughout.,2022-12-16 20:36:00
3837,2574,3,3,Average. Had its moments but failed to really engage me.,2022-04-18 03:27:00
2915,1130,5,4,"Good book, though the ending felt a little rushed.",2024-04-29 06:46:00
4031,743,1,4,,2020-09-27 19:30:00
3568,2582,2,2,Would not recommend. Too slow and the payoff was not worth it.,2023-10-07 07:20:00
456,645,3,4,Pleasant read. Nothing groundbreaking but definitely enjoyable.,2022-12-10 07:12:00
1451,971,20,4,Pleasant read. Nothing groundbreaking but definitely enjoyable.,2024-11-20 17:29:00
1566,165,18,2,Struggled to get through it. The story meanders endlessly.,2024-05-30 19:55:00
5392,1493,4,3,"Mixed feelings. Good premise, mediocre execution.",2022-09-16 08:55:00
2315,1362,1,3,"Mixed feelings. Good premise, mediocre execution.",2024-06-06 12:08:00
1260,2741,2,4,Enjoyed it quite a bit. Solid writing and interesting ideas.,2022-06-28 10:42:00
259,2621,1,3,Decent read. Not my favourite but not bad either.,2023-11-12 08:20:00
873,2242,38,2,Overrated. I did not enjoy the characters at all.,2022-06-11 18:04:00
1673,1950,1,2,Disappointed. Expected much more based on the reviews.,2023-11-13 23:57:00
3996,149,134,3,Average. Had its moments but failed to really engage me.,2024-11-15 12:25:00
4530,2668,3,4,Pleasant read. Nothing groundbreaking but definitely enjoyable.,2023-10-15 14:19:00
1022,547,8,4,"Good book, though the ending felt a little rushed.",2023-07-09 19:03:00
1677,793,2,5,,2023-11-28 09:07:00
3705,603,4,4,Above average. Would recommend to fans of the genre.,2024-09-07 18:07:00
1667,1005,6,3,Had potential but did not quite deliver on its promise.,2024-10-16 22:34:00
2125,2318,99,3,,2022-05-29 19:05:00
4569,560,1,7,Enjoyed it quite a bit. Solid writing and interesting ideas.,2024-09-24 18:06:00
4122,2352,3,4,Liked it. The first half is stronger than the second.,2020-11-10 18:51:00
2402,2173,2,4,,2024-12-19 18:22:00
2364,2796,2,6,Exceeded all my expectations. Truly extraordinary.,2023-09-19 19:45:00
3073,2641,2,3,,2023-04-29 08:45:00
4790,2207,8,4,Liked it. The first half is stronger than the second.,2024-06-20 10:32:00
2635,563,36,3,Average. Had its moments but failed to really engage me.,2020-11-05 04:58:00
1152,127,1,4,Above average. Would recommend to fans of the genre.,2021-02-13 20:53:00
4077,2462,1,5,Exceeded all my expectations. Truly extraordinary.,2024-04-05 08:32:00
2773,1800,2,2,Not for me. The writing style felt very dated.,2024-02-10 17:57:00
4008,279,1,3,"Some interesting parts, but overall felt underwhelming.",2020-06-27 07:20:00
3903,529,16,3,,2024-07-29 09:11:00
373,2566,1,4,,2024-12-12 07:01:00
3253,2567,6,2,The plot felt disjointed and the pacing was off throughout.,2024-09-27 20:55:00
1522,400,3,3,"Mixed feelings. Good premise, mediocre execution.",2024-09-30 03:39:00
4926,1767,1,4,"Good book, though the ending felt a little rushed.",2023-09-14 17:34:00
1747,1534,1,3,"Some interesting parts, but overall felt underwhelming.",2022-09-01 19:16:00
662,2525,7,4,Well-written and engaging. A few plot holes but forgivable.,2022-12-23 08:04:00
5085,922,2,0,A masterpiece. Every chapter left me wanting more.,2023-06-13 22:19:00
4783,2332,1,4,Enjoyed it quite a bit. Solid writing and interesting ideas.,2023-11-26 07:18:00
5000,1571,4,3,Decent read. Not my favourite but not bad either.,2023-12-12 11:50:00
5169,129,10,3,Neither great nor terrible. Passes the time.,2024-12-31 19:59:00
5491,1983,15,4,Well-written and engaging. A few plot holes but forgivable.,2024-11-28 10:35:00
4211,1370,85,3,"Some interesting parts, but overall felt underwhelming.",2024-03-30 18:48:00
596,824,1,5,Absolutely loved this book — couldn't put it down!,2022-12-07 11:41:00
1982,205,1,4,Well-written and engaging. A few plot holes but forgivable.,2024-12-07 08:21:00
3068,2547,2,5,I finished this in two sittings. Absolutely riveting.,2022-05-13 20:02:00
844,2643,27,5,The writing is exceptional and the story gripped me from page one.,2024-11-17 19:48:00
1918,1594,17,4,Above average. Would recommend to fans of the genre.,2022-09-16 17:59:00
4214,1203,10,3,It was okay. The hype around this book is a bit overstated.,2023-02-26 14:37:00
2229,1286,3,1,,2024-12-03 07:35:00
3110,2542,1,3,Had potential but did not quite deliver on its promise.,2023-05-20 10:03:00
2320,797,1,4,Liked it. The first half is stronger than the second.,2022-07-18 20:01:00
2352,2492,1,3,Had potential but did not quite deliver on its promise.,2023-05-27 05:46:00
5399,2770,2,3,Average. Had its moments but failed to really engage me.,2024-12-23 09:45:00
4145,2229,1,4,Well-written and engaging. A few plot holes but forgivable.,2022-07-08 10:36:00
3149,2368,1,7,A very good read overall. Some chapters were slow but worth it.,2024-01-03 07:17:00
4691,700,8,4,Pleasant read. Nothing groundbreaking but definitely enjoyable.,2024-04-21 18:05:00
3277,406,2,3,It was okay. The hype around this book is a bit overstated.,2024-05-17 07:33:00
2991,2774,3,3,Had potential but did not quite deliver on its promise.,2023-06-26 21:20:00
1007,1368,1,4,,2022-07-18 10:14:00
4807,980,2,4,Liked it. The first half is stronger than the second.,2024-06-03 10:36:00
5035,2739,2,4,Enjoyed it quite a bit. Solid writing and interesting ideas.,2022-05-04 17:58:00
388,1474,1,4,Enjoyed it quite a bit. Solid writing and interesting ideas.,2024-12-18 13:28:00
3133,1716,14,4,Well-written and engaging. A few plot holes but forgivable.,2022-10-20 10:44:00
2792,2735,2,3,Had potential but did not quite deliver on its promise.,2023-10-25 12:02:00
3219,1848,1,4,,2024-03-10 19:40:00
2138,2097,2,3,Decent read. Not my favourite but not bad either.,2024-08-13 18:04:00
737,1301,1,4,Well-written and engaging. A few plot holes but forgivable.,2022-07-03 23:11:00
443,1261,1,3,Decent read. Not my favourite but not bad either.,2024-10-24 09:11:00
2746,2000,1,4,Liked it. The first half is stronger than the second.,2023-05-06 16:25:00
933,1391,1,3,Neither great nor terrible. Passes the time.,2024-01-20 12:20:00
715,2800,1,3,It was okay. The hype around this book is a bit overstated.,2021-09-02 21:48:00
3516,1791,7,4,,2024-09-16 15:09:00
4271,1944,46,2,Overrated. I did not enjoy the characters at all.,2020-12-19 21:12:00
5266,780,4,4,A very good read overall. Some chapters were slow but worth it.,2023-12-10 08:57:00
3319,370,4,3,It was okay. The hype around this book is a bit overstated.,2024-12-10 16:47:00
2204,344,1,5,Beautifully written. The author's style is simply stunning.,2024-12-31 17:13:00
2086,232,10,4,Well-written and engaging. A few plot holes but forgivable.,2021-04-20 16:15:00
1481,28,3,3,Had potential but did not quite deliver on its promise.,2022-12-30 19:08:00
1146,480,96,4,Well-written and engaging. A few plot holes but forgivable.,2022-03-28 12:41:00
2625,139,18,3,"Mixed feelings. Good premise, mediocre execution.",2024-08-21 17:19:00
4130,1260,7,4,Well-written and engaging. A few plot holes but forgivable.,2023-06-07 18:51:00
1628,2504,1,3,Decent read. Not my favourite but not bad either.,2021-12-31 15:50:00
3260,2495,18,2,Struggled to get through it. The story meanders endlessly.,2024-05-09 07:01:00
2939,209,3,3,Average. Had its moments but failed to really engage me.,2023-01-14 14:20:00
904,108,1,5,Perfect blend of story and insight. Will read again.,2022-01-18 13:29:00
185,451,1,4,"Good book, though the ending felt a little rushed.",2024-12-13 02:21:00
1169,2526,1,4,Liked it. The first half is stronger than the second.,2023-08-26 11:09:00
2865,1168,8,2,Disappointed. Expected much more based on the reviews.,2024-10-15 11:28:00
1161,1750,5,4,Well-written and engaging. A few plot holes but forgivable.,2022-01-15 12:46:00
1066,2359,3,3,"Mixed feelings. Good premise, mediocre execution.",2024-05-01 18:07:00
5011,1679,1,4,Liked it. The first half is stronger than the second.,2024-10-03 08:37:00
725,49,1,3,Average. Had its moments but failed to really engage me.,2023-01-18 20:34:00
4769,332,5,5,A masterpiece. Every chapter left me wanting more.,2024-12-26 13:11:00
1157,1807,101,4,Pleasant read. Nothing groundbreaking but definitely enjoyable.,2024-01-04 13:09:00
3120,1140,39,5,Brilliant narrative. The characters feel genuinely real.,2020-09-11 21:42:00
598,2059,1,6,Overrated. I did not enjoy the characters at all.,2022-04-03 19:35:00
4038,2245,5,3,Decent read. Not my favourite but not bad either.,2023-06-02 09:29:00
563,674,11,4,A very good read overall. Some chapters were slow but worth it.,2023-12-03 20:53:00
4899,2218,113,5,A masterpiece. Every chapter left me wanting more.,2020-07-10 17:59:00
4859,2735,51,3,"Some interesting parts, but overall felt underwhelming.",2022-03-09 09:05:00
3958,1696,4,4,"Good book, though the ending felt a little rushed.",2024-10-19 06:17:00
3812,1756,43,3,"Some interesting parts, but overall felt underwhelming.",2024-10-05 15:40:00
1842,1359,4,4,Above average. Would recommend to fans of the genre.,2024-07-11 13:36:00
1585,2723,3,5,A masterpiece. Every chapter left me wanting more.,2024-12-31 08:29:00
656,1819,2,4,Well-written and engaging. A few plot holes but forgivable.,2023-11-15 13:39:00
1039,1411,1,4,"Good book, though the ending felt a little rushed.",2021-11-22 23:24:00
2280,121,1,3,Neither great nor terrible. Passes the time.,2024-12-18 18:43:00
4128,1361,2,5,,2024-09-07 18:31:00
3754,2272,2,5,This book changed the way I think. A must-read for everyone.,2023-10-15 19:05:00
1759,1829,13,2,Overrated. I did not enjoy the characters at all.,2024-01-01 14:21:00
4274,1932,42,2,Overrated. I did not enjoy the characters at all.,2020-12-06 21:42:00
2967,1203,1,4,,2023-12-29 14:26:00
2566,1338,4,3,"Some interesting parts, but overall felt underwhelming.",2023-12-12 17:42:00
3870,2036,22,3,"Some interesting parts, but overall felt underwhelming.",2023-11-23 18:07:00
3601,1307,7,7,Well-written and engaging. A few plot holes but forgivable.,2024-11-19 08:01:00
2332,2257,7,3,"Mixed feelings. Good premise, mediocre execution.",2021-07-19 15:21:00
5506,2292,1,4,"Good book, though the ending felt a little rushed.",2024-07-06 20:04:00
1199,557,1,5,Brilliant narrative. The characters feel genuinely real.,2023-12-26 15:17:00
2019,1027,3,3,"Some interesting parts, but overall felt underwhelming.",2023-10-23 18:01:00
1449,971,2,4,A very good read overall. Some chapters were slow but worth it.,2024-11-21 05:19:00
2420,717,2,5,One of the best reads I have had in years. Highly recommended.,2021-05-04 17:55:00
579,1099,1,4,"Good book, though the ending felt a little rushed.",2023-11-25 12:23:00
2961,2018,23,3,Neither great nor terrible. Passes the time.,2024-12-17 12:57:00
36,1181,18,2,Struggled to get through it. The story meanders endlessly.,2023-01-25 17:16:00
3593,1649,7,3,"Some interesting parts, but overall felt underwhelming.",2023-09-14 19:01:00
1794,1530,29,4,Well-written and engaging. A few plot holes but forgivable.,2023-12-28 23:48:00
5264,1912,1,4,Well-written and engaging. A few plot holes but forgivable.,2024-11-03 19:54:00
5381,475,16,3,"Some interesting parts, but overall felt underwhelming.",2023-03-18 12:31:00
4811,155,11,3,Average. Had its moments but failed to really engage me.,2024-12-05 09:06:00
4832,2458,5,3,Had potential but did not quite deliver on its promise.,2023-04-11 19:55:00
2046,68,31,3,Neither great nor terrible. Passes the time.,2023-08-24 13:54:00
3439,948,1,2,Not for me. The writing style felt very dated.,2024-11-28 12:45:00
1973,506,9,4,Pleasant read. Nothing groundbreaking but definitely enjoyable.,2024-12-31 08:15:00
4232,2789,1,2,Not for me. The writing style felt very dated.,2020-12-27 17:36:00
1325,214,16,3,"Mixed feelings. Good premise, mediocre execution.",2023-02-12 05:18:00
214,2660,16,4,Pleasant read. Nothing groundbreaking but definitely enjoyable.,2020-06-10 19:49:00
2309,472,6,3,"Mixed feelings. Good premise, mediocre execution.",2024-08-31 20:21:00
4884,2391,3,3,It was okay. The hype around this book is a bit overstated.,2023-06-25 11:32:00
2149,914,2,4,Well-written and engaging. A few plot holes but forgivable.,2023-12-14 13:36:00
4181,1667,2,5,This book changed the way I think. A must-read for everyone.,2024-01-26 21:39:00
5277,2688,1,3,Decent read. Not my favourite but not bad either.,2024-05-19 09:08:00
1088,616,2,5,Beautifully written. The author's style is simply stunning.,2024-12-06 22:16:00
4618,1376,6,3,"Mixed feelings. Good premise, mediocre execution.",2022-08-26 21:46:00
77,1584,126,5,Brilliant narrative. The characters feel genuinely real.,2022-05-10 19:09:00
5313,2412,4,5,Absolutely loved this book — couldn't put it down!,2022-11-05 15:42:00
425,1089,22,3,"Some interesting parts, but overall felt underwhelming.",2024-05-09 18:12:00
5611,782,1,3,Had potential but did not quite deliver on its promise.,2024-05-05 11:07:00
3941,1130,4,3,Had potential but did not quite deliver on its promise.,2023-09-29 21:13:00
4522,1069,3,5,One of the best reads I have had in years. Highly recommended.,2024-09-24 19:50:00
2466,1837,1,3,"Mixed feelings. Good premise, mediocre execution.",2023-08-22 20:36:00
4141,476,5,4,Pleasant read. Nothing groundbreaking but definitely enjoyable.,2023-01-29 18:28:00
3307,1650,2,3,Decent read. Not my favourite but not bad either.,2023-01-18 15:37:00
842,348,30,4,Well-written and engaging. A few plot holes but forgivable.,2023-12-20 09:56:00
2674,1687,3,3,"Some interesting parts, but overall felt underwhelming.",2024-09-10 07:15:00
1791,2370,1,5,Beautifully written. The author's style is simply stunning.,2023-08-16 18:15:00
877,154,5,4,"Good book, though the ending felt a little rushed.",2024-05-03 08:41:00
199,759,3,4,"Good book, though the ending felt a little rushed.",2023-12-20 07:58:00
2438,1626,5,3,Neither great nor terrible. Passes the time.,2023-09-30 11:37:00
3700,1748,18,4,,2024-08-16 18:33:00
4287,1829,3,3,Had potential but did not quite deliver on its promise.,2022-12-15 19:12:00
2626,2180,1,4,Mostly great. The middle section drags a bit.,2023-12-26 21:58:00
2931,2742,1,4,Mostly great. The middle section drags a bit.,2024-07-07 12:23:00
2501,2613,95,4,Mostly great. The middle section drags a bit.,2023-10-18 21:33:00
261,2495,4,2,Not for me. The writing style felt very dated.,2024-11-18 12:14:00
4865,915,4,4,Well-written and engaging. A few plot holes but forgivable.,2020-05-29 20:29:00
2855,2332,2,4,Liked it. The first half is stronger than the second.,2023-06-06 10:08:00
889,746,1,4,A very good read overall. Some chapters were slow but worth it.,2023-04-07 07:39:00
5104,1472,1,4,Above average. Would recommend to fans of the genre.,2024-10-25 08:53:00
1898,772,4,4,Mostly great. The middle section drags a bit.,2022-05-16 19:27:00
140,1834,12,5,The writing is exceptional and the story gripped me from page one.,2024-03-15 17:01:00
2935,1570,1,5,One of the best reads I have had in years. Highly recommended.,2021-02-20 20:01:00
2039,2435,1,4,Enjoyed it quite a bit. Solid writing and interesting ideas.,2023-06-10 21:13:00
5153,2334,4,4,Well-written and engaging. A few plot holes but forgivable.,2023-08-28 18:06:00
136,143,10,4,"Good book, though the ending felt a little rushed.",2024-12-17 19:09:00
3886,2101,22,2,The plot felt disjointed and the pacing was off throughout.,2021-05-14 07:30:00
328,201,17,4,Above average. Would recommend to fans of the genre.,2020-03-07 10:07:00
3632,2111,3,4,Above average. Would recommend to fans of the genre.,2024-11-07 09:17:00
2051,1769,1,4,A very good read overall. Some chapters were slow but worth it.,2024-12-31 17:48:00
4288,1365,7,3,Average. Had its moments but failed to really engage me.,2024-11-25 09:30:00
602,708,11,3,It was okay. The hype around this book is a bit overstated.,2022-07-20 12:47:00
2411,660,51,3,,2024-02-26 19:05:00
1233,139,36,4,A very good read overall. Some chapters were slow but worth it.,2024-06-29 22:01:00
2919,236,2,4,Well-written and engaging. A few plot holes but forgivable.,2022-03-29 08:22:00
4391,1249,1,4,A very good read overall. Some chapters were slow but worth it.,2023-04-03 07:11:00
862,1813,1,4,A very good read overall. Some chapters were slow but worth it.,2024-09-12 18:50:00
1611,377,2,4,Liked it. The first half is stronger than the second.,2023-10-26 07:29:00
5249,565,2,3,Average. Had its moments but failed to really engage me.,2024-02-12 20:01:00
3333,2274,5,3,"Some interesting parts, but overall felt underwhelming.",2021-07-22 05:25:00
1099,2601,4,5,Brilliant narrative. The characters feel genuinely real.,2022-11-04 18:25:00
3116,279,3,4,Enjoyed it quite a bit. Solid writing and interesting ideas.,2020-02-27 16:36:00
258,190,6,2,Would not recommend. Too slow and the payoff was not worth it.,2024-12-31 19:33:00
517,2200,28,4,Above average. Would recommend to fans of the genre.,2021-03-25 11:19:00
3353,2127,19,3,"Mixed feelings. Good premise, mediocre execution.",2022-05-14 08:08:00
121,479,1,5,I finished this in two sittings. Absolutely riveting.,2023-03-11 19:36:00
1853,1860,1,3,"Mixed feelings. Good premise, mediocre execution.",2024-04-07 07:33:00
1114,474,1,3,Decent read. Not my favourite but not bad either.,2024-01-19 08:53:00
623,2066,1,4,,2022-12-10 19:55:00
5100,2430,43,4,Above average. Would recommend to fans of the genre.,2024-01-30 11:20:00
3146,1550,7,5,One of the best reads I have had in years. Highly recommended.,2023-09-18 14:47:00
4995,2236,4,4,Pleasant read. Nothing groundbreaking but definitely enjoyable.,2024-09-21 13:17:00
2889,513,1,3,Neither great nor terrible. Passes the time.,2022-09-28 16:02:00
1249,1711,97,3,Had potential but did not quite deliver on its promise.,2024-01-23 22:48:00
3752,1217,1,4,Well-written and engaging. A few plot holes but forgivable.,2024-06-28 10:34:00
4222,1701,22,3,"Some interesting parts, but overall felt underwhelming.",2024-05-07 08:39:00
143,2009,5,5,Exceeded all my expectations. Truly extraordinary.,2024-07-07 16:21:00
1822,1037,23,4,Mostly great. The middle section drags a bit.,2022-12-18 10:57:00
1814,2786,3,3,"Some interesting parts, but overall felt underwhelming.",2022-11-06 12:15:00
423,387,1,3,"Some interesting parts, but overall felt underwhelming.",2023-02-11 23:08:00
1504,2750,3,3,It was okay. The hype around this book is a bit overstated.,2024-09-16 14:41:00
2565,1439,3,4,Liked it. The first half is stronger than the second.,2024-12-31 08:40:00
1961,733,1,5,,2024-05-05 14:36:00
1335,2298,8,3,Had potential but did not quite deliver on its promise.,2022-02-26 07:57:00
3270,2719,1,3,It was okay. The hype around this book is a bit overstated.,2022-03-11 09:40:00
5602,1250,16,3,"Some interesting parts, but overall felt underwhelming.",2024-02-06 07:08:00
3441,219,64,4,Enjoyed it quite a bit. Solid writing and interesting ideas.,2022-05-05 07:34:00
4804,676,1,3,Neither great nor terrible. Passes the time.,2024-01-15 12:17:00
2348,2521,36,5,Brilliant narrative. The characters feel genuinely real.,2024-12-21 14:39:00
3598,1764,3,2,Not for me. The writing style felt very dated.,2023-06-18 12:06:00
1026,2594,3,5,Absolutely loved this book — couldn't put it down!,2024-08-03 13:32:00
296,254,1,4,Above average. Would recommend to fans of the genre.,2022-11-04 18:05:00
3399,2290,1,4,,2021-11-05 19:10:00
2386,123,2,5,Absolutely loved this book — couldn't put it down!,2024-07-10 14:12:00
4179,1807,7,5,Absolutely loved this book — couldn't put it down!,2024-08-13 08:10:00
482,1437,22,3,"Some interesting parts, but overall felt underwhelming.",2023-02-02 17:55:00
4408,2527,5,3,,2022-11-29 15:20:00
4403,1465,1,4,Pleasant read. Nothing groundbreaking but definitely enjoyable.,2021-04-02 05:11:00
4283,2673,8,3,It was okay. The hype around this book is a bit overstated.,2024-09-28 20:22:00
2911,2317,15,4,Enjoyed it quite a bit. Solid writing and interesting ideas.,2022-12-16 18:00:00
1577,1674,4,4,Above average. Would recommend to fans of the genre.,2022-10-10 17:16:00
1269,956,1,4,Above average. Would recommend to fans of the genre.,2020-10-24 12:15:00
5373,877,5,4,Enjoyed it quite a bit. Solid writing and interesting ideas.,2024-07-09 15:14:00
4059,2029,11,3,Had potential but did not quite deliver on its promise.,2023-12-03 14:37:00
3228,1875,2,4,Enjoyed it quite a bit. Solid writing and interesting ideas.,2024-08-05 16:29:00
5013,133,6,3,It was okay. The hype around this book is a bit overstated.,2021-01-17 15:51:00
2043,1979,4,3,It was okay. The hype around this book is a bit overstated.,2021-08-01 07:46:00
3974,310,5,4,Mostly great. The middle section drags a bit.,2023-04-26 09:49:00
3444,2720,5,2,Overrated. I did not enjoy the characters at all.,2024-08-03 12:34:00
1130,1150,6,3,"Some interesting parts, but overall felt underwhelming.",2024-01-02 19:45:00
5062,2103,3,3,Average. Had its moments but failed to really engage me.,2023-12-24 09:11:00
3916,1355,63,5,The writing is exceptional and the story gripped me from page one.,2024-03-01 19:05:00
2606,1003,2,3,Decent read. Not my favourite but not bad either.,2021-10-06 07:35:00
5015,458,1,4,Pleasant read. Nothing groundbreaking but definitely enjoyable.,2023-11-29 08:48:00
1656,1303,6,3,Average. Had its moments but failed to really engage me.,2022-11-02 03:40:00
111,1816,1,4,Enjoyed it quite a bit. Solid writing and interesting ideas.,2023-11-13 06:58:00
5368,2548,6,3,Neither great nor terrible. Passes the time.,2023-10-23 07:56:00
2562,80,1,4,Enjoyed it quite a bit. Solid writing and interesting ideas.,2023-08-31 09:53:00
3418,1441,1,3,Neither great nor terrible. Passes the time.,2024-12-22 10:47:00
4851,2596,1,5,,2020-11-16 06:46:00
5480,2082,4,3,Average. Had its moments but failed to really engage me.,2024-12-21 06:51:00
2921,209,1,4,Mostly great. The middle section drags a bit.,2022-08-13 22:14:00
4712,1283,1,4,Well-written and engaging. A few plot holes but forgivable.,2024-11-29 09:33:00
5579,1673,1,5,Absolutely loved this book — couldn't put it down!,2024-07-08 05:16:00
2333,1389,1,5,One of the best reads I have had in years. Highly recommended.,2023-12-18 13:27:00
5554,250,2,3,Average. Had its moments but failed to really engage me.,2022-01-15 12:19:00
2144,1223,2,6,Pleasant read. Nothing groundbreaking but definitely enjoyable.,2021-12-05 20:29:00
2594,1390,2,5,I finished this in two sittings. Absolutely riveting.,2020-05-17 13:39:00
4237,771,2,3,"Some interesting parts, but overall felt underwhelming.",2022-08-30 18:25:00
1985,773,5,0,Pleasant read. Nothing groundbreaking but definitely enjoyable.,2021-10-15 17:49:00
3213,616,3,4,Above average. Would recommend to fans of the genre.,2024-01-25 10:21:00
2842,2634,21,3,Had potential but did not quite deliver on its promise.,2024-02-25 10:24:00
565,1700,1,5,Absolutely loved this book — couldn't put it down!,2021-11-10 19:28:00
966,153,5,3,,2023-08-10 22:00:00
4941,2774,117,2,Disappointed. Expected much more based on the reviews.,2022-12-08 12:50:00
4690,969,5,2,The plot felt disjointed and the pacing was off throughout.,2024-06-22 19:10:00
853,29,2,3,It was okay. The hype around this book is a bit overstated.,2022-09-24 10:17:00
224,570,3,4,Well-written and engaging. A few plot holes but forgivable.,2020-08-26 23:52:00
45,1758,2,3,Average. Had its moments but failed to really engage me.,2024-11-12 08:22:00
509,2547,14,3,"Mixed feelings. Good premise, mediocre execution.",2023-12-22 15:24:00
2298,663,86,3,"Some interesting parts, but overall felt underwhelming.",2024-03-28 21:15:00
3769,202,2,4,Pleasant read. Nothing groundbreaking but definitely enjoyable.,2024-11-06 07:55:00
3953,2072,3,4,A very good read overall. Some chapters were slow but worth it.,2020-11-28 19:14:00
2800,382,1,4,Well-written and engaging. A few plot holes but forgivable.,2024-09-01 06:57:00
5235,1571,2,5,This book changed the way I think. A must-read for everyone.,2024-12-31 11:59:00
3372,492,8,4,Enjoyed it quite a bit. Solid writing and interesting ideas.,2024-03-03 06:07:00
3028,1207,1,3,"Some interesting parts, but overall felt underwhelming.",2023-03-18 12:02:00
2224,2489,17,4,Enjoyed it quite a bit. Solid writing and interesting ideas.,2023-12-31 17:32:00
1407,548,3,4,A very good read overall. Some chapters were slow but worth it.,2024-11-20 20:19:00
5495,2207,11,4,Pleasant read. Nothing groundbreaking but definitely enjoyable.,2024-09-24 22:16:00
4328,132,1,4,Above average. Would recommend to fans of the genre.,2023-07-24 14:41:00
2074,2528,3,3,Average. Had its moments but failed to really engage me.,2022-03-01 20:16:00
5128,1569,6,2,Overrated. I did not enjoy the characters at all.,2022-06-11 14:04:00
2639,2534,6,2,Would not recommend. Too slow and the payoff was not worth it.,2023-10-15 18:28:00
366,1459,50,5,One of the best reads I have had in years. Highly recommended.,2024-10-12 04:03:00
2605,620,1,3,Neither great nor terrible. Passes the time.,2022-11-21 14:37:00
472,283,1,4,Liked it. The first half is stronger than the second.,2024-02-22 06:39:00
1360,1928,5,4,"Good book, though the ending felt a little rushed.",2024-07-24 08:15:00
4963,2244,2,5,Absolutely loved this book — couldn't put it down!,2024-03-03 14:08:00
770,1883,2,5,Perfect blend of story and insight. Will read again.,2021-05-26 13:59:00
3947,2739,1,4,A very good read overall. Some chapters were slow but worth it.,2022-05-31 08:30:00
158,1550,1,4,Above average. Would recommend to fans of the genre.,2024-10-01 15:36:00
1124,1798,1,4,"Good book, though the ending felt a little rushed.",2024-08-31 19:46:00
3467,2457,3,3,Neither great nor terrible. Passes the time.,2022-10-25 18:26:00
411,954,2,4,Mostly great. The middle section drags a bit.,2024-10-17 18:41:00
4405,217,5,5,,2023-05-04 14:27:00
5083,502,3,3,,2024-07-24 16:25:00
2576,116,8,3,It was okay. The hype around this book is a bit overstated.,2024-10-16 16:22:00
1676,987,1,5,One of the best reads I have had in years. Highly recommended.,2023-03-06 21:24:00
3937,1463,1,3,Neither great nor terrible. Passes the time.,2023-02-26 00:40:00
2709,266,1,3,Neither great nor terrible. Passes the time.,2024-08-02 14:51:00
2804,1848,2,4,,2024-11-22 19:53:00
1536,2378,1,3,"Mixed feelings. Good premise, mediocre execution.",2024-03-08 22:15:00
2680,2111,7,4,Well-written and engaging. A few plot holes but forgivable.,2024-10-18 18:09:00
1133,1772,4,4,Enjoyed it quite a bit. Solid writing and interesting ideas.,2021-03-03 23:31:00
2753,555,4,4,Above average. Would recommend to fans of the genre.,2024-08-30 18:47:00
3257,37,5,2,Would not recommend. Too slow and the payoff was not worth it.,2023-07-03 09:56:00
3676,1399,2,5,Perfect blend of story and insight. Will read again.,2023-08-14 13:12:00
3336,469,6,4,,2021-06-07 04:41:00
2054,2290,2,5,Beautifully written. The author's style is simply stunning.,2021-12-17 22:05:00
1696,761,1,4,"Good book, though the ending felt a little rushed.",2021-04-01 19:35:00
1067,274,1,4,Well-written and engaging. A few plot holes but forgivable.,2024-09-17 14:39:00
3997,1492,52,2,Overrated. I did not enjoy the characters at all.,2022-12-11 10:08:00
1306,2574,2,4,Above average. Would recommend to fans of the genre.,2023-03-05 11:37:00
1995,2378,4,3,Neither great nor terrible. Passes the time.,2023-03-17 22:38:00
5369,528,3,5,,2023-05-30 22:16:00
1295,978,9,3,"Some interesting parts, but overall felt underwhelming.",2024-10-14 20:08:00
1587,63,1,5,A masterpiece. Every chapter left me wanting more.,2023-10-26 17:25:00
5154,2440,1,4,Above average. Would recommend to fans of the genre.,2022-07-28 07:18:00
4213,142,1,5,I finished this in two sittings. Absolutely riveting.,2023-06-15 19:27:00
2153,340,1,4,Mostly great. The middle section drags a bit.,2024-02-03 10:55:00
2561,545,1,4,"Good book, though the ending felt a little rushed.",2022-11-09 08:51:00
2980,1548,2,3,Average. Had its moments but failed to really engage me.,2024-08-13 20:38:00
200,1721,2,3,Neither great nor terrible. Passes the time.,2024-01-03 15:23:00
1508,666,2,5,I finished this in two sittings. Absolutely riveting.,2024-05-23 14:38:00
4955,162,3,5,Beautifully written. The author's style is simply stunning.,2022-04-18 11:43:00
1509,2476,1,4,A very good read overall. Some chapters were slow but worth it.,2024-10-20 07:58:00
2728,1895,1,3,Average. Had its moments but failed to really engage me.,2024-10-01 10:16:00
897,1926,11,3,Neither great nor terrible. Passes the time.,2021-12-02 21:15:00
505,2454,1,3,Decent read. Not my favourite but not bad either.,2024-05-01 16:19:00
152,2350,38,4,Enjoyed it quite a bit. Solid writing and interesting ideas.,2024-05-12 03:43:00
2099,2590,2,3,Had potential but did not quite deliver on its promise.,2021-09-07 11:49:00
43,2265,1,5,Beautifully written. The author's style is simply stunning.,2024-09-21 08:48:00
272,2319,32,2,Overrated. I did not enjoy the characters at all.,2023-12-30 18:58:00
1659,700,39,3,Decent read. Not my favourite but not bad either.,2022-12-22 20:24:00
1310,1773,66,3,"Some interesting parts, but overall felt underwhelming.",2023-05-09 14:55:00
4002,2641,9,3,"Mixed feelings. Good premise, mediocre execution.",2024-02-03 21:31:00
2759,27,1,5,Brilliant narrative. The characters feel genuinely real.,2024-10-17 05:02:00
4603,2595,3,3,It was okay. The hype around this book is a bit overstated.,2022-01-04 03:47:00
5218,649,3,3,Average. Had its moments but failed to really engage me.,2024-06-06 21:25:00
4968,101,34,4,Well-written and engaging. A few plot holes but forgivable.,2024-03-15 19:25:00
305,2487,102,3,Decent read. Not my favourite but not bad either.,2022-08-15 22:08:00
1630,475,1,5,Brilliant narrative. The characters feel genuinely real.,2024-08-12 10:02:00
5408,1842,13,5,A masterpiece. Every chapter left me wanting more.,2024-12-31 19:14:00
5033,170,1,5,Brilliant narrative. The characters feel genuinely real.,2024-08-30 18:27:00
74,1186,2,5,Brilliant narrative. The characters feel genuinely real.,2021-05-04 19:26:00
2474,2374,1,4,Well-written and engaging. A few plot holes but forgivable.,2024-12-28 12:45:00
4207,524,2,4,Mostly great. The middle section drags a bit.,2022-10-03 20:20:00
2532,2065,44,4,Mostly great. The middle section drags a bit.,2024-10-23 14:58:00
3714,2357,1,3,Neither great nor terrible. Passes the time.,2023-10-07 07:25:00
2702,647,96,3,It was okay. The hype around this book is a bit overstated.,2023-12-09 18:26:00
252,1041,1,3,Had potential but did not quite deliver on its promise.,2024-06-28 20:22:00
3048,2410,1,4,Mostly great. The middle section drags a bit.,2024-09-30 08:39:00
5293,822,31,3,Neither great nor terrible. Passes the time.,2024-10-08 20:31:00
4571,7,5,3,"Some interesting parts, but overall felt underwhelming.",2024-04-22 14:02:00
4943,458,6,3,Average. Had its moments but failed to really engage me.,2023-06-06 21:51:00
4713,2253,1,2,,2021-11-03 08:43:00
5577,1882,2,4,"Good book, though the ending felt a little rushed.",2024-11-25 07:15:00
5481,170,2,4,Above average. Would recommend to fans of the genre.,2022-02-12 07:51:00
3147,1180,1,0,A very good read overall. Some chapters were slow but worth it.,2024-02-24 16:27:00
5606,1504,1,3,"Some interesting parts, but overall felt underwhelming.",2023-12-20 07:28:00
4960,1701,3,3,Average. Had its moments but failed to really engage me.,2024-06-29 12:37:00
848,1720,1,3,"Some interesting parts, but overall felt underwhelming.",2023-09-11 19:31:00
3469,604,2,4,Liked it. The first half is stronger than the second.,2023-06-12 09:47:00
3020,642,3,1,Do not waste your money on this.,2024-09-28 21:07:00
381,1502,4,4,Pleasant read. Nothing groundbreaking but definitely enjoyable.,2024-06-07 18:22:00
821,2783,1,4,Well-written and engaging. A few plot holes but forgivable.,2024-12-29 09:17:00
957,1870,7,4,Mostly great. The middle section drags a bit.,2020-03-11 08:58:00
3458,2564,2,3,Average. Had its moments but failed to really engage me.,2024-12-31 13:14:00
1991,28,1,4,A very good read overall. Some chapters were slow but worth it.,2022-10-22 16:21:00
2818,134,3,3,It was okay. The hype around this book is a bit overstated.,2021-06-22 18:52:00
2238,823,4,3,Decent read. Not my favourite but not bad either.,2024-03-15 19:35:00
61,2467,2,4,"Good book, though the ending felt a little rushed.",2024-04-25 06:32:00
55,434,3,4,Above average. Would recommend to fans of the genre.,2021-07-08 20:25:00
2095,2062,38,5,This book changed the way I think. A must-read for everyone.,2024-04-09 07:08:00
4734,2493,6,2,Disappointed. Expected much more based on the reviews.,2024-07-28 19:43:00
887,1856,1,4,A very good read overall. Some chapters were slow but worth it.,2024-04-29 12:33:00
461,1284,2,5,Beautifully written. The author's style is simply stunning.,2023-07-15 10:40:00
2373,1370,4,4,Above average. Would recommend to fans of the genre.,2024-12-31 03:33:00
4478,115,3,3,Had potential but did not quite deliver on its promise.,2024-05-25 20:54:00
3220,1039,106,5,The writing is exceptional and the story gripped me from page one.,2024-09-02 17:17:00
2049,2666,22,7,It was okay. The hype around this book is a bit overstated.,2023-11-07 21:04:00
4680,588,2,4,"Good book, though the ending felt a little rushed.",2023-08-27 08:27:00
4389,349,6,4,A very good read overall. Some chapters were slow but worth it.,2023-06-26 19:42:00
3669,206,7,5,One of the best reads I have had in years. Highly recommended.,2024-10-15 11:28:00
2005,1979,8,3,It was okay. The hype around this book is a bit overstated.,2021-08-30 18:42:00
938,663,1,4,"Good book, though the ending felt a little rushed.",2023-10-02 14:30:00
5541,1716,1,5,Exceeded all my expectations. Truly extraordinary.,2024-04-13 19:05:00
5550,203,13,2,Would not recommend. Too slow and the payoff was not worth it.,2021-12-29 22:06:00
1547,167,1,4,Pleasant read. Nothing groundbreaking but definitely enjoyable.,2024-08-26 20:29:00
2217,2567,5,3,"Some interesting parts, but overall felt underwhelming.",2024-11-20 17:58:00
396,2090,2,4,Enjoyed it quite a bit. Solid writing and interesting ideas.,2024-10-25 17:06:00
1736,1226,3,4,"Good book, though the ending felt a little rushed.",2024-02-25 07:53:00
1019,2380,1,5,Perfect blend of story and insight. Will read again.,2023-04-19 06:49:00
581,1842,12,4,A very good read overall. Some chapters were slow but worth it.,2024-10-17 12:43:00
811,1707,1,3,Had potential but did not quite deliver on its promise.,2024-12-31 08:07:00
2846,762,1,3,Had potential but did not quite deliver on its promise.,2023-12-21 11:48:00
2917,150,2,3,Had potential but did not quite deliver on its promise.,2024-08-03 10:12:00
2875,2038,4,3,Had potential but did not quite deliver on its promise.,2021-04-27 13:18:00
3014,755,2,4,Liked it. The first half is stronger than the second.,2022-04-19 22:19:00
2510,2124,3,4,"Good book, though the ending felt a little rushed.",2024-12-16 20:46:00
600,2280,10,4,Enjoyed it quite a bit. Solid writing and interesting ideas.,2023-11-27 14:03:00
4959,693,16,5,Beautifully written. The author's style is simply stunning.,2024-04-28 09:02:00
5105,2597,1,4,Mostly great. The middle section drags a bit.,2023-11-05 18:02:00
3262,500,5,0,Decent read. Not my favourite but not bad either.,2022-12-16 21:49:00
2926,384,3,2,Disappointed. Expected much more based on the reviews.,2023-09-09 07:00:00
5259,2681,3,4,"Good book, though the ending felt a little rushed.",2024-08-27 14:28:00
4030,1115,12,4,Liked it. The first half is stronger than the second.,2022-09-11 18:02:00
156,178,1,4,Pleasant read. Nothing groundbreaking but definitely enjoyable.,2024-07-17 05:40:00
4358,2547,4,3,Neither great nor terrible. Passes the time.,2021-05-06 15:15:00
4568,1927,1,4,A very good read overall. Some chapters were slow but worth it.,2023-06-11 08:36:00
330,685,3,3,It was okay. The hype around this book is a bit overstated.,2024-05-10 20:07:00
1398,2734,1,3,It was okay. The hype around this book is a bit overstated.,2021-09-19 21:12:00
931,44,7,5,The writing is exceptional and the story gripped me from page one.,2023-07-04 13:12:00
4808,1749,6,2,,2024-01-07 13:36:00
2585,1206,3,4,,2023-05-01 08:06:00
1904,2602,1,5,This book changed the way I think. A must-read for everyone.,2024-09-03 21:35:00
5148,502,8,3,Had potential but did not quite deliver on its promise.,2023-09-01 08:57:00
2248,1290,6,5,This book changed the way I think. A must-read for everyone.,2022-07-11 18:42:00
4153,676,92,5,Beautifully written. The author's style is simply stunning.,2024-03-15 17:11:00
2133,360,2,3,Neither great nor terrible. Passes the time.,2024-08-30 09:15:00
3157,892,5,3,"Some interesting parts, but overall felt underwhelming.",2024-12-15 17:38:00
651,1972,6,3,Average. Had its moments but failed to really engage me.,2023-07-31 15:15:00
1975,367,12,3,Average. Had its moments but failed to really engage me.,2024-04-05 20:12:00
468,2436,32,1,Terrible. Wasted my money and my time.,2024-07-02 19:15:00
3303,284,3,4,Pleasant read. Nothing groundbreaking but definitely enjoyable.,2023-07-11 23:02:00
2472,2797,1,5,Brilliant narrative. The characters feel genuinely real.,2020-12-16 14:23:00
1337,2390,6,2,Disappointed. Expected much more based on the reviews.,2021-07-30 19:58:00
4006,1338,2,3,Neither great nor terrible. Passes the time.,2024-05-13 08:58:00
2589,1802,1,3,Average. Had its moments but failed to really engage me.,2024-04-15 07:47:00
154,2547,18,3,Average. Had its moments but failed to really engage me.,2023-02-06 15:33:00
3279,1562,1,3,It was okay. The hype around this book is a bit overstated.,2021-02-26 10:02:00
3380,2389,6,2,Disappointed. Expected much more based on the reviews.,2023-10-29 21:06:00
958,83,11,4,Liked it. The first half is stronger than the second.,2022-07-12 17:18:00
2450,1021,1,4,Liked it. The first half is stronger than the second.,2024-11-29 18:19:00
1158,1122,6,2,Overrated. I did not enjoy the characters at all.,2021-09-12 07:22:00
2876,836,1,4,"Good book, though the ending felt a little rushed.",2024-05-16 07:04:00
3344,4,2,4,"Good book, though the ending felt a little rushed.",2021-12-09 18:54:00
387,298,2,4,Liked it. The first half is stronger than the second.,2024-02-04 13:00:00
2984,1193,1,4,Mostly great. The middle section drags a bit.,2024-04-21 21:44:00
785,1636,12,4,Above average. Would recommend to fans of the genre.,2024-04-16 21:32:00
1248,642,39,3,It was okay. The hype around this book is a bit overstated.,2024-12-24 12:47:00
4015,1557,14,5,I finished this in two sittings. Absolutely riveting.,2022-10-01 19:12:00
4726,362,6,1,Terrible. Wasted my money and my time.,2023-07-30 11:24:00
2522,1250,1,3,It was okay. The hype around this book is a bit overstated.,2024-05-12 20:01:00
3507,153,1,3,"Mixed feelings. Good premise, mediocre execution.",2023-06-20 06:55:00
1090,165,1,3,"Some interesting parts, but overall felt underwhelming.",2024-07-19 12:05:00
2987,2613,1,5,Perfect blend of story and insight. Will read again.,2024-04-19 10:48:00
3574,1512,2,4,Liked it. The first half is stronger than the second.,2024-03-11 19:06:00
2359,2430,5,4,Above average. Would recommend to fans of the genre.,2024-12-31 17:21:00
5458,2580,1,4,Enjoyed it quite a bit. Solid writing and interesting ideas.,2020-04-26 08:28:00
2516,476,2,5,I finished this in two sittings. Absolutely riveting.,2023-01-12 18:40:00
818,250,1,5,One of the best reads I have had in years. Highly recommended.,2024-01-23 19:04:00
165,2075,2,5,A masterpiece. Every chapter left me wanting more.,2020-12-08 00:04:00
4659,2432,1,3,"Some interesting parts, but overall felt underwhelming.",2023-09-12 20:18:00
1336,337,10,4,"Good book, though the ending felt a little rushed.",2021-11-16 14:03:00
5389,2661,1,4,Enjoyed it quite a bit. Solid writing and interesting ideas.,2023-06-12 07:33:00
755,1152,4,3,Decent read. Not my favourite but not bad either.,2024-12-12 12:01:00
2840,111,1,3,Neither great nor terrible. Passes the time.,2024-06-02 13:14:00
447,2607,4,3,Neither great nor terrible. Passes the time.,2024-06-11 17:46:00
646,531,2,4,,2024-03-30 09:26:00
1936,2192,1,4,"Good book, though the ending felt a little rushed.",2021-07-04 19:13:00
162,1140,1,4,Above average. Would recommend to fans of the genre.,2021-10-24 13:25:00
4914,1952,2,4,,2024-04-04 10:34:00
1523,129,15,4,Pleasant read. Nothing groundbreaking but definitely enjoyable.,2024-01-12 21:17:00
2686,1208,5,3,Average. Had its moments but failed to really engage me.,2023-04-03 13:37:00
4415,2446,119,4,,2023-12-07 16:37:00
2024,1995,3,3,Neither great nor terrible. Passes the time.,2024-06-13 11:15:00
2829,811,3,2,Would not recommend. Too slow and the payoff was not worth it.,2024-12-25 10:02:00
5204,1206,1,4,Enjoyed it quite a bit. Solid writing and interesting ideas.,2022-02-14 10:16:00
1802,82,1,4,A very good read overall. Some chapters were slow but worth it.,2021-01-21 21:24:00
2372,1659,7,3,Decent read. Not my favourite but not bad either.,2022-08-15 12:23:00
4564,2722,1,4,A very good read overall. Some chapters were slow but worth it.,2024-06-09 23:15:00
1735,2175,2,4,Mostly great. The middle section drags a bit.,2021-12-25 15:03:00
139,2227,1,3,Had potential but did not quite deliver on its promise.,2023-09-15 09:39:00
1848,1022,2,3,"Mixed feelings. Good premise, mediocre execution.",2020-11-03 12:01:00
3844,469,4,4,Enjoyed it quite a bit. Solid writing and interesting ideas.,2021-06-02 20:31:00
3569,1787,11,4,"Good book, though the ending felt a little rushed.",2024-12-31 14:24:00
2100,865,2,4,Above average. Would recommend to fans of the genre.,2023-07-01 19:32:00
1938,1173,1,4,Pleasant read. Nothing groundbreaking but definitely enjoyable.,2023-10-28 11:22:00
649,579,3,3,It was okay. The hype around this book is a bit overstated.,2023-02-11 20:12:00
927,2788,2,3,"Mixed feelings. Good premise, mediocre execution.",2024-11-12 17:23:00
2091,415,3,4,Above average. Would recommend to fans of the genre.,2024-02-11 19:49:00
2469,1315,10,4,Enjoyed it quite a bit. Solid writing and interesting ideas.,2022-03-16 12:20:00
4837,834,5,5,One of the best reads I have had in years. Highly recommended.,2023-08-10 20:43:00
4970,816,55,3,Average. Had its moments but failed to really engage me.,2022-12-22 13:09:00
225,2696,1,3,,2024-08-24 18:51:00
1243,1097,2,3,Average. Had its moments but failed to really engage me.,2022-11-16 10:45:00
5337,2240,2,3,It was okay. The hype around this book is a bit overstated.,2024-10-08 17:54:00
1078,2660,83,4,Well-written and engaging. A few plot holes but forgivable.,2021-08-12 15:56:00
3323,143,11,5,The writing is exceptional and the story gripped me from page one.,2024-11-15 23:44:00
686,2662,61,3,Decent read. Not my favourite but not bad either.,2024-08-01 20:02:00
106,544,1,3,Had potential but did not quite deliver on its promise.,2024-12-29 18:22:00
2180,1226,5,2,Disappointed. Expected much more based on the reviews.,2022-02-26 17:21:00
219,1882,1,3,"Mixed feelings. Good premise, mediocre execution.",2024-01-17 22:59:00
5331,111,21,4,Liked it. The first half is stronger than the second.,2024-08-26 09:29:00
2010,2280,8,4,Pleasant read. Nothing groundbreaking but definitely enjoyable.,2024-09-06 18:26:00
3247,2677,4,5,Exceeded all my expectations. Truly extraordinary.,2021-08-06 11:24:00
643,480,2,3,Neither great nor terrible. Passes the time.,2023-04-11 05:26:00
5119,970,7,4,Above average. Would recommend to fans of the genre.,2024-12-07 12:04:00
3355,2217,4,4,Mostly great. The middle section drags a bit.,2021-10-29 20:23:00
4259,2234,33,5,Absolutely loved this book — couldn't put it down!,2022-12-24 06:18:00
4566,2397,5,4,"Good book, though the ending felt a little rushed.",2024-06-02 17:41:00
1763,976,1,5,Brilliant narrative. The characters feel genuinely real.,2022-12-25 17:03:00
2839,660,2,3,Had potential but did not quite deliver on its promise.,2024-01-17 11:31:00
2425,653,1,3,"Some interesting parts, but overall felt underwhelming.",2024-02-03 14:18:00
717,2669,3,4,Well-written and engaging. A few plot holes but forgivable.,2022-04-07 11:36:00
4537,59,68,5,One of the best reads I have had in years. Highly recommended.,2024-01-21 08:07:00
3658,1441,9,3,"Some interesting parts, but overall felt underwhelming.",2024-10-30 10:18:00
3003,873,1,5,Exceeded all my expectations. Truly extraordinary.,2023-01-05 16:11:00
1597,573,1,4,A very good read overall. Some chapters were slow but worth it.,2022-03-25 21:25:00
4641,2644,1,4,Above average. Would recommend to fans of the genre.,2020-05-29 11:21:00
2203,361,2,5,A masterpiece. Every chapter left me wanting more.,2024-12-31 20:56:00
2654,1515,1,3,Decent read. Not my favourite but not bad either.,2021-04-24 22:14:00
5354,1776,2,4,Above average. Would recommend to fans of the genre.,2023-06-18 19:50:00
5254,1910,1,4,Above average. Would recommend to fans of the genre.,2023-12-21 10:42:00
2632,1444,1,4,,2024-11-01 10:45:00
168,2632,1,4,Mostly great. The middle section drags a bit.,2021-08-25 20:45:00
2785,498,1,4,Well-written and engaging. A few plot holes but forgivable.,2023-07-24 18:38:00
3258,1340,2,4,Pleasant read. Nothing groundbreaking but definitely enjoyable.,2024-09-11 12:17:00
2455,28,2,5,A masterpiece. Every chapter left me wanting more.,2023-10-20 06:03:00
3492,2769,1,3,"Some interesting parts, but overall felt underwhelming.",2024-12-31 07:32:00
3256,1273,11,4,Enjoyed it quite a bit. Solid writing and interesting ideas.,2022-06-03 19:54:00
1755,625,7,5,,2022-05-28 15:47:00
4240,2424,1,4,Above average. Would recommend to fans of the genre.,2024-04-27 07:52:00
2806,41,1,3,Average. Had its moments but failed to really engage me.,2024-08-18 11:37:00
4114,2362,10,4,Pleasant read. Nothing groundbreaking but definitely enjoyable.,2023-06-08 07:12:00
1501,1752,1,2,,2024-02-09 20:48:00
2721,1373,12,4,Liked it. The first half is stronger than the second.,2024-12-28 13:56:00
1546,1301,2,5,,2021-06-10 20:21:00
1219,2556,10,3,Average. Had its moments but failed to really engage me.,2024-11-26 21:48:00
4695,2224,3,3,"Mixed feelings. Good premise, mediocre execution.",2022-04-13 07:55:00
3875,18,3,3,"Some interesting parts, but overall felt underwhelming.",2023-04-19 13:22:00
4419,2582,1,5,I finished this in two sittings. Absolutely riveting.,2022-11-10 14:41:00
2812,324,2,5,A masterpiece. Every chapter left me wanting more.,2024-08-22 07:16:00
3375,2392,21,4,"Good book, though the ending felt a little rushed.",2024-12-05 08:52:00
1035,2633,1,3,Average. Had its moments but failed to really engage me.,2024-12-15 19:20:00
5371,2315,1,4,Liked it. The first half is stronger than the second.,2021-09-24 19:37:00
448,2170,1,3,"Some interesting parts, but overall felt underwhelming.",2024-11-12 16:41:00
1342,843,6,2,,2024-12-08 09:45:00
1495,1396,2,4,Mostly great. The middle section drags a bit.,2024-03-01 08:17:00
5618,1972,6,3,Average. Had its moments but failed to really engage me.,2023-07-31 15:15:00
5196,1732,2,3,Had potential but did not quite deliver on its promise.,2023-04-05 08:53:00
1453,27,2,3,"Some interesting parts, but overall felt underwhelming.",2024-09-27 13:02:00
3143,732,1,3,It was okay. The hype around this book is a bit overstated.,2020-08-05 19:26:00
3515,134,1,5,Exceeded all my expectations. Truly extraordinary.,2021-05-22 10:13:00
1526,2716,3,5,This book changed the way I think. A must-read for everyone.,2023-08-31 23:57:00
5080,2746,93,4,Above average. Would recommend to fans of the genre.,2024-11-13 14:57:00
3847,1806,1,4,Mostly great. The middle section drags a bit.,2024-08-04 08:16:00
3864,2226,1,5,Absolutely loved this book — couldn't put it down!,2023-02-25 02:23:00
1178,719,1,5,The writing is exceptional and the story gripped me from page one.,2023-10-20 18:58:00
2487,190,2,4,"Good book, though the ending felt a little rushed.",2023-12-10 14:13:00
4609,31,1,4,,2023-03-20 17:20:00
2816,1215,8,4,A very good read overall. Some chapters were slow but worth it.,2024-11-21 18:54:00
3483,2739,4,3,Decent read. Not my favourite but not bad either.,2022-11-24 16:50:00
351,2434,3,3,"Some interesting parts, but overall felt underwhelming.",2024-11-26 20:32:00
84,2455,1,4,A very good read overall. Some chapters were slow but worth it.,2023-09-06 14:35:00
5335,2411,2,2,Struggled to get through it. The story meanders endlessly.,2022-12-01 21:01:00
4750,1366,11,3,Had potential but did not quite deliver on its promise.,2022-03-24 06:02:00
2862,1799,1,5,I finished this in two sittings. Absolutely riveting.,2024-06-05 18:47:00
3808,2742,2,4,Enjoyed it quite a bit. Solid writing and interesting ideas.,2023-08-30 10:33:00
2779,414,9,3,Neither great nor terrible. Passes the time.,2023-10-12 14:10:00
1644,1884,4,3,"Some interesting parts, but overall felt underwhelming.",2022-10-25 22:57:00
968,2116,1,3,Average. Had its moments but failed to really engage me.,2022-12-16 20:00:00
856,1923,6,3,"Mixed feelings. Good premise, mediocre execution.",2023-11-17 10:52:00
3512,1027,2,4,Liked it. The first half is stronger than the second.,2022-12-14 20:57:00
131,2245,3,3,It was okay. The hype around this book is a bit overstated.,2024-07-24 08:48:00
2556,2440,2,4,"Good book, though the ending felt a little rushed.",2024-05-29 17:39:00
5608,1391,2,4,Enjoyed it quite a bit. Solid writing and interesting ideas.,2023-09-11 19:02:00
5403,602,3,4,A very good read overall. Some chapters were slow but worth it.,2023-07-17 20:29:00
4412,1272,10,4,Enjoyed it quite a bit. Solid writing and interesting ideas.,2024-07-24 13:30:00
1409,374,38,4,Liked it. The first half is stronger than the second.,2024-04-22 12:21:00
918,140,1,5,Beautifully written. The author's style is simply stunning.,2023-05-24 11:35:00
1134,77,4,3,"Mixed feelings. Good premise, mediocre execution.",2024-05-05 11:46:00
3503,1007,3,3,"Mixed feelings. Good premise, mediocre execution.",2022-11-18 00:25:00
3917,478,6,2,Disappointed. Expected much more based on the reviews.,2024-04-01 18:22:00
256,2664,1,2,Struggled to get through it. The story meanders endlessly.,2023-10-01 14:12:00
2662,2515,1,4,A very good read overall. Some chapters were slow but worth it.,2024-03-10 17:19:00
160,1006,3,4,,2024-12-31 20:17:00
1844,878,4,2,Disappointed. Expected much more based on the reviews.,2021-07-29 15:09:00
4178,1569,74,1,Do not waste your money on this.,2021-12-11 09:24:00
2301,2718,3,3,"Some interesting parts, but overall felt underwhelming.",2022-01-22 19:08:00
1316,362,2,4,Liked it. The first half is stronger than the second.,2023-04-13 16:24:00
3835,265,53,3,"Mixed feelings. Good premise, mediocre execution.",2023-01-03 03:38:00
3949,1671,4,4,,2024-10-31 19:17:00
1186,2486,1,3,"Some interesting parts, but overall felt underwhelming.",2024-06-06 20:16:00
3082,570,5,2,Not for me. The writing style felt very dated.,2020-10-17 10:49:00
4337,1313,1,3,It was okay. The hype around this book is a bit overstated.,2023-09-08 08:01:00
5006,1642,3,4,,2022-12-12 18:22:00
4348,2771,29,4,A very good read overall. Some chapters were slow but worth it.,2024-08-21 07:27:00
1854,2425,2,4,Well-written and engaging. A few plot holes but forgivable.,2024-11-13 07:04:00
5129,1381,2,4,Enjoyed it quite a bit. Solid writing and interesting ideas.,2023-09-20 14:21:00
4999,797,2,3,"Some interesting parts, but overall felt underwhelming.",2022-07-06 10:46:00
3567,162,11,3,Average. Had its moments but failed to really engage me.,2024-06-27 20:13:00
1011,754,4,3,Neither great nor terrible. Passes the time.,2024-07-22 23:45:00
3324,45,1,4,Well-written and engaging. A few plot holes but forgivable.,2024-09-28 18:00:00
3956,1693,3,3,Had potential but did not quite deliver on its promise.,2024-07-13 00:35:00
1156,1482,3,3,Decent read. Not my favourite but not bad either.,2024-07-24 17:57:00
4252,2654,2,5,I finished this in two sittings. Absolutely riveting.,2024-11-27 10:48:00
2618,2696,2,4,Above average. Would recommend to fans of the genre.,2024-01-01 12:22:00
1145,830,1,4,,2022-10-21 11:58:00
1349,2786,33,2,Overrated. I did not enjoy the characters at all.,2022-03-03 14:12:00
1102,1149,3,4,Enjoyed it quite a bit. Solid writing and interesting ideas.,2023-09-06 19:55:00
558,268,3,4,Mostly great. The middle section drags a bit.,2024-08-04 21:48:00
4682,1184,1,4,Mostly great. The middle section drags a bit.,2023-02-14 19:06:00
875,2122,1,3,"Mixed feelings. Good premise, mediocre execution.",2024-12-29 10:27:00
5217,983,28,5,I finished this in two sittings. Absolutely riveting.,2023-07-24 20:34:00
1402,840,16,4,Enjoyed it quite a bit. Solid writing and interesting ideas.,2024-12-08 21:00:00
1488,1180,3,3,Had potential but did not quite deliver on its promise.,2024-12-16 17:36:00
3109,1484,2,3,,2024-08-15 18:35:00
4238,206,1,4,,2022-09-21 11:21:00
4632,671,11,5,A masterpiece. Every chapter left me wanting more.,2020-10-07 21:05:00
2434,914,4,2,Overrated. I did not enjoy the characters at all.,2024-09-27 21:22:00
4231,2379,3,4,A very good read overall. Some chapters were slow but worth it.,2024-12-31 07:55:00
3901,2202,1,3,Neither great nor terrible. Passes the time.,2023-02-10 17:39:00
4340,747,1,4,A very good read overall. Some chapters were slow but worth it.,2021-10-31 11:38:00
4709,1744,7,3,Decent read. Not my favourite but not bad either.,2020-08-17 07:06:00
4079,955,3,4,"Good book, though the ending felt a little rushed.",2023-04-05 17:44:00
2170,184,1,5,Exceeded all my expectations. Truly extraordinary.,2023-12-13 12:23:00
1452,2759,78,1,Gave up halfway. The writing is unbearable.,2023-04-10 19:56:00
4950,1032,7,3,Had potential but did not quite deliver on its promise.,2023-07-24 20:57:00
1681,2741,5,4,Pleasant read. Nothing groundbreaking but definitely enjoyable.,2023-04-30 14:43:00
399,411,2,5,Absolutely loved this book — couldn't put it down!,2024-12-09 20:56:00
3684,1483,4,3,Had potential but did not quite deliver on its promise.,2020-03-05 18:06:00
3263,1430,1,4,Mostly great. The middle section drags a bit.,2023-06-02 15:36:00
1701,700,29,5,One of the best reads I have had in years. Highly recommended.,2021-08-06 08:41:00
2514,1537,2,3,"Some interesting parts, but overall felt underwhelming.",2021-07-13 08:27:00
1668,10,58,4,Mostly great. The middle section drags a bit.,2024-05-27 09:55:00
4840,1658,3,4,Above average. Would recommend to fans of the genre.,2024-04-11 11:55:00
4650,2065,2,3,Average. Had its moments but failed to really engage me.,2023-12-13 11:20:00
2930,1947,1,4,"Good book, though the ending felt a little rushed.",2023-11-01 00:17:00
2673,1349,1,3,Average. Had its moments but failed to really engage me.,2023-05-27 11:54:00
775,983,3,3,,2024-08-07 15:42:00
3666,840,47,5,Exceeded all my expectations. Truly extraordinary.,2023-12-21 14:32:00
4940,2644,4,3,"Mixed feelings. Good premise, mediocre execution.",2020-08-02 20:35:00
3710,1017,2,5,I finished this in two sittings. Absolutely riveting.,2024-08-08 07:22:00
2591,2725,3,4,Mostly great. The middle section drags a bit.,2020-10-21 08:41:00
3265,957,2,4,,2020-12-17 05:33:00
3773,869,6,2,Overrated. I did not enjoy the characters at all.,2024-02-06 15:52:00
5199,334,2,4,Enjoyed it quite a bit. Solid writing and interesting ideas.,2023-03-28 16:24:00
4639,944,2,4,Pleasant read. Nothing groundbreaking but definitely enjoyable.,2022-09-06 16:25:00
2221,1901,2,4,Above average. Would recommend to fans of the genre.,2021-06-13 13:25:00
2196,941,16,4,Above average. Would recommend to fans of the genre.,2023-10-28 11:56:00
4673,790,4,3,Had potential but did not quite deliver on its promise.,2024-12-31 22:58:00
3764,2309,111,4,Pleasant read. Nothing groundbreaking but definitely enjoyable.,2023-10-07 11:06:00
2628,2166,3,3,It was okay. The hype around this book is a bit overstated.,2024-06-25 14:21:00
4012,113,4,3,Decent read. Not my favourite but not bad either.,2023-09-22 07:48:00
5561,1338,1,3,Average. Had its moments but failed to really engage me.,2024-05-11 22:33:00
4556,1384,1,4,Above average. Would recommend to fans of the genre.,2023-02-12 10:37:00
628,808,25,3,Neither great nor terrible. Passes the time.,2024-10-28 11:45:00
3939,988,4,3,"Mixed feelings. Good premise, mediocre execution.",2024-08-20 19:53:00
1994,1624,20,2,Not for me. The writing style felt very dated.,2022-09-28 11:15:00
5209,2536,3,3,Average. Had its moments but failed to really engage me.,2022-01-17 21:17:00
3408,335,8,2,Overrated. I did not enjoy the characters at all.,2022-04-29 09:57:00
965,450,1,3,Had potential but did not quite deliver on its promise.,2023-03-01 18:39:00
4721,2686,12,5,Exceeded all my expectations. Truly extraordinary.,2024-10-24 19:23:00
2325,2605,3,2,Not for me. The writing style felt very dated.,2024-07-22 17:27:00
5088,1735,3,4,Pleasant read. Nothing groundbreaking but definitely enjoyable.,2024-02-13 08:56:00
5141,1489,13,4,,2024-09-15 20:22:00
1902,339,3,3,It was okay. The hype around this book is a bit overstated.,2024-11-18 20:13:00
1658,730,11,4,Well-written and engaging. A few plot holes but forgivable.,2024-08-31 22:38:00
5069,916,8,4,A very good read overall. Some chapters were slow but worth it.,2024-10-16 08:41:00
2442,39,1,4,"Good book, though the ending felt a little rushed.",2020-11-08 03:52:00
3096,2391,2,5,,2022-02-17 14:24:00
4922,2605,1,5,Perfect blend of story and insight. Will read again.,2022-09-12 13:10:00
4854,1911,9,4,"Good book, though the ending felt a little rushed.",2023-01-19 18:04:00
2389,548,4,4,"Good book, though the ending felt a little rushed.",2023-08-01 11:55:00
176,562,1,4,Liked it. The first half is stronger than the second.,2024-12-20 12:16:00
1883,2640,2,4,,2024-10-28 00:47:00
5444,1223,6,3,Average. Had its moments but failed to really engage me.,2022-11-27 15:46:00
1466,1294,1,3,Average. Had its moments but failed to really engage me.,2024-11-17 16:50:00
5520,815,1,4,Well-written and engaging. A few plot holes but forgivable.,2022-10-21 11:12:00
4428,1744,16,-1,"Mixed feelings. Good premise, mediocre execution.",2022-08-09 15:35:00
2376,2672,6,3,Had potential but did not quite deliver on its promise.,2023-01-17 21:10:00
4555,557,13,3,"Mixed feelings. Good premise, mediocre execution.",2023-06-05 18:18:00
1082,2372,1,3,"Mixed feelings. Good premise, mediocre execution.",2021-12-18 21:39:00
5391,224,7,4,"Good book, though the ending felt a little rushed.",2024-11-02 12:51:00
990,505,5,4,Pleasant read. Nothing groundbreaking but definitely enjoyable.,2022-04-22 20:23:00
2744,2037,1,2,Not for me. The writing style felt very dated.,2023-06-06 21:28:00
4309,432,10,4,Enjoyed it quite a bit. Solid writing and interesting ideas.,2024-11-24 17:31:00
3017,1894,2,4,A very good read overall. Some chapters were slow but worth it.,2023-07-19 14:04:00
2362,2264,1,4,Liked it. The first half is stronger than the second.,2021-05-16 11:07:00
625,830,10,5,Brilliant narrative. The characters feel genuinely real.,2022-10-13 19:18:00
1447,1357,2,4,Enjoyed it quite a bit. Solid writing and interesting ideas.,2024-09-30 08:28:00
4607,23,9,4,Mostly great. The middle section drags a bit.,2023-04-30 07:36:00
3656,124,29,4,Above average. Would recommend to fans of the genre.,2024-02-06 08:21:00
1081,1064,2,3,Average. Had its moments but failed to really engage me.,2024-06-01 06:40:00
5360,284,28,1,,2023-12-08 08:32:00
3587,2024,15,4,"Good book, though the ending felt a little rushed.",2024-06-11 08:08:00
865,1887,3,4,Well-written and engaging. A few plot holes but forgivable.,2024-09-25 15:54:00
2291,710,1,3,,2021-11-07 19:27:00
3412,707,8,4,Liked it. The first half is stronger than the second.,2021-09-27 01:20:00
3099,1722,84,2,Struggled to get through it. The story meanders endlessly.,2022-11-29 09:50:00
1211,2270,1,3,"Mixed feelings. Good premise, mediocre execution.",2024-05-23 19:27:00
1839,425,1,3,"Some interesting parts, but overall felt underwhelming.",2023-09-30 09:28:00
1025,1428,21,4,Mostly great. The middle section drags a bit.,2022-10-03 18:35:00
3856,660,6,2,The plot felt disjointed and the pacing was off throughout.,2023-04-18 21:12:00
47,1409,3,3,It was okay. The hype around this book is a bit overstated.,2021-12-11 17:55:00
5574,645,1,4,Above average. Would recommend to fans of the genre.,2024-03-26 15:02:00
4289,1755,4,3,Had potential but did not quite deliver on its promise.,2022-01-28 18:31:00
57,1777,163,3,Decent read. Not my favourite but not bad either.,2020-07-20 18:32:00
5194,1944,1,4,Pleasant read. Nothing groundbreaking but definitely enjoyable.,2022-12-08 19:56:00
2614,2328,1,4,A very good read overall. Some chapters were slow but worth it.,2023-04-12 12:29:00
1948,2735,53,4,Enjoyed it quite a bit. Solid writing and interesting ideas.,2024-01-05 13:46:00
2707,2502,1,4,Pleasant read. Nothing groundbreaking but definitely enjoyable.,2024-02-04 14:20:00
5429,139,8,2,Disappointed. Expected much more based on the reviews.,2024-07-09 18:49:00
5008,2420,1,4,Mostly great. The middle section drags a bit.,2021-09-10 12:55:00
4826,212,11,5,A masterpiece. Every chapter left me wanting more.,2024-09-18 07:28:00
92,550,2,5,A masterpiece. Every chapter left me wanting more.,2024-12-31 09:56:00
2735,350,2,3,Decent read. Not my favourite but not bad either.,2024-12-31 08:18:00
1346,182,1,3,"Some interesting parts, but overall felt underwhelming.",2020-09-01 20:35:00
960,1080,18,1,Gave up halfway. The writing is unbearable.,2024-12-07 20:07:00
739,253,4,2,The plot felt disjointed and the pacing was off throughout.,2024-06-12 15:24:00
4187,390,4,3,Average. Had its moments but failed to really engage me.,2023-04-10 18:51:00
729,385,1,2,Struggled to get through it. The story meanders endlessly.,2022-10-15 16:10:00
421,483,176,3,Average. Had its moments but failed to really engage me.,2024-07-26 15:50:00
3511,176,4,0,,2021-09-20 21:02:00
3348,144,2,3,,2021-12-17 11:58:00
3860,2013,26,5,Exceeded all my expectations. Truly extraordinary.,2024-12-31 21:08:00
4033,319,1,4,Above average. Would recommend to fans of the genre.,2024-05-18 22:14:00
2475,95,60,3,Neither great nor terrible. Passes the time.,2021-04-21 18:19:00
4757,422,1,5,I finished this in two sittings. Absolutely riveting.,2023-07-06 21:12:00
3716,778,2,4,"Good book, though the ending felt a little rushed.",2024-11-20 23:54:00
2893,842,9,6,Enjoyed it quite a bit. Solid writing and interesting ideas.,2023-06-03 22:37:00
1845,1367,1,3,It was okay. The hype around this book is a bit overstated.,2020-02-23 08:58:00
4896,1154,114,3,It was okay. The hype around this book is a bit overstated.,2024-06-08 23:37:00
2379,2231,1,4,Liked it. The first half is stronger than the second.,2021-05-19 10:03:00
4664,225,27,3,Had potential but did not quite deliver on its promise.,2023-10-01 09:54:00
1641,2355,1,4,"Good book, though the ending felt a little rushed.",2022-10-25 20:50:00
3794,1464,6,2,The plot felt disjointed and the pacing was off throughout.,2024-04-24 17:53:00
3938,1408,4,3,Average. Had its moments but failed to really engage me.,2024-06-13 05:11:00
4345,531,4,4,Well-written and engaging. A few plot holes but forgivable.,2023-05-27 17:25:00
1271,2346,25,4,Pleasant read. Nothing groundbreaking but definitely enjoyable.,2023-08-18 07:25:00
1647,1354,1,5,This book changed the way I think. A must-read for everyone.,2022-11-30 21:08:00
2904,2477,1,4,"Good book, though the ending felt a little rushed.",2023-04-15 15:45:00
2807,2495,1,4,Mostly great. The middle section drags a bit.,2022-12-05 11:02:00
4490,239,13,3,"Some interesting parts, but overall felt underwhelming.",2023-10-27 19:13:00
661,2541,94,5,I finished this in two sittings. Absolutely riveting.,2023-10-04 13:15:00
5099,950,38,2,Struggled to get through it. The story meanders endlessly.,2024-11-09 19:54:00
2825,2104,2,4,"Good book, though the ending felt a little rushed.",2023-01-24 21:40:00
4424,557,53,3,Average. Had its moments but failed to really engage me.,2024-03-04 18:32:00
1386,660,15,4,Pleasant read. Nothing groundbreaking but definitely enjoyable.,2023-11-20 17:53:00
2500,1858,4,2,Struggled to get through it. The story meanders endlessly.,2023-03-18 18:28:00
3513,640,61,2,Not for me. The writing style felt very dated.,2024-11-09 13:25:00
5133,766,190,5,Perfect blend of story and insight. Will read again.,2023-10-22 21:31:00
2558,1150,1,4,Well-written and engaging. A few plot holes but forgivable.,2024-03-13 14:02:00
5311,2101,2,5,,2024-06-22 19:09:00
234,2347,1,5,One of the best reads I have had in years. Highly recommended.,2024-10-08 21:34:00
4171,1119,1,5,A masterpiece. Every chapter left me wanting more.,2024-02-11 10:53:00
2156,476,16,4,Well-written and engaging. A few plot holes but forgivable.,2023-12-18 06:34:00
5378,411,59,5,Beautifully written. The author's style is simply stunning.,2023-02-25 13:34:00
5109,1773,14,5,Beautifully written. The author's style is simply stunning.,2022-10-03 09:21:00
830,2322,1,4,Enjoyed it quite a bit. Solid writing and interesting ideas.,2022-01-28 21:43:00
640,2641,1,3,Had potential but did not quite deliver on its promise.,2024-08-21 19:46:00
4219,2470,3,4,Pleasant read. Nothing groundbreaking but definitely enjoyable.,2021-09-02 21:39:00
2943,2017,2,4,Above average. Would recommend to fans of the genre.,2024-04-06 22:28:00
2212,909,14,7,Mostly great. The middle section drags a bit.,2024-12-10 16:42:00
5321,519,29,5,Beautifully written. The author's style is simply stunning.,2024-07-02 11:23:00
4320,2228,4,3,Decent read. Not my favourite but not bad either.,2024-09-20 15:13:00
5394,84,1,5,The writing is exceptional and the story gripped me from page one.,2023-07-08 19:12:00
2479,87,1,2,Not for me. The writing style felt very dated.,2023-10-07 07:13:00
3261,367,1,4,Liked it. The first half is stronger than the second.,2024-10-22 18:54:00
1624,1632,3,4,,2024-08-21 13:30:00
5234,2338,1,3,Had potential but did not quite deliver on its promise.,2024-06-21 12:06:00
4464,619,22,3,Average. Had its moments but failed to really engage me.,2022-11-06 09:08:00
1224,1269,16,4,,2023-09-12 18:36:00
4298,2166,1,5,,2021-12-16 09:18:00
4850,1376,5,4,"Good book, though the ending felt a little rushed.",2023-06-30 13:13:00
3354,1659,24,5,I finished this in two sittings. Absolutely riveting.,2020-12-30 18:49:00
4425,1753,15,4,Enjoyed it quite a bit. Solid writing and interesting ideas.,2020-10-16 23:19:00
3866,1679,19,4,Pleasant read. Nothing groundbreaking but definitely enjoyable.,2024-09-08 05:20:00
3165,423,2,5,This book changed the way I think. A must-read for everyone.,2022-06-16 06:28:00
4495,2541,4,3,Had potential but did not quite deliver on its promise.,2023-01-22 15:15:00
1147,2534,1,4,Enjoyed it quite a bit. Solid writing and interesting ideas.,2020-09-18 10:51:00
1292,2191,1,4,A very good read overall. Some chapters were slow but worth it.,2024-05-11 20:25:00
3212,311,2,5,This book changed the way I think. A must-read for everyone.,2024-08-02 17:34:00
1884,2177,8,4,Mostly great. The middle section drags a bit.,2024-06-23 11:43:00
5092,1931,38,5,Beautifully written. The author's style is simply stunning.,2024-11-05 06:11:00
1107,1564,1,4,,2020-04-03 08:42:00
1631,2442,12,4,"Good book, though the ending felt a little rushed.",2023-07-19 10:14:00
713,2172,13,3,,2020-12-11 18:40:00
3398,2756,3,4,Liked it. The first half is stronger than the second.,2024-11-02 12:41:00
981,2105,2,4,Pleasant read. Nothing groundbreaking but definitely enjoyable.,2024-02-12 22:27:00
4055,494,1,4,Enjoyed it quite a bit. Solid writing and interesting ideas.,2024-12-31 19:31:00
1244,1014,19,4,Above average. Would recommend to fans of the genre.,2023-08-09 12:59:00
1476,2208,4,2,Not for me. The writing style felt very dated.,2020-09-13 13:50:00
4295,2495,6,4,A very good read overall. Some chapters were slow but worth it.,2022-12-20 06:54:00
3832,1572,3,3,,2024-12-31 18:45:00
279,2746,1,4,Mostly great. The middle section drags a bit.,2022-08-29 18:20:00
825,1765,1,4,Enjoyed it quite a bit. Solid writing and interesting ideas.,2023-11-06 13:23:00
3810,718,18,3,"Some interesting parts, but overall felt underwhelming.",2023-04-17 06:06:00
3557,1870,1,3,Average. Had its moments but failed to really engage me.,2021-03-02 18:57:00
5028,854,1,5,This book changed the way I think. A must-read for everyone.,2022-10-06 17:29:00
1087,855,1,3,Average. Had its moments but failed to really engage me.,2020-06-20 08:25:00
786,359,15,5,The writing is exceptional and the story gripped me from page one.,2022-09-06 21:31:00
1568,102,4,2,Would not recommend. Too slow and the payoff was not worth it.,2024-10-12 23:18:00
1695,1545,3,5,One of the best reads I have had in years. Highly recommended.,2024-08-18 19:49:00
4126,1471,3,5,I finished this in two sittings. Absolutely riveting.,2024-11-10 20:16:00
1366,2339,34,4,Mostly great. The middle section drags a bit.,2023-03-28 13:23:00
2813,2334,1,3,Had potential but did not quite deliver on its promise.,2024-01-02 15:00:00
257,1764,1,3,,2020-08-12 13:27:00
2583,2577,4,3,It was okay. The hype around this book is a bit overstated.,2021-10-14 07:31:00
2205,552,1,4,"Good book, though the ending felt a little rushed.",2023-02-20 21:31:00
5525,53,4,3,"Mixed feelings. Good premise, mediocre execution.",2024-06-09 21:19:00
3194,378,1,4,"Good book, though the ending felt a little rushed.",2020-08-24 19:50:00
2079,2194,1,4,Enjoyed it quite a bit. Solid writing and interesting ideas.,2024-10-21 13:42:00
2214,2775,3,4,Well-written and engaging. A few plot holes but forgivable.,2021-05-22 12:03:00
4582,1572,6,4,Above average. Would recommend to fans of the genre.,2024-12-12 15:31:00
3995,1519,3,3,"Some interesting parts, but overall felt underwhelming.",2022-02-12 17:23:00
4129,1846,1,5,The writing is exceptional and the story gripped me from page one.,2021-08-24 08:14:00
2757,1497,6,3,,2022-12-19 11:05:00
1414,2200,3,2,Not for me. The writing style felt very dated.,2023-08-19 07:40:00
2349,172,1,3,Average. Had its moments but failed to really engage me.,2024-04-19 13:08:00
4675,1646,1,4,"Good book, though the ending felt a little rushed.",2022-04-25 11:54:00
3218,1366,2,5,I finished this in two sittings. Absolutely riveting.,2022-04-01 17:00:00
4103,681,5,3,"Mixed feelings. Good premise, mediocre execution.",2023-03-07 16:53:00
1445,636,13,4,Above average. Would recommend to fans of the genre.,2023-03-23 06:34:00
3753,1689,10,3,Had potential but did not quite deliver on its promise.,2022-11-04 04:09:00
4175,921,6,3,Average. Had its moments but failed to really engage me.,2024-11-18 20:21:00
1642,2024,1,5,Perfect blend of story and insight. Will read again.,2021-10-15 18:16:00
3933,1041,6,3,Average. Had its moments but failed to really engage me.,2020-04-14 08:54:00
3670,1272,1,4,Pleasant read. Nothing groundbreaking but definitely enjoyable.,2024-10-27 17:11:00
1465,2483,1,4,Well-written and engaging. A few plot holes but forgivable.,2024-11-15 17:57:00
3945,2380,7,5,The writing is exceptional and the story gripped me from page one.,2022-11-13 06:22:00
5555,2254,5,2,Disappointed. Expected much more based on the reviews.,2022-06-27 19:05:00
5514,1914,2,4,"Good book, though the ending felt a little rushed.",2023-10-11 20:16:00
3402,2164,1,4,,2021-04-30 03:14:00
5432,1796,18,4,A very good read overall. Some chapters were slow but worth it.,2021-11-05 11:59:00
40,1345,2,4,,2024-12-05 08:58:00
917,1978,54,3,Neither great nor terrible. Passes the time.,2024-12-17 13:05:00
4932,217,4,4,Liked it. The first half is stronger than the second.,2021-06-19 05:22:00
4206,2184,4,4,Above average. Would recommend to fans of the genre.,2024-01-16 09:08:00
4917,922,1,3,Neither great nor terrible. Passes the time.,2024-01-12 10:38:00
2729,2146,1,3,Neither great nor terrible. Passes the time.,2022-06-04 18:46:00
3828,613,7,4,Well-written and engaging. A few plot holes but forgivable.,2021-03-26 16:19:00
3840,1748,187,3,Average. Had its moments but failed to really engage me.,2023-05-18 15:55:00
5341,1798,3,3,It was okay. The hype around this book is a bit overstated.,2022-08-09 23:48:00
314,1202,3,4,Liked it. The first half is stronger than the second.,2022-09-29 21:15:00
3378,1383,2,3,Had potential but did not quite deliver on its promise.,2024-06-25 20:17:00
1976,963,2,5,One of the best reads I have had in years. Highly recommended.,2024-12-31 07:15:00
3924,1879,13,3,"Mixed feelings. Good premise, mediocre execution.",2022-08-28 09:18:00
1413,2273,62,2,Disappointed. Expected much more based on the reviews.,2024-10-05 19:09:00
5437,850,22,4,Above average. Would recommend to fans of the genre.,2024-08-12 12:56:00
107,155,2,4,Pleasant read. Nothing groundbreaking but definitely enjoyable.,2024-10-22 21:43:00
2708,2316,5,4,"Good book, though the ending felt a little rushed.",2023-06-18 16:30:00
2419,1014,14,4,A very good read overall. Some chapters were slow but worth it.,2024-12-31 09:59:00
2630,1477,21,3,It was okay. The hype around this book is a bit overstated.,2024-05-02 08:52:00
1189,2394,10,4,A very good read overall. Some chapters were slow but worth it.,2024-07-15 20:50:00
3142,1859,1,3,Neither great nor terrible. Passes the time.,2020-09-18 17:25:00
4496,957,4,3,Neither great nor terrible. Passes the time.,2024-12-31 07:52:00
3824,1557,1,2,Would not recommend. Too slow and the payoff was not worth it.,2023-06-29 19:19:00
4269,2608,1,3,"Some interesting parts, but overall felt underwhelming.",2022-08-17 21:52:00
4879,1938,1,2,The plot felt disjointed and the pacing was off throughout.,2023-05-25 21:40:00
3227,1097,20,5,Brilliant narrative. The characters feel genuinely real.,2023-10-11 17:14:00
5318,583,1,2,Would not recommend. Too slow and the payoff was not worth it.,2024-01-25 08:30:00
2577,1677,154,4,A very good read overall. Some chapters were slow but worth it.,2024-11-29 12:41:00
339,1123,1,2,Would not recommend. Too slow and the payoff was not worth it.,2024-11-02 15:45:00
871,2685,1,4,Above average. Would recommend to fans of the genre.,2022-09-24 10:06:00
2155,1158,2,4,Liked it. The first half is stronger than the second.,2024-06-22 18:40:00
3065,1721,3,3,Had potential but did not quite deliver on its promise.,2023-08-08 14:45:00
689,2668,9,3,Average. Had its moments but failed to really engage me.,2023-12-10 06:24:00
3371,475,2,4,Well-written and engaging. A few plot holes but forgivable.,2022-05-04 08:21:00
3748,1662,1,3,Average. Had its moments but failed to really engage me.,2024-11-03 13:07:00
985,2172,3,3,It was okay. The hype around this book is a bit overstated.,2020-07-20 12:46:00
270,2643,3,4,Mostly great. The middle section drags a bit.,2023-05-16 06:33:00
4226,372,9,3,Decent read. Not my favourite but not bad either.,2024-09-01 20:44:00
1796,1078,1,4,Mostly great. The middle section drags a bit.,2023-10-27 16:40:00
5600,1772,2,4,Pleasant read. Nothing groundbreaking but definitely enjoyable.,2022-11-16 18:47:00
2382,2533,4,3,Average. Had its moments but failed to really engage me.,2024-03-29 18:38:00
1267,1300,8,2,The plot felt disjointed and the pacing was off throughout.,2024-08-01 16:59:00
4234,1437,5,3,It was okay. The hype around this book is a bit overstated.,2023-11-05 19:45:00
5545,2521,2,4,A very good read overall. Some chapters were slow but worth it.,2024-02-14 17:10:00
2151,2364,1,4,Pleasant read. Nothing groundbreaking but definitely enjoyable.,2024-09-09 11:37:00
2246,646,12,4,Enjoyed it quite a bit. Solid writing and interesting ideas.,2021-10-31 06:30:00
4553,1055,2,4,Mostly great. The middle section drags a bit.,2024-12-08 16:09:00
5310,2779,4,3,Decent read. Not my favourite but not bad either.,2024-03-20 17:23:00
2927,339,4,4,Above average. Would recommend to fans of the genre.,2024-03-15 08:04:00
343,1750,2,4,Well-written and engaging. A few plot holes but forgivable.,2022-03-21 20:48:00
3620,1920,1,4,Enjoyed it quite a bit. Solid writing and interesting ideas.,2021-07-05 11:02:00
2965,1461,14,4,Mostly great. The middle section drags a bit.,2023-12-22 18:23:00
1909,2337,140,4,Pleasant read. Nothing groundbreaking but definitely enjoyable.,2023-12-18 08:42:00
738,479,12,4,Above average. Would recommend to fans of the genre.,2022-12-25 20:17:00
379,2116,6,3,It was okay. The hype around this book is a bit overstated.,2024-07-25 18:11:00
5097,2770,13,4,A very good read overall. Some chapters were slow but worth it.,2022-07-10 12:09:00
1318,931,21,5,Exceeded all my expectations. Truly extraordinary.,2022-08-11 21:14:00
5136,186,1,4,Liked it. The first half is stronger than the second.,2023-08-19 07:47:00
1313,2286,1,0,Pleasant read. Nothing groundbreaking but definitely enjoyable.,2024-06-25 17:27:00
1154,719,2,2,Not for me. The writing style felt very dated.,2024-02-25 09:06:00
1589,1288,1,3,It was okay. The hype around this book is a bit overstated.,2024-10-19 08:46:00
2513,1041,2,3,Had potential but did not quite deliver on its promise.,2022-07-16 16:00:00
4086,2153,3,3,Had potential but did not quite deliver on its promise.,2024-09-18 18:01:00
1634,397,34,5,Exceeded all my expectations. Truly extraordinary.,2021-12-16 01:31:00
2847,1307,2,4,Enjoyed it quite a bit. Solid writing and interesting ideas.,2023-09-26 16:38:00
5237,400,22,4,Mostly great. The middle section drags a bit.,2024-03-28 19:50:00
5386,2014,4,3,"Some interesting parts, but overall felt underwhelming.",2024-12-09 13:32:00
2189,1842,1,5,Absolutely loved this book — couldn't put it down!,2024-08-21 14:42:00
2084,1504,9,3,Had potential but did not quite deliver on its promise.,2023-06-20 13:46:00
4638,2243,1,4,Enjoyed it quite a bit. Solid writing and interesting ideas.,2021-04-02 17:43:00
986,2438,2,5,I finished this in two sittings. Absolutely riveting.,2023-09-17 12:40:00
4893,1943,2,4,A very good read overall. Some chapters were slow but worth it.,2024-12-07 15:35:00
543,295,28,4,Pleasant read. Nothing groundbreaking but definitely enjoyable.,2024-12-31 09:14:00
622,1126,1,4,Enjoyed it quite a bit. Solid writing and interesting ideas.,2022-08-27 17:46:00
5246,2257,1,4,Enjoyed it quite a bit. Solid writing and interesting ideas.,2024-03-14 16:03:00
3701,2130,11,3,Decent read. Not my favourite but not bad either.,2023-08-31 14:01:00
5060,1865,3,5,Perfect blend of story and insight. Will read again.,2024-01-07 20:13:00
1713,2109,18,4,Enjoyed it quite a bit. Solid writing and interesting ideas.,2021-11-25 17:09:00
3450,2566,2,4,Mostly great. The middle section drags a bit.,2024-12-09 15:43:00
147,1173,3,5,Beautifully written. The author's style is simply stunning.,2024-09-29 20:02:00
4570,2020,1,4,Pleasant read. Nothing groundbreaking but definitely enjoyable.,2024-12-26 12:41:00
1052,2336,4,3,Average. Had its moments but failed to really engage me.,2024-11-24 18:43:00
4176,912,8,3,Neither great nor terrible. Passes the time.,2023-11-10 15:14:00
497,1538,4,3,Decent read. Not my favourite but not bad either.,2023-05-25 17:51:00
4776,995,3,5,,2023-12-21 07:10:00
2957,979,3,4,Enjoyed it quite a bit. Solid writing and interesting ideas.,2024-08-29 04:43:00
1343,228,1,3,,2024-01-23 21:20:00
281,1900,1,3,Decent read. Not my favourite but not bad either.,2021-10-03 13:05:00
4301,1457,1,3,Neither great nor terrible. Passes the time.,2024-05-29 19:31:00
4473,419,5,3,Neither great nor terrible. Passes the time.,2024-12-31 20:58:00
3094,2766,1,3,It was okay. The hype around this book is a bit overstated.,2023-11-05 04:25:00
4930,1831,1,5,This book changed the way I think. A must-read for everyone.,2022-11-09 08:19:00
950,1187,1,3,"Mixed feelings. Good premise, mediocre execution.",2021-11-22 16:10:00
4998,1731,8,3,It was okay. The hype around this book is a bit overstated.,2023-07-25 17:19:00
5005,2601,3,3,Average. Had its moments but failed to really engage me.,2024-10-17 22:40:00
5489,186,3,3,It was okay. The hype around this book is a bit overstated.,2022-05-25 07:02:00
4316,1203,44,4,Pleasant read. Nothing groundbreaking but definitely enjoyable.,2023-09-14 22:52:00
488,2182,20,3,Decent read. Not my favourite but not bad either.,2023-05-18 20:51:00
476,2336,1,3,Decent read. Not my favourite but not bad either.,2024-05-15 10:33:00
899,2709,6,4,Mostly great. The middle section drags a bit.,2022-12-02 13:18:00
4224,2755,7,5,This book changed the way I think. A must-read for everyone.,2023-11-21 22:14:00
740,2140,1,4,"Good book, though the ending felt a little rushed.",2023-08-15 20:20:00
2113,460,20,5,,2023-06-07 21:53:00
3382,1251,1,5,Beautifully written. The author's style is simply stunning.,2021-06-12 12:03:00
4793,1803,46,3,Neither great nor terrible. Passes the time.,2024-01-07 08:57:00
3709,990,2,5,Brilliant narrative. The characters feel genuinely real.,2023-04-13 05:44:00
1625,1363,8,3,"Mixed feelings. Good premise, mediocre execution.",2021-08-06 06:53:00
2786,1091,1,4,A very good read overall. Some chapters were slow but worth it.,2021-09-19 21:25:00
4300,63,9,5,Perfect blend of story and insight. Will read again.,2024-08-09 08:19:00
1674,2013,5,4,"Good book, though the ending felt a little rushed.",2023-09-17 11:35:00
4937,2668,23,3,Average. Had its moments but failed to really engage me.,2024-07-06 14:31:00
5267,584,5,3,Had potential but did not quite deliver on its promise.,2024-05-23 19:55:00
3390,1835,2,4,"Good book, though the ending felt a little rushed.",2022-05-15 07:26:00
1969,364,12,3,"Some interesting parts, but overall felt underwhelming.",2021-10-23 10:15:00
103,57,1,3,Had potential but did not quite deliver on its promise.,2023-04-07 06:44:00
521,1291,3,3,Decent read. Not my favourite but not bad either.,2023-02-01 09:44:00
4372,524,1,5,This book changed the way I think. A must-read for everyone.,2024-07-25 22:39:00
1652,2072,1,5,,2021-09-15 14:26:00
3646,1022,1,4,Well-written and engaging. A few plot holes but forgivable.,2022-06-27 22:19:00
1129,123,1,3,It was okay. The hype around this book is a bit overstated.,2023-09-16 13:25:00
464,207,69,5,A masterpiece. Every chapter left me wanting more.,2024-11-04 10:52:00
2641,1588,11,3,Neither great nor terrible. Passes the time.,2021-02-27 16:48:00
4655,2384,1,3,Average. Had its moments but failed to really engage me.,2024-03-16 06:11:00
1172,1343,3,4,Pleasant read. Nothing groundbreaking but definitely enjoyable.,2023-06-27 23:30:00
337,2072,2,3,It was okay. The hype around this book is a bit overstated.,2022-01-28 07:34:00
3163,93,15,5,,2023-02-13 21:04:00
674,1433,8,3,"Mixed feelings. Good premise, mediocre execution.",2024-09-05 12:19:00
4090,1262,2,5,A masterpiece. Every chapter left me wanting more.,2024-11-28 12:08:00
839,747,2,3,"Some interesting parts, but overall felt underwhelming.",2021-12-19 13:21:00
4135,2552,9,5,I finished this in two sittings. Absolutely riveting.,2024-10-25 09:20:00
216,1790,2,4,Enjoyed it quite a bit. Solid writing and interesting ideas.,2024-10-15 07:15:00
3131,471,24,4,,2024-11-18 21:20:00
2148,112,17,4,Well-written and engaging. A few plot holes but forgivable.,2021-06-19 18:00:00
1525,1294,2,4,Well-written and engaging. A few plot holes but forgivable.,2023-06-05 18:27:00
3745,1376,93,3,"Some interesting parts, but overall felt underwhelming.",2023-06-11 23:11:00
182,348,3,4,Pleasant read. Nothing groundbreaking but definitely enjoyable.,2023-10-06 14:18:00
5053,1998,25,4,Well-written and engaging. A few plot holes but forgivable.,2023-11-21 08:54:00
1175,2531,3,4,,2024-12-31 19:24:00
3762,2575,6,2,Struggled to get through it. The story meanders endlessly.,2024-12-15 01:08:00
1725,681,9,4,"Good book, though the ending felt a little rushed.",2024-01-24 22:01:00
570,1978,1,3,Decent read. Not my favourite but not bad either.,2024-04-06 15:18:00
123,1023,100,5,Brilliant narrative. The characters feel genuinely real.,2024-11-23 19:02:00
635,1829,1,5,I finished this in two sittings. Absolutely riveting.,2023-01-21 15:07:00
5146,1385,16,3,Average. Had its moments but failed to really engage me.,2022-04-07 08:06:00
1216,774,2,4,Mostly great. The middle section drags a bit.,2023-11-23 15:44:00
1190,521,15,4,A very good read overall. Some chapters were slow but worth it.,2022-03-09 15:22:00
3067,496,1,5,,2023-05-13 17:04:00
4282,547,35,3,,2023-10-28 05:01:00
955,627,2,5,I finished this in two sittings. Absolutely riveting.,2020-10-12 22:16:00
1661,1487,1,5,The writing is exceptional and the story gripped me from page one.,2023-03-13 14:07:00
4508,912,2,4,Mostly great. The middle section drags a bit.,2023-04-07 19:03:00
5274,1872,1,2,Disappointed. Expected much more based on the reviews.,2021-01-14 16:07:00
1793,854,5,3,Decent read. Not my favourite but not bad either.,2023-06-13 12:48:00
4430,1777,29,5,The writing is exceptional and the story gripped me from page one.,2021-03-30 11:01:00
1723,2421,4,3,"Mixed feelings. Good premise, mediocre execution.",2023-09-17 19:07:00
2004,784,1,4,Liked it. The first half is stronger than the second.,2024-11-29 22:14:00
2651,1181,68,4,Well-written and engaging. A few plot holes but forgivable.,2024-04-24 07:02:00
2310,661,49,3,"Mixed feelings. Good premise, mediocre execution.",2024-08-20 06:12:00
3833,1357,4,4,Pleasant read. Nothing groundbreaking but definitely enjoyable.,2023-10-03 22:45:00
1195,10,1,3,Had potential but did not quite deliver on its promise.,2024-09-11 15:22:00
1769,1757,1,4,Pleasant read. Nothing groundbreaking but definitely enjoyable.,2022-07-18 21:56:00
5508,707,1,4,Liked it. The first half is stronger than the second.,2023-11-10 19:17:00
1977,974,19,2,Overrated. I did not enjoy the characters at all.,2022-01-19 22:47:00
5329,2667,23,4,,2024-09-14 01:45:00
5610,388,2,4,"Good book, though the ending felt a little rushed.",2022-05-08 08:46:00
929,622,13,4,Mostly great. The middle section drags a bit.,2024-10-04 09:18:00
1238,2330,2,4,Liked it. The first half is stronger than the second.,2022-09-21 17:00:00
644,1300,9,3,,2023-08-08 09:04:00
1889,2508,5,2,The plot felt disjointed and the pacing was off throughout.,2024-09-07 15:29:00
221,1266,1,5,Brilliant narrative. The characters feel genuinely real.,2024-11-12 06:28:00
5278,368,66,5,Perfect blend of story and insight. Will read again.,2022-06-16 01:58:00
2498,2750,6,3,It was okay. The hype around this book is a bit overstated.,2024-11-29 08:18:00
4201,39,8,2,Disappointed. Expected much more based on the reviews.,2022-03-05 21:51:00
383,1983,1,3,,2022-06-25 04:11:00
1287,1476,1,3,Decent read. Not my favourite but not bad either.,2024-08-29 13:12:00
2517,2078,31,4,Liked it. The first half is stronger than the second.,2023-09-13 05:34:00
511,1773,1,5,Brilliant narrative. The characters feel genuinely real.,2021-10-28 19:07:00
1404,2263,8,3,Average. Had its moments but failed to really engage me.,2024-10-24 07:54:00
4888,2179,6,2,Struggled to get through it. The story meanders endlessly.,2024-11-20 19:09:00
4501,446,1,3,Decent read. Not my favourite but not bad either.,2024-01-03 12:44:00
3517,2424,27,3,"Some interesting parts, but overall felt underwhelming.",2024-03-14 18:04:00
1475,1220,4,2,Would not recommend. Too slow and the payoff was not worth it.,2022-08-15 21:41:00
4344,326,1,5,A masterpiece. Every chapter left me wanting more.,2023-10-30 12:28:00
3757,2515,5,3,"Some interesting parts, but overall felt underwhelming.",2023-02-05 15:28:00
4399,645,1,4,Above average. Would recommend to fans of the genre.,2024-03-26 15:02:00
2120,1594,1,3,Decent read. Not my favourite but not bad either.,2023-01-18 15:54:00
454,118,1,3,"Mixed feelings. Good premise, mediocre execution.",2024-03-08 08:30:00
1606,2446,2,3,Had potential but did not quite deliver on its promise.,2024-12-08 07:22:00
1032,1682,1,4,A very good read overall. Some chapters were slow but worth it.,2024-12-31 15:53:00
736,1359,1,3,"Some interesting parts, but overall felt underwhelming.",2024-07-29 19:18:00
2134,1745,1,4,Enjoyed it quite a bit. Solid writing and interesting ideas.,2024-04-01 17:07:00
548,1274,1,5,,2022-04-15 11:08:00
2126,651,10,5,One of the best reads I have had in years. Highly recommended.,2023-07-15 17:03:00
3971,1605,1,2,The plot felt disjointed and the pacing was off throughout.,2023-12-13 18:24:00
1340,1753,3,4,Mostly great. The middle section drags a bit.,2024-09-21 09:22:00
3175,1293,11,4,A very good read overall. Some chapters were slow but worth it.,2023-04-28 20:39:00
1182,200,1,5,,2022-01-28 14:25:00
322,302,2,5,Brilliant narrative. The characters feel genuinely real.,2024-11-03 05:05:00
1691,1119,10,5,Perfect blend of story and insight. Will read again.,2023-04-11 07:49:00
1762,2255,4,4,Above average. Would recommend to fans of the genre.,2023-08-26 07:03:00
332,622,1,3,"Some interesting parts, but overall felt underwhelming.",2023-09-05 22:12:00
5536,2391,8,3,Average. Had its moments but failed to really engage me.,2020-11-20 08:15:00
3170,1097,4,2,Would not recommend. Too slow and the payoff was not worth it.,2024-11-14 14:57:00
5421,582,22,3,,2023-05-31 18:28:00
5007,1625,2,4,Mostly great. The middle section drags a bit.,2024-10-02 07:56:00
5374,346,1,2,Not for me. The writing style felt very dated.,2024-07-31 17:35:00
5443,1784,1,4,Liked it. The first half is stronger than the second.,2024-09-12 05:02:00
5355,1839,1,4,Mostly great. The middle section drags a bit.,2020-10-05 17:53:00
4233,1978,31,4,,2024-08-23 18:38:00
428,850,1,4,A very good read overall. Some chapters were slow but worth it.,2024-08-21 11:21:00
38,2209,5,2,Overrated. I did not enjoy the characters at all.,2024-06-09 12:10:00
578,839,1,4,Liked it. The first half is stronger than the second.,2024-12-31 08:28:00
3460,104,1,5,The writing is exceptional and the story gripped me from page one.,2023-11-07 20:13:00
4852,2443,164,4,A very good read overall. Some chapters were slow but worth it.,2024-09-07 06:59:00
4483,1912,29,5,Exceeded all my expectations. Truly extraordinary.,2024-07-23 17:58:00
2821,2552,1,4,"Good book, though the ending felt a little rushed.",2023-12-31 14:17:00
4510,42,1,3,"Some interesting parts, but overall felt underwhelming.",2022-12-26 17:22:00
3719,2436,9,4,Liked it. The first half is stronger than the second.,2024-04-11 11:21:00
1194,1278,21,5,,2024-12-10 12:56:00
1487,566,5,4,Above average. Would recommend to fans of the genre.,2024-12-31 08:49:00
422,77,1,4,Liked it. The first half is stronger than the second.,2022-03-31 08:59:00
5227,2227,8,3,It was okay. The hype around this book is a bit overstated.,2024-10-25 15:00:00
5251,2412,65,4,Well-written and engaging. A few plot holes but forgivable.,2023-02-02 09:25:00
571,2574,1,5,Perfect blend of story and insight. Will read again.,2021-08-20 19:34:00
1455,2203,3,3,Had potential but did not quite deliver on its promise.,2023-11-04 10:31:00
5173,1343,1,3,Had potential but did not quite deliver on its promise.,2024-10-30 12:35:00
230,214,4,3,Neither great nor terrible. Passes the time.,2023-07-16 08:32:00
1612,366,1,2,Struggled to get through it. The story meanders endlessly.,2020-12-07 19:58:00
2788,676,62,4,Pleasant read. Nothing groundbreaking but definitely enjoyable.,2024-08-09 19:11:00
60,1669,2,5,Exceeded all my expectations. Truly extraordinary.,2020-09-26 19:19:00
2124,1774,5,2,Disappointed. Expected much more based on the reviews.,2022-07-08 17:48:00
4329,1224,87,4,Well-written and engaging. A few plot holes but forgivable.,2023-10-05 18:18:00
1400,2343,30,5,I finished this in two sittings. Absolutely riveting.,2023-12-21 18:13:00
1482,1689,1,3,"Mixed feelings. Good premise, mediocre execution.",2021-11-20 08:09:00
419,2461,2,4,Liked it. The first half is stronger than the second.,2024-11-01 14:53:00
3578,906,16,-1,Above average. Would recommend to fans of the genre.,2024-10-23 21:13:00
836,1844,8,4,Liked it. The first half is stronger than the second.,2024-03-10 07:16:00
1234,2732,5,3,Decent read. Not my favourite but not bad either.,2024-09-14 17:43:00
1664,2531,2,3,It was okay. The hype around this book is a bit overstated.,2023-12-01 19:27:00
2612,2246,2,4,Pleasant read. Nothing groundbreaking but definitely enjoyable.,2024-12-16 19:38:00
1600,2485,31,5,Brilliant narrative. The characters feel genuinely real.,2021-09-12 08:03:00
2828,1505,2,5,Brilliant narrative. The characters feel genuinely real.,2023-04-07 16:36:00
2093,673,2,4,A very good read overall. Some chapters were slow but worth it.,2022-06-25 17:07:00
608,285,1,3,Had potential but did not quite deliver on its promise.,2022-05-19 06:44:00
3478,625,2,-1,Above average. Would recommend to fans of the genre.,2021-08-15 11:19:00
1843,290,2,3,Decent read. Not my favourite but not bad either.,2022-09-11 12:37:00
2274,483,4,3,"Some interesting parts, but overall felt underwhelming.",2023-12-26 06:55:00
607,611,2,5,The writing is exceptional and the story gripped me from page one.,2024-12-31 13:56:00
1907,1035,1,3,,2022-01-11 09:50:00
1356,2799,42,4,,2020-10-21 05:35:00
79,52,1,4,Well-written and engaging. A few plot holes but forgivable.,2021-01-02 21:46:00
5242,830,45,4,Enjoyed it quite a bit. Solid writing and interesting ideas.,2020-11-07 23:47:00
338,135,1,4,"Good book, though the ending felt a little rushed.",2022-01-20 18:47:00
2094,182,40,3,Had potential but did not quite deliver on its promise.,2021-07-16 12:57:00
4992,794,98,4,Enjoyed it quite a bit. Solid writing and interesting ideas.,2023-06-30 13:02:00
3871,223,1,4,Enjoyed it quite a bit. Solid writing and interesting ideas.,2023-05-14 08:45:00
2174,370,2,4,Mostly great. The middle section drags a bit.,2024-06-21 17:34:00
4993,2173,1,5,Exceeded all my expectations. Truly extraordinary.,2021-06-19 19:58:00
4414,1614,59,5,One of the best reads I have had in years. Highly recommended.,2023-12-16 21:50:00
3192,2723,5,3,Neither great nor terrible. Passes the time.,2024-10-12 08:27:00
4228,153,3,5,Brilliant narrative. The characters feel genuinely real.,2022-03-03 19:07:00
2123,2540,2,4,Above average. Would recommend to fans of the genre.,2023-03-29 08:48:00
2052,317,1,4,Well-written and engaging. A few plot holes but forgivable.,2022-04-05 08:10:00
3500,2763,2,3,"Some interesting parts, but overall felt underwhelming.",2023-12-04 22:18:00
3994,1168,2,4,Pleasant read. Nothing groundbreaking but definitely enjoyable.,2024-11-12 08:38:00
3293,2380,5,3,"Some interesting parts, but overall felt underwhelming.",2022-01-05 19:01:00
1557,1717,12,5,I finished this in two sittings. Absolutely riveting.,2024-12-23 11:03:00
3089,2053,150,3,Average. Had its moments but failed to really engage me.,2020-05-27 13:48:00
3036,889,2,4,Pleasant read. Nothing groundbreaking but definitely enjoyable.,2024-09-18 21:28:00
