review_id,customer_id,book_id,rating,review_text,created_at
1412,2568,5,2,Overrated. I did not enjoy the characters at all.,08-07-2024 10:42
2964,2333,3,4,"Good book, though the ending felt a little rushed.",01-12-2024 09:13
3657,1499,7,4,Enjoyed it quite a bit. Solid writing and interesting ideas.,05-03-2022 11:40
4996,1916,1,4,"Good book, though the ending felt a little rushed.",28-05-2021 17:06
3919,992,31,4,"Good book, though the ending felt a little rushed.",19-09-2024 18:51
4676,1107,1,3,Neither great nor terrible. Passes the time.,09-01-2022 20:14
5289,165,6,4,Mostly great. The middle section drags a bit.,30-10-2024 17:43
2642,2470,12,4,"Good book, though the ending felt a little rushed.",19-06-2021 16:36
4608,1596,1,4,Well-written and engaging. A few plot holes but forgivable.,26-02-2023 15:14
5475,1062,23,5,I finished this in two sittings. Absolutely riveting.,04-02-2024 18:57
525,1940,1,5,The writing is exceptional and the story gripped me from page one.,05-12-2022 15:40
3097,2002,2,4,Above average. Would recommend to fans of the genre.,28-02-2023 09:42
2665,2095,5,5,Exceeded all my expectations. Truly extraordinary.,07-07-2023 23:04
2009,2621,2,4,Enjoyed it quite a bit. Solid writing and interesting ideas.,22-07-2022 10:54
613,2663,1,3,It was okay. The hype around this book is a bit overstated.,31-12-2024 07:24
2257,2485,2,4,Well-written and engaging. A few plot holes but forgivable.,13-02-2024 21:14
5433,2330,4,3,,19-10-2023 16:02
2533,1710,2,5,Perfect blend of story and insight. Will read again.,30-01-2023 18:52
2981,442,2,4,Liked it. The first half is stronger than the second.,09-12-2024 16:39
883,1988,3,3,Decent read. Not my favourite but not bad either.,01-11-2022 04:42
5232,1042,3,3,Had potential but did not quite deliver on its promise.,04-09-2024 23:17
3196,29,8,2,Struggled to get through it. The story meanders endlessly.,29-04-2024 22:35
174,771,1,4,Enjoyed it quite a bit. Solid writing and interesting ideas.,25-09-2022 08:13
4435,1409,1,5,The writing is exceptional and the story gripped me from page one.,13-02-2024 06:13
2067,2487,15,3,It was okay. The hype around this book is a bit overstated.,12-10-2020 20:48
245,1694,5,3,Decent read. Not my favourite but not bad either.,14-10-2021 17:58
3637,136,1,4,Above average. Would recommend to fans of the genre.,22-10-2022 07:10
506,2034,1,3,Neither great nor terrible. Passes the time.,13-04-2020 06:52
930,2094,2,4,A very good read overall. Some chapters were slow but worth it.,23-06-2023 09:09
1827,2129,1,4,A very good read overall. Some chapters were slow but worth it.,18-03-2024 21:08
807,1233,3,3,"Some interesting parts, but overall felt underwhelming.",21-11-2023 22:36
3890,1513,1,4,Well-written and engaging. A few plot holes but forgivable.,27-10-2020 18:17
89,2406,1,3,Had potential but did not quite deliver on its promise.,08-09-2022 11:35
972,96,22,3,"Some interesting parts, but overall felt underwhelming.",25-05-2023 14:03
1707,1973,2,4,Pleasant read. Nothing groundbreaking but definitely enjoyable.,28-09-2024 12:23
287,1969,2,4,Well-written and engaging. A few plot holes but forgivable.,01-01-2024 16:44
69,598,1,4,Liked it. The first half is stronger than the second.,19-01-2024 07:48
3519,282,44,5,,23-06-2020 21:39
1140,772,8,4,Enjoyed it quite a bit. Solid writing and interesting ideas.,19-10-2022 17:06
3680,1252,3,3,"Some interesting parts, but overall felt underwhelming.",18-08-2024 20:01
1270,1460,1,2,Not for me. The writing style felt very dated.,04-05-2024 05:24
4784,1029,1,5,The writing is exceptional and the story gripped me from page one.,17-08-2024 17:30
2705,9,1,3,Decent read. Not my favourite but not bad either.,10-06-2021 19:49
4554,1435,46,3,Decent read. Not my favourite but not bad either.,04-04-2023 17:15
1450,52,2,4,,12-03-2022 06:29
3577,1778,37,4,Above average. Would recommend to fans of the genre.,29-11-2024 13:53
3951,943,114,3,,02-07-2022 07:32
4310,462,14,4,Mostly great. The middle section drags a bit.,28-12-2024 08:26
4735,994,1,4,,25-02-2021 15:14
3814,1703,1,4,Mostly great. The middle section drags a bit.,31-12-2024 17:09
5470,2049,4,3,"Mixed feelings. Good premise, mediocre execution.",17-09-2021 07:54
1867,1413,1,4,Pleasant read. Nothing groundbreaking but definitely enjoyable.,22-10-2023 12:02
3421,1214,5,2,Would not recommend. Too slow and the payoff was not worth it.,14-01-2024 15:04
4842,1587,41,3,Average. Had its moments but failed to really engage me.,14-01-2024 17:43
5115,2613,20,5,,14-11-2023 14:29
4113,2679,2,4,,02-12-2023 19:07
3188,111,6,3,,21-04-2024 16:48
127,1081,1,5,Brilliant narrative. The characters feel genuinely real.,08-12-2024 19:44
753,2571,3,3,"Mixed feelings. Good premise, mediocre execution.",21-07-2023 11:04
5197,1231,3,3,"Some interesting parts, but overall felt underwhelming.",09-11-2021 14:23
3393,2749,4,4,Pleasant read. Nothing groundbreaking but definitely enjoyable.,08-11-2024 17:10
982,2458,6,3,It was okay. The hype around this book is a bit overstated.,08-07-2023 16:07
483,1240,2,4,Well-written and engaging. A few plot holes but forgivable.,05-07-2023 14:54
4118,806,1,3,Had potential but did not quite deliver on its promise.,27-05-2021 09:28
5091,642,2,4,Enjoyed it quite a bit. Solid writing and interesting ideas.,26-08-2024 15:40
2882,1964,1,5,,02-03-2024 19:38
601,1580,1,4,Liked it. The first half is stronger than the second.,13-08-2023 08:28
3384,2069,6,3,Had potential but did not quite deliver on its promise.,02-06-2024 06:49
1326,723,1,4,"Good book, though the ending felt a little rushed.",11-10-2022 15:50
1286,909,9,4,"Good book, though the ending felt a little rushed.",20-10-2024 13:03
2745,2267,15,3,Neither great nor terrible. Passes the time.,21-01-2024 17:42
4276,50,1,3,Average. Had its moments but failed to really engage me.,14-06-2024 08:23
4788,285,75,4,Mostly great. The middle section drags a bit.,17-12-2024 12:34
59,16,2,4,Above average. Would recommend to fans of the genre.,22-09-2022 22:49
797,1569,1,4,Liked it. The first half is stronger than the second.,07-06-2024 18:46
1188,2141,1,4,Above average. Would recommend to fans of the genre.,25-10-2024 13:06
794,2691,1,4,Enjoyed it quite a bit. Solid writing and interesting ideas.,06-06-2024 07:53
1583,1168,16,5,Beautifully written. The author's style is simply stunning.,21-08-2024 19:03
2122,2415,17,5,Perfect blend of story and insight. Will read again.,21-09-2023 20:08
460,1640,4,3,"Mixed feelings. Good premise, mediocre execution.",13-06-2021 07:53
1417,9,32,2,Would not recommend. Too slow and the payoff was not worth it.,28-04-2021 13:14
2620,1156,13,3,Average. Had its moments but failed to really engage me.,30-07-2022 11:28
3095,723,52,2,Disappointed. Expected much more based on the reviews.,27-05-2023 19:27
4738,657,1,3,Had potential but did not quite deliver on its promise.,13-12-2024 09:08
663,963,1,5,I finished this in two sittings. Absolutely riveting.,29-03-2023 19:55
4952,1490,20,5,,20-12-2021 20:25
5090,2236,1,4,Enjoyed it quite a bit. Solid writing and interesting ideas.,08-10-2024 03:52
5124,2348,2,3,,19-05-2024 13:58
1865,1493,1,5,Brilliant narrative. The characters feel genuinely real.,26-11-2022 10:01
2011,1128,10,3,Decent read. Not my favourite but not bad either.,21-05-2023 14:05
5607,1357,1,5,Absolutely loved this book — couldn't put it down!,28-12-2023 18:29
2202,2696,36,5,Beautifully written. The author's style is simply stunning.,02-05-2024 15:42
2836,2350,1,3,Had potential but did not quite deliver on its promise.,08-06-2024 09:27
2082,1432,22,4,,02-11-2023 12:49
1697,77,2,5,Beautifully written. The author's style is simply stunning.,28-12-2022 11:39
652,1039,12,3,Decent read. Not my favourite but not bad either.,04-03-2023 23:30
507,1237,1,3,Decent read. Not my favourite but not bad either.,02-06-2022 12:21
2160,1603,3,4,Enjoyed it quite a bit. Solid writing and interesting ideas.,28-06-2022 05:38
1896,2424,5,3,"Mixed feelings. Good premise, mediocre execution.",12-12-2024 22:18
4860,1756,8,2,Disappointed. Expected much more based on the reviews.,17-05-2023 10:35
3164,1424,1,3,Decent read. Not my favourite but not bad either.,31-03-2023 03:21
5410,355,6,3,It was okay. The hype around this book is a bit overstated.,21-04-2022 11:04
2001,1175,1,3,Decent read. Not my favourite but not bad either.,31-12-2024 08:37
1690,512,1,4,Mostly great. The middle section drags a bit.,02-11-2023 17:07
3849,1432,1,3,"Some interesting parts, but overall felt underwhelming.",31-12-2024 15:19
776,1566,11,4,Enjoyed it quite a bit. Solid writing and interesting ideas.,04-11-2023 19:12
3063,1247,2,4,A very good read overall. Some chapters were slow but worth it.,17-01-2022 18:41
3345,2588,1,3,Decent read. Not my favourite but not bad either.,21-10-2024 09:40
5551,1250,16,3,"Some interesting parts, but overall felt underwhelming.",06-02-2024 07:08
4540,1365,6,2,The plot felt disjointed and the pacing was off throughout.,13-10-2024 17:52
5472,1852,2,3,,08-02-2024 17:24
4890,1313,4,3,Average. Had its moments but failed to really engage me.,21-03-2023 03:09
2704,24,1,5,Beautifully written. The author's style is simply stunning.,08-07-2024 19:53
1485,1018,9,4,Enjoyed it quite a bit. Solid writing and interesting ideas.,29-11-2022 14:02
1185,1354,2,4,Enjoyed it quite a bit. Solid writing and interesting ideas.,02-08-2023 08:42
834,796,2,4,,28-09-2024 02:55
3339,2016,1,4,,29-04-2024 07:27
4944,2592,2,4,Well-written and engaging. A few plot holes but forgivable.,26-10-2023 20:40
3799,1345,109,5,The writing is exceptional and the story gripped me from page one.,20-10-2023 08:43
4167,262,4,2,Overrated. I did not enjoy the characters at all.,14-09-2023 20:49
2343,283,16,3,Neither great nor terrible. Passes the time.,06-10-2023 18:06
1236,2280,1,4,Pleasant read. Nothing groundbreaking but definitely enjoyable.,20-08-2024 13:17
5114,1919,5,4,Liked it. The first half is stronger than the second.,14-08-2021 12:14
471,2727,1,2,The plot felt disjointed and the pacing was off throughout.,21-12-2023 17:34
3404,354,18,4,Above average. Would recommend to fans of the genre.,09-12-2024 21:27
3772,1420,1,4,Mostly great. The middle section drags a bit.,28-04-2024 14:22
3904,2767,9,3,Decent read. Not my favourite but not bad either.,24-06-2024 10:45
728,481,40,5,This book changed the way I think. A must-read for everyone.,02-01-2024 14:58
4558,1981,39,4,,28-02-2021 21:56
576,1708,1,3,It was okay. The hype around this book is a bit overstated.,03-09-2020 11:34
375,2616,4,3,Decent read. Not my favourite but not bad either.,26-11-2024 10:18
5568,2126,10,4,Above average. Would recommend to fans of the genre.,23-11-2023 09:52
536,1696,2,3,Decent read. Not my favourite but not bad either.,04-11-2024 07:51
642,2324,1,3,Decent read. Not my favourite but not bad either.,12-01-2021 20:42
4587,2589,1,3,Average. Had its moments but failed to really engage me.,24-10-2024 14:01
2351,2400,2,3,"Mixed feelings. Good premise, mediocre execution.",29-10-2024 07:00
210,2390,2,4,A very good read overall. Some chapters were slow but worth it.,06-02-2024 09:51
5484,1705,81,3,It was okay. The hype around this book is a bit overstated.,08-06-2022 16:36
63,2644,2,6,Above average. Would recommend to fans of the genre.,13-01-2022 19:09
4515,2219,3,3,It was okay. The hype around this book is a bit overstated.,27-10-2022 12:36
2969,1744,2,4,Well-written and engaging. A few plot holes but forgivable.,09-05-2020 15:24
3785,615,1,3,"Mixed feelings. Good premise, mediocre execution.",30-06-2024 19:17
1949,2703,2,4,"Good book, though the ending felt a little rushed.",01-07-2024 07:33
1863,2400,35,4,Mostly great. The middle section drags a bit.,18-06-2023 08:13
841,861,1,4,Mostly great. The middle section drags a bit.,31-12-2024 11:23
4384,1754,6,4,Liked it. The first half is stronger than the second.,16-11-2024 20:09
3078,2078,1,5,One of the best reads I have had in years. Highly recommended.,11-09-2022 08:30
2391,1328,1,4,Pleasant read. Nothing groundbreaking but definitely enjoyable.,28-12-2024 08:30
2208,312,1,5,,17-12-2021 09:06
5061,764,23,3,It was okay. The hype around this book is a bit overstated.,29-12-2021 06:53
5233,629,7,5,Perfect blend of story and insight. Will read again.,20-10-2023 17:57
1703,1546,2,4,Enjoyed it quite a bit. Solid writing and interesting ideas.,15-06-2023 17:31
2695,1246,1,4,Pleasant read. Nothing groundbreaking but definitely enjoyable.,19-12-2020 17:00
2929,479,4,4,Mostly great. The middle section drags a bit.,23-11-2024 20:34
2633,297,1,3,Average. Had its moments but failed to really engage me.,01-04-2022 19:06
585,736,1,3,It was okay. The hype around this book is a bit overstated.,23-03-2024 20:36
3283,245,2,4,Well-written and engaging. A few plot holes but forgivable.,25-09-2024 19:13
2762,1956,28,2,Would not recommend. Too slow and the payoff was not worth it.,03-07-2024 16:24
4620,2235,2,4,A very good read overall. Some chapters were slow but worth it.,07-06-2024 10:16
5576,731,1,3,Decent read. Not my favourite but not bad either.,16-06-2022 15:06
4094,2079,1,3,Decent read. Not my favourite but not bad either.,19-08-2024 12:58
2934,545,7,5,A masterpiece. Every chapter left me wanting more.,31-05-2022 20:31
4480,1306,3,2,Overrated. I did not enjoy the characters at all.,19-06-2024 07:23
3433,899,7,4,Above average. Would recommend to fans of the genre.,09-09-2024 16:27
2596,82,6,2,,30-09-2022 17:54
4550,1808,2,4,Well-written and engaging. A few plot holes but forgivable.,26-12-2021 14:08
5604,18,16,5,Exceeded all my expectations. Truly extraordinary.,05-12-2023 22:17
1739,719,13,3,Average. Had its moments but failed to really engage me.,15-01-2024 16:13
4246,1341,13,4,Above average. Would recommend to fans of the genre.,08-06-2021 05:51
4601,1842,27,3,Decent read. Not my favourite but not bad either.,28-03-2024 11:02
4628,2651,1,5,One of the best reads I have had in years. Highly recommended.,31-12-2024 10:43
1013,2131,1,5,Exceeded all my expectations. Truly extraordinary.,23-07-2023 13:02
2330,108,4,3,Decent read. Not my favourite but not bad either.,01-02-2023 08:21
1729,1935,3,3,"Some interesting parts, but overall felt underwhelming.",18-09-2021 18:17
226,796,19,3,Average. Had its moments but failed to really engage me.,31-12-2024 07:59
3549,437,4,3,Neither great nor terrible. Passes the time.,12-02-2024 18:59
780,2267,1,2,The plot felt disjointed and the pacing was off throughout.,18-10-2024 09:23
1347,2089,3,4,Enjoyed it quite a bit. Solid writing and interesting ideas.,06-01-2022 20:28
2621,1737,1,4,Mostly great. The middle section drags a bit.,26-09-2021 00:00
80,2016,23,1,One of the worst books I have read. No coherent plot.,13-03-2020 17:33
2937,1324,3,3,,31-01-2022 08:31
54,627,1,3,Average. Had its moments but failed to really engage me.,08-02-2021 16:27
1212,1008,4,5,A masterpiece. Every chapter left me wanting more.,15-08-2021 08:02
5486,398,14,4,,03-04-2024 04:43
4407,1693,1,4,Liked it. The first half is stronger than the second.,04-01-2023 09:20
1648,17,1,4,Liked it. The first half is stronger than the second.,01-10-2023 21:36
4838,1762,2,4,Enjoyed it quite a bit. Solid writing and interesting ideas.,11-12-2024 19:27
2429,2353,4,4,Above average. Would recommend to fans of the genre.,14-02-2021 20:03
458,1597,2,4,Above average. Would recommend to fans of the genre.,31-12-2024 07:41
3893,792,9,4,Liked it. The first half is stronger than the second.,27-03-2024 14:31
4792,821,2,3,,23-10-2022 06:41
2554,814,2,4,Mostly great. The middle section drags a bit.,17-08-2023 15:24
498,1718,27,4,Liked it. The first half is stronger than the second.,04-12-2023 21:37
2490,936,1,4,Above average. Would recommend to fans of the genre.,05-08-2022 11:45
1259,582,16,3,Decent read. Not my favourite but not bad either.,22-02-2023 08:51
3619,1379,1,3,It was okay. The hype around this book is a bit overstated.,10-01-2023 11:56
5319,2297,3,3,"Mixed feelings. Good premise, mediocre execution.",15-07-2024 09:21
4383,2387,1,4,Pleasant read. Nothing groundbreaking but definitely enjoyable.,25-11-2022 21:43
882,1751,11,4,Mostly great. The middle section drags a bit.,30-09-2021 14:19
2467,1983,5,3,Had potential but did not quite deliver on its promise.,22-11-2024 10:56
3548,2356,2,5,Absolutely loved this book — couldn't put it down!,21-06-2024 19:18
2947,1599,2,3,It was okay. The hype around this book is a bit overstated.,08-01-2024 16:21
2407,2455,183,3,,20-10-2021 23:10
2850,1597,1,4,"Good book, though the ending felt a little rushed.",20-11-2024 19:46
1173,2540,151,3,"Some interesting parts, but overall felt underwhelming.",24-01-2023 18:01
1319,1372,15,6,Above average. Would recommend to fans of the genre.,29-01-2023 16:33
3405,1692,30,3,Neither great nor terrible. Passes the time.,13-10-2024 12:48
4185,1060,1,4,Enjoyed it quite a bit. Solid writing and interesting ideas.,08-07-2023 09:33
3046,1225,178,5,One of the best reads I have had in years. Highly recommended.,23-01-2023 16:07
3986,1530,4,3,"Mixed feelings. Good premise, mediocre execution.",18-07-2024 11:29
5479,1815,39,4,Above average. Would recommend to fans of the genre.,23-09-2024 19:16
3330,2179,1,4,Above average. Would recommend to fans of the genre.,15-03-2024 20:56
595,2434,1,3,Decent read. Not my favourite but not bad either.,09-10-2024 19:59
4017,583,5,4,A very good read overall. Some chapters were slow but worth it.,19-08-2024 16:33
2898,1306,1,3,Had potential but did not quite deliver on its promise.,25-08-2023 15:12
132,2075,1,3,"Some interesting parts, but overall felt underwhelming.",14-10-2021 05:07
2959,173,3,4,Well-written and engaging. A few plot holes but forgivable.,03-08-2020 20:59
1056,277,2,5,The writing is exceptional and the story gripped me from page one.,04-10-2024 13:12
3060,1627,5,3,Decent read. Not my favourite but not bad either.,26-05-2024 21:50
810,1082,2,4,Well-written and engaging. A few plot holes but forgivable.,12-09-2022 05:06
4239,2336,2,4,Above average. Would recommend to fans of the genre.,18-11-2024 08:21
4652,2121,2,4,A very good read overall. Some chapters were slow but worth it.,16-03-2023 15:34
4775,1919,18,3,Decent read. Not my favourite but not bad either.,07-12-2023 11:01
2261,2646,2,2,,01-06-2024 13:02
4565,1049,13,2,Struggled to get through it. The story meanders endlessly.,20-10-2022 06:01
382,2536,4,2,Disappointed. Expected much more based on the reviews.,29-12-2024 09:01
3424,572,8,4,Above average. Would recommend to fans of the genre.,07-10-2024 13:02
4365,2708,1,4,Above average. Would recommend to fans of the genre.,21-07-2024 21:40
3782,1697,2,3,Decent read. Not my favourite but not bad either.,26-10-2021 08:56
1074,2037,2,4,Well-written and engaging. A few plot holes but forgivable.,12-11-2024 08:25
676,2618,1,2,The plot felt disjointed and the pacing was off throughout.,30-04-2021 07:16
1075,1034,2,5,Absolutely loved this book — couldn't put it down!,16-09-2022 00:44
2370,19,11,4,A very good read overall. Some chapters were slow but worth it.,14-11-2023 09:58
1273,931,2,3,"Some interesting parts, but overall felt underwhelming.",24-01-2021 18:09
4144,977,4,3,Had potential but did not quite deliver on its promise.,04-05-2024 14:59
195,61,1,4,Liked it. The first half is stronger than the second.,22-06-2024 10:29
180,1085,1,4,Enjoyed it quite a bit. Solid writing and interesting ideas.,12-10-2022 16:16
3358,1799,2,2,Would not recommend. Too slow and the payoff was not worth it.,01-02-2022 12:28
3032,2078,19,4,Enjoyed it quite a bit. Solid writing and interesting ideas.,26-10-2023 15:00
1775,737,1,4,Pleasant read. Nothing groundbreaking but definitely enjoyable.,20-10-2023 21:29
3009,1064,3,5,Brilliant narrative. The characters feel genuinely real.,07-12-2024 16:04
1860,2637,2,4,Enjoyed it quite a bit. Solid writing and interesting ideas.,01-01-2024 07:09
4766,1395,2,5,I finished this in two sittings. Absolutely riveting.,22-10-2024 23:53
4441,918,5,3,Decent read. Not my favourite but not bad either.,24-09-2024 10:51
3977,1999,5,4,Liked it. The first half is stronger than the second.,06-04-2024 08:10
3397,522,1,0,Decent read. Not my favourite but not bad either.,26-07-2021 16:45
4100,892,153,4,Liked it. The first half is stronger than the second.,23-10-2023 12:25
833,1413,29,4,A very good read overall. Some chapters were slow but worth it.,06-04-2022 16:27
2755,149,1,3,It was okay. The hype around this book is a bit overstated.,20-11-2024 17:35
4116,723,20,3,"Some interesting parts, but overall felt underwhelming.",20-12-2024 00:38
3783,1865,12,5,Absolutely loved this book — couldn't put it down!,13-06-2023 18:57
1727,1187,50,4,"Good book, though the ending felt a little rushed.",28-01-2024 12:52
33,310,3,5,I finished this in two sittings. Absolutely riveting.,06-02-2020 11:16
303,740,2,2,Not for me. The writing style felt very dated.,01-11-2024 15:49
5276,2285,1,3,"Mixed feelings. Good premise, mediocre execution.",26-10-2024 17:27
2311,1617,1,4,Well-written and engaging. A few plot holes but forgivable.,02-09-2024 07:22
4125,2548,1,3,Neither great nor terrible. Passes the time.,19-03-2022 22:24
4576,172,4,3,"Mixed feelings. Good premise, mediocre execution.",01-02-2024 09:54
391,525,1,5,This book changed the way I think. A must-read for everyone.,07-12-2024 15:48
1009,1603,6,2,Disappointed. Expected much more based on the reviews.,13-04-2021 03:04
3394,490,3,2,Not for me. The writing style felt very dated.,24-02-2022 19:29
691,1111,3,4,Mostly great. The middle section drags a bit.,31-12-2024 09:23
3585,336,2,5,Perfect blend of story and insight. Will read again.,23-03-2024 19:09
5073,757,4,4,A very good read overall. Some chapters were slow but worth it.,18-09-2022 17:28
2021,2581,1,5,A masterpiece. Every chapter left me wanting more.,17-05-2024 12:16
1031,1348,1,3,Had potential but did not quite deliver on its promise.,06-08-2023 17:59
4446,2716,53,5,One of the best reads I have had in years. Highly recommended.,20-04-2024 05:26
4149,624,1,3,"Mixed feelings. Good premise, mediocre execution.",25-10-2022 18:51
1888,277,94,4,Mostly great. The middle section drags a bit.,01-03-2022 18:44
1077,1718,2,5,Beautifully written. The author's style is simply stunning.,08-01-2023 20:54
3747,1500,5,4,A very good read overall. Some chapters were slow but worth it.,15-09-2024 14:09
5407,301,30,3,Average. Had its moments but failed to really engage me.,14-06-2024 08:23
4308,790,3,3,Had potential but did not quite deliver on its promise.,28-09-2024 13:23
861,1155,11,3,"Mixed feelings. Good premise, mediocre execution.",16-10-2022 08:07
705,1247,5,3,,06-04-2023 18:33
964,2698,1,3,Had potential but did not quite deliver on its promise.,23-04-2024 20:49
1573,1655,2,4,"Good book, though the ending felt a little rushed.",20-04-2024 17:29
4513,2686,3,3,,03-12-2024 04:58
5538,1505,1,4,Pleasant read. Nothing groundbreaking but definitely enjoyable.,09-09-2023 13:17
1307,1764,2,6,A masterpiece. Every chapter left me wanting more.,09-11-2024 20:20
264,1809,1,4,,20-06-2021 15:54
750,1569,2,0,Pleasant read. Nothing groundbreaking but definitely enjoyable.,01-11-2023 20:12
2130,2237,2,3,Had potential but did not quite deliver on its promise.,17-11-2022 16:38
1899,13,4,3,It was okay. The hype around this book is a bit overstated.,23-08-2024 02:02
1242,504,3,4,"Good book, though the ending felt a little rushed.",26-01-2022 15:30
3117,1681,3,4,Liked it. The first half is stronger than the second.,28-02-2020 06:18
3605,1929,2,3,Decent read. Not my favourite but not bad either.,09-01-2024 05:45
490,75,6,3,Had potential but did not quite deliver on its promise.,31-12-2024 15:03
4754,1547,1,4,Pleasant read. Nothing groundbreaking but definitely enjoyable.,18-09-2024 07:19
1221,1865,6,4,,20-09-2024 18:04
1730,1720,2,4,Mostly great. The middle section drags a bit.,27-07-2023 19:19
435,628,4,4,Liked it. The first half is stronger than the second.,09-06-2024 12:57
2360,61,41,4,Pleasant read. Nothing groundbreaking but definitely enjoyable.,08-06-2024 06:48
4758,2150,4,2,Struggled to get through it. The story meanders endlessly.,28-08-2023 19:36
4912,1417,5,4,Mostly great. The middle section drags a bit.,26-10-2024 15:34
1231,2540,1,4,Enjoyed it quite a bit. Solid writing and interesting ideas.,28-10-2024 15:35
594,852,1,3,Average. Had its moments but failed to really engage me.,28-12-2024 15:29
1571,2126,10,4,Above average. Would recommend to fans of the genre.,23-11-2023 09:52
3979,127,24,5,Exceeded all my expectations. Truly extraordinary.,15-08-2021 04:48
5089,2799,4,3,Decent read. Not my favourite but not bad either.,16-06-2020 18:29
4242,698,1,4,Mostly great. The middle section drags a bit.,30-06-2024 19:16
3967,654,2,3,Decent read. Not my favourite but not bad either.,02-01-2023 11:03
398,930,1,3,"Some interesting parts, but overall felt underwhelming.",19-11-2024 13:56
2245,858,7,5,Beautifully written. The author's style is simply stunning.,18-03-2023 09:39
62,547,1,4,"Good book, though the ending felt a little rushed.",08-09-2022 22:57
4523,791,3,4,Mostly great. The middle section drags a bit.,30-09-2024 21:14
5170,1489,3,4,Mostly great. The middle section drags a bit.,29-08-2022 08:03
3387,2454,10,4,A very good read overall. Some chapters were slow but worth it.,14-11-2023 12:10
2259,98,12,4,,19-07-2024 23:58
3289,1758,4,4,Pleasant read. Nothing groundbreaking but definitely enjoyable.,25-10-2024 22:44
2187,2486,5,3,Average. Had its moments but failed to really engage me.,18-04-2024 11:13
4718,2418,2,3,Neither great nor terrible. Passes the time.,26-11-2024 14:04
2454,2205,2,5,I finished this in two sittings. Absolutely riveting.,24-11-2024 17:59
2432,1696,7,4,"Good book, though the ending felt a little rushed.",08-02-2024 07:22
3114,724,11,4,Enjoyed it quite a bit. Solid writing and interesting ideas.,24-05-2022 18:56
3737,2306,5,1,Could not finish it. Extremely boring.,29-04-2024 08:48
2854,1412,1,4,Pleasant read. Nothing groundbreaking but definitely enjoyable.,21-11-2024 12:02
3975,2375,2,4,,13-04-2024 17:35
3080,690,4,4,Enjoyed it quite a bit. Solid writing and interesting ideas.,09-02-2022 13:37
4132,25,1,4,Mostly great. The middle section drags a bit.,10-10-2022 12:45
4190,533,19,3,"Mixed feelings. Good premise, mediocre execution.",04-12-2023 20:13
1716,597,2,3,Had potential but did not quite deliver on its promise.,17-08-2022 08:15
3464,1920,9,5,One of the best reads I have had in years. Highly recommended.,21-05-2020 09:53
4262,2296,9,4,Mostly great. The middle section drags a bit.,02-06-2021 07:30
552,1308,1,3,,27-11-2022 09:00
1609,1533,1,4,Well-written and engaging. A few plot holes but forgivable.,28-03-2020 13:38
1159,1277,1,4,"Good book, though the ending felt a little rushed.",11-04-2022 18:29
4643,2799,2,4,"Good book, though the ending felt a little rushed.",30-10-2023 11:27
2920,1257,100,4,Pleasant read. Nothing groundbreaking but definitely enjoyable.,01-10-2023 09:43
4297,911,1,3,"Mixed feelings. Good premise, mediocre execution.",28-10-2024 20:01
271,2533,3,3,Decent read. Not my favourite but not bad either.,29-03-2024 20:54
3899,969,33,3,Neither great nor terrible. Passes the time.,10-08-2024 09:10
418,2361,1,4,Pleasant read. Nothing groundbreaking but definitely enjoyable.,07-09-2024 17:25
4479,1014,3,4,Liked it. The first half is stronger than the second.,29-12-2023 10:17
5023,1306,13,2,,04-04-2022 13:42
352,703,1,5,Absolutely loved this book — couldn't put it down!,29-07-2024 19:09
5401,163,10,2,Disappointed. Expected much more based on the reviews.,13-09-2020 21:17
1113,1437,1,4,Liked it. The first half is stronger than the second.,22-06-2024 08:46
1468,2546,22,3,,14-08-2021 12:29
115,1027,4,5,This book changed the way I think. A must-read for everyone.,29-03-2024 20:49
4123,332,4,3,Neither great nor terrible. Passes the time.,30-05-2024 17:23
3654,2008,18,4,Liked it. The first half is stronger than the second.,15-04-2023 19:17
3582,2135,1,3,Decent read. Not my favourite but not bad either.,31-07-2024 15:36
682,1922,1,5,Absolutely loved this book — couldn't put it down!,25-01-2024 06:15
1246,1654,1,4,Well-written and engaging. A few plot holes but forgivable.,02-11-2021 18:55
5172,1941,3,5,,17-09-2024 17:48
2657,2512,1,4,Pleasant read. Nothing groundbreaking but definitely enjoyable.,01-09-2024 09:50
3290,2421,8,3,Average. Had its moments but failed to really engage me.,12-01-2022 19:01
4529,468,3,3,Average. Had its moments but failed to really engage me.,24-01-2022 07:44
4600,2729,40,5,Brilliant narrative. The characters feel genuinely real.,28-02-2023 17:57
516,749,3,4,A very good read overall. Some chapters were slow but worth it.,13-03-2020 18:29
5306,957,15,5,I finished this in two sittings. Absolutely riveting.,02-08-2024 21:21
1915,2350,9,3,"Some interesting parts, but overall felt underwhelming.",02-12-2024 08:13
3911,2288,2,4,Above average. Would recommend to fans of the genre.,09-11-2023 20:03
1563,1097,7,3,Had potential but did not quite deliver on its promise.,22-08-2021 06:52
4836,622,11,2,Disappointed. Expected much more based on the reviews.,15-08-2024 08:18
5405,898,50,5,Absolutely loved this book — couldn't put it down!,05-04-2024 14:26
3051,2172,4,5,,23-10-2024 20:16
1213,1720,3,3,Average. Had its moments but failed to really engage me.,03-11-2023 20:57
4670,1858,7,4,Above average. Would recommend to fans of the genre.,11-09-2022 11:44
2286,1131,3,4,Above average. Would recommend to fans of the genre.,20-12-2023 23:44
4186,1685,1,4,Liked it. The first half is stronger than the second.,01-11-2021 17:56
1454,2510,1,4,Pleasant read. Nothing groundbreaking but definitely enjoyable.,07-07-2022 10:59
2627,2154,1,4,"Good book, though the ending felt a little rushed.",25-11-2024 06:36
2638,1038,7,4,Enjoyed it quite a bit. Solid writing and interesting ideas.,24-02-2024 12:33
5290,2257,2,4,Well-written and engaging. A few plot holes but forgivable.,05-06-2024 17:34
4147,1939,2,5,,15-11-2024 12:12
5531,1475,15,4,"Good book, though the ending felt a little rushed.",01-05-2024 10:03
3586,2399,16,4,A very good read overall. Some chapters were slow but worth it.,02-09-2022 09:43
4906,328,18,3,Decent read. Not my favourite but not bad either.,23-09-2024 20:22
2928,2711,1,3,It was okay. The hype around this book is a bit overstated.,30-01-2023 11:47
358,56,10,3,Average. Had its moments but failed to really engage me.,15-08-2021 18:14
30,755,27,4,Mostly great. The middle section drags a bit.,18-06-2022 12:52
5442,2317,4,3,It was okay. The hype around this book is a bit overstated.,30-10-2022 19:55
363,1834,1,4,"Good book, though the ending felt a little rushed.",29-09-2024 18:30
4905,1151,7,4,Liked it. The first half is stronger than the second.,13-03-2022 12:18
3296,138,1,4,Enjoyed it quite a bit. Solid writing and interesting ideas.,16-11-2022 11:19
3281,2709,1,3,"Mixed feelings. Good premise, mediocre execution.",18-12-2024 22:17
3409,2683,12,4,Well-written and engaging. A few plot holes but forgivable.,14-01-2024 15:55
2749,1065,1,4,Pleasant read. Nothing groundbreaking but definitely enjoyable.,28-01-2021 06:39
3813,2623,16,5,Beautifully written. The author's style is simply stunning.,06-01-2023 11:02
1441,571,6,3,Decent read. Not my favourite but not bad either.,21-08-2024 12:05
5012,190,1,3,"Mixed feelings. Good premise, mediocre execution.",31-08-2023 08:39
4560,2399,2,2,Overrated. I did not enjoy the characters at all.,24-04-2023 17:41
4447,2233,2,5,Exceeded all my expectations. Truly extraordinary.,25-05-2022 18:33
3300,2583,2,3,Decent read. Not my favourite but not bad either.,11-09-2023 13:32
5501,262,17,3,Neither great nor terrible. Passes the time.,23-03-2024 13:27
1301,1319,31,5,A masterpiece. Every chapter left me wanting more.,20-11-2021 20:26
758,2396,1,3,,27-12-2024 15:22
2476,2412,21,4,"Good book, though the ending felt a little rushed.",20-11-2022 09:05
372,2732,1,5,Brilliant narrative. The characters feel genuinely real.,21-10-2024 23:47
2885,1225,15,4,A very good read overall. Some chapters were slow but worth it.,11-05-2023 08:08
1931,2621,3,2,The plot felt disjointed and the pacing was off throughout.,02-05-2023 09:01
5599,1173,6,2,The plot felt disjointed and the pacing was off throughout.,03-05-2024 16:16
574,1402,31,4,Liked it. The first half is stronger than the second.,19-10-2021 12:55
5539,179,1,3,"Some interesting parts, but overall felt underwhelming.",10-11-2024 08:46
2553,1645,1,3,Decent read. Not my favourite but not bad either.,04-10-2024 17:24
4457,2261,8,3,Neither great nor terrible. Passes the time.,02-11-2023 16:32
2999,587,2,4,"Good book, though the ending felt a little rushed.",30-12-2024 23:57
5446,1480,3,4,Liked it. The first half is stronger than the second.,10-11-2023 20:45
5223,355,2,4,"Good book, though the ending felt a little rushed.",26-01-2021 19:14
3982,1809,13,4,Well-written and engaging. A few plot holes but forgivable.,15-02-2024 11:59
4353,1137,9,5,Absolutely loved this book — couldn't put it down!,02-11-2024 13:47
1294,352,26,3,It was okay. The hype around this book is a bit overstated.,19-03-2024 13:42
3151,1301,13,4,Enjoyed it quite a bit. Solid writing and interesting ideas.,21-07-2021 06:26
2623,73,8,3,Had potential but did not quite deliver on its promise.,13-07-2024 08:27
3522,111,3,3,It was okay. The hype around this book is a bit overstated.,02-07-2024 11:32
426,789,2,3,Average. Had its moments but failed to really engage me.,26-12-2024 16:46
1296,1626,8,2,Overrated. I did not enjoy the characters at all.,18-08-2024 20:32
2071,965,15,4,Mostly great. The middle section drags a bit.,31-12-2024 10:24
2994,1640,1,3,,07-11-2024 19:08
1731,390,28,4,Pleasant read. Nothing groundbreaking but definitely enjoyable.,24-02-2022 22:40
535,825,1,3,Decent read. Not my favourite but not bad either.,16-06-2024 18:26
5546,1426,14,4,"Good book, though the ending felt a little rushed.",03-08-2021 18:06
2318,2539,74,2,Not for me. The writing style felt very dated.,16-11-2024 05:03
3106,2319,1,3,Average. Had its moments but failed to really engage me.,28-10-2024 21:22
4903,956,10,4,Pleasant read. Nothing groundbreaking but definitely enjoyable.,04-08-2022 08:45
4895,1511,1,5,Brilliant narrative. The characters feel genuinely real.,14-02-2022 18:36
3427,1451,1,3,Decent read. Not my favourite but not bad either.,30-11-2022 08:01
2814,1874,13,4,Mostly great. The middle section drags a bit.,30-09-2024 16:50
4615,2329,1,4,A very good read overall. Some chapters were slow but worth it.,08-02-2024 11:19
718,1289,4,4,Above average. Would recommend to fans of the genre.,25-04-2024 21:21
4174,1057,13,2,Overrated. I did not enjoy the characters at all.,12-07-2021 14:23
3183,2617,1,4,"Good book, though the ending felt a little rushed.",16-02-2024 18:20
5150,2388,1,4,Mostly great. The middle section drags a bit.,05-08-2024 20:54
1104,1282,3,3,It was okay. The hype around this book is a bit overstated.,09-08-2023 13:05
3422,2462,13,2,Not for me. The writing style felt very dated.,07-11-2024 08:35
526,1787,4,3,Decent read. Not my favourite but not bad either.,28-02-2024 22:43
4551,1370,11,4,Liked it. The first half is stronger than the second.,19-02-2024 08:32
3369,61,4,4,Pleasant read. Nothing groundbreaking but definitely enjoyable.,08-10-2022 17:41
4032,1030,2,4,A very good read overall. Some chapters were slow but worth it.,06-06-2024 18:14
2652,2129,4,2,,05-10-2022 12:12
1626,796,3,4,Above average. Would recommend to fans of the genre.,12-10-2024 07:26
1710,105,6,2,The plot felt disjointed and the pacing was off throughout.,21-08-2024 10:21
4744,114,6,3,Average. Had its moments but failed to really engage me.,13-02-2023 11:16
5225,2270,4,6,It was okay. The hype around this book is a bit overstated.,06-03-2022 19:11
4624,1589,3,4,Enjoyed it quite a bit. Solid writing and interesting ideas.,12-11-2022 10:40
1266,2589,4,3,Decent read. Not my favourite but not bad either.,11-12-2024 18:52
2295,314,1,3,"Mixed feelings. Good premise, mediocre execution.",19-06-2024 16:38
323,2734,3,4,Liked it. The first half is stronger than the second.,16-06-2022 14:36
974,1886,1,4,,05-11-2024 13:04
2281,42,62,3,Had potential but did not quite deliver on its promise.,08-05-2024 14:08
4749,1001,1,4,Well-written and engaging. A few plot holes but forgivable.,02-07-2024 18:02
1201,1101,3,3,,28-12-2022 07:31
4635,2566,114,3,"Some interesting parts, but overall felt underwhelming.",31-12-2024 12:55
1392,101,1,3,Average. Had its moments but failed to really engage me.,13-12-2024 17:53
1415,2621,6,3,"Some interesting parts, but overall felt underwhelming.",02-09-2021 15:36
4410,2300,1,4,,28-09-2023 13:38
2966,2354,7,4,Mostly great. The middle section drags a bit.,06-08-2022 06:52
501,873,3,4,Above average. Would recommend to fans of the genre.,29-11-2021 10:23
5002,723,93,4,"Good book, though the ending felt a little rushed.",15-06-2024 16:14
2253,98,9,2,Struggled to get through it. The story meanders endlessly.,09-12-2024 17:48
2794,789,9,3,It was okay. The hype around this book is a bit overstated.,03-03-2023 05:34
1060,233,3,2,The plot felt disjointed and the pacing was off throughout.,12-05-2024 12:23
3465,2160,4,4,Enjoyed it quite a bit. Solid writing and interesting ideas.,02-11-2024 18:33
2509,373,1,3,Had potential but did not quite deliver on its promise.,20-09-2024 08:18
5400,2218,5,3,Neither great nor terrible. Passes the time.,06-04-2020 06:45
3848,1563,2,5,A masterpiece. Every chapter left me wanting more.,29-02-2024 19:52
905,500,9,5,I finished this in two sittings. Absolutely riveting.,22-01-2021 16:26
3879,1,2,3,Average. Had its moments but failed to really engage me.,19-12-2024 14:52
2736,420,35,4,Above average. Would recommend to fans of the genre.,07-04-2023 21:25
822,2623,1,4,Mostly great. The middle section drags a bit.,10-06-2024 19:24
4279,2256,1,-1,"Good book, though the ending felt a little rushed.",02-06-2023 18:10
2294,2623,2,3,"Some interesting parts, but overall felt underwhelming.",07-08-2021 13:56
3098,2299,7,3,Neither great nor terrible. Passes the time.,29-10-2024 09:20
5300,306,1,5,The writing is exceptional and the story gripped me from page one.,21-06-2023 10:27
26,480,1,5,The writing is exceptional and the story gripped me from page one.,22-06-2024 19:17
5020,2658,1,3,Had potential but did not quite deliver on its promise.,03-05-2024 07:44
975,2177,1,4,Liked it. The first half is stronger than the second.,16-05-2024 16:32
3580,422,5,4,"Good book, though the ending felt a little rushed.",15-04-2024 19:26
42,2391,1,3,Had potential but did not quite deliver on its promise.,30-11-2020 20:36
1974,889,21,4,,10-11-2024 16:38
3226,723,2,4,Above average. Would recommend to fans of the genre.,14-09-2024 19:03
615,801,8,4,,27-08-2021 03:25
348,2318,1,3,Had potential but did not quite deliver on its promise.,06-11-2022 19:23
347,2687,1,4,Pleasant read. Nothing groundbreaking but definitely enjoyable.,18-04-2024 14:18
2251,720,1,3,Neither great nor terrible. Passes the time.,19-03-2023 07:22
142,1701,1,5,,01-04-2024 09:37
4990,2438,1,4,,16-01-2021 20:33
940,2589,5,5,A masterpiece. Every chapter left me wanting more.,31-12-2024 12:06
197,2185,1,2,Disappointed. Expected much more based on the reviews.,16-08-2022 05:24
3652,2556,1,4,Well-written and engaging. A few plot holes but forgivable.,26-12-2022 18:56
491,291,2,4,Well-written and engaging. A few plot holes but forgivable.,29-01-2023 11:09
4660,2551,1,3,It was okay. The hype around this book is a bit overstated.,12-11-2024 16:37
4829,454,1,4,Enjoyed it quite a bit. Solid writing and interesting ideas.,16-07-2024 22:19
5511,2222,3,1,Could not finish it. Extremely boring.,07-01-2021 18:33
3642,208,4,4,Above average. Would recommend to fans of the genre.,06-02-2023 09:52
2036,1696,56,4,Liked it. The first half is stronger than the second.,22-08-2024 17:53
263,457,2,5,Perfect blend of story and insight. Will read again.,01-01-2024 14:08
1512,679,1,4,,31-12-2024 13:46
2287,1889,187,2,Overrated. I did not enjoy the characters at all.,25-06-2021 17:42
3962,863,69,4,Mostly great. The middle section drags a bit.,08-12-2024 06:36
4668,1267,1,5,Exceeded all my expectations. Truly extraordinary.,24-10-2024 20:00
3597,1102,1,5,A masterpiece. Every chapter left me wanting more.,28-04-2024 08:49
2244,1638,1,4,Mostly great. The middle section drags a bit.,17-09-2024 10:58
3621,1690,1,4,,15-06-2024 10:40
2218,2242,1,3,It was okay. The hype around this book is a bit overstated.,18-09-2021 13:11
5149,1504,1,3,"Some interesting parts, but overall felt underwhelming.",20-12-2023 07:28
796,265,3,3,Decent read. Not my favourite but not bad either.,17-01-2022 10:43
4390,22,2,4,Enjoyed it quite a bit. Solid writing and interesting ideas.,02-10-2022 12:58
2002,1584,3,2,Would not recommend. Too slow and the payoff was not worth it.,27-06-2021 13:23
4146,100,1,3,"Mixed feelings. Good premise, mediocre execution.",03-12-2022 06:12
1162,1351,1,2,Not for me. The writing style felt very dated.,02-06-2022 14:16
3432,2298,3,4,"Good book, though the ending felt a little rushed.",10-12-2024 11:22
5361,1203,49,3,"Some interesting parts, but overall felt underwhelming.",09-02-2023 07:41
542,1868,2,4,Mostly great. The middle section drags a bit.,17-08-2023 06:51
5509,1933,1,2,Struggled to get through it. The story meanders endlessly.,14-12-2024 12:11
3988,1829,4,3,Decent read. Not my favourite but not bad either.,16-11-2023 14:59
5151,1721,7,3,Had potential but did not quite deliver on its promise.,24-10-2023 09:44
4533,1923,2,4,Above average. Would recommend to fans of the genre.,23-02-2022 21:06
3929,313,1,4,A very good read overall. Some chapters were slow but worth it.,23-11-2022 18:23
2951,1442,1,4,Pleasant read. Nothing groundbreaking but definitely enjoyable.,22-01-2024 17:15
346,1860,13,3,"Mixed feelings. Good premise, mediocre execution.",14-07-2024 06:52
4418,1895,2,6,I finished this in two sittings. Absolutely riveting.,22-04-2024 15:57
465,2040,12,5,,16-12-2023 08:54
5058,69,9,2,Not for me. The writing style felt very dated.,25-10-2023 18:00
4027,548,5,5,A masterpiece. Every chapter left me wanting more.,27-11-2021 13:29
670,1944,13,5,Perfect blend of story and insight. Will read again.,15-01-2023 06:30
5304,1608,22,4,A very good read overall. Some chapters were slow but worth it.,22-09-2023 19:22
626,487,1,3,"Some interesting parts, but overall felt underwhelming.",20-12-2023 05:27
242,151,9,4,A very good read overall. Some chapters were slow but worth it.,21-03-2023 09:48
2976,622,2,4,Mostly great. The middle section drags a bit.,31-12-2024 16:39
1497,1844,1,5,A masterpiece. Every chapter left me wanting more.,25-07-2022 07:37
860,1780,1,2,Struggled to get through it. The story meanders endlessly.,20-06-2024 13:25
5440,2268,12,5,Absolutely loved this book — couldn't put it down!,02-04-2023 11:51
5143,2174,2,3,It was okay. The hype around this book is a bit overstated.,07-07-2024 01:54
3056,2376,1,4,Well-written and engaging. A few plot holes but forgivable.,10-11-2021 21:07
5038,1516,3,4,"Good book, though the ending felt a little rushed.",02-02-2023 17:27
4136,1705,3,3,"Mixed feelings. Good premise, mediocre execution.",26-05-2020 21:30
1746,559,2,4,"Good book, though the ending felt a little rushed.",15-11-2021 18:37
1064,1689,3,4,Well-written and engaging. A few plot holes but forgivable.,23-05-2024 19:01
4385,691,2,4,Above average. Would recommend to fans of the genre.,20-11-2024 07:31
1515,1953,1,5,Brilliant narrative. The characters feel genuinely real.,07-04-2022 19:02
1363,68,55,2,The plot felt disjointed and the pacing was off throughout.,16-06-2024 13:47
3625,1951,1,4,Pleasant read. Nothing groundbreaking but definitely enjoyable.,20-11-2024 17:59
5140,2249,23,4,Mostly great. The middle section drags a bit.,24-10-2020 10:55
481,2685,7,4,,05-05-2023 13:15
4173,1315,2,4,"Good book, though the ending felt a little rushed.",05-09-2023 07:45
3438,2280,6,2,Not for me. The writing style felt very dated.,19-02-2023 19:50
445,1656,1,3,It was okay. The hype around this book is a bit overstated.,26-01-2024 00:43
1012,219,4,4,Pleasant read. Nothing groundbreaking but definitely enjoyable.,13-06-2022 21:35
2506,802,3,3,Average. Had its moments but failed to really engage me.,28-01-2022 13:22
17,1124,3,3,"Mixed feelings. Good premise, mediocre execution.",26-04-2024 19:08
1550,2310,1,3,Neither great nor terrible. Passes the time.,03-11-2023 08:10
71,2036,1,4,Pleasant read. Nothing groundbreaking but definitely enjoyable.,28-06-2024 05:24
1369,2059,18,3,Decent read. Not my favourite but not bad either.,18-08-2020 17:15
4939,2288,1,4,A very good read overall. Some chapters were slow but worth it.,05-11-2024 11:10
3867,959,2,4,A very good read overall. Some chapters were slow but worth it.,16-05-2023 08:57
5076,887,2,5,Perfect blend of story and insight. Will read again.,15-09-2023 21:28
3544,658,2,5,Beautifully written. The author's style is simply stunning.,01-06-2023 09:42
3479,1353,1,5,Beautifully written. The author's style is simply stunning.,10-04-2020 14:38
4078,1782,61,2,Struggled to get through it. The story meanders endlessly.,29-10-2023 08:16
1245,602,1,2,Would not recommend. Too slow and the payoff was not worth it.,29-02-2024 17:08
3389,1754,16,2,Not for me. The writing style felt very dated.,21-02-2024 08:56
457,2774,82,2,Overrated. I did not enjoy the characters at all.,05-03-2024 18:45
3874,2348,6,1,Terrible. Wasted my money and my time.,12-11-2020 17:06
823,1532,1,3,Neither great nor terrible. Passes the time.,13-03-2022 20:56
5102,304,2,4,"Good book, though the ending felt a little rushed.",27-09-2021 01:27
5094,469,1,5,,02-01-2021 18:36
4499,2268,1,2,The plot felt disjointed and the pacing was off throughout.,27-02-2021 08:34
4885,735,35,3,Decent read. Not my favourite but not bad either.,19-10-2024 07:02
2118,2238,6,3,Average. Had its moments but failed to really engage me.,08-08-2024 06:29
4450,714,4,3,It was okay. The hype around this book is a bit overstated.,02-07-2024 19:09
4157,2340,1,2,Would not recommend. Too slow and the payoff was not worth it.,11-12-2022 07:03
3756,1843,1,5,,14-10-2021 18:01
620,2642,1,2,Would not recommend. Too slow and the payoff was not worth it.,25-02-2024 16:25
4272,1197,5,4,Above average. Would recommend to fans of the genre.,10-02-2024 17:26
1372,978,1,4,"Good book, though the ending felt a little rushed.",06-11-2024 16:34
5529,277,6,2,Not for me. The writing style felt very dated.,12-10-2024 12:33
4253,2055,12,4,Above average. Would recommend to fans of the genre.,26-09-2024 16:10
4284,1854,30,4,Enjoyed it quite a bit. Solid writing and interesting ideas.,17-10-2024 13:17
101,251,1,4,Above average. Would recommend to fans of the genre.,06-11-2022 07:44
1420,2773,1,3,Decent read. Not my favourite but not bad either.,19-01-2024 16:43
3581,2666,4,4,Well-written and engaging. A few plot holes but forgivable.,15-08-2023 00:30
5510,2251,1,4,,23-09-2020 08:51
356,2536,55,3,Neither great nor terrible. Passes the time.,14-05-2024 11:53
2381,172,5,5,The writing is exceptional and the story gripped me from page one.,02-05-2024 18:50
2826,403,1,3,It was okay. The hype around this book is a bit overstated.,31-07-2024 21:55
4982,1708,3,3,Had potential but did not quite deliver on its promise.,13-04-2024 21:05
120,150,1,3,,31-12-2024 16:21
3983,2138,15,4,Liked it. The first half is stronger than the second.,28-09-2024 11:54
1608,2456,1,4,"Good book, though the ending felt a little rushed.",08-09-2024 08:12
4559,196,1,2,Disappointed. Expected much more based on the reviews.,07-01-2023 08:14
777,2233,12,4,Liked it. The first half is stronger than the second.,17-04-2024 19:49
1768,1195,1,4,A very good read overall. Some chapters were slow but worth it.,26-01-2023 14:22
813,379,59,5,The writing is exceptional and the story gripped me from page one.,06-12-2024 21:14
4669,589,1,5,One of the best reads I have had in years. Highly recommended.,20-05-2024 21:43
3743,2485,32,3,,19-04-2020 11:41
963,285,7,4,Well-written and engaging. A few plot holes but forgivable.,04-10-2024 07:13
3968,892,3,2,Overrated. I did not enjoy the characters at all.,09-12-2022 08:34
4458,2713,1,4,,15-11-2023 12:28
1020,1685,3,3,Decent read. Not my favourite but not bad either.,19-08-2020 18:49
4327,990,3,5,The writing is exceptional and the story gripped me from page one.,28-08-2021 07:50
3248,1163,2,5,Beautifully written. The author's style is simply stunning.,07-01-2024 19:06
3173,2749,3,3,It was okay. The hype around this book is a bit overstated.,12-09-2024 18:25
2910,1336,8,2,The plot felt disjointed and the pacing was off throughout.,21-04-2023 11:30
3736,1623,1,4,Mostly great. The middle section drags a bit.,11-01-2023 02:00
5333,456,3,3,It was okay. The hype around this book is a bit overstated.,16-01-2021 18:45
5597,1743,26,3,Had potential but did not quite deliver on its promise.,29-12-2020 12:29
2888,921,5,3,Neither great nor terrible. Passes the time.,29-10-2024 14:25
3838,5,1,4,Well-written and engaging. A few plot holes but forgivable.,27-09-2022 12:39
4598,972,1,5,This book changed the way I think. A must-read for everyone.,18-02-2021 18:30
727,2416,1,3,Had potential but did not quite deliver on its promise.,28-08-2024 19:18
1829,2288,9,4,A very good read overall. Some chapters were slow but worth it.,28-11-2024 20:25
4780,1431,1,3,Neither great nor terrible. Passes the time.,30-12-2023 21:53
46,2799,1,3,It was okay. The hype around this book is a bit overstated.,27-06-2021 21:41
2752,1393,2,5,I finished this in two sittings. Absolutely riveting.,06-05-2024 20:11
5398,908,17,3,"Mixed feelings. Good premise, mediocre execution.",31-08-2021 08:41
5570,178,1,4,Pleasant read. Nothing groundbreaking but definitely enjoyable.,17-07-2024 05:40
730,114,57,4,Liked it. The first half is stronger than the second.,13-05-2024 18:51
2240,2046,4,4,Enjoyed it quite a bit. Solid writing and interesting ideas.,27-06-2020 21:16
1254,1013,1,4,,13-05-2020 08:13
4819,33,5,5,A masterpiece. Every chapter left me wanting more.,10-10-2024 10:27
3112,466,187,1,Terrible. Wasted my money and my time.,05-06-2020 18:20
3113,2537,2,5,The writing is exceptional and the story gripped me from page one.,17-12-2022 06:34
1479,1732,10,4,Enjoyed it quite a bit. Solid writing and interesting ideas.,03-11-2023 16:52
1920,783,1,5,I finished this in two sittings. Absolutely riveting.,06-02-2022 07:15
275,2659,2,5,Exceeded all my expectations. Truly extraordinary.,26-10-2024 18:57
3138,2178,2,4,Mostly great. The middle section drags a bit.,18-08-2024 18:48
3484,309,2,4,Liked it. The first half is stronger than the second.,17-10-2020 20:41
2968,606,1,3,"Some interesting parts, but overall felt underwhelming.",23-06-2024 06:12
3915,2251,31,3,Had potential but did not quite deliver on its promise.,21-10-2022 08:29
4729,14,2,4,"Good book, though the ending felt a little rushed.",02-10-2022 18:47
4469,1621,2,3,"Mixed feelings. Good premise, mediocre execution.",09-05-2024 22:33
4369,2307,4,3,Had potential but did not quite deliver on its promise.,05-07-2021 17:33
3882,44,1,4,Enjoyed it quite a bit. Solid writing and interesting ideas.,20-02-2023 12:06
3434,1316,14,-1,,19-10-2022 07:01
3366,779,3,5,One of the best reads I have had in years. Highly recommended.,30-12-2024 11:31
316,111,38,2,The plot felt disjointed and the pacing was off throughout.,21-06-2024 15:56
949,1383,1,3,"Mixed feelings. Good premise, mediocre execution.",11-09-2024 20:52
2534,212,2,4,"Good book, though the ending felt a little rushed.",23-07-2024 21:55
1139,570,1,4,Above average. Would recommend to fans of the genre.,21-08-2021 11:12
1635,2012,6,2,Not for me. The writing style felt very dated.,01-07-2022 15:29
3576,1140,2,4,"Good book, though the ending felt a little rushed.",07-10-2024 01:13
1384,607,1,2,Would not recommend. Too slow and the payoff was not worth it.,24-09-2022 19:33
2879,2661,2,4,Above average. Would recommend to fans of the genre.,10-04-2024 07:52
2025,1765,14,0,Well-written and engaging. A few plot holes but forgivable.,30-09-2023 17:26
4774,1224,1,4,A very good read overall. Some chapters were slow but worth it.,29-11-2023 11:35
1272,1581,1,4,,21-11-2023 19:44
1053,669,1,4,Liked it. The first half is stronger than the second.,05-10-2023 10:44
2428,955,2,2,,29-12-2022 03:43
1871,2013,1,5,I finished this in two sittings. Absolutely riveting.,31-12-2024 11:37
48,791,1,2,Disappointed. Expected much more based on the reviews.,08-02-2024 13:36
5272,2757,1,5,I finished this in two sittings. Absolutely riveting.,02-08-2023 11:17
1202,1013,6,3,Decent read. Not my favourite but not bad either.,05-02-2020 12:03
4841,1843,5,3,Average. Had its moments but failed to really engage me.,09-08-2021 14:00
1070,283,5,2,Overrated. I did not enjoy the characters at all.,13-03-2024 19:35
3930,1776,4,3,Neither great nor terrible. Passes the time.,20-09-2021 16:02
3704,312,22,2,,08-05-2023 09:58
3610,1159,2,3,Decent read. Not my favourite but not bad either.,15-10-2024 19:05
1576,613,1,4,Liked it. The first half is stronger than the second.,08-06-2022 17:53
249,1808,1,5,This book changed the way I think. A must-read for everyone.,10-09-2023 13:19
5365,2299,126,6,Enjoyed it quite a bit. Solid writing and interesting ideas.,18-05-2023 09:36
2872,371,2,4,Mostly great. The middle section drags a bit.,02-05-2022 16:54
2521,2685,3,2,Struggled to get through it. The story meanders endlessly.,20-07-2022 11:12
3317,2062,2,5,Exceeded all my expectations. Truly extraordinary.,29-09-2023 07:01
941,1269,1,4,Above average. Would recommend to fans of the genre.,06-03-2022 15:58
3364,1370,7,-1,Average. Had its moments but failed to really engage me.,16-07-2024 19:45
2107,1064,7,4,Pleasant read. Nothing groundbreaking but definitely enjoyable.,31-12-2024 20:50
3320,10,12,5,,13-10-2022 07:53
452,857,6,3,Had potential but did not quite deliver on its promise.,27-07-2024 19:56
2073,1480,5,3,Neither great nor terrible. Passes the time.,19-06-2024 16:38
4706,2117,1,3,It was okay. The hype around this book is a bit overstated.,15-09-2022 07:39
4054,1937,5,3,"Mixed feelings. Good premise, mediocre execution.",18-05-2024 18:23
1900,2781,2,3,Average. Had its moments but failed to really engage me.,12-07-2021 10:27
2901,893,39,4,A very good read overall. Some chapters were slow but worth it.,31-12-2024 18:40
4042,1402,2,3,Had potential but did not quite deliver on its promise.,11-01-2023 10:32
5473,255,5,3,"Mixed feelings. Good premise, mediocre execution.",30-08-2024 20:40
432,1673,1,5,Absolutely loved this book — couldn't put it down!,08-07-2024 05:16
639,2254,2,3,Neither great nor terrible. Passes the time.,09-09-2021 21:04
4095,656,181,2,Disappointed. Expected much more based on the reviews.,08-12-2020 10:37
1820,2105,26,5,Brilliant narrative. The characters feel genuinely real.,26-08-2022 15:57
3012,2225,33,2,Would not recommend. Too slow and the payoff was not worth it.,26-04-2024 18:47
3140,406,4,3,Had potential but did not quite deliver on its promise.,03-08-2023 19:49
915,801,1,5,Brilliant narrative. The characters feel genuinely real.,25-11-2020 20:29
2037,2010,1,3,"Some interesting parts, but overall felt underwhelming.",15-08-2020 12:39
1621,1009,1,4,Well-written and engaging. A few plot holes but forgivable.,21-09-2024 09:44
5453,321,4,4,Pleasant read. Nothing groundbreaking but definitely enjoyable.,07-02-2021 18:43
5324,2054,1,3,Average. Had its moments but failed to really engage me.,11-04-2024 20:34
237,2319,4,3,Neither great nor terrible. Passes the time.,31-12-2024 14:33
1737,411,12,4,Liked it. The first half is stronger than the second.,30-03-2024 10:48
205,1104,6,2,Would not recommend. Too slow and the payoff was not worth it.,23-02-2024 07:00
4003,2401,19,3,"Mixed feelings. Good premise, mediocre execution.",10-11-2023 08:03
1411,1097,1,4,Mostly great. The middle section drags a bit.,04-12-2024 19:59
1046,2723,2,4,Pleasant read. Nothing groundbreaking but definitely enjoyable.,14-08-2023 11:44
3665,1530,32,3,"Mixed feelings. Good premise, mediocre execution.",10-06-2024 06:10
5612,56,3,4,Well-written and engaging. A few plot holes but forgivable.,18-10-2023 13:37
3254,562,4,4,,21-10-2022 19:42
1505,2208,1,5,Exceeded all my expectations. Truly extraordinary.,01-07-2024 20:39
1615,1324,1,3,Had potential but did not quite deliver on its promise.,12-07-2024 18:13
2089,1014,38,5,This book changed the way I think. A must-read for everyone.,29-10-2023 10:35
3976,353,1,3,Decent read. Not my favourite but not bad either.,27-02-2022 14:19
2671,2429,5,3,Average. Had its moments but failed to really engage me.,07-03-2023 20:16
1987,1341,1,4,Well-written and engaging. A few plot holes but forgivable.,28-03-2020 12:22
1928,677,2,4,Liked it. The first half is stronger than the second.,24-03-2022 00:29
1649,1690,9,4,Well-written and engaging. A few plot holes but forgivable.,03-12-2024 08:43
4465,1443,2,5,Exceeded all my expectations. Truly extraordinary.,18-08-2021 10:58
4504,1321,29,4,Above average. Would recommend to fans of the genre.,05-04-2024 13:22
4745,561,1,3,"Some interesting parts, but overall felt underwhelming.",23-05-2024 18:28
2765,558,27,4,,10-12-2020 15:58
2569,2396,20,4,A very good read overall. Some chapters were slow but worth it.,10-01-2022 09:09
518,748,3,4,,16-07-2022 19:56
354,2408,2,4,Pleasant read. Nothing groundbreaking but definitely enjoyable.,09-02-2024 06:33
2664,2786,29,5,A masterpiece. Every chapter left me wanting more.,22-08-2023 12:01
277,2381,1,5,A masterpiece. Every chapter left me wanting more.,21-04-2024 08:39
1370,1807,34,4,Liked it. The first half is stronger than the second.,30-10-2024 14:51
1467,776,1,4,Well-written and engaging. A few plot holes but forgivable.,13-10-2022 01:55
4010,1198,32,2,The plot felt disjointed and the pacing was off throughout.,05-07-2024 08:31
1217,1754,1,3,"Some interesting parts, but overall felt underwhelming.",10-06-2024 22:51
1958,1197,1,4,A very good read overall. Some chapters were slow but worth it.,13-12-2023 10:31
2319,2017,8,3,Decent read. Not my favourite but not bad either.,27-11-2023 21:42
4377,2490,1,3,Average. Had its moments but failed to really engage me.,04-11-2024 12:43
586,2554,1,4,Mostly great. The middle section drags a bit.,15-10-2023 17:37
2982,1124,2,3,"Some interesting parts, but overall felt underwhelming.",16-05-2024 08:30
3182,1924,1,3,Neither great nor terrible. Passes the time.,19-12-2023 17:11
837,665,1,4,Well-written and engaging. A few plot holes but forgivable.,06-02-2022 12:16
2331,470,1,4,,08-11-2024 09:22
1472,2143,26,3,"Some interesting parts, but overall felt underwhelming.",19-12-2024 08:45
1500,358,1,4,Pleasant read. Nothing groundbreaking but definitely enjoyable.,28-04-2021 19:15
872,2260,20,4,Mostly great. The middle section drags a bit.,02-11-2022 11:57
5048,2508,2,3,Decent read. Not my favourite but not bad either.,21-11-2023 09:19
2667,1599,1,3,,26-09-2021 15:18
1981,1007,1,3,Decent read. Not my favourite but not bad either.,31-12-2020 16:30
64,2714,2,3,,03-06-2024 12:50
201,373,2,4,Enjoyed it quite a bit. Solid writing and interesting ideas.,29-03-2024 18:54
5215,1473,1,5,The writing is exceptional and the story gripped me from page one.,11-09-2022 10:48
2175,2658,16,4,Pleasant read. Nothing groundbreaking but definitely enjoyable.,07-12-2024 17:15
1494,2483,46,6,Not for me. The writing style felt very dated.,04-11-2024 19:00
83,1188,1,4,Above average. Would recommend to fans of the genre.,27-02-2024 05:37
2128,1643,1,3,Decent read. Not my favourite but not bad either.,04-06-2023 10:50
255,1131,44,3,"Mixed feelings. Good premise, mediocre execution.",29-08-2023 08:22
3803,501,3,4,Well-written and engaging. A few plot holes but forgivable.,04-07-2024 00:36
3771,298,5,2,The plot felt disjointed and the pacing was off throughout.,21-07-2022 10:11
2737,2476,6,3,It was okay. The hype around this book is a bit overstated.,31-12-2024 16:33
2758,327,10,2,Not for me. The writing style felt very dated.,31-12-2024 06:47
3304,676,11,4,A very good read overall. Some chapters were slow but worth it.,28-09-2024 11:12
1535,521,1,5,This book changed the way I think. A must-read for everyone.,10-08-2024 21:35
1733,1194,2,4,Pleasant read. Nothing groundbreaking but definitely enjoyable.,09-02-2021 15:52
2692,1219,1,4,Mostly great. The middle section drags a bit.,16-02-2020 08:55
5445,1841,3,4,Mostly great. The middle section drags a bit.,09-09-2022 09:58
1943,1302,23,4,Well-written and engaging. A few plot holes but forgivable.,15-06-2021 16:52
4205,1295,162,3,Average. Had its moments but failed to really engage me.,28-10-2021 19:26
2288,527,2,5,Perfect blend of story and insight. Will read again.,19-12-2024 22:55
5271,826,2,4,Enjoyed it quite a bit. Solid writing and interesting ideas.,07-10-2022 13:08
2063,1758,37,4,Mostly great. The middle section drags a bit.,24-12-2024 11:11
2714,2575,3,4,Mostly great. The middle section drags a bit.,01-12-2024 15:18
5041,2212,11,3,Decent read. Not my favourite but not bad either.,10-02-2022 19:53
4417,1452,1,4,Above average. Would recommend to fans of the genre.,08-08-2023 11:00
4442,29,1,4,"Good book, though the ending felt a little rushed.",30-11-2020 17:08
4978,1219,2,5,One of the best reads I have had in years. Highly recommended.,01-09-2020 12:12
4456,1643,2,4,Liked it. The first half is stronger than the second.,14-02-2023 12:50
4318,308,14,4,Above average. Would recommend to fans of the genre.,27-07-2024 19:09
4646,1530,64,3,It was okay. The hype around this book is a bit overstated.,03-12-2024 20:16
4360,964,2,5,The writing is exceptional and the story gripped me from page one.,05-03-2023 00:50
167,2667,1,3,Neither great nor terrible. Passes the time.,08-11-2024 22:27
4848,774,1,3,,19-08-2022 21:05
2655,375,3,3,Average. Had its moments but failed to really engage me.,19-07-2021 18:21
2776,1333,171,3,Neither great nor terrible. Passes the time.,01-10-2024 18:03
4891,576,1,5,One of the best reads I have had in years. Highly recommended.,09-10-2024 07:08
1817,2471,1,3,Had potential but did not quite deliver on its promise.,18-11-2022 09:54
1252,2378,3,4,"Good book, though the ending felt a little rushed.",12-07-2023 23:57
4439,1655,10,3,Had potential but did not quite deliver on its promise.,21-10-2024 11:00
5524,40,5,5,This book changed the way I think. A must-read for everyone.,19-09-2024 15:40
3806,699,1,5,The writing is exceptional and the story gripped me from page one.,16-12-2024 06:03
4648,2239,1,2,Struggled to get through it. The story meanders endlessly.,09-07-2022 20:30
4338,2258,1,3,"Mixed feelings. Good premise, mediocre execution.",28-11-2022 11:53
4610,2011,17,5,Absolutely loved this book — couldn't put it down!,25-08-2024 06:44
5138,2184,189,4,Liked it. The first half is stronger than the second.,21-08-2024 09:35
3841,1638,5,5,I finished this in two sittings. Absolutely riveting.,25-10-2024 08:17
514,2511,1,4,Enjoyed it quite a bit. Solid writing and interesting ideas.,04-11-2023 18:32
5147,457,44,3,Average. Had its moments but failed to really engage me.,08-05-2024 23:24
1193,299,2,5,Brilliant narrative. The characters feel genuinely real.,02-08-2023 18:20
1274,1134,3,3,Decent read. Not my favourite but not bad either.,22-07-2022 22:13
2974,2777,2,4,Enjoyed it quite a bit. Solid writing and interesting ideas.,13-12-2024 15:09
213,1512,1,4,Mostly great. The middle section drags a bit.,29-07-2020 06:51
971,122,3,2,Not for me. The writing style felt very dated.,13-12-2024 23:36
3454,567,78,3,"Mixed feelings. Good premise, mediocre execution.",06-02-2021 12:24
4139,2375,13,3,It was okay. The hype around this book is a bit overstated.,04-12-2024 16:26
4286,593,7,4,,18-10-2024 12:11
5317,130,129,4,,31-08-2024 18:58
1382,1127,2,5,A masterpiece. Every chapter left me wanting more.,17-10-2024 18:02
49,2179,5,2,Would not recommend. Too slow and the payoff was not worth it.,20-11-2023 09:47
3342,2728,2,4,Above average. Would recommend to fans of the genre.,18-08-2024 11:00
3600,80,2,3,"Some interesting parts, but overall felt underwhelming.",18-10-2023 15:17
4367,2716,2,5,I finished this in two sittings. Absolutely riveting.,05-03-2021 20:58
436,1995,1,3,"Some interesting parts, but overall felt underwhelming.",13-11-2024 07:52
21,914,17,3,"Mixed feelings. Good premise, mediocre execution.",19-05-2023 11:16
4527,1604,5,2,Struggled to get through it. The story meanders endlessly.,03-11-2023 19:57
5517,1122,1,4,"Good book, though the ending felt a little rushed.",06-05-2022 13:09
1663,1418,4,3,Had potential but did not quite deliver on its promise.,22-04-2022 11:16
4685,1803,20,4,Well-written and engaging. A few plot holes but forgivable.,14-01-2024 22:34
51,1450,6,3,It was okay. The hype around this book is a bit overstated.,02-08-2022 13:59
1633,122,8,4,Above average. Would recommend to fans of the genre.,26-02-2023 22:38
1598,89,45,3,"Some interesting parts, but overall felt underwhelming.",03-08-2024 17:30
2127,175,1,4,Above average. Would recommend to fans of the genre.,02-03-2021 12:33
2853,2394,27,4,"Good book, though the ending felt a little rushed.",23-08-2024 02:14
2236,1539,5,2,Would not recommend. Too slow and the payoff was not worth it.,01-04-2022 12:57
3550,1024,3,4,Enjoyed it quite a bit. Solid writing and interesting ideas.,01-02-2020 12:17
5268,765,2,3,"Mixed feelings. Good premise, mediocre execution.",31-12-2024 09:53
561,2527,8,5,This book changed the way I think. A must-read for everyone.,11-02-2024 17:37
2571,17,2,4,Well-written and engaging. A few plot holes but forgivable.,14-03-2023 12:52
612,1561,1,3,Average. Had its moments but failed to really engage me.,25-12-2024 12:28
5017,1033,1,3,Average. Had its moments but failed to really engage me.,02-10-2023 23:40
3989,108,3,3,Average. Had its moments but failed to really engage me.,10-11-2020 09:25
1109,1244,21,4,Enjoyed it quite a bit. Solid writing and interesting ideas.,11-04-2023 16:23
1257,98,1,3,Average. Had its moments but failed to really engage me.,16-12-2024 17:44
1373,2367,8,3,"Some interesting parts, but overall felt underwhelming.",31-05-2024 16:46
4127,1727,33,5,Beautifully written. The author's style is simply stunning.,09-02-2022 09:52
1916,1885,1,5,A masterpiece. Every chapter left me wanting more.,29-05-2021 08:14
2324,1484,12,4,,19-09-2024 08:54
2058,1756,10,4,,14-09-2023 14:11
1643,736,2,6,,01-12-2024 18:46
3315,2082,1,5,,26-10-2024 19:16
4511,413,4,3,It was okay. The hype around this book is a bit overstated.,30-11-2024 08:51
3230,1092,18,4,,14-06-2024 16:27
3011,2269,1,5,Exceeded all my expectations. Truly extraordinary.,18-09-2020 09:27
1367,967,1,4,Liked it. The first half is stronger than the second.,29-09-2023 18:48
5620,2099,15,3,Had potential but did not quite deliver on its promise.,18-07-2022 18:22
675,718,1,4,Above average. Would recommend to fans of the genre.,26-05-2023 20:53
4302,2482,5,4,"Good book, though the ending felt a little rushed.",22-08-2024 09:28
2029,864,4,4,"Good book, though the ending felt a little rushed.",25-10-2021 18:52
2998,585,6,2,Not for me. The writing style felt very dated.,08-08-2024 17:00
5158,455,4,4,Well-written and engaging. A few plot holes but forgivable.,21-08-2024 13:04
5239,2112,2,5,This book changed the way I think. A must-read for everyone.,23-11-2023 14:49
3876,509,2,4,Above average. Would recommend to fans of the genre.,26-02-2023 18:35
3041,1547,4,5,Beautifully written. The author's style is simply stunning.,21-08-2024 16:05
141,216,1,4,Well-written and engaging. A few plot holes but forgivable.,05-10-2024 10:33
2873,2559,1,3,Decent read. Not my favourite but not bad either.,19-09-2022 17:41
5243,30,1,4,"Good book, though the ending felt a little rushed.",03-03-2022 09:57
113,182,69,3,Neither great nor terrible. Passes the time.,22-11-2020 16:35
636,1952,1,4,Well-written and engaging. A few plot holes but forgivable.,11-11-2024 14:37
3908,2109,150,5,Brilliant narrative. The characters feel genuinely real.,13-08-2024 16:18
2195,593,1,4,Enjoyed it quite a bit. Solid writing and interesting ideas.,20-09-2024 10:44
3223,894,2,5,The writing is exceptional and the story gripped me from page one.,31-12-2024 06:02
4166,1520,2,5,This book changed the way I think. A must-read for everyone.,24-02-2024 18:07
1833,1366,1,5,Exceeded all my expectations. Truly extraordinary.,23-08-2024 12:59
3297,1321,1,4,,02-03-2024 21:25
1578,1213,13,4,Above average. Would recommend to fans of the genre.,22-04-2024 19:55
341,1788,6,3,Had potential but did not quite deliver on its promise.,17-11-2024 14:33
1089,1856,14,4,Mostly great. The middle section drags a bit.,25-05-2023 20:31
1993,1367,2,2,The plot felt disjointed and the pacing was off throughout.,31-12-2024 15:57
3316,544,2,3,"Some interesting parts, but overall felt underwhelming.",28-03-2024 07:40
2647,1779,2,4,A very good read overall. Some chapters were slow but worth it.,31-12-2024 10:06
2254,147,2,3,"Some interesting parts, but overall felt underwhelming.",09-03-2023 21:21
1043,497,1,4,,03-11-2023 11:22
1149,323,1,4,Above average. Would recommend to fans of the genre.,15-02-2024 11:48
5340,1542,2,4,Enjoyed it quite a bit. Solid writing and interesting ideas.,20-06-2023 16:45
1439,2229,3,5,The writing is exceptional and the story gripped me from page one.,25-02-2024 15:19
4730,2406,18,3,"Some interesting parts, but overall felt underwhelming.",26-10-2023 20:09
614,683,2,2,Would not recommend. Too slow and the payoff was not worth it.,22-12-2023 18:54
3624,766,3,4,Well-written and engaging. A few plot holes but forgivable.,03-10-2024 10:11
4785,910,31,4,A very good read overall. Some chapters were slow but worth it.,04-02-2024 13:21
3969,153,9,4,"Good book, though the ending felt a little rushed.",15-09-2021 19:41
2350,1856,3,3,"Some interesting parts, but overall felt underwhelming.",06-03-2024 15:45
3594,1569,4,0,"Some interesting parts, but overall felt underwhelming.",10-07-2024 10:58
2437,2057,46,3,"Mixed feelings. Good premise, mediocre execution.",02-07-2020 22:03
4165,1274,27,4,Above average. Would recommend to fans of the genre.,10-08-2022 22:46
2540,245,7,4,,23-11-2024 07:22
4853,781,1,3,Had potential but did not quite deliver on its promise.,11-05-2024 05:50
3360,840,4,3,Decent read. Not my favourite but not bad either.,29-09-2024 07:46
5578,2242,14,5,,06-07-2020 19:41
2777,2453,17,3,"Mixed feelings. Good premise, mediocre execution.",01-11-2024 19:03
495,1037,81,3,Decent read. Not my favourite but not bad either.,20-07-2024 00:11
2903,548,62,3,"Some interesting parts, but overall felt underwhelming.",15-12-2023 09:27
321,1202,1,3,It was okay. The hype around this book is a bit overstated.,02-06-2022 06:52
1003,1907,5,4,Liked it. The first half is stronger than the second.,09-12-2024 18:32
417,1607,25,4,Mostly great. The middle section drags a bit.,08-07-2024 21:07
710,670,6,0,Enjoyed it quite a bit. Solid writing and interesting ideas.,12-11-2024 07:40
4341,1424,2,4,Mostly great. The middle section drags a bit.,04-10-2021 13:51
430,269,1,4,"Good book, though the ending felt a little rushed.",01-12-2024 22:29
5451,14,1,4,Well-written and engaging. A few plot holes but forgivable.,26-08-2023 09:07
3829,424,1,4,Enjoyed it quite a bit. Solid writing and interesting ideas.,21-05-2024 21:06
378,946,1,4,Liked it. The first half is stronger than the second.,17-08-2023 16:24
1979,1844,3,4,Mostly great. The middle section drags a bit.,29-01-2022 16:26
3912,2173,7,3,Had potential but did not quite deliver on its promise.,15-01-2024 13:12
5016,2652,1,4,Well-written and engaging. A few plot holes but forgivable.,29-05-2024 20:51
1117,124,10,3,Neither great nor terrible. Passes the time.,31-12-2023 08:53
1429,3,1,4,"Good book, though the ending felt a little rushed.",11-07-2023 07:10
329,1998,37,4,Well-written and engaging. A few plot holes but forgivable.,23-10-2023 17:47
4011,137,2,4,Mostly great. The middle section drags a bit.,28-11-2024 09:04
4746,376,19,3,,06-11-2024 12:17
1283,2503,7,0,Enjoyed it quite a bit. Solid writing and interesting ideas.,23-07-2024 12:01
2172,1908,11,4,,07-05-2024 20:53
5565,654,7,4,,08-10-2021 09:05
2061,2229,2,3,It was okay. The hype around this book is a bit overstated.,05-02-2022 10:57
2778,640,2,5,One of the best reads I have had in years. Highly recommended.,16-12-2024 21:14
1657,1642,2,6,,01-04-2024 14:38
3940,1932,1,4,,27-05-2021 11:49
3946,396,3,4,A very good read overall. Some chapters were slow but worth it.,05-02-2024 01:28
3310,2178,37,4,,11-12-2023 17:03
4870,2617,4,3,Had potential but did not quite deliver on its promise.,11-07-2024 09:00
2542,429,13,5,Beautifully written. The author's style is simply stunning.,03-05-2024 05:48
4820,1817,1,4,,20-05-2023 21:26
5077,931,6,3,,06-07-2024 19:48
2272,74,1,4,A very good read overall. Some chapters were slow but worth it.,07-05-2020 13:49
631,558,1,3,Average. Had its moments but failed to really engage me.,11-12-2021 18:13
4801,1503,1,3,Neither great nor terrible. Passes the time.,31-12-2024 15:20
2918,337,45,4,Pleasant read. Nothing groundbreaking but definitely enjoyable.,23-05-2024 21:16
2027,362,3,3,"Some interesting parts, but overall felt underwhelming.",20-02-2023 18:42
3195,789,18,2,Disappointed. Expected much more based on the reviews.,16-12-2021 22:00
4822,969,125,3,Had potential but did not quite deliver on its promise.,12-09-2024 18:56
2342,1745,11,3,"Some interesting parts, but overall felt underwhelming.",13-03-2022 18:07
2387,168,3,2,Disappointed. Expected much more based on the reviews.,04-11-2020 20:14
2649,899,1,2,Would not recommend. Too slow and the payoff was not worth it.,30-10-2024 06:38
5282,2444,2,4,A very good read overall. Some chapters were slow but worth it.,10-12-2021 18:39
3775,191,1,4,Liked it. The first half is stronger than the second.,18-05-2020 07:10
1008,2433,2,4,Above average. Would recommend to fans of the genre.,24-06-2023 17:31
1127,580,1,4,Liked it. The first half is stronger than the second.,11-08-2024 19:19
1004,330,1,3,Decent read. Not my favourite but not bad either.,22-06-2024 11:02
1250,162,1,3,"Mixed feelings. Good premise, mediocre execution.",23-05-2021 06:24
2774,1074,1,4,"Good book, though the ending felt a little rushed.",12-11-2024 07:22
2970,280,27,3,Decent read. Not my favourite but not bad either.,10-02-2023 18:58
719,2538,2,5,Absolutely loved this book — couldn't put it down!,10-10-2023 08:10
1950,988,8,1,Terrible. Wasted my money and my time.,03-11-2024 14:14
2161,320,2,4,,16-12-2023 11:23
4839,1664,4,3,It was okay. The hype around this book is a bit overstated.,23-06-2022 16:39
3817,2324,29,4,"Good book, though the ending felt a little rushed.",28-02-2020 11:39
4604,2043,1,4,A very good read overall. Some chapters were slow but worth it.,05-12-2022 09:56
890,1570,8,4,Above average. Would recommend to fans of the genre.,29-06-2020 20:22
3488,1521,81,4,Above average. Would recommend to fans of the genre.,14-08-2024 08:43
4765,1582,1,3,Decent read. Not my favourite but not bad either.,29-10-2024 17:50
1797,1903,1,4,Enjoyed it quite a bit. Solid writing and interesting ideas.,22-07-2024 10:36
1761,1665,1,4,Well-written and engaging. A few plot holes but forgivable.,09-10-2023 08:48
2682,988,1,4,"Good book, though the ending felt a little rushed.",16-10-2024 19:53
2936,328,4,3,"Mixed feelings. Good premise, mediocre execution.",20-10-2024 18:50
1,2631,1,4,A very good read overall. Some chapters were slow but worth it.,06-06-2024 09:38
116,474,3,4,,05-12-2024 09:29
2194,2134,1,3,Had potential but did not quite deliver on its promise.,30-10-2024 21:41
1990,22,1,0,Pleasant read. Nothing groundbreaking but definitely enjoyable.,06-08-2024 09:35
320,1101,1,4,A very good read overall. Some chapters were slow but worth it.,21-11-2024 10:12
891,847,1,3,"Mixed feelings. Good premise, mediocre execution.",07-11-2024 13:21
251,2467,22,3,Decent read. Not my favourite but not bad either.,13-02-2023 11:28
5082,2283,4,2,Overrated. I did not enjoy the characters at all.,27-12-2024 22:18
2232,2322,3,4,Enjoyed it quite a bit. Solid writing and interesting ideas.,17-01-2022 08:57
3235,2647,1,3,"Mixed feelings. Good premise, mediocre execution.",11-06-2022 10:19
2798,2174,24,4,Pleasant read. Nothing groundbreaking but definitely enjoyable.,26-02-2024 15:50
5036,2395,4,2,Not for me. The writing style felt very dated.,04-06-2023 18:34
3792,842,3,4,Well-written and engaging. A few plot holes but forgivable.,11-09-2021 12:10
4897,870,1,4,,21-12-2024 09:13
5528,2124,4,4,Above average. Would recommend to fans of the genre.,29-06-2023 05:53
854,673,12,5,Exceeded all my expectations. Truly extraordinary.,28-11-2022 14:03
5424,1533,2,4,A very good read overall. Some chapters were slow but worth it.,21-02-2020 20:33
5284,178,8,3,"Mixed feelings. Good premise, mediocre execution.",24-04-2020 18:29
831,182,8,3,,30-04-2022 05:09
1214,785,2,4,Well-written and engaging. A few plot holes but forgivable.,17-11-2024 13:49
513,990,1,5,Exceeded all my expectations. Truly extraordinary.,14-02-2023 19:03
3311,1302,11,5,The writing is exceptional and the story gripped me from page one.,12-09-2020 11:25
5434,17,6,2,Not for me. The writing style felt very dated.,28-10-2024 13:37
4025,2563,22,2,The plot felt disjointed and the pacing was off throughout.,17-12-2020 15:56
4637,446,28,3,"Mixed feelings. Good premise, mediocre execution.",08-12-2023 07:24
3088,945,3,3,Had potential but did not quite deliver on its promise.,12-07-2024 18:42
2458,362,4,3,Had potential but did not quite deliver on its promise.,24-06-2022 07:37
4180,2777,1,3,"Some interesting parts, but overall felt underwhelming.",20-03-2024 10:42
1941,2063,1,4,,23-11-2024 08:02
4134,332,2,3,Neither great nor terrible. Passes the time.,15-07-2024 08:34
4666,684,15,4,Enjoyed it quite a bit. Solid writing and interesting ideas.,23-07-2023 08:14
359,346,6,3,"Mixed feelings. Good premise, mediocre execution.",25-08-2024 11:09
371,2361,11,3,"Some interesting parts, but overall felt underwhelming.",11-12-2024 20:40
814,2594,11,4,Enjoyed it quite a bit. Solid writing and interesting ideas.,31-12-2024 19:44
2132,197,10,4,A very good read overall. Some chapters were slow but worth it.,28-07-2024 17:30
1665,603,1,3,"Mixed feelings. Good premise, mediocre execution.",23-06-2024 14:35
1826,1914,1,4,Above average. Would recommend to fans of the genre.,14-04-2020 19:28
1637,1157,1,2,The plot felt disjointed and the pacing was off throughout.,17-05-2024 17:04
4197,1807,3,5,Exceeded all my expectations. Truly extraordinary.,20-08-2023 17:30
658,1321,73,4,"Good book, though the ending felt a little rushed.",07-07-2024 12:18
25,529,1,4,Above average. Would recommend to fans of the genre.,27-11-2024 17:05
5192,845,2,3,Had potential but did not quite deliver on its promise.,05-12-2022 11:06
14,323,4,2,Would not recommend. Too slow and the payoff was not worth it.,01-09-2023 16:34
1131,1496,1,3,Had potential but did not quite deliver on its promise.,26-06-2023 21:24
4020,181,2,5,A masterpiece. Every chapter left me wanting more.,17-09-2024 10:19
5336,1964,13,5,A masterpiece. Every chapter left me wanting more.,31-08-2023 15:11
4092,1889,41,5,Absolutely loved this book — couldn't put it down!,24-08-2021 14:18
3130,755,8,3,"Mixed feelings. Good premise, mediocre execution.",19-12-2023 09:21
4453,1237,36,4,Enjoyed it quite a bit. Solid writing and interesting ideas.,02-06-2022 16:10
4934,2768,2,5,One of the best reads I have had in years. Highly recommended.,28-04-2022 17:04
799,1131,5,3,Had potential but did not quite deliver on its promise.,24-04-2022 12:34
1281,215,1,3,Average. Had its moments but failed to really engage me.,08-10-2022 14:08
763,2159,4,3,,11-06-2024 14:54
1810,2668,11,5,A masterpiece. Every chapter left me wanting more.,22-08-2021 15:20
108,1418,1,4,A very good read overall. Some chapters were slow but worth it.,01-07-2023 12:23
3795,510,1,3,"Mixed feelings. Good premise, mediocre execution.",21-06-2021 12:28
609,1806,3,4,A very good read overall. Some chapters were slow but worth it.,03-05-2024 19:44
4073,1587,1,3,Neither great nor terrible. Passes the time.,03-12-2020 18:51
5585,2693,1,4,,20-08-2021 18:21
5205,2089,1,5,,18-11-2022 12:58
1752,2680,1,3,"Some interesting parts, but overall felt underwhelming.",09-03-2022 07:58
3746,1796,1,4,Enjoyed it quite a bit. Solid writing and interesting ideas.,30-09-2021 22:02
3827,854,3,4,Mostly great. The middle section drags a bit.,17-09-2020 22:02
1529,2073,2,5,Perfect blend of story and insight. Will read again.,04-02-2023 16:45
1773,98,3,3,Decent read. Not my favourite but not bad either.,02-09-2024 18:20
3039,2553,1,-1,Disappointed. Expected much more based on the reviews.,03-09-2024 17:44
4953,1697,1,5,Perfect blend of story and insight. Will read again.,06-07-2021 20:02
3722,1872,8,3,Had potential but did not quite deliver on its promise.,04-12-2023 13:39
3070,1127,24,3,Average. Had its moments but failed to really engage me.,28-10-2024 14:27
1967,1027,1,3,Neither great nor terrible. Passes the time.,03-04-2024 19:04
3383,1207,3,4,Mostly great. The middle section drags a bit.,06-03-2021 19:12
2371,797,81,4,A very good read overall. Some chapters were slow but worth it.,29-04-2022 07:20
3377,2720,13,4,Pleasant read. Nothing groundbreaking but definitely enjoyable.,12-02-2024 16:07
5314,210,1,4,,17-07-2023 17:18
4376,2246,4,5,I finished this in two sittings. Absolutely riveting.,03-12-2024 19:24
1790,1870,46,5,One of the best reads I have had in years. Highly recommended.,04-12-2020 00:23
2913,641,3,2,Overrated. I did not enjoy the characters at all.,18-10-2022 05:45
4076,2310,128,1,Gave up halfway. The writing is unbearable.,11-12-2021 09:08
1348,2378,9,3,,12-05-2023 18:56
440,423,5,5,Absolutely loved this book — couldn't put it down!,10-09-2024 09:56
3927,979,2,3,It was okay. The hype around this book is a bit overstated.,20-02-2022 12:12
4872,619,4,4,Mostly great. The middle section drags a bit.,11-01-2024 09:30
3765,1754,2,5,Perfect blend of story and insight. Will read again.,10-05-2023 14:03
4093,795,4,5,A masterpiece. Every chapter left me wanting more.,13-01-2023 18:48
4697,2394,22,3,It was okay. The hype around this book is a bit overstated.,10-05-2024 13:19
3417,1477,6,4,"Good book, though the ending felt a little rushed.",13-01-2024 14:33
977,949,5,2,Would not recommend. Too slow and the payoff was not worth it.,03-06-2024 18:52
3462,2740,3,5,A masterpiece. Every chapter left me wanting more.,14-07-2024 15:33
4393,1475,2,4,Liked it. The first half is stronger than the second.,27-07-2022 07:46
1632,1205,4,3,It was okay. The hype around this book is a bit overstated.,09-08-2022 17:00
4602,116,12,4,Well-written and engaging. A few plot holes but forgivable.,23-11-2024 12:21
2290,976,17,5,Beautifully written. The author's style is simply stunning.,28-11-2023 03:00
1098,416,2,3,"Some interesting parts, but overall felt underwhelming.",06-07-2023 19:36
2273,953,1,4,Enjoyed it quite a bit. Solid writing and interesting ideas.,18-01-2023 06:14
3386,172,81,4,A very good read overall. Some chapters were slow but worth it.,14-09-2023 22:54
3599,2027,2,4,Liked it. The first half is stronger than the second.,23-12-2022 18:58
3064,1031,4,3,Had potential but did not quite deliver on its promise.,01-09-2021 11:19
2515,693,1,4,,08-05-2024 15:07
3538,2775,6,-1,Struggled to get through it. The story meanders endlessly.,29-11-2021 09:31
1680,663,9,3,Neither great nor terrible. Passes the time.,06-06-2024 18:05
701,2678,30,4,"Good book, though the ending felt a little rushed.",25-09-2022 22:22
5152,2594,5,4,Mostly great. The middle section drags a bit.,20-05-2024 13:37
2858,2390,1,4,Enjoyed it quite a bit. Solid writing and interesting ideas.,02-01-2022 18:56
4984,647,4,2,The plot felt disjointed and the pacing was off throughout.,21-10-2024 22:15
4505,787,30,3,Average. Had its moments but failed to really engage me.,08-03-2020 18:42
1184,1600,28,4,Enjoyed it quite a bit. Solid writing and interesting ideas.,09-01-2023 19:34
527,1154,2,3,Neither great nor terrible. Passes the time.,25-12-2024 14:35
3269,1727,2,7,Average. Had its moments but failed to really engage me.,14-05-2023 09:08
3793,2133,3,5,Absolutely loved this book — couldn't put it down!,23-07-2024 15:27
3712,1662,2,4,Above average. Would recommend to fans of the genre.,11-12-2023 22:05
1966,2746,2,5,Perfect blend of story and insight. Will read again.,09-12-2023 04:45
878,462,1,4,,30-08-2024 14:24
2173,854,10,4,Liked it. The first half is stronger than the second.,09-03-2021 13:50
4678,2635,8,3,Decent read. Not my favourite but not bad either.,17-03-2022 14:15
5342,2487,7,4,"Good book, though the ending felt a little rushed.",06-10-2020 08:25
4599,2378,2,4,Pleasant read. Nothing groundbreaking but definitely enjoyable.,14-10-2024 03:28
4626,201,4,3,"Some interesting parts, but overall felt underwhelming.",28-10-2022 11:34
5211,598,60,3,"Some interesting parts, but overall felt underwhelming.",27-06-2023 16:55
238,2539,34,5,,18-11-2024 13:29
942,1258,1,5,I finished this in two sittings. Absolutely riveting.,11-11-2023 09:59
1828,582,8,2,Would not recommend. Too slow and the payoff was not worth it.,11-11-2023 21:39
124,1902,2,5,A masterpiece. Every chapter left me wanting more.,15-08-2021 12:35
3108,620,4,3,"Mixed feelings. Good premise, mediocre execution.",22-12-2022 08:55
3590,246,3,3,Average. Had its moments but failed to really engage me.,30-03-2022 17:14
3955,2125,1,5,Beautifully written. The author's style is simply stunning.,28-04-2024 09:51
3892,878,2,4,"Good book, though the ending felt a little rushed.",13-12-2024 18:49
278,108,2,3,"Mixed feelings. Good premise, mediocre execution.",22-04-2024 14:22
4534,182,22,4,,07-03-2023 08:40
3907,322,6,4,"Good book, though the ending felt a little rushed.",31-05-2024 18:33
196,995,1,3,Neither great nor terrible. Passes the time.,09-06-2023 09:33
919,2421,5,4,Liked it. The first half is stronger than the second.,13-10-2022 16:20
307,2494,2,4,Well-written and engaging. A few plot holes but forgivable.,08-01-2022 16:22
4825,600,6,4,"Good book, though the ending felt a little rushed.",15-10-2022 20:55
4796,518,9,4,Enjoyed it quite a bit. Solid writing and interesting ideas.,10-01-2024 10:36
2644,2770,5,4,Above average. Would recommend to fans of the genre.,22-03-2021 08:29
478,1500,1,4,"Good book, though the ending felt a little rushed.",16-11-2023 12:24
1922,1292,1,3,Had potential but did not quite deliver on its promise.,17-10-2024 10:56
5122,613,103,3,"Mixed feelings. Good premise, mediocre execution.",16-12-2022 09:29
1357,636,1,5,The writing is exceptional and the story gripped me from page one.,01-09-2022 19:31
37,2649,2,5,The writing is exceptional and the story gripped me from page one.,02-01-2024 20:56
3675,1695,3,2,Struggled to get through it. The story meanders endlessly.,24-09-2023 09:00
2835,446,6,3,Average. Had its moments but failed to really engage me.,21-11-2024 05:11
198,1023,1,2,Not for me. The writing style felt very dated.,14-07-2023 20:37
3514,866,1,4,Pleasant read. Nothing groundbreaking but definitely enjoyable.,27-07-2024 22:57
1825,2458,1,3,Decent read. Not my favourite but not bad either.,31-12-2024 20:56
4751,1655,15,5,One of the best reads I have had in years. Highly recommended.,17-08-2024 14:36
5255,2744,83,5,Exceeded all my expectations. Truly extraordinary.,08-06-2022 09:50
5135,977,1,3,Decent read. Not my favourite but not bad either.,28-11-2024 18:24
1559,190,7,3,Average. Had its moments but failed to really engage me.,10-06-2023 19:53
3137,795,1,5,Exceeded all my expectations. Truly extraordinary.,23-02-2023 12:57
1678,1908,99,4,"Good book, though the ending felt a little rushed.",25-05-2024 12:57
2465,1170,1,5,Beautifully written. The author's style is simply stunning.,14-11-2024 17:00
5467,2522,6,3,Decent read. Not my favourite but not bad either.,20-11-2024 18:28
3472,1783,32,4,,31-12-2024 07:30
5182,959,3,3,"Mixed feelings. Good premise, mediocre execution.",23-09-2023 11:30
1401,931,1,3,It was okay. The hype around this book is a bit overstated.,30-09-2021 12:42
3419,597,3,3,Had potential but did not quite deliver on its promise.,10-08-2024 12:02
1033,2094,4,4,Liked it. The first half is stronger than the second.,17-04-2024 00:04
2042,62,4,4,Liked it. The first half is stronger than the second.,14-07-2023 07:09
3649,2783,3,3,It was okay. The hype around this book is a bit overstated.,31-12-2024 01:18
2408,1232,1,4,Pleasant read. Nothing groundbreaking but definitely enjoyable.,28-02-2023 11:15
3295,325,2,3,Had potential but did not quite deliver on its promise.,10-11-2023 12:48
1926,2148,69,3,"Some interesting parts, but overall felt underwhelming.",16-02-2024 12:04
2271,157,3,4,Pleasant read. Nothing groundbreaking but definitely enjoyable.,13-01-2024 19:14
4431,423,1,5,I finished this in two sittings. Absolutely riveting.,24-06-2024 18:42
3123,2768,1,4,"Good book, though the ending felt a little rushed.",06-04-2022 16:05
1110,415,2,4,Enjoyed it quite a bit. Solid writing and interesting ideas.,03-06-2024 04:14
4381,2576,4,4,A very good read overall. Some chapters were slow but worth it.,04-01-2023 12:54
5332,1502,1,4,A very good read overall. Some chapters were slow but worth it.,20-06-2024 07:04
16,2612,1,4,,22-12-2024 13:56
3992,790,2,3,"Some interesting parts, but overall felt underwhelming.",14-08-2024 11:41
2121,2437,2,3,Neither great nor terrible. Passes the time.,04-12-2022 06:39
1818,2515,4,3,It was okay. The hype around this book is a bit overstated.,18-09-2024 11:56
5075,1331,1,4,Enjoyed it quite a bit. Solid writing and interesting ideas.,27-05-2021 21:53
5588,1696,2,3,Decent read. Not my favourite but not bad either.,04-11-2024 07:51
4593,101,163,4,"Good book, though the ending felt a little rushed.",30-11-2023 21:13
2756,871,1,4,,09-05-2023 07:58
3687,2189,6,3,"Mixed feelings. Good premise, mediocre execution.",13-12-2021 12:40
403,2498,11,3,"Mixed feelings. Good premise, mediocre execution.",17-07-2024 18:07
3690,1140,6,3,"Some interesting parts, but overall felt underwhelming.",03-03-2024 11:02
2145,413,1,4,"Good book, though the ending felt a little rushed.",31-12-2024 12:10
3124,106,1,4,Pleasant read. Nothing groundbreaking but definitely enjoyable.,19-12-2023 17:16
567,2547,6,3,Average. Had its moments but failed to really engage me.,15-08-2022 19:08
4616,4,3,4,Enjoyed it quite a bit. Solid writing and interesting ideas.,29-09-2020 10:47
4866,273,5,4,A very good read overall. Some chapters were slow but worth it.,20-03-2024 17:25
1564,754,1,5,Brilliant narrative. The characters feel genuinely real.,17-11-2022 10:44
4916,145,5,2,Not for me. The writing style felt very dated.,15-02-2024 21:07
5180,2662,1,4,Well-written and engaging. A few plot holes but forgivable.,13-04-2022 06:32
2978,1370,1,4,Above average. Would recommend to fans of the genre.,04-05-2024 10:57
5261,2107,5,4,,23-07-2021 17:54
1567,1606,1,2,Overrated. I did not enjoy the characters at all.,07-01-2023 22:44
3525,2177,20,3,It was okay. The hype around this book is a bit overstated.,03-03-2024 18:45
1580,1151,3,3,Average. Had its moments but failed to really engage me.,11-03-2021 12:51
3595,2121,13,3,Decent read. Not my favourite but not bad either.,07-03-2024 17:48
3357,1457,5,3,It was okay. The hype around this book is a bit overstated.,17-11-2024 23:27
3784,238,2,5,,27-07-2024 09:23
3758,377,16,4,Mostly great. The middle section drags a bit.,15-12-2023 15:54
1912,346,4,2,,28-02-2024 08:10
1041,2383,1,4,Above average. Would recommend to fans of the genre.,16-12-2021 18:32
266,1128,2,4,Above average. Would recommend to fans of the genre.,10-12-2022 09:23
4987,1261,4,2,Struggled to get through it. The story meanders endlessly.,02-12-2022 15:02
5291,652,7,5,One of the best reads I have had in years. Highly recommended.,06-03-2023 22:42
2617,977,3,4,A very good read overall. Some chapters were slow but worth it.,22-03-2023 21:29
3055,884,1,3,Average. Had its moments but failed to really engage me.,31-12-2024 13:01
2304,606,2,4,Enjoyed it quite a bit. Solid writing and interesting ideas.,08-02-2024 21:03
1778,2314,3,5,,05-01-2022 17:21
5132,1817,4,6,Decent read. Not my favourite but not bad either.,04-06-2021 17:49
3883,656,12,5,The writing is exceptional and the story gripped me from page one.,16-03-2024 14:35
3186,1215,1,2,Struggled to get through it. The story meanders endlessly.,11-10-2022 22:55
3724,1008,9,3,Neither great nor terrible. Passes the time.,28-03-2021 10:05
5586,478,6,2,Disappointed. Expected much more based on the reviews.,01-04-2024 18:22
1435,2254,1,5,A masterpiece. Every chapter left me wanting more.,02-06-2023 21:53
588,1382,1,5,Exceeded all my expectations. Truly extraordinary.,31-05-2024 18:28
4929,2185,3,5,Absolutely loved this book — couldn't put it down!,17-05-2023 20:37
4462,1466,2,4,Liked it. The first half is stronger than the second.,14-02-2023 18:17
5117,2541,3,4,"Good book, though the ending felt a little rushed.",26-06-2023 13:19
2489,538,1,4,A very good read overall. Some chapters were slow but worth it.,21-12-2022 19:11
946,2576,12,4,Well-written and engaging. A few plot holes but forgivable.,31-12-2024 08:23
997,1120,1,4,Well-written and engaging. A few plot holes but forgivable.,13-10-2024 11:35
2941,190,13,5,Absolutely loved this book — couldn't put it down!,18-03-2021 17:15
2696,2733,77,2,Disappointed. Expected much more based on the reviews.,19-08-2024 07:27
246,1128,1,5,Absolutely loved this book — couldn't put it down!,29-04-2023 19:03
405,181,7,3,Had potential but did not quite deliver on its promise.,13-09-2023 07:23
5497,1448,2,4,Mostly great. The middle section drags a bit.,25-10-2022 21:07
961,1499,3,5,A masterpiece. Every chapter left me wanting more.,05-02-2024 20:53
1711,1979,12,3,Neither great nor terrible. Passes the time.,29-07-2023 20:22
2944,1807,1,3,"Some interesting parts, but overall felt underwhelming.",30-10-2023 13:43
2848,1650,1,4,Mostly great. The middle section drags a bit.,30-10-2022 02:00
1555,122,1,3,Decent read. Not my favourite but not bad either.,20-08-2022 19:22
3725,2401,3,4,Mostly great. The middle section drags a bit.,31-12-2024 21:35
798,2121,12,5,This book changed the way I think. A must-read for everyone.,24-05-2024 09:45
4802,2263,1,3,Had potential but did not quite deliver on its promise.,28-02-2021 16:59
5166,359,3,5,,09-09-2022 19:55
3873,39,2,4,Well-written and engaging. A few plot holes but forgivable.,17-02-2021 07:07
4855,301,9,3,Average. Had its moments but failed to really engage me.,02-07-2024 19:48
2098,1134,7,4,Mostly great. The middle section drags a bit.,27-06-2021 18:16
4969,731,6,3,Neither great nor terrible. Passes the time.,27-10-2022 13:15
2771,1492,9,3,Decent read. Not my favourite but not bad either.,04-02-2024 21:09
1351,592,13,3,"Mixed feelings. Good premise, mediocre execution.",03-03-2023 11:50
82,2297,1,4,Above average. Would recommend to fans of the genre.,20-04-2024 13:10
1072,244,2,5,Brilliant narrative. The characters feel genuinely real.,09-12-2023 17:50
75,1363,5,2,Disappointed. Expected much more based on the reviews.,26-06-2024 14:38
4066,472,172,4,A very good read overall. Some chapters were slow but worth it.,05-07-2023 07:27
560,861,5,5,Absolutely loved this book — couldn't put it down!,05-08-2020 22:49
191,2708,41,4,Well-written and engaging. A few plot holes but forgivable.,13-07-2022 11:43
1247,2718,7,4,Mostly great. The middle section drags a bit.,31-12-2023 14:30
2689,2246,1,3,"Some interesting parts, but overall felt underwhelming.",28-12-2024 10:33
2549,1753,6,3,"Some interesting parts, but overall felt underwhelming.",04-03-2022 12:00
2313,2157,19,2,Would not recommend. Too slow and the payoff was not worth it.,13-10-2020 05:22
5288,2177,4,3,,29-10-2024 11:26
5298,204,1,5,,15-01-2024 19:30
3713,2303,1,4,Above average. Would recommend to fans of the genre.,31-08-2024 09:40
584,1104,3,4,"Good book, though the ending felt a little rushed.",26-02-2024 09:22
779,1764,4,3,,25-04-2023 17:02
5123,2363,1,3,Neither great nor terrible. Passes the time.,07-12-2022 12:43
5066,488,1,3,Had potential but did not quite deliver on its promise.,09-11-2023 09:03
4317,1149,2,5,Exceeded all my expectations. Truly extraordinary.,16-10-2022 15:20
2447,2439,2,4,,25-06-2023 19:43
3781,1153,6,3,"Mixed feelings. Good premise, mediocre execution.",12-12-2023 18:39
2219,482,1,4,"Good book, though the ending felt a little rushed.",13-06-2024 08:08
4498,1256,1,4,Pleasant read. Nothing groundbreaking but definitely enjoyable.,10-12-2024 11:11
433,1545,2,4,A very good read overall. Some chapters were slow but worth it.,01-09-2023 21:21
3030,2126,1,4,A very good read overall. Some chapters were slow but worth it.,13-11-2024 15:42
2492,163,3,4,Above average. Would recommend to fans of the genre.,08-12-2022 19:03
5490,2781,10,4,,06-01-2024 08:04
15,642,32,2,The plot felt disjointed and the pacing was off throughout.,31-12-2024 19:03
3341,2008,1,4,"Good book, though the ending felt a little rushed.",30-07-2024 18:43
1776,2796,1,4,Well-written and engaging. A few plot holes but forgivable.,02-09-2022 21:32
1101,1327,1,3,Had potential but did not quite deliver on its promise.,14-02-2022 19:27
5540,2067,24,3,Average. Had its moments but failed to really engage me.,06-04-2023 05:48
5252,1133,3,4,Above average. Would recommend to fans of the genre.,16-10-2023 06:01
1276,400,8,3,Had potential but did not quite deliver on its promise.,23-11-2024 07:31
397,778,32,3,,11-08-2023 21:29
410,532,1,4,Well-written and engaging. A few plot holes but forgivable.,31-12-2024 20:01
4397,1667,1,3,Neither great nor terrible. Passes the time.,30-09-2022 18:17
1312,1038,10,7,Perfect blend of story and insight. Will read again.,19-12-2021 08:57
3936,2494,1,4,"Good book, though the ending felt a little rushed.",19-01-2024 17:31
2069,832,1,-1,A very good read overall. Some chapters were slow but worth it.,09-07-2023 19:21
4773,1405,1,3,Average. Had its moments but failed to really engage me.,05-08-2023 15:57
3811,125,2,4,Liked it. The first half is stronger than the second.,08-05-2023 09:11
1091,109,3,5,The writing is exceptional and the story gripped me from page one.,27-05-2023 17:20
4395,389,13,2,Disappointed. Expected much more based on the reviews.,13-12-2020 21:37
3542,65,34,4,Above average. Would recommend to fans of the genre.,11-05-2024 19:09
3285,2245,2,4,Above average. Would recommend to fans of the genre.,11-08-2023 22:57
3241,1391,2,4,Enjoyed it quite a bit. Solid writing and interesting ideas.,11-09-2023 19:02
32,2279,16,2,The plot felt disjointed and the pacing was off throughout.,09-12-2024 14:45
3623,1949,8,3,"Some interesting parts, but overall felt underwhelming.",15-12-2023 23:29
2694,2647,3,5,Absolutely loved this book — couldn't put it down!,17-10-2024 13:26
5518,2345,2,5,The writing is exceptional and the story gripped me from page one.,28-02-2024 21:26
3425,990,13,3,Neither great nor terrible. Passes the time.,19-09-2020 07:01
148,185,1,5,The writing is exceptional and the story gripped me from page one.,31-12-2024 12:11
2491,1321,2,4,Enjoyed it quite a bit. Solid writing and interesting ideas.,24-12-2024 15:31
4463,1904,1,4,A very good read overall. Some chapters were slow but worth it.,10-10-2021 12:59
4532,1222,1,4,Above average. Would recommend to fans of the genre.,23-02-2023 13:33
4151,1620,1,3,Decent read. Not my favourite but not bad either.,04-05-2023 12:02
2640,1121,1,5,,11-11-2022 15:06
1416,1361,57,5,I finished this in two sittings. Absolutely riveting.,11-12-2024 12:57
2266,2178,4,4,Pleasant read. Nothing groundbreaking but definitely enjoyable.,28-09-2023 08:10
3868,149,5,3,"Some interesting parts, but overall felt underwhelming.",07-11-2023 21:26
3436,1405,3,3,Decent read. Not my favourite but not bad either.,17-02-2023 05:00
1204,2680,2,3,Decent read. Not my favourite but not bad either.,10-11-2023 08:00
4131,1514,110,4,Liked it. The first half is stronger than the second.,04-08-2021 15:49
5617,956,14,4,Well-written and engaging. A few plot holes but forgivable.,24-11-2023 14:15
3607,1824,1,2,Struggled to get through it. The story meanders endlessly.,26-10-2024 07:19
4106,2189,17,4,Mostly great. The middle section drags a bit.,09-06-2021 08:58
2116,1426,5,4,Pleasant read. Nothing groundbreaking but definitely enjoyable.,11-02-2024 20:42
1388,1308,8,3,Neither great nor terrible. Passes the time.,14-04-2023 08:55
166,2528,2,3,Average. Had its moments but failed to really engage me.,08-10-2023 12:32
2117,2786,1,3,Decent read. Not my favourite but not bad either.,01-09-2024 16:42
2258,325,1,4,"Good book, though the ending felt a little rushed.",09-12-2023 09:51
4803,402,1,3,"Some interesting parts, but overall felt underwhelming.",29-07-2023 13:47
4275,2551,5,3,"Mixed feelings. Good premise, mediocre execution.",31-12-2024 14:27
1263,377,18,2,Would not recommend. Too slow and the payoff was not worth it.,19-05-2022 10:18
1083,1085,4,3,Neither great nor terrible. Passes the time.,20-12-2024 14:28
5047,2684,19,4,Pleasant read. Nothing groundbreaking but definitely enjoyable.,05-04-2022 14:42
3963,2782,5,2,Struggled to get through it. The story meanders endlessly.,27-05-2023 21:10
4597,2616,1,4,Liked it. The first half is stronger than the second.,04-10-2023 08:41
2883,2350,2,4,,21-04-2024 17:27
1590,642,1,4,Pleasant read. Nothing groundbreaking but definitely enjoyable.,14-08-2024 17:17
533,1104,8,3,It was okay. The hype around this book is a bit overstated.,29-12-2023 12:17
5572,1425,8,3,Average. Had its moments but failed to really engage me.,13-06-2021 20:23
2668,315,16,3,"Some interesting parts, but overall felt underwhelming.",22-08-2024 17:20
3006,2749,1,5,Perfect blend of story and insight. Will read again.,06-01-2023 18:58
5040,325,3,3,It was okay. The hype around this book is a bit overstated.,08-02-2023 12:07
5159,377,8,4,,31-08-2023 16:36
3948,977,11,5,Beautifully written. The author's style is simply stunning.,04-04-2023 12:31
4140,2637,1,3,Average. Had its moments but failed to really engage me.,24-07-2022 20:32
3535,1608,1,5,Perfect blend of story and insight. Will read again.,08-09-2024 09:55
5263,1020,24,4,Enjoyed it quite a bit. Solid writing and interesting ideas.,30-05-2022 18:46
2409,2746,13,3,"Mixed feelings. Good premise, mediocre execution.",07-12-2022 11:32
1464,559,3,2,Disappointed. Expected much more based on the reviews.,06-01-2024 16:04
415,2053,82,3,It was okay. The hype around this book is a bit overstated.,14-10-2022 16:22
850,1046,87,4,"Good book, though the ending felt a little rushed.",09-09-2021 19:14
606,2368,3,3,Neither great nor terrible. Passes the time.,12-12-2024 06:32
4273,1133,7,3,It was okay. The hype around this book is a bit overstated.,27-03-2021 20:44
3970,1453,18,2,Overrated. I did not enjoy the characters at all.,26-11-2023 16:11
1968,1137,1,4,,06-10-2024 20:46
912,639,11,3,Average. Had its moments but failed to really engage me.,31-12-2022 18:34
832,932,2,3,Neither great nor terrible. Passes the time.,18-03-2022 11:21
4640,1830,2,4,Mostly great. The middle section drags a bit.,11-10-2024 00:26
138,1180,2,3,It was okay. The hype around this book is a bit overstated.,22-07-2024 12:43
1222,2544,1,3,"Mixed feelings. Good premise, mediocre execution.",14-10-2024 18:39
1569,2720,26,4,Above average. Would recommend to fans of the genre.,13-04-2023 11:29
4051,1803,14,5,Brilliant narrative. The characters feel genuinely real.,09-11-2024 17:10
1282,825,2,5,A masterpiece. Every chapter left me wanting more.,20-09-2024 07:39
269,1688,2,4,Above average. Would recommend to fans of the genre.,22-10-2022 12:45
2979,282,1,2,Struggled to get through it. The story meanders endlessly.,19-11-2020 18:40
3636,2709,4,4,Well-written and engaging. A few plot holes but forgivable.,21-09-2024 13:08
3972,2267,9,4,,08-06-2024 07:44
2154,1389,4,2,Overrated. I did not enjoy the characters at all.,21-11-2021 11:57
3638,1166,2,3,"Mixed feelings. Good premise, mediocre execution.",13-09-2021 11:52
864,172,12,4,,31-12-2024 13:58
1112,225,1,3,"Mixed feelings. Good premise, mediocre execution.",24-12-2023 08:09
2081,1218,1,3,Decent read. Not my favourite but not bad either.,11-11-2024 08:16
1789,1191,5,3,It was okay. The hype around this book is a bit overstated.,25-12-2022 15:34
4795,29,6,2,The plot felt disjointed and the pacing was off throughout.,05-09-2022 08:32
474,2688,3,4,A very good read overall. Some chapters were slow but worth it.,17-02-2024 15:22
2769,1041,14,4,Enjoyed it quite a bit. Solid writing and interesting ideas.,14-04-2022 08:03
3558,1006,2,4,Above average. Would recommend to fans of the genre.,18-08-2024 12:32
1108,2361,2,4,"Good book, though the ending felt a little rushed.",23-12-2024 18:13
2022,317,28,3,"Mixed feelings. Good premise, mediocre execution.",27-12-2023 13:54
2750,1435,13,4,,13-10-2024 16:22
3797,1287,2,4,Above average. Would recommend to fans of the genre.,08-01-2024 08:08
3121,718,2,3,It was okay. The hype around this book is a bit overstated.,24-12-2023 07:19
4492,2066,10,2,The plot felt disjointed and the pacing was off throughout.,02-09-2022 07:26
5307,1486,1,5,Exceeded all my expectations. Truly extraordinary.,17-05-2024 07:25
3052,1822,12,4,Liked it. The first half is stronger than the second.,04-11-2024 19:00
4731,1196,21,4,"Good book, though the ending felt a little rushed.",26-09-2024 07:52
3181,410,2,4,Enjoyed it quite a bit. Solid writing and interesting ideas.,13-09-2023 13:02
299,2539,13,3,"Some interesting parts, but overall felt underwhelming.",25-12-2024 10:20
2053,1106,3,3,It was okay. The hype around this book is a bit overstated.,21-10-2022 21:24
647,1655,1,4,A very good read overall. Some chapters were slow but worth it.,09-12-2024 19:43
528,2003,2,4,A very good read overall. Some chapters were slow but worth it.,27-07-2023 14:44
112,1520,1,4,Liked it. The first half is stronger than the second.,12-05-2023 20:09
760,1478,1,4,Pleasant read. Nothing groundbreaking but definitely enjoyable.,22-05-2022 20:10
3923,2210,6,4,"Good book, though the ending felt a little rushed.",04-12-2024 18:38
4203,301,1,4,Above average. Would recommend to fans of the genre.,23-06-2022 04:13
4111,600,62,3,Decent read. Not my favourite but not bad either.,23-02-2022 15:25
2986,1968,1,5,Beautifully written. The author's style is simply stunning.,12-07-2022 09:36
344,1807,2,5,Beautifully written. The author's style is simply stunning.,20-04-2024 11:45
3085,1971,2,4,Well-written and engaging. A few plot holes but forgivable.,28-03-2024 12:29
335,1519,1,5,The writing is exceptional and the story gripped me from page one.,12-06-2023 18:02
1834,875,1,3,It was okay. The hype around this book is a bit overstated.,06-10-2022 22:18
539,856,16,4,Pleasant read. Nothing groundbreaking but definitely enjoyable.,28-02-2023 14:52
2805,538,3,2,The plot felt disjointed and the pacing was off throughout.,23-10-2023 14:45
3381,519,7,5,The writing is exceptional and the story gripped me from page one.,06-06-2023 21:27
3430,1546,1,5,Brilliant narrative. The characters feel genuinely real.,01-01-2024 12:12
254,1792,96,3,"Mixed feelings. Good premise, mediocre execution.",13-08-2024 18:39
4486,1130,6,4,Enjoyed it quite a bit. Solid writing and interesting ideas.,24-02-2023 13:10
72,2225,4,4,Enjoyed it quite a bit. Solid writing and interesting ideas.,08-12-2024 13:26
3420,2578,1,4,Liked it. The first half is stronger than the second.,09-03-2024 20:34
1061,1410,1,3,"Some interesting parts, but overall felt underwhelming.",28-09-2020 09:44
5462,2444,4,3,"Mixed feelings. Good premise, mediocre execution.",05-10-2023 20:40
2365,329,1,3,Neither great nor terrible. Passes the time.,29-11-2024 15:04
1364,1652,1,5,Perfect blend of story and insight. Will read again.,16-05-2020 12:15
2940,1979,1,4,Mostly great. The middle section drags a bit.,16-03-2023 18:33
4044,938,2,5,,22-03-2023 16:25
3802,2022,1,4,Above average. Would recommend to fans of the genre.,02-02-2024 12:13
4677,2012,11,4,A very good read overall. Some chapters were slow but worth it.,28-05-2023 19:38
4189,1916,5,3,Neither great nor terrible. Passes the time.,02-09-2023 21:05
3343,2205,1,3,Average. Had its moments but failed to really engage me.,04-11-2021 10:08
492,1857,1,4,"Good book, though the ending felt a little rushed.",31-12-2024 19:05
5315,2700,2,4,"Good book, though the ending felt a little rushed.",01-09-2022 08:19
3527,1281,2,3,"Mixed feelings. Good premise, mediocre execution.",21-08-2020 09:09
479,1700,23,4,Above average. Would recommend to fans of the genre.,01-02-2020 19:21
1923,1155,4,3,"Mixed feelings. Good premise, mediocre execution.",12-12-2024 07:48
4314,1782,2,3,"Some interesting parts, but overall felt underwhelming.",11-05-2024 09:52
4098,939,1,3,Had potential but did not quite deliver on its promise.,13-06-2024 11:01
530,1392,3,3,Had potential but did not quite deliver on its promise.,21-04-2023 20:27
3208,1193,62,4,"Good book, though the ending felt a little rushed.",31-12-2024 01:22
1795,2093,2,4,Liked it. The first half is stronger than the second.,13-09-2023 10:20
3796,1223,1,5,Perfect blend of story and insight. Will read again.,03-04-2020 11:45
4580,2146,4,2,Would not recommend. Too slow and the payoff was not worth it.,02-10-2020 15:12
4942,942,3,4,Above average. Would recommend to fans of the genre.,10-11-2021 15:27
1010,782,1,3,Had potential but did not quite deliver on its promise.,05-05-2024 11:07
175,1691,2,4,Liked it. The first half is stronger than the second.,03-07-2023 19:24
1978,1402,7,5,One of the best reads I have had in years. Highly recommended.,16-12-2020 10:55
1359,1973,9,5,One of the best reads I have had in years. Highly recommended.,28-02-2023 06:51
2950,691,1,4,Enjoyed it quite a bit. Solid writing and interesting ideas.,18-04-2023 06:42
4928,640,1,3,Decent read. Not my favourite but not bad either.,01-01-2024 20:04
3338,2400,1,3,Average. Had its moments but failed to really engage me.,06-01-2024 11:58
2066,151,2,4,Pleasant read. Nothing groundbreaking but definitely enjoyable.,22-09-2022 17:25
2609,2760,2,3,It was okay. The hype around this book is a bit overstated.,29-11-2024 07:32
189,1251,4,5,,12-06-2022 07:06
1639,1791,1,3,"Mixed feelings. Good premise, mediocre execution.",07-10-2024 19:54
1230,1923,26,3,Average. Had its moments but failed to really engage me.,18-11-2022 19:25
4663,1641,2,5,One of the best reads I have had in years. Highly recommended.,30-05-2024 16:02
1692,2148,1,3,"Some interesting parts, but overall felt underwhelming.",11-04-2024 19:20
3779,1971,1,4,Above average. Would recommend to fans of the genre.,15-04-2024 12:00
3414,2670,1,4,"Good book, though the ending felt a little rushed.",31-01-2024 18:44
1333,348,1,4,Pleasant read. Nothing groundbreaking but definitely enjoyable.,27-08-2024 06:12
5416,483,6,5,One of the best reads I have had in years. Highly recommended.,18-09-2024 18:30
914,877,1,3,"Some interesting parts, but overall felt underwhelming.",08-09-2024 08:32
2136,1790,5,4,"Good book, though the ending felt a little rushed.",17-04-2022 20:24
1518,374,1,4,Enjoyed it quite a bit. Solid writing and interesting ideas.,31-12-2024 19:35
605,2207,14,4,"Good book, though the ending felt a little rushed.",10-11-2024 10:43
4562,1698,6,4,Well-written and engaging. A few plot holes but forgivable.,27-09-2024 02:22
5328,1701,4,4,Mostly great. The middle section drags a bit.,26-07-2024 07:31
2525,2009,2,4,Pleasant read. Nothing groundbreaking but definitely enjoyable.,24-02-2024 19:49
944,402,3,2,Overrated. I did not enjoy the characters at all.,09-11-2021 14:44
792,2048,1,5,Exceeded all my expectations. Truly extraordinary.,24-11-2023 08:43
3520,1414,1,4,Well-written and engaging. A few plot holes but forgivable.,09-08-2024 16:42
2975,1316,5,3,Decent read. Not my favourite but not bad either.,05-12-2023 09:17
2192,2342,2,4,Above average. Would recommend to fans of the genre.,31-07-2023 12:21
1862,2086,1,3,Decent read. Not my favourite but not bad either.,29-01-2021 09:29
4476,842,1,4,,16-08-2022 18:22
5343,2608,28,3,Had potential but did not quite deliver on its promise.,30-01-2023 09:47
5413,1441,16,5,Brilliant narrative. The characters feel genuinely real.,22-04-2024 11:44
2693,322,4,4,Liked it. The first half is stronger than the second.,19-11-2024 14:38
3717,389,12,5,Absolutely loved this book — couldn't put it down!,13-10-2022 21:55
3216,1658,5,3,"Mixed feelings. Good premise, mediocre execution.",08-09-2023 00:17
2018,1082,5,4,Mostly great. The middle section drags a bit.,12-04-2024 18:07
1321,2776,4,2,Disappointed. Expected much more based on the reviews.,10-01-2024 15:51
4683,131,1,3,"Some interesting parts, but overall felt underwhelming.",07-02-2022 16:41
2615,2478,1,3,It was okay. The hype around this book is a bit overstated.,03-10-2023 16:17
4748,348,8,5,A masterpiece. Every chapter left me wanting more.,23-02-2023 10:09
4251,1026,19,3,Average. Had its moments but failed to really engage me.,03-05-2024 02:46
5045,2066,2,3,,11-11-2022 20:47
2028,1783,11,4,Liked it. The first half is stronger than the second.,19-09-2024 20:59
3960,2722,77,4,Pleasant read. Nothing groundbreaking but definitely enjoyable.,30-10-2024 20:27
4388,1138,1,4,Above average. Would recommend to fans of the genre.,11-10-2021 09:39
4824,1508,1,3,Had potential but did not quite deliver on its promise.,30-11-2024 09:48
424,554,2,3,"Mixed feelings. Good premise, mediocre execution.",12-10-2023 09:36
1741,1832,1,5,Exceeded all my expectations. Truly extraordinary.,23-10-2024 16:49
3127,1600,2,5,I finished this in two sittings. Absolutely riveting.,03-10-2023 19:57
633,623,1,4,Pleasant read. Nothing groundbreaking but definitely enjoyable.,17-08-2023 06:25
1036,1613,2,5,Brilliant narrative. The characters feel genuinely real.,01-04-2021 14:26
1721,1300,3,4,Pleasant read. Nothing groundbreaking but definitely enjoyable.,03-04-2024 17:04
1328,422,13,4,Well-written and engaging. A few plot holes but forgivable.,11-09-2024 19:41
537,2206,9,2,Overrated. I did not enjoy the characters at all.,11-07-2022 14:12
1444,296,1,3,,23-07-2023 11:32
4894,1521,3,4,Well-written and engaging. A few plot holes but forgivable.,12-12-2024 20:16
4901,859,3,4,Mostly great. The middle section drags a bit.,06-01-2023 23:38
2730,2341,1,4,,13-04-2022 06:32
1613,953,2,4,Pleasant read. Nothing groundbreaking but definitely enjoyable.,08-07-2023 10:14
2209,1268,3,3,Neither great nor terrible. Passes the time.,18-07-2022 15:58
1341,1093,79,2,The plot felt disjointed and the pacing was off throughout.,04-07-2024 09:46
2958,1205,1,5,This book changed the way I think. A must-read for everyone.,04-04-2022 06:31
2824,2276,2,4,Pleasant read. Nothing groundbreaking but definitely enjoyable.,24-02-2023 06:37
4658,608,22,4,A very good read overall. Some chapters were slow but worth it.,18-05-2024 21:58
2308,1948,1,5,Perfect blend of story and insight. Will read again.,01-05-2024 17:07
5580,2749,2,4,Enjoyed it quite a bit. Solid writing and interesting ideas.,23-01-2024 06:04
4225,2632,6,1,Terrible. Wasted my money and my time.,17-11-2021 11:29
400,702,2,4,Liked it. The first half is stronger than the second.,19-12-2023 09:32
4954,212,22,3,Had potential but did not quite deliver on its promise.,14-12-2023 12:52
2592,365,16,2,,29-09-2023 21:52
5220,1920,2,4,Enjoyed it quite a bit. Solid writing and interesting ideas.,11-06-2023 17:39
5168,2261,3,3,"Mixed feelings. Good premise, mediocre execution.",27-07-2024 19:35
1005,1102,4,3,"Mixed feelings. Good premise, mediocre execution.",28-10-2024 17:03
2216,1656,2,3,,04-07-2024 18:23
1801,2635,7,4,Well-written and engaging. A few plot holes but forgivable.,25-08-2021 06:08
2603,1985,1,4,Above average. Would recommend to fans of the genre.,06-12-2021 13:52
3456,2794,1,-1,A very good read overall. Some chapters were slow but worth it.,08-04-2024 21:45
5471,2263,47,3,Decent read. Not my favourite but not bad either.,30-04-2020 20:36
2463,1733,1,4,Pleasant read. Nothing groundbreaking but definitely enjoyable.,04-07-2024 17:49
2282,383,10,3,"Some interesting parts, but overall felt underwhelming.",11-02-2023 20:53
1878,11,24,3,"Mixed feelings. Good premise, mediocre execution.",15-03-2022 15:34
4058,2635,3,3,Neither great nor terrible. Passes the time.,09-11-2022 18:03
5412,219,7,3,"Some interesting parts, but overall felt underwhelming.",24-09-2024 17:22
4293,2607,1,5,The writing is exceptional and the story gripped me from page one.,19-08-2024 09:16
3161,2525,2,4,Enjoyed it quite a bit. Solid writing and interesting ideas.,03-09-2024 16:00
5352,1892,104,3,Had potential but did not quite deliver on its promise.,13-12-2023 22:19
1299,2659,4,2,Would not recommend. Too slow and the payoff was not worth it.,29-11-2022 19:12
5356,439,15,3,,25-05-2023 07:41
5214,782,2,5,Absolutely loved this book — couldn't put it down!,27-05-2024 19:50
4728,163,14,4,Well-written and engaging. A few plot holes but forgivable.,26-06-2023 16:06
4437,1831,14,3,Decent read. Not my favourite but not bad either.,02-11-2023 07:13
3160,640,8,4,Liked it. The first half is stronger than the second.,23-02-2024 16:41
3501,308,59,5,Beautifully written. The author's style is simply stunning.,14-10-2024 11:36
5415,2616,13,5,Brilliant narrative. The characters feel genuinely real.,01-05-2022 14:17
2097,1558,2,3,Decent read. Not my favourite but not bad either.,25-02-2024 08:11
3145,1267,2,3,It was okay. The hype around this book is a bit overstated.,12-12-2024 08:13
1426,633,1,5,Perfect blend of story and insight. Will read again.,10-06-2023 15:29
4938,2695,1,5,This book changed the way I think. A must-read for everyone.,03-02-2022 20:40
778,741,1,5,Exceeded all my expectations. Truly extraordinary.,27-05-2024 22:42
4633,2090,123,3,"Some interesting parts, but overall felt underwhelming.",29-12-2021 08:25
3191,1011,10,3,,30-01-2024 12:14
1448,2759,1,4,,17-05-2021 19:19
4156,1903,5,3,"Mixed feelings. Good premise, mediocre execution.",07-12-2024 15:46
1210,2672,23,5,This book changed the way I think. A must-read for everyone.,23-04-2022 21:43
2423,1436,1,3,"Some interesting parts, but overall felt underwhelming.",31-12-2024 17:45
3777,1642,1,4,Liked it. The first half is stronger than the second.,09-12-2022 12:56
280,2460,13,3,Average. Had its moments but failed to really engage me.,21-11-2024 09:48
2581,143,1,4,Liked it. The first half is stronger than the second.,18-11-2024 07:16
3400,1831,2,5,Perfect blend of story and insight. Will read again.,28-12-2024 09:35
2356,1703,2,3,"Mixed feelings. Good premise, mediocre execution.",11-12-2024 18:46
888,1908,1,5,One of the best reads I have had in years. Highly recommended.,28-01-2023 22:07
851,1316,2,4,A very good read overall. Some chapters were slow but worth it.,16-09-2024 10:00
2277,1297,12,3,Neither great nor terrible. Passes the time.,17-04-2023 10:38
5228,692,37,4,,20-07-2022 13:54
1118,2207,3,2,Not for me. The writing style felt very dated.,29-12-2024 20:13
3603,1120,3,4,Enjoyed it quite a bit. Solid writing and interesting ideas.,28-09-2020 07:26
2711,2162,1,4,"Good book, though the ending felt a little rushed.",26-09-2023 17:57
2972,1887,1,2,Struggled to get through it. The story meanders endlessly.,12-07-2024 20:19
2296,753,1,3,Decent read. Not my favourite but not bad either.,17-02-2024 10:41
2938,2085,1,3,Had potential but did not quite deliver on its promise.,21-07-2023 22:23
253,2775,4,3,Neither great nor terrible. Passes the time.,16-12-2021 15:51
4292,1028,5,1,One of the worst books I have read. No coherent plot.,15-06-2020 07:08
4863,1943,7,5,Perfect blend of story and insight. Will read again.,22-03-2022 20:18
2070,1729,1,5,,16-07-2023 09:29
4898,698,50,5,,21-09-2024 09:04
2152,1504,4,3,Had potential but did not quite deliver on its promise.,15-10-2024 03:43
1877,902,3,4,Above average. Would recommend to fans of the genre.,27-09-2022 18:46
5478,2059,3,2,Would not recommend. Too slow and the payoff was not worth it.,02-10-2021 19:15
4543,2722,5,4,Liked it. The first half is stronger than the second.,24-04-2024 15:05
1875,514,1,3,"Mixed feelings. Good premise, mediocre execution.",16-09-2024 08:27
3780,1748,14,5,Absolutely loved this book — couldn't put it down!,28-12-2023 00:51
4115,91,3,3,Average. Had its moments but failed to really engage me.,28-07-2022 07:50
765,295,18,2,Not for me. The writing style felt very dated.,15-09-2023 12:30
3446,2392,1,3,Average. Had its moments but failed to really engage me.,09-12-2024 19:27
5571,2012,12,5,Absolutely loved this book — couldn't put it down!,12-04-2022 09:34
4162,2018,3,4,Pleasant read. Nothing groundbreaking but definitely enjoyable.,29-07-2024 13:11
4833,245,1,3,Neither great nor terrible. Passes the time.,12-04-2024 09:15
1229,2635,4,2,Disappointed. Expected much more based on the reviews.,17-10-2022 14:47
1570,55,2,3,Average. Had its moments but failed to really engage me.,16-01-2024 18:26
1572,1935,1,3,"Some interesting parts, but overall felt underwhelming.",16-11-2022 19:56
1586,565,1,4,Pleasant read. Nothing groundbreaking but definitely enjoyable.,01-03-2024 20:44
336,537,1,4,Well-written and engaging. A few plot holes but forgivable.,19-05-2023 17:52
5503,1296,1,3,Neither great nor terrible. Passes the time.,02-06-2024 19:03
2582,327,5,5,Beautifully written. The author's style is simply stunning.,06-05-2021 21:09
1864,2543,1,4,Liked it. The first half is stronger than the second.,06-12-2021 08:11
4524,909,125,4,Mostly great. The middle section drags a bit.,19-10-2024 12:28
2511,60,1,4,Mostly great. The middle section drags a bit.,28-10-2024 20:29
5030,624,3,3,Average. Had its moments but failed to really engage me.,30-06-2023 10:21
2748,1226,6,3,It was okay. The hype around this book is a bit overstated.,30-08-2023 13:12
1304,2172,2,5,The writing is exceptional and the story gripped me from page one.,14-08-2021 23:48
4155,2668,4,4,Enjoyed it quite a bit. Solid writing and interesting ideas.,16-02-2024 21:59
4227,446,9,3,"Mixed feelings. Good premise, mediocre execution.",07-11-2023 17:46
4889,1831,5,5,Exceeded all my expectations. Truly extraordinary.,20-08-2023 21:07
1751,948,2,4,Liked it. The first half is stronger than the second.,07-12-2021 15:36
319,1868,3,3,Decent read. Not my favourite but not bad either.,11-09-2023 10:52
1819,2284,2,5,,22-10-2024 08:32
5569,1979,12,3,Neither great nor terrible. Passes the time.,29-07-2023 20:22
444,1545,1,5,I finished this in two sittings. Absolutely riveting.,26-10-2022 08:10
2953,46,3,3,Neither great nor terrible. Passes the time.,17-11-2020 19:30
161,2785,11,0,Decent read. Not my favourite but not bad either.,16-08-2023 17:29
5519,318,1,5,Beautifully written. The author's style is simply stunning.,23-12-2024 19:09
1477,968,1,4,Enjoyed it quite a bit. Solid writing and interesting ideas.,31-12-2024 13:06
1405,476,36,4,Liked it. The first half is stronger than the second.,31-07-2023 09:18
2378,2660,2,3,,29-10-2023 09:41
114,1471,1,3,Had potential but did not quite deliver on its promise.,21-11-2023 16:15
2247,390,1,4,Pleasant read. Nothing groundbreaking but definitely enjoyable.,24-11-2021 08:21
260,605,2,4,,27-01-2021 15:14
3401,1386,5,3,Had potential but did not quite deliver on its promise.,24-02-2022 16:06
4756,321,58,3,Average. Had its moments but failed to really engage me.,26-08-2022 10:42
2234,2319,3,3,Neither great nor terrible. Passes the time.,03-12-2023 08:43
56,2643,1,4,Above average. Would recommend to fans of the genre.,02-06-2024 14:25
268,1217,3,3,Decent read. Not my favourite but not bad either.,28-12-2024 20:37
3044,1205,28,3,Had potential but did not quite deliver on its promise.,11-03-2021 05:22
3554,579,1,4,A very good read overall. Some chapters were slow but worth it.,11-12-2024 10:17
5155,2346,2,4,Mostly great. The middle section drags a bit.,13-02-2024 17:33
5107,1102,2,2,,30-09-2024 18:54
4595,2353,1,5,Beautifully written. The author's style is simply stunning.,05-12-2020 08:18
3499,2111,5,4,"Good book, though the ending felt a little rushed.",11-10-2024 19:07
3663,160,1,4,"Good book, though the ending felt a little rushed.",19-11-2023 23:16
2496,2549,75,4,Pleasant read. Nothing groundbreaking but definitely enjoyable.,01-04-2023 09:39
619,2751,9,2,,15-10-2022 11:46
4684,1987,3,4,Pleasant read. Nothing groundbreaking but definitely enjoyable.,16-07-2022 15:12
313,1808,25,4,Pleasant read. Nothing groundbreaking but definitely enjoyable.,02-01-2022 13:13
427,2693,1,4,,20-08-2021 18:21
5535,1205,2,4,Above average. Would recommend to fans of the genre.,08-05-2021 17:58
215,1084,1,2,,23-04-2022 22:50
2560,916,1,4,Enjoyed it quite a bit. Solid writing and interesting ideas.,02-12-2022 12:36
4542,990,6,2,Not for me. The writing style felt very dated.,29-11-2022 06:31
3259,73,2,4,Enjoyed it quite a bit. Solid writing and interesting ideas.,21-11-2022 11:32
1887,731,31,4,Pleasant read. Nothing groundbreaking but definitely enjoyable.,23-02-2023 09:25
5191,2492,26,4,Mostly great. The middle section drags a bit.,14-08-2023 09:09
3234,1749,1,3,"Mixed feelings. Good premise, mediocre execution.",27-12-2022 18:40
2795,739,2,5,Perfect blend of story and insight. Will read again.,24-02-2021 11:46
5179,1584,1,2,The plot felt disjointed and the pacing was off throughout.,21-05-2021 20:07
1809,1928,3,3,"Mixed feelings. Good premise, mediocre execution.",08-11-2022 13:05
2038,1092,1,3,"Mixed feelings. Good premise, mediocre execution.",28-11-2021 20:27
1533,122,2,5,,28-10-2022 11:41
5411,1568,3,3,Had potential but did not quite deliver on its promise.,02-11-2023 21:18
1524,328,1,4,A very good read overall. Some chapters were slow but worth it.,30-11-2024 20:51
4778,942,2,4,Liked it. The first half is stronger than the second.,23-11-2024 14:00
2802,476,1,4,Enjoyed it quite a bit. Solid writing and interesting ideas.,24-08-2024 13:55
2685,521,11,3,"Some interesting parts, but overall felt underwhelming.",17-02-2022 17:03
4072,1823,1,4,Liked it. The first half is stronger than the second.,19-11-2024 18:35
4994,2448,10,4,Liked it. The first half is stronger than the second.,04-09-2020 09:32
4815,2760,1,4,A very good read overall. Some chapters were slow but worth it.,02-12-2024 18:35
2808,2581,7,3,"Mixed feelings. Good premise, mediocre execution.",25-04-2024 19:30
1531,637,1,4,Well-written and engaging. A few plot holes but forgivable.,09-04-2023 14:25
4052,1309,2,3,Neither great nor terrible. Passes the time.,01-06-2024 15:55
1699,1810,54,0,A very good read overall. Some chapters were slow but worth it.,15-07-2020 19:57
1971,1041,110,3,"Some interesting parts, but overall felt underwhelming.",06-11-2024 13:04
235,358,93,4,Well-written and engaging. A few plot holes but forgivable.,20-03-2024 18:13
2335,2051,2,4,Well-written and engaging. A few plot holes but forgivable.,29-03-2023 20:30
1338,1026,2,4,"Good book, though the ending felt a little rushed.",26-01-2023 15:20
3468,1297,10,4,Liked it. The first half is stronger than the second.,04-12-2023 20:51
2733,1352,1,5,This book changed the way I think. A must-read for everyone.,20-05-2021 16:22
2468,317,2,5,This book changed the way I think. A must-read for everyone.,07-03-2023 21:39
1558,340,2,4,Well-written and engaging. A few plot holes but forgivable.,02-08-2024 15:12
3896,2225,2,4,Above average. Would recommend to fans of the genre.,25-07-2023 07:01
163,445,7,3,Neither great nor terrible. Passes the time.,29-01-2024 20:32
2464,2317,37,5,The writing is exceptional and the story gripped me from page one.,16-08-2022 22:36
1756,280,6,2,The plot felt disjointed and the pacing was off throughout.,09-05-2024 17:42
5396,1889,1,5,The writing is exceptional and the story gripped me from page one.,04-03-2023 06:22
3298,2058,5,3,,22-04-2023 19:31
5178,2425,1,3,"Some interesting parts, but overall felt underwhelming.",12-02-2023 17:17
4007,377,1,4,Liked it. The first half is stronger than the second.,31-12-2024 13:21
364,2781,1,4,Mostly great. The middle section drags a bit.,21-10-2021 06:59
109,546,1,4,A very good read overall. Some chapters were slow but worth it.,18-11-2021 12:59
4514,1027,8,3,Average. Had its moments but failed to really engage me.,12-01-2023 17:59
1406,1052,1,4,Well-written and engaging. A few plot holes but forgivable.,14-07-2024 23:33
2336,1941,2,0,Decent read. Not my favourite but not bad either.,31-12-2024 13:49
3250,784,2,4,Above average. Would recommend to fans of the genre.,31-12-2024 01:00
3691,1392,1,3,"Some interesting parts, but overall felt underwhelming.",29-11-2021 06:39
1132,1537,1,3,Had potential but did not quite deliver on its promise.,18-09-2021 17:54
2586,2226,2,5,A masterpiece. Every chapter left me wanting more.,23-07-2024 09:41
3694,2162,2,4,Liked it. The first half is stronger than the second.,02-12-2021 21:04
3406,2755,4,4,Mostly great. The middle section drags a bit.,05-09-2021 07:54
5240,2514,1,4,Enjoyed it quite a bit. Solid writing and interesting ideas.,13-01-2024 20:04
2410,303,3,4,"Good book, though the ending felt a little rushed.",14-09-2023 13:48
5516,847,4,4,Liked it. The first half is stronger than the second.,16-09-2024 10:19
5450,1722,1,3,Average. Had its moments but failed to really engage me.,17-07-2021 15:06
177,769,1,3,,14-12-2024 20:45
5346,1106,4,4,,16-10-2021 18:49
3335,2049,2,4,"Good book, though the ending felt a little rushed.",31-12-2024 14:55
5098,1517,1,3,Decent read. Not my favourite but not bad either.,31-08-2024 07:34
4018,959,9,5,Exceeded all my expectations. Truly extraordinary.,26-09-2023 12:40
212,1316,1,4,Mostly great. The middle section drags a bit.,08-01-2023 21:48
1239,2686,1,4,A very good read overall. Some chapters were slow but worth it.,25-11-2024 17:35
3902,244,22,4,Well-written and engaging. A few plot holes but forgivable.,22-11-2024 13:21
4315,344,4,3,Had potential but did not quite deliver on its promise.,27-12-2020 16:23
1933,139,32,1,Terrible. Wasted my money and my time.,04-08-2024 20:53
1850,1768,2,4,Enjoyed it quite a bit. Solid writing and interesting ideas.,05-10-2022 17:23
3493,1028,1,4,Liked it. The first half is stronger than the second.,13-08-2022 13:27
3373,1004,4,4,Well-written and engaging. A few plot holes but forgivable.,04-09-2024 11:28
2327,1763,2,3,"Mixed feelings. Good premise, mediocre execution.",11-05-2024 18:05
5614,2319,3,3,Neither great nor terrible. Passes the time.,03-12-2023 08:43
3093,2579,2,4,"Good book, though the ending felt a little rushed.",05-12-2024 23:09
4525,2238,4,4,Enjoyed it quite a bit. Solid writing and interesting ideas.,25-10-2024 10:09
4281,495,4,3,"Mixed feelings. Good premise, mediocre execution.",11-12-2024 18:37
3809,1618,7,3,"Mixed feelings. Good premise, mediocre execution.",13-03-2022 23:19
3455,778,10,3,Neither great nor terrible. Passes the time.,01-07-2022 12:01
3043,202,5,4,Liked it. The first half is stronger than the second.,12-12-2024 16:14
5533,1107,2,4,Enjoyed it quite a bit. Solid writing and interesting ideas.,18-10-2020 12:23
4029,1129,13,4,Liked it. The first half is stronger than the second.,06-09-2023 10:15
5295,474,61,3,"Some interesting parts, but overall felt underwhelming.",26-04-2024 20:59
4107,2522,1,4,Mostly great. The middle section drags a bit.,10-12-2024 21:51
1305,2618,15,3,It was okay. The hype around this book is a bit overstated.,17-10-2020 13:28
4154,1484,4,4,Well-written and engaging. A few plot holes but forgivable.,01-10-2024 13:25
73,770,5,5,Absolutely loved this book — couldn't put it down!,13-08-2020 18:10
937,1425,3,5,I finished this in two sittings. Absolutely riveting.,14-06-2023 11:42
5353,1946,2,4,Liked it. The first half is stronger than the second.,06-12-2024 17:18
3706,2099,15,3,Had potential but did not quite deliver on its promise.,18-07-2022 18:22
4487,1235,3,4,"Good book, though the ending felt a little rushed.",22-12-2024 11:26
5072,2187,14,4,"Good book, though the ending felt a little rushed.",03-04-2024 14:25
1331,746,3,4,Liked it. The first half is stronger than the second.,02-01-2024 22:33
5303,1386,48,3,"Some interesting parts, but overall felt underwhelming.",13-11-2021 12:50
4596,1633,5,5,Perfect blend of story and insight. Will read again.,10-12-2020 20:36
4404,1315,4,4,Above average. Would recommend to fans of the genre.,06-08-2024 13:58
3477,608,2,-1,Enjoyed it quite a bit. Solid writing and interesting ideas.,02-04-2024 08:26
2907,343,2,5,This book changed the way I think. A must-read for everyone.,04-07-2024 14:31
2162,911,2,2,,03-12-2024 23:02
2557,2076,1,3,"Some interesting parts, but overall felt underwhelming.",11-10-2024 11:07
2859,1178,52,4,Above average. Would recommend to fans of the genre.,26-09-2024 04:41
665,1955,3,4,Well-written and engaging. A few plot holes but forgivable.,10-05-2022 00:11
2678,2026,1,4,Pleasant read. Nothing groundbreaking but definitely enjoyable.,14-06-2023 14:30
3370,721,6,3,Had potential but did not quite deliver on its promise.,15-08-2024 12:34
4572,55,1,3,It was okay. The hype around this book is a bit overstated.,31-12-2023 15:22
157,2346,1,5,Absolutely loved this book — couldn't put it down!,24-06-2024 20:22
712,1591,1,4,Mostly great. The middle section drags a bit.,10-07-2023 15:34
1685,2722,8,2,Overrated. I did not enjoy the characters at all.,02-05-2024 20:09
5377,2142,1,4,A very good read overall. Some chapters were slow but worth it.,31-12-2024 16:20
3224,718,5,2,Struggled to get through it. The story meanders endlessly.,12-07-2023 10:04
4192,2036,12,4,A very good read overall. Some chapters were slow but worth it.,27-12-2022 10:47
4936,1765,2,5,Exceeded all my expectations. Truly extraordinary.,14-01-2023 19:09
3505,1943,1,2,Disappointed. Expected much more based on the reviews.,26-07-2022 11:23
5461,2775,1,5,This book changed the way I think. A must-read for everyone.,13-09-2023 13:02
2900,1436,6,3,Decent read. Not my favourite but not bad either.,09-05-2024 12:35
1462,1260,2,4,A very good read overall. Some chapters were slow but worth it.,30-09-2024 19:40
2977,1632,1,4,Pleasant read. Nothing groundbreaking but definitely enjoyable.,19-08-2023 18:37
1636,2045,1,3,It was okay. The hype around this book is a bit overstated.,27-07-2021 22:35
2719,1023,2,3,"Mixed feelings. Good premise, mediocre execution.",20-12-2023 08:08
3751,2499,1,5,The writing is exceptional and the story gripped me from page one.,10-06-2024 12:57
2544,639,2,3,It was okay. The hype around this book is a bit overstated.,12-11-2024 16:40
2390,1889,4,3,Had potential but did not quite deliver on its promise.,30-03-2021 18:13
534,1181,1,2,Struggled to get through it. The story meanders endlessly.,15-01-2024 07:09
2045,1776,3,3,"Some interesting parts, but overall felt underwhelming.",04-09-2024 07:57
3973,333,2,4,"Good book, though the ending felt a little rushed.",04-01-2024 19:21
4426,2077,11,5,A masterpiece. Every chapter left me wanting more.,01-06-2024 13:16
4875,2481,1,3,Decent read. Not my favourite but not bad either.,29-10-2024 18:03
3050,1514,1,4,Mostly great. The middle section drags a bit.,23-12-2024 20:26
4366,687,4,3,It was okay. The hype around this book is a bit overstated.,09-10-2023 05:15
2645,1540,2,4,Well-written and engaging. A few plot holes but forgivable.,08-04-2022 06:31
2881,670,3,3,Decent read. Not my favourite but not bad either.,08-06-2024 20:02
97,769,8,3,Decent read. Not my favourite but not bad either.,17-10-2024 23:13
1044,384,12,5,I finished this in two sittings. Absolutely riveting.,29-12-2023 15:18
3476,2474,1,4,Mostly great. The middle section drags a bit.,11-09-2021 01:22
3735,2185,2,5,One of the best reads I have had in years. Highly recommended.,12-10-2022 08:19
4402,1454,11,1,Terrible. Wasted my money and my time.,11-08-2023 20:51
4531,861,63,4,Pleasant read. Nothing groundbreaking but definitely enjoyable.,09-02-2022 10:07
289,1357,3,3,It was okay. The hype around this book is a bit overstated.,12-10-2024 10:16
4117,1365,3,3,Had potential but did not quite deliver on its promise.,25-06-2024 18:30
2264,2356,15,5,The writing is exceptional and the story gripped me from page one.,31-05-2024 10:47
4613,1189,2,4,Pleasant read. Nothing groundbreaking but definitely enjoyable.,22-09-2024 20:45
1279,2595,4,3,Had potential but did not quite deliver on its promise.,22-12-2024 17:59
4470,61,3,3,Had potential but did not quite deliver on its promise.,27-08-2024 19:05
2159,1677,18,3,Had potential but did not quite deliver on its promise.,05-12-2024 20:44
3846,1995,11,2,Disappointed. Expected much more based on the reviews.,18-07-2024 12:58
5345,406,1,3,Decent read. Not my favourite but not bad either.,15-09-2024 20:02
3105,2279,3,4,Liked it. The first half is stronger than the second.,13-03-2023 11:18
4142,2614,1,5,Beautifully written. The author's style is simply stunning.,19-08-2021 08:26
477,2528,1,4,Above average. Would recommend to fans of the genre.,18-07-2024 08:09
826,231,1,5,Absolutely loved this book — couldn't put it down!,05-11-2024 21:16
1018,2032,5,3,"Some interesting parts, but overall felt underwhelming.",13-12-2024 19:12
1947,1832,3,3,Had potential but did not quite deliver on its promise.,02-05-2023 13:56
4519,517,19,3,Had potential but did not quite deliver on its promise.,11-10-2021 11:24
345,1747,3,4,Liked it. The first half is stronger than the second.,02-08-2023 08:28
1893,399,36,4,Liked it. The first half is stronger than the second.,23-08-2023 18:39
2417,2679,1,3,Had potential but did not quite deliver on its promise.,09-05-2024 18:45
2504,1667,107,4,Above average. Would recommend to fans of the genre.,10-10-2024 05:17
1787,1793,2,3,Had potential but did not quite deliver on its promise.,30-12-2024 05:12
4723,1208,9,2,Overrated. I did not enjoy the characters at all.,30-05-2024 11:07
1517,2672,2,3,Neither great nor terrible. Passes the time.,28-11-2023 18:36
1345,1784,4,3,Neither great nor terrible. Passes the time.,26-01-2023 12:28
1683,1731,2,4,"Good book, though the ending felt a little rushed.",23-06-2021 03:40
102,2324,2,4,,03-06-2022 19:28
4152,708,4,3,Had potential but did not quite deliver on its promise.,05-02-2024 05:32
1288,68,6,3,It was okay. The hype around this book is a bit overstated.,16-11-2023 10:04
5086,2391,65,2,Not for me. The writing style felt very dated.,21-01-2020 08:58
4711,644,1,3,"Some interesting parts, but overall felt underwhelming.",04-12-2023 19:55
1209,1480,1,2,,30-06-2023 08:52
1805,1929,9,5,Absolutely loved this book — couldn't put it down!,07-08-2024 11:21
133,177,1,2,Disappointed. Expected much more based on the reviews.,13-03-2020 12:11
4812,228,18,4,Well-written and engaging. A few plot holes but forgivable.,30-10-2023 04:56
1939,2093,1,5,I finished this in two sittings. Absolutely riveting.,26-06-2023 12:29
5556,301,9,3,Average. Had its moments but failed to really engage me.,02-07-2024 19:48
4759,40,3,4,Mostly great. The middle section drags a bit.,15-05-2023 18:20
1261,939,4,5,I finished this in two sittings. Absolutely riveting.,26-04-2024 13:53
5499,1895,27,3,"Mixed feelings. Good premise, mediocre execution.",15-09-2023 18:47
2185,1578,2,5,Exceeded all my expectations. Truly extraordinary.,09-07-2024 17:57
3276,2513,7,4,Mostly great. The middle section drags a bit.,26-11-2024 14:15
4548,337,1,4,"Good book, though the ending felt a little rushed.",26-08-2024 14:47
1327,1120,2,3,"Mixed feelings. Good premise, mediocre execution.",04-11-2024 08:50
3292,2019,3,3,"Mixed feelings. Good premise, mediocre execution.",19-06-2022 17:17
1957,1882,15,4,Mostly great. The middle section drags a bit.,04-06-2023 13:34
5250,1727,5,4,"Good book, though the ending felt a little rushed.",17-02-2024 19:52
453,578,29,5,Beautifully written. The author's style is simply stunning.,07-12-2021 20:33
3755,2779,1,3,"Some interesting parts, but overall felt underwhelming.",06-08-2024 12:15
1227,2678,2,5,I finished this in two sittings. Absolutely riveting.,14-11-2022 15:37
5275,2569,1,4,Pleasant read. Nothing groundbreaking but definitely enjoyable.,31-12-2024 17:54
5581,776,1,4,Well-written and engaging. A few plot holes but forgivable.,13-10-2022 01:55
2656,557,3,3,"Some interesting parts, but overall felt underwhelming.",20-03-2024 20:22
603,1078,97,4,A very good read overall. Some chapters were slow but worth it.,11-05-2023 21:24
1835,1443,3,3,"Mixed feelings. Good premise, mediocre execution.",06-08-2022 09:57
4907,2684,3,2,Overrated. I did not enjoy the characters at all.,20-12-2021 16:30
709,1077,2,4,,07-03-2024 14:20
4547,1157,2,3,Decent read. Not my favourite but not bad either.,02-11-2022 08:39
926,2451,1,4,Pleasant read. Nothing groundbreaking but definitely enjoyable.,12-06-2024 06:27
827,794,1,4,Pleasant read. Nothing groundbreaking but definitely enjoyable.,29-01-2020 15:42
3471,577,1,5,One of the best reads I have had in years. Highly recommended.,17-10-2024 12:13
3993,2272,4,4,Well-written and engaging. A few plot holes but forgivable.,06-06-2024 04:03
184,1071,4,4,Above average. Would recommend to fans of the genre.,27-05-2024 19:22
3396,1436,10,4,Well-written and engaging. A few plot holes but forgivable.,20-11-2024 18:11
4387,1758,5,3,"Mixed feelings. Good premise, mediocre execution.",13-11-2024 09:15
2090,1865,42,3,Decent read. Not my favourite but not bad either.,04-01-2024 08:54
1992,1880,1,3,"Mixed feelings. Good premise, mediocre execution.",17-11-2023 00:20
2403,1668,6,3,Decent read. Not my favourite but not bad either.,27-09-2024 15:10
2523,63,2,4,Mostly great. The middle section drags a bit.,20-07-2023 15:25
5193,1295,6,1,Do not waste your money on this.,22-03-2024 10:43
5226,1388,5,3,Had potential but did not quite deliver on its promise.,05-10-2021 07:43
2334,308,3,3,,05-04-2024 19:25
4105,2709,3,2,Struggled to get through it. The story meanders endlessly.,06-04-2022 08:38
1732,2332,60,3,Had potential but did not quite deliver on its promise.,22-08-2023 12:46
2611,507,2,4,Enjoyed it quite a bit. Solid writing and interesting ideas.,29-02-2020 13:02
3201,1700,2,4,Liked it. The first half is stronger than the second.,06-10-2022 13:56
3715,2412,7,5,The writing is exceptional and the story gripped me from page one.,22-11-2023 12:16
1552,1049,1,5,A masterpiece. Every chapter left me wanting more.,08-09-2020 19:17
3015,1670,1,2,,07-06-2024 09:38
3596,821,1,4,Well-written and engaging. A few plot holes but forgivable.,09-01-2024 21:20
5325,377,46,3,Neither great nor terrible. Passes the time.,26-09-2023 20:44
3451,2333,5,2,Disappointed. Expected much more based on the reviews.,10-01-2024 07:02
969,1133,5,3,"Some interesting parts, but overall felt underwhelming.",03-02-2023 07:15
5613,108,2,3,"Mixed feelings. Good premise, mediocre execution.",22-04-2024 14:22
4985,1999,1,4,,19-11-2023 22:57
5206,1678,1,4,Mostly great. The middle section drags a bit.,24-02-2021 20:13
2584,2463,1,4,A very good read overall. Some chapters were slow but worth it.,18-09-2022 04:12
1799,2718,1,3,Neither great nor terrible. Passes the time.,25-02-2023 10:08
3539,1624,181,3,Average. Had its moments but failed to really engage me.,23-09-2023 18:17
4653,2232,3,3,Average. Had its moments but failed to really engage me.,10-12-2024 20:32
3966,710,10,2,Overrated. I did not enjoy the characters at all.,31-12-2020 18:44
5504,471,8,3,It was okay. The hype around this book is a bit overstated.,27-04-2022 12:30
119,147,1,2,Not for me. The writing style felt very dated.,03-10-2022 17:26
3416,2446,1,5,Beautifully written. The author's style is simply stunning.,18-09-2023 15:17
1660,2324,3,4,,25-05-2020 13:45
3985,2428,1,3,Decent read. Not my favourite but not bad either.,09-12-2024 13:08
1804,1639,1,4,Well-written and engaging. A few plot holes but forgivable.,19-02-2021 14:13
2646,364,1,5,Brilliant narrative. The characters feel genuinely real.,01-12-2022 18:51
2669,1035,11,4,,07-02-2023 18:51
2902,2788,5,3,Average. Had its moments but failed to really engage me.,21-08-2024 15:22
4787,1982,2,4,A very good read overall. Some chapters were slow but worth it.,17-10-2020 10:17
5485,2569,69,3,Had potential but did not quite deliver on its promise.,21-10-2024 06:33
3529,1507,17,5,This book changed the way I think. A must-read for everyone.,12-10-2023 22:36
4925,1411,3,4,Above average. Would recommend to fans of the genre.,01-07-2022 08:38
2545,244,7,5,One of the best reads I have had in years. Highly recommended.,21-10-2023 07:23
3077,318,2,4,Above average. Would recommend to fans of the genre.,31-12-2024 10:07
782,533,127,3,,05-10-2024 06:04
5507,1280,2,4,Mostly great. The middle section drags a bit.,25-05-2021 18:07
751,1096,2,5,I finished this in two sittings. Absolutely riveting.,17-11-2024 22:07
3351,1449,3,4,Pleasant read. Nothing groundbreaking but definitely enjoyable.,27-11-2021 12:22
3122,2571,4,4,,17-02-2024 16:29
429,2593,2,4,Above average. Would recommend to fans of the genre.,17-09-2023 15:03
128,1550,3,3,,31-01-2024 16:18
880,81,1,5,Exceeded all my expectations. Truly extraordinary.,13-04-2023 19:40
1203,2249,1,4,Liked it. The first half is stronger than the second.,18-07-2022 08:23
896,987,29,5,Perfect blend of story and insight. Will read again.,25-09-2022 07:54
5101,2040,1,3,Neither great nor terrible. Passes the time.,31-12-2024 08:34
3155,505,1,3,It was okay. The hype around this book is a bit overstated.,15-11-2021 09:46
2112,2175,3,5,The writing is exceptional and the story gripped me from page one.,27-11-2023 13:55
2734,1175,7,5,,19-11-2024 17:19
3954,909,3,4,,31-12-2024 11:37
2849,981,4,4,A very good read overall. Some chapters were slow but worth it.,17-08-2024 09:32
1832,447,2,2,Struggled to get through it. The story meanders endlessly.,09-09-2023 05:31
1143,1814,47,5,A masterpiece. Every chapter left me wanting more.,08-06-2024 11:04
617,1373,1,4,Well-written and engaging. A few plot holes but forgivable.,22-06-2021 18:50
5351,745,11,4,Enjoyed it quite a bit. Solid writing and interesting ideas.,02-07-2021 02:55
297,427,105,2,Would not recommend. Too slow and the payoff was not worth it.,14-10-2024 08:41
532,2173,4,4,Liked it. The first half is stronger than the second.,13-11-2020 16:04
3614,538,5,1,One of the worst books I have read. No coherent plot.,18-08-2024 18:08
4081,754,5,5,One of the best reads I have had in years. Highly recommended.,27-04-2022 18:41
4689,560,12,2,Overrated. I did not enjoy the characters at all.,21-12-2024 10:23
2909,1480,12,4,Well-written and engaging. A few plot holes but forgivable.,05-09-2023 18:05
1126,544,6,3,"Some interesting parts, but overall felt underwhelming.",15-05-2024 18:40
1942,2067,10,4,Mostly great. The middle section drags a bit.,24-12-2021 06:23
2135,2353,2,3,Had potential but did not quite deliver on its promise.,22-01-2022 08:26
3443,2210,2,4,Above average. Would recommend to fans of the genre.,13-10-2023 17:39
4972,766,1,5,Beautifully written. The author's style is simply stunning.,21-09-2023 14:38
265,1977,79,3,It was okay. The hype around this book is a bit overstated.,10-06-2022 06:13
764,1777,1,4,"Good book, though the ending felt a little rushed.",11-01-2023 20:50
3831,2495,7,3,Decent read. Not my favourite but not bad either.,08-10-2021 16:46
1054,1853,1,4,Enjoyed it quite a bit. Solid writing and interesting ideas.,22-11-2024 15:19
4881,2766,3,3,"Some interesting parts, but overall felt underwhelming.",02-11-2024 03:32
2499,2016,4,3,Decent read. Not my favourite but not bad either.,02-06-2021 20:25
732,304,20,3,"Some interesting parts, but overall felt underwhelming.",10-03-2020 11:25
3698,1659,1,5,One of the best reads I have had in years. Highly recommended.,20-10-2024 16:36
1604,760,1,5,A masterpiece. Every chapter left me wanting more.,09-11-2021 20:12
3001,2290,5,4,Above average. Would recommend to fans of the genre.,28-07-2022 20:14
5573,1410,3,3,Neither great nor terrible. Passes the time.,23-07-2021 19:46
1191,1297,1,4,Pleasant read. Nothing groundbreaking but definitely enjoyable.,03-03-2022 21:31
1719,2738,4,4,Above average. Would recommend to fans of the genre.,24-02-2024 09:30
1419,2086,8,3,Decent read. Not my favourite but not bad either.,23-08-2020 12:42
2183,2714,1,3,Neither great nor terrible. Passes the time.,15-09-2024 11:43
773,1734,4,3,"Some interesting parts, but overall felt underwhelming.",09-12-2023 09:21
5063,2227,7,4,Above average. Would recommend to fans of the genre.,05-02-2024 13:41
4036,2594,2,3,"Mixed feelings. Good premise, mediocre execution.",02-05-2024 17:44
1200,1490,1,3,It was okay. The hype around this book is a bit overstated.,03-06-2024 09:43
118,959,1,4,Above average. Would recommend to fans of the genre.,05-08-2024 13:24
4258,627,7,3,Had potential but did not quite deliver on its promise.,18-04-2020 11:16
5248,2359,2,3,Neither great nor terrible. Passes the time.,22-01-2023 15:25
4636,2204,3,4,Liked it. The first half is stronger than the second.,30-05-2023 18:38
3054,2720,73,3,"Some interesting parts, but overall felt underwhelming.",24-04-2024 07:29
3021,1329,1,5,I finished this in two sittings. Absolutely riveting.,02-11-2024 12:51
1623,2780,1,4,Above average. Would recommend to fans of the genre.,24-01-2024 08:55
361,1979,3,3,It was okay. The hype around this book is a bit overstated.,08-12-2021 20:58
881,2339,3,3,"Mixed feelings. Good premise, mediocre execution.",30-01-2024 08:37
2531,1730,4,1,One of the worst books I have read. No coherent plot.,20-10-2024 02:47
3852,2531,5,2,Overrated. I did not enjoy the characters at all.,10-11-2024 18:13
998,1711,1,5,Brilliant narrative. The characters feel genuinely real.,06-10-2022 10:15
3823,409,1,4,,11-08-2021 10:26
5548,206,2,4,Pleasant read. Nothing groundbreaking but definitely enjoyable.,27-04-2024 08:49
4312,1374,187,3,"Mixed feelings. Good premise, mediocre execution.",23-12-2023 12:14
3536,57,4,3,It was okay. The hype around this book is a bit overstated.,21-05-2023 19:47
5364,2672,3,4,Mostly great. The middle section drags a bit.,12-03-2024 07:03
2200,1270,1,5,This book changed the way I think. A must-read for everyone.,11-03-2024 06:41
5201,519,2,4,Mostly great. The middle section drags a bit.,22-12-2023 20:28
3327,974,28,4,Pleasant read. Nothing groundbreaking but definitely enjoyable.,17-08-2022 08:49
698,566,2,4,"Good book, though the ending felt a little rushed.",13-09-2021 08:30
302,2156,1,5,A masterpiece. Every chapter left me wanting more.,08-05-2024 21:28
1764,2789,139,5,One of the best reads I have had in years. Highly recommended.,21-03-2022 15:30
4989,749,21,3,"Some interesting parts, but overall felt underwhelming.",09-07-2023 14:54
5202,2796,4,4,,15-10-2022 11:01
368,1038,28,4,Well-written and engaging. A few plot holes but forgivable.,10-03-2024 22:17
1970,127,18,2,Struggled to get through it. The story meanders endlessly.,28-11-2024 20:31
1521,275,2,5,Exceeded all my expectations. Truly extraordinary.,24-09-2021 11:01
233,442,1,3,,18-06-2024 15:02
707,693,5,4,Above average. Would recommend to fans of the genre.,16-05-2023 07:40
3282,1491,1,3,,25-10-2024 19:58
159,1115,1,4,Mostly great. The middle section drags a bit.,06-03-2022 14:40
244,2252,1,3,Neither great nor terrible. Passes the time.,31-12-2024 19:21
4411,736,4,3,It was okay. The hype around this book is a bit overstated.,08-11-2023 21:36
4202,1058,1,4,Above average. Would recommend to fans of the genre.,22-12-2023 17:20
3570,2563,32,3,"Mixed feelings. Good premise, mediocre execution.",18-01-2023 06:04
24,688,1,2,Struggled to get through it. The story meanders endlessly.,28-06-2021 09:53
90,1130,1,4,"Good book, though the ending felt a little rushed.",01-08-2022 21:31
3128,1375,2,3,It was okay. The hype around this book is a bit overstated.,31-01-2021 17:46
2954,427,2,4,A very good read overall. Some chapters were slow but worth it.,12-01-2021 12:13
4518,415,4,3,,09-07-2024 16:36
5195,1779,1,3,"Some interesting parts, but overall felt underwhelming.",21-08-2024 20:36
2034,2636,4,5,Brilliant narrative. The characters feel genuinely real.,29-10-2023 17:56
2886,316,1,2,Disappointed. Expected much more based on the reviews.,21-07-2024 12:48
1785,2660,1,4,Liked it. The first half is stronger than the second.,31-12-2022 18:30
2083,1700,3,2,Not for me. The writing style felt very dated.,26-09-2024 18:36
3267,470,4,3,Decent read. Not my favourite but not bad either.,15-11-2023 08:06
5027,1984,5,3,It was okay. The hype around this book is a bit overstated.,29-10-2024 20:57
3887,127,3,4,Pleasant read. Nothing groundbreaking but definitely enjoyable.,22-08-2023 00:51
1473,1835,11,4,"Good book, though the ending felt a little rushed.",15-06-2023 09:52
4362,2636,25,3,,14-12-2024 11:38
3156,2071,1,3,,13-08-2024 21:54
68,1538,1,4,A very good read overall. Some chapters were slow but worth it.,25-01-2024 06:50
934,754,3,3,Average. Had its moments but failed to really engage me.,29-07-2023 10:03
5286,1453,33,5,Perfect blend of story and insight. Will read again.,08-03-2023 09:38
3407,19,20,5,Perfect blend of story and insight. Will read again.,30-08-2024 11:39
2256,1200,1,4,Liked it. The first half is stronger than the second.,02-04-2024 17:08
81,234,8,3,"Some interesting parts, but overall felt underwhelming.",16-09-2023 11:01
671,2473,6,4,,12-12-2022 16:29
3898,2565,1,3,"Mixed feelings. Good premise, mediocre execution.",25-11-2023 20:34
1506,1010,2,4,,23-08-2023 07:43
1183,2060,2,5,One of the best reads I have had in years. Highly recommended.,13-12-2023 09:31
523,297,4,3,"Some interesting parts, but overall felt underwhelming.",01-03-2024 05:04
743,2659,8,4,Above average. Would recommend to fans of the genre.,15-02-2023 07:27
4973,34,29,4,"Good book, though the ending felt a little rushed.",14-11-2024 11:46
1704,1577,3,3,"Mixed feelings. Good premise, mediocre execution.",23-06-2024 13:02
2191,257,1,4,Mostly great. The middle section drags a bit.,26-06-2022 06:36
1937,759,2,3,Decent read. Not my favourite but not bad either.,04-06-2024 19:21
2822,1078,11,4,Above average. Would recommend to fans of the genre.,02-12-2023 03:04
1670,2583,1,4,,12-09-2024 15:11
4983,1609,1,4,Pleasant read. Nothing groundbreaking but definitely enjoyable.,05-10-2022 18:49
4716,2754,6,3,Neither great nor terrible. Passes the time.,04-06-2024 08:19
4257,39,78,5,Beautifully written. The author's style is simply stunning.,05-06-2024 20:52
2182,1446,1,3,Neither great nor terrible. Passes the time.,07-12-2022 10:49
3818,263,4,2,Disappointed. Expected much more based on the reviews.,06-03-2024 18:45
3617,2514,2,3,Average. Had its moments but failed to really engage me.,27-01-2023 14:18
3294,2537,26,3,,30-09-2023 10:06
4847,482,5,2,Not for me. The writing style felt very dated.,28-12-2023 18:03
487,758,5,3,Neither great nor terrible. Passes the time.,23-12-2021 17:36
5388,75,139,2,Would not recommend. Too slow and the payoff was not worth it.,30-04-2023 19:05
3788,1825,1,4,Mostly great. The middle section drags a bit.,04-02-2024 19:29
4814,1539,1,2,Not for me. The writing style felt very dated.,15-07-2022 18:57
1669,1408,2,5,I finished this in two sittings. Absolutely riveting.,30-03-2024 18:33
5431,2172,5,4,Liked it. The first half is stronger than the second.,23-08-2020 19:33
5425,26,53,4,Mostly great. The middle section drags a bit.,30-09-2024 08:25
3804,813,34,4,Above average. Would recommend to fans of the genre.,12-06-2024 11:03
510,2150,1,4,Mostly great. The middle section drags a bit.,12-08-2022 22:13
2262,1622,1,3,"Some interesting parts, but overall felt underwhelming.",19-07-2023 00:43
5009,215,7,4,"Good book, though the ending felt a little rushed.",16-01-2022 18:17
294,938,1,3,"Some interesting parts, but overall felt underwhelming.",15-07-2023 11:39
2634,894,1,4,"Good book, though the ending felt a little rushed.",29-05-2024 11:41
5079,594,138,4,Well-written and engaging. A few plot holes but forgivable.,25-07-2024 09:47
1511,1328,3,2,Would not recommend. Too slow and the payoff was not worth it.,31-12-2024 21:24
870,1156,1,4,Well-written and engaging. A few plot holes but forgivable.,06-09-2021 11:47
2228,2376,10,3,Decent read. Not my favourite but not bad either.,16-08-2020 11:34
2811,56,1,5,,30-07-2022 12:51
582,772,3,4,Well-written and engaging. A few plot holes but forgivable.,03-12-2024 19:34
5590,709,2,4,A very good read overall. Some chapters were slow but worth it.,17-10-2022 19:49
5230,1873,71,4,Enjoyed it quite a bit. Solid writing and interesting ideas.,27-11-2022 16:21
4194,857,14,4,Enjoyed it quite a bit. Solid writing and interesting ideas.,25-10-2024 13:12
4590,277,3,3,"Some interesting parts, but overall felt underwhelming.",11-01-2023 08:32
2764,37,1,3,It was okay. The hype around this book is a bit overstated.,29-03-2024 17:50
2412,2167,112,3,Decent read. Not my favourite but not bad either.,14-01-2023 07:13
194,437,5,2,Disappointed. Expected much more based on the reviews.,31-12-2024 09:23
1890,161,1,3,"Some interesting parts, but overall felt underwhelming.",25-01-2024 18:10
2424,2105,4,3,"Some interesting parts, but overall felt underwhelming.",31-07-2024 08:50
4887,1981,13,3,Decent read. Not my favourite but not bad either.,23-03-2020 22:16
4099,705,2,3,Neither great nor terrible. Passes the time.,19-12-2021 14:49
4621,96,1,4,Mostly great. The middle section drags a bit.,22-03-2024 22:13
5423,227,1,5,Exceeded all my expectations. Truly extraordinary.,21-06-2022 18:46
3172,2576,5,3,Neither great nor terrible. Passes the time.,02-03-2023 19:00
2890,2056,10,4,Liked it. The first half is stronger than the second.,13-09-2023 08:25
1393,2245,30,5,Brilliant narrative. The characters feel genuinely real.,09-09-2022 09:29
5553,490,12,3,Average. Had its moments but failed to really engage me.,10-01-2021 16:37
3555,495,1,2,,04-02-2024 19:21
5189,1760,73,3,Decent read. Not my favourite but not bad either.,22-12-2022 08:44
4481,1861,1,3,Average. Had its moments but failed to really engage me.,01-10-2022 20:47
394,1843,6,3,It was okay. The hype around this book is a bit overstated.,31-03-2022 00:18
3730,2409,1,5,The writing is exceptional and the story gripped me from page one.,01-08-2020 11:42
4133,1479,3,4,Above average. Would recommend to fans of the genre.,29-08-2024 09:42
5181,2616,189,4,Enjoyed it quite a bit. Solid writing and interesting ideas.,08-09-2024 17:11
2834,270,6,4,,25-02-2023 19:36
4159,892,1,0,Disappointed. Expected much more based on the reviews.,21-11-2023 18:02
1688,849,1,5,The writing is exceptional and the story gripped me from page one.,06-05-2024 18:22
2949,2094,1,5,One of the best reads I have had in years. Highly recommended.,03-05-2024 13:56
3246,2746,4,4,,05-11-2021 04:19
4034,2211,3,3,It was okay. The hype around this book is a bit overstated.,06-08-2021 17:26
599,861,53,5,I finished this in two sittings. Absolutely riveting.,13-12-2022 11:57
3033,1562,4,3,Average. Had its moments but failed to really engage me.,13-01-2024 16:12
3906,1368,2,5,Perfect blend of story and insight. Will read again.,31-12-2024 17:28
5292,1979,2,5,One of the best reads I have had in years. Highly recommended.,31-12-2024 12:58
1513,1262,1,4,Well-written and engaging. A few plot holes but forgivable.,14-08-2024 14:19
2486,1115,14,4,"Good book, though the ending felt a little rushed.",06-12-2022 16:38
2394,414,1,3,It was okay. The hype around this book is a bit overstated.,27-12-2021 18:39
5428,872,3,4,Mostly great. The middle section drags a bit.,11-01-2024 08:55
564,2467,4,3,Had potential but did not quite deliver on its promise.,12-11-2022 17:23
2877,2173,27,3,Decent read. Not my favourite but not bad either.,06-06-2023 20:49
2992,1772,2,4,Pleasant read. Nothing groundbreaking but definitely enjoyable.,16-11-2022 18:47
4717,1555,12,5,This book changed the way I think. A must-read for everyone.,15-05-2023 08:09
3650,2492,2,4,,12-02-2024 21:04
2720,1145,26,3,Average. Had its moments but failed to really engage me.,22-03-2024 07:48
4220,16,1,2,Struggled to get through it. The story meanders endlessly.,11-08-2023 20:32
4831,1519,9,4,A very good read overall. Some chapters were slow but worth it.,31-12-2024 09:37
5552,2223,9,4,Mostly great. The middle section drags a bit.,09-07-2024 07:06
4986,889,78,4,Liked it. The first half is stronger than the second.,11-12-2024 20:46
3552,2415,1,3,Had potential but did not quite deliver on its promise.,23-12-2023 17:12
1137,627,5,3,Neither great nor terrible. Passes the time.,10-05-2023 03:03
1051,2245,1,4,Mostly great. The middle section drags a bit.,21-11-2024 22:16
2279,2186,1,4,A very good read overall. Some chapters were slow but worth it.,23-07-2021 09:26
5118,502,31,4,"Good book, though the ending felt a little rushed.",21-05-2021 15:24
2141,1463,4,3,"Mixed feelings. Good premise, mediocre execution.",07-11-2024 09:56
2456,2529,1,5,,21-08-2024 22:19
2675,2759,11,5,Perfect blend of story and insight. Will read again.,16-02-2021 13:58
4577,1025,1,6,Perfect blend of story and insight. Will read again.,06-12-2021 18:50
2270,2549,1,4,,28-12-2021 08:12
1058,844,3,4,Pleasant read. Nothing groundbreaking but definitely enjoyable.,28-02-2024 19:36
4910,1064,35,4,Liked it. The first half is stronger than the second.,15-11-2024 12:31
5241,431,8,5,This book changed the way I think. A must-read for everyone.,14-12-2024 09:19
3244,1135,1,4,Enjoyed it quite a bit. Solid writing and interesting ideas.,24-01-2024 22:57
838,2753,2,3,Neither great nor terrible. Passes the time.,07-11-2023 17:20
868,700,1,3,Neither great nor terrible. Passes the time.,14-03-2023 20:36
886,1974,3,3,Average. Had its moments but failed to really engage me.,25-08-2022 16:59
3731,456,4,2,Overrated. I did not enjoy the characters at all.,22-09-2022 12:20
2193,754,2,3,Average. Had its moments but failed to really engage me.,16-03-2020 10:23
3965,1874,1,5,This book changed the way I think. A must-read for everyone.,09-01-2024 11:09
1095,1287,1,3,Decent read. Not my favourite but not bad either.,22-08-2023 06:41
524,559,5,4,"Good book, though the ending felt a little rushed.",01-07-2021 19:22
4160,25,3,3,Neither great nor terrible. Passes the time.,10-08-2024 08:49
892,704,37,3,Had potential but did not quite deliver on its promise.,25-12-2024 12:42
2072,1229,2,5,Perfect blend of story and insight. Will read again.,10-05-2023 08:40
2660,977,36,4,Pleasant read. Nothing groundbreaking but definitely enjoyable.,04-11-2023 18:22
1198,2568,1,-1,The writing is exceptional and the story gripped me from page one.,15-05-2024 12:06
1339,188,2,2,The plot felt disjointed and the pacing was off throughout.,27-06-2023 16:19
5522,477,1,4,Enjoyed it quite a bit. Solid writing and interesting ideas.,23-03-2022 21:08
2895,2055,15,5,Beautifully written. The author's style is simply stunning.,12-12-2023 13:34
3225,2707,1,2,The plot felt disjointed and the pacing was off throughout.,31-12-2024 08:59
3141,321,6,2,Not for me. The writing style felt very dated.,26-05-2020 15:28
4747,155,114,4,Pleasant read. Nothing groundbreaking but definitely enjoyable.,13-10-2024 00:47
2543,1793,24,3,Average. Had its moments but failed to really engage me.,13-04-2023 14:58
3518,15,3,4,A very good read overall. Some chapters were slow but worth it.,14-11-2022 07:22
2255,1621,1,4,Above average. Would recommend to fans of the genre.,01-08-2023 20:55
1354,2093,68,5,One of the best reads I have had in years. Highly recommended.,14-06-2024 18:19
3126,1170,5,4,Mostly great. The middle section drags a bit.,16-12-2024 20:11
1352,351,2,3,Decent read. Not my favourite but not bad either.,07-09-2021 11:00
1532,2223,5,3,Average. Had its moments but failed to really engage me.,09-06-2024 07:39
5383,1330,1,4,Enjoyed it quite a bit. Solid writing and interesting ideas.,17-09-2024 15:02
1028,1041,8,4,"Good book, though the ending felt a little rushed.",10-01-2024 18:15
3442,2733,1,3,,07-05-2024 11:36
1894,2348,8,3,Average. Had its moments but failed to really engage me.,28-05-2021 12:33
3504,2541,9,3,"Mixed feelings. Good premise, mediocre execution.",14-01-2021 17:55
817,1835,4,3,"Mixed feelings. Good premise, mediocre execution.",23-06-2023 10:44
2198,208,3,4,A very good read overall. Some chapters were slow but worth it.,25-01-2024 09:58
3942,770,2,4,"Good book, though the ending felt a little rushed.",23-03-2021 00:52
1121,2590,1,3,Neither great nor terrible. Passes the time.,27-02-2020 17:25
13,267,1,5,Exceeded all my expectations. Truly extraordinary.,06-04-2024 22:56
2587,2326,5,5,A masterpiece. Every chapter left me wanting more.,26-12-2024 10:05
186,2053,2,4,"Good book, though the ending felt a little rushed.",07-11-2020 19:19
4521,2613,5,2,Struggled to get through it. The story meanders endlessly.,11-02-2023 11:31
455,2619,1,4,Above average. Would recommend to fans of the genre.,04-12-2024 08:59
5320,660,3,4,Pleasant read. Nothing groundbreaking but definitely enjoyable.,13-12-2023 11:07
5476,514,13,4,Mostly great. The middle section drags a bit.,17-04-2024 17:25
1503,2057,2,4,Liked it. The first half is stronger than the second.,01-03-2024 08:14
2698,627,3,4,Pleasant read. Nothing groundbreaking but definitely enjoyable.,21-10-2021 17:44
1694,1111,1,4,Enjoyed it quite a bit. Solid writing and interesting ideas.,05-10-2024 19:24
3152,640,9,3,It was okay. The hype around this book is a bit overstated.,17-10-2024 17:50
3559,1186,7,4,Enjoyed it quite a bit. Solid writing and interesting ideas.,21-01-2024 13:03
545,819,29,5,Perfect blend of story and insight. Will read again.,18-06-2023 15:43
4975,849,2,4,Above average. Would recommend to fans of the genre.,01-06-2024 19:38
2659,390,2,2,Not for me. The writing style felt very dated.,26-07-2022 14:28
3318,829,9,4,"Good book, though the ending felt a little rushed.",14-01-2023 20:56
5387,760,4,4,Liked it. The first half is stronger than the second.,23-06-2021 11:43
3695,1499,1,5,Beautifully written. The author's style is simply stunning.,12-04-2021 12:52
3534,344,3,3,It was okay. The hype around this book is a bit overstated.,13-01-2024 11:30
4949,1505,10,4,Well-written and engaging. A few plot holes but forgivable.,29-05-2024 15:14
688,93,1,5,One of the best reads I have had in years. Highly recommended.,22-10-2020 18:49
3545,1487,2,4,"Good book, though the ending felt a little rushed.",01-06-2024 21:22
4563,653,10,4,Above average. Would recommend to fans of the genre.,12-02-2024 19:22
29,885,1,3,"Some interesting parts, but overall felt underwhelming.",19-03-2020 10:45
2718,502,29,5,The writing is exceptional and the story gripped me from page one.,15-12-2020 21:12
1679,2530,4,3,Neither great nor terrible. Passes the time.,06-05-2024 22:24
5326,2425,8,3,Neither great nor terrible. Passes the time.,30-10-2024 13:53
76,2399,1,5,Brilliant narrative. The characters feel genuinely real.,08-02-2023 20:30
1595,209,2,4,Liked it. The first half is stronger than the second.,25-09-2024 11:19
4586,1376,1,4,Pleasant read. Nothing groundbreaking but definitely enjoyable.,23-10-2024 19:36
4267,2495,2,4,A very good read overall. Some chapters were slow but worth it.,06-03-2023 08:23
1534,951,1,5,Exceeded all my expectations. Truly extraordinary.,12-07-2024 20:09
3613,155,4,3,"Mixed feelings. Good premise, mediocre execution.",18-09-2024 04:55
4223,272,4,3,,19-05-2023 18:14
50,1132,1,4,Liked it. The first half is stronger than the second.,09-10-2023 11:25
4698,1262,3,4,Mostly great. The middle section drags a bit.,31-12-2024 04:51
4806,914,1,4,"Good book, though the ending felt a little rushed.",26-10-2023 06:49
1901,948,26,5,The writing is exceptional and the story gripped me from page one.,18-08-2022 17:49
3365,1418,7,4,Well-written and engaging. A few plot holes but forgivable.,19-11-2022 09:30
2478,480,3,4,Pleasant read. Nothing groundbreaking but definitely enjoyable.,31-05-2023 14:59
2237,280,1,7,A very good read overall. Some chapters were slow but worth it.,15-01-2023 17:28
1742,1388,1,6,"Some interesting parts, but overall felt underwhelming.",10-02-2024 18:10
4612,2328,83,5,A masterpiece. Every chapter left me wanting more.,28-11-2024 09:01
431,384,1,4,Well-written and engaging. A few plot holes but forgivable.,12-01-2024 13:15
3474,704,4,4,"Good book, though the ending felt a little rushed.",17-11-2024 18:16
2559,769,2,5,One of the best reads I have had in years. Highly recommended.,31-12-2024 14:17
5362,1014,2,4,,31-08-2023 20:21
924,1357,1,5,Absolutely loved this book — couldn't put it down!,28-12-2023 18:29
3674,2692,6,3,"Some interesting parts, but overall felt underwhelming.",08-07-2024 09:20
5144,2112,8,3,It was okay. The hype around this book is a bit overstated.,26-08-2021 10:01
3685,1028,3,4,,03-07-2021 07:48
20,1046,1,3,Average. Had its moments but failed to really engage me.,07-01-2024 23:41
4979,1395,1,5,A masterpiece. Every chapter left me wanting more.,31-10-2024 06:07
5039,1656,50,5,A masterpiece. Every chapter left me wanting more.,29-08-2024 19:41
3774,1701,23,4,,31-12-2024 09:13
4097,418,3,4,Well-written and engaging. A few plot holes but forgivable.,28-05-2024 18:23
4647,955,4,2,Not for me. The writing style felt very dated.,08-10-2023 14:08
1332,1097,6,3,"Some interesting parts, but overall felt underwhelming.",11-11-2021 14:40
4981,498,59,5,Brilliant narrative. The characters feel genuinely real.,13-05-2021 19:09
1821,923,5,3,It was okay. The hype around this book is a bit overstated.,18-07-2023 07:52
611,577,5,2,Struggled to get through it. The story meanders endlessly.,19-12-2024 07:15
876,164,7,4,Pleasant read. Nothing groundbreaking but definitely enjoyable.,10-07-2024 13:00
754,720,3,3,,01-09-2023 09:53
1714,1021,2,3,Decent read. Not my favourite but not bad either.,18-12-2024 17:54
2103,523,21,3,It was okay. The hype around this book is a bit overstated.,15-03-2022 17:27
470,486,5,3,Decent read. Not my favourite but not bad either.,13-09-2024 18:24
206,2126,2,4,Mostly great. The middle section drags a bit.,07-11-2024 12:57
2322,864,2,4,Mostly great. The middle section drags a bit.,19-12-2022 12:41
771,582,1,4,Above average. Would recommend to fans of the genre.,31-10-2023 16:51
3395,1451,2,5,I finished this in two sittings. Absolutely riveting.,05-12-2023 22:57
5465,1182,2,4,Above average. Would recommend to fans of the genre.,16-01-2024 16:57
1869,1328,40,4,Above average. Would recommend to fans of the genre.,31-12-2024 13:42
1672,1797,12,5,Brilliant narrative. The characters feel genuinely real.,02-08-2024 09:30
4997,875,2,3,"Mixed feelings. Good premise, mediocre execution.",04-05-2024 14:23
1002,739,1,5,Absolutely loved this book — couldn't put it down!,23-08-2022 18:34
1872,2252,2,4,Mostly great. The middle section drags a bit.,14-10-2024 11:23
2706,277,5,4,Above average. Would recommend to fans of the genre.,31-08-2023 04:36
4935,1935,8,3,,18-02-2023 20:29
2473,1447,7,5,,28-08-2023 08:56
3007,2460,1,4,Liked it. The first half is stronger than the second.,16-12-2024 19:51
4087,1047,15,5,Absolutely loved this book — couldn't put it down!,19-11-2023 16:31
4714,1388,8,2,,17-02-2023 08:09
5449,2315,22,3,"Mixed feelings. Good premise, mediocre execution.",28-12-2023 21:33
1106,2112,1,3,Decent read. Not my favourite but not bad either.,02-11-2021 11:07
3169,2444,3,4,Mostly great. The middle section drags a bit.,29-11-2023 13:51
5131,670,4,2,Would not recommend. Too slow and the payoff was not worth it.,02-11-2024 21:49
3180,563,24,4,Liked it. The first half is stronger than the second.,12-07-2020 00:40
53,615,3,4,Above average. Would recommend to fans of the genre.,20-07-2024 07:21
35,1257,1,4,Liked it. The first half is stronger than the second.,15-09-2023 10:02
3592,1792,1,4,,19-03-2021 17:41
1541,2372,16,3,Neither great nor terrible. Passes the time.,19-02-2024 19:36
2701,1314,1,3,Decent read. Not my favourite but not bad either.,21-02-2021 17:04
5397,1207,5,3,Neither great nor terrible. Passes the time.,25-05-2021 06:07
2803,1198,2,4,Pleasant read. Nothing groundbreaking but definitely enjoyable.,19-08-2024 09:20
2790,1260,5,3,Decent read. Not my favourite but not bad either.,31-12-2024 17:00
1433,1405,2,5,One of the best reads I have had in years. Highly recommended.,04-07-2023 19:19
1617,1284,1,5,A masterpiece. Every chapter left me wanting more.,25-09-2021 13:01
193,1814,1,5,,05-07-2023 19:18
4291,2022,2,2,Disappointed. Expected much more based on the reviews.,14-12-2023 18:38
1432,2294,2,4,Well-written and engaging. A few plot holes but forgivable.,04-10-2023 21:55
3851,1285,83,5,Absolutely loved this book — couldn't put it down!,31-12-2024 19:18
809,2180,22,3,Decent read. Not my favourite but not bad either.,06-10-2023 17:43
34,2350,19,3,It was okay. The hype around this book is a bit overstated.,05-09-2024 13:39
1684,1031,11,5,One of the best reads I have had in years. Highly recommended.,19-04-2024 17:42
4782,1895,4,4,Enjoyed it quite a bit. Solid writing and interesting ideas.,23-11-2023 08:24
5363,2684,2,4,Enjoyed it quite a bit. Solid writing and interesting ideas.,04-10-2021 10:04
87,368,5,3,"Mixed feelings. Good premise, mediocre execution.",20-08-2023 19:09
5056,2541,5,3,Decent read. Not my favourite but not bad either.,16-11-2023 16:04
1932,2800,3,4,,21-07-2023 20:39
3961,2770,1,5,Beautifully written. The author's style is simply stunning.,15-01-2023 09:05
3081,1580,30,3,,31-12-2024 16:51
1682,2030,9,3,,17-04-2024 17:39
5468,1369,12,4,Above average. Would recommend to fans of the genre.,13-10-2024 05:31
3800,1571,1,5,Exceeded all my expectations. Truly extraordinary.,08-07-2024 19:18
2754,2655,1,2,Overrated. I did not enjoy the characters at all.,22-12-2022 11:45
704,1610,1,4,A very good read overall. Some chapters were slow but worth it.,08-04-2024 10:59
592,2298,1,3,Average. Had its moments but failed to really engage me.,17-11-2020 08:41
3819,2179,3,4,,13-11-2023 22:38
2413,122,13,3,Neither great nor terrible. Passes the time.,13-09-2023 17:47
4294,2096,1,3,"Mixed feelings. Good premise, mediocre execution.",18-09-2024 07:45
2767,1219,28,3,It was okay. The hype around this book is a bit overstated.,07-02-2023 22:16
2355,1165,2,3,"Mixed feelings. Good premise, mediocre execution.",17-10-2023 18:41
4247,974,85,4,Liked it. The first half is stronger than the second.,08-02-2023 15:56
3732,1478,3,4,"Good book, though the ending felt a little rushed.",06-07-2024 19:29
2518,2181,99,5,Beautifully written. The author's style is simply stunning.,05-07-2024 17:01
1038,402,4,3,"Some interesting parts, but overall felt underwhelming.",11-01-2022 15:37
2684,1004,13,2,,07-09-2023 20:08
2014,796,1,2,Struggled to get through it. The story meanders endlessly.,07-11-2024 21:54
2106,960,4,2,Not for me. The writing style felt very dated.,29-06-2021 03:42
4974,2298,2,4,,01-10-2022 21:11
952,798,1,3,Decent read. Not my favourite but not bad either.,22-11-2020 09:52
790,1566,2,4,"Good book, though the ending felt a little rushed.",15-10-2023 10:30
801,666,32,3,"Mixed feelings. Good premise, mediocre execution.",04-02-2023 17:33
5287,826,7,4,A very good read overall. Some chapters were slow but worth it.,09-10-2024 18:02
3686,252,2,2,The plot felt disjointed and the pacing was off throughout.,03-02-2023 22:05
5203,2679,3,3,Average. Had its moments but failed to really engage me.,18-11-2023 10:53
5273,2625,3,5,Perfect blend of story and insight. Will read again.,01-01-2023 13:46
1757,1750,16,3,Neither great nor terrible. Passes the time.,04-10-2022 15:26
183,665,8,3,Neither great nor terrible. Passes the time.,28-05-2021 06:28
288,1698,3,3,"Some interesting parts, but overall felt underwhelming.",18-10-2024 20:44
4241,2375,6,3,Neither great nor terrible. Passes the time.,19-08-2024 08:39
1777,1932,3,2,The plot felt disjointed and the pacing was off throughout.,11-02-2021 18:02
2997,1792,6,2,Would not recommend. Too slow and the payoff was not worth it.,10-11-2020 07:17
4177,1677,3,4,"Good book, though the ending felt a little rushed.",16-11-2024 18:53
4335,2197,42,3,It was okay. The hype around this book is a bit overstated.,26-09-2023 09:23
1142,2207,1,4,Above average. Would recommend to fans of the genre.,29-05-2024 08:54
5165,2175,6,2,Overrated. I did not enjoy the characters at all.,20-09-2022 12:31
3057,2615,1,2,Not for me. The writing style felt very dated.,10-03-2021 18:42
4911,126,1,4,Above average. Would recommend to fans of the genre.,10-06-2022 11:42
1228,740,17,5,Absolutely loved this book — couldn't put it down!,20-08-2024 11:39
1084,256,9,4,A very good read overall. Some chapters were slow but worth it.,22-03-2022 13:18
1671,2428,3,4,Enjoyed it quite a bit. Solid writing and interesting ideas.,26-10-2024 09:52
3880,220,2,4,Well-written and engaging. A few plot holes but forgivable.,10-01-2023 18:06
3677,242,9,3,Neither great nor terrible. Passes the time.,27-12-2023 18:56
2817,1545,26,2,Overrated. I did not enjoy the characters at all.,14-01-2024 18:35
2867,496,23,5,This book changed the way I think. A must-read for everyone.,08-05-2022 20:30
4356,1380,52,3,Neither great nor terrible. Passes the time.,31-05-2023 19:31
2661,2548,3,3,It was okay. The hype around this book is a bit overstated.,11-11-2021 12:45
208,2668,1,4,"Good book, though the ending felt a little rushed.",04-10-2023 23:49
987,98,7,4,Pleasant read. Nothing groundbreaking but definitely enjoyable.,28-09-2024 17:51
4733,1099,2,4,Well-written and engaging. A few plot holes but forgivable.,17-02-2024 08:10
1855,1398,2,4,Pleasant read. Nothing groundbreaking but definitely enjoyable.,26-08-2024 12:50
4068,15,5,3,Decent read. Not my favourite but not bad either.,20-02-2024 17:19
4482,2635,2,3,"Some interesting parts, but overall felt underwhelming.",20-07-2021 16:16
4674,2473,1,3,"Mixed feelings. Good premise, mediocre execution.",06-06-2022 10:37
1788,26,2,5,Absolutely loved this book — couldn't put it down!,23-06-2022 18:47
3313,1918,2,5,A masterpiece. Every chapter left me wanting more.,17-09-2023 06:20
945,1209,6,1,Do not waste your money on this.,30-07-2023 14:28
5302,765,180,3,"Mixed feelings. Good premise, mediocre execution.",31-12-2024 11:25
4976,1701,7,3,,18-04-2023 10:57
1581,2046,1,4,Above average. Would recommend to fans of the genre.,10-04-2023 15:50
4321,2670,2,4,Well-written and engaging. A few plot holes but forgivable.,19-11-2024 17:29
4459,2592,1,3,Average. Had its moments but failed to really engage me.,08-04-2024 18:50
4150,1644,1,5,Beautifully written. The author's style is simply stunning.,05-12-2021 22:22
1614,1832,13,4,"Good book, though the ending felt a little rushed.",11-12-2024 10:32
951,2531,35,3,It was okay. The hype around this book is a bit overstated.,19-06-2024 10:09
3629,472,30,2,Struggled to get through it. The story meanders endlessly.,11-08-2022 13:14
5084,147,27,5,A masterpiece. Every chapter left me wanting more.,22-05-2020 11:15
2738,1455,5,4,Above average. Would recommend to fans of the genre.,21-11-2023 18:55
3564,2533,1,5,One of the best reads I have had in years. Highly recommended.,26-05-2024 18:05
5207,2466,1,4,Liked it. The first half is stronger than the second.,06-12-2024 18:27
2421,433,3,3,"Mixed feelings. Good premise, mediocre execution.",22-12-2021 15:54
2140,735,2,5,This book changed the way I think. A must-read for everyone.,10-07-2024 23:20
2163,1919,1,5,This book changed the way I think. A must-read for everyone.,03-12-2020 19:07
2397,1895,11,4,Above average. Would recommend to fans of the genre.,08-08-2024 10:28
1798,2146,12,5,Perfect blend of story and insight. Will read again.,04-01-2021 21:45
1153,1695,1,3,Had potential but did not quite deliver on its promise.,31-12-2024 20:09
4065,2032,2,3,"Some interesting parts, but overall felt underwhelming.",21-11-2023 16:41
2924,1357,30,3,"Mixed feelings. Good premise, mediocre execution.",14-11-2023 13:28
2306,1880,17,3,Had potential but did not quite deliver on its promise.,10-12-2023 11:38
4208,1728,68,4,A very good read overall. Some chapters were slow but worth it.,17-01-2023 18:55
1781,205,2,4,Mostly great. The middle section drags a bit.,05-08-2024 11:56
3618,1709,58,4,Mostly great. The middle section drags a bit.,09-06-2023 12:20
693,982,8,3,,10-05-2022 22:20
4594,837,1,3,"Some interesting parts, but overall felt underwhelming.",21-10-2023 01:31
267,1168,1,4,Pleasant read. Nothing groundbreaking but definitely enjoyable.,28-08-2024 18:39
2431,604,9,4,Above average. Would recommend to fans of the genre.,12-10-2020 19:04
4720,2206,2,5,Exceeded all my expectations. Truly extraordinary.,03-04-2022 17:40
932,2048,3,5,This book changed the way I think. A must-read for everyone.,19-05-2024 20:55
1560,2122,4,2,Not for me. The writing style felt very dated.,09-10-2024 12:10
2235,219,1,4,"Good book, though the ending felt a little rushed.",28-11-2023 18:52
3825,895,3,3,Neither great nor terrible. Passes the time.,11-02-2024 09:47
192,770,4,3,Neither great nor terrible. Passes the time.,31-01-2024 07:55
1422,1991,3,2,Would not recommend. Too slow and the payoff was not worth it.,23-10-2021 03:50
5544,2197,1,5,A masterpiece. Every chapter left me wanting more.,17-05-2023 08:40
553,2567,1,3,Decent read. Not my favourite but not bad either.,29-10-2024 19:48
1446,92,2,3,It was okay. The hype around this book is a bit overstated.,29-11-2023 13:52
2724,1450,2,5,Perfect blend of story and insight. Will read again.,13-12-2024 06:45
1144,302,4,4,"Good book, though the ending felt a little rushed.",27-12-2024 11:08
4434,210,8,4,Above average. Would recommend to fans of the genre.,29-03-2024 22:37
4351,2154,26,3,Average. Had its moments but failed to really engage me.,19-02-2024 19:23
2791,2092,2,5,A masterpiece. Every chapter left me wanting more.,03-11-2022 13:40
5113,169,1,3,Neither great nor terrible. Passes the time.,02-02-2021 10:16
3640,2326,1,5,Absolutely loved this book — couldn't put it down!,25-11-2024 11:22
1034,10,2,4,Well-written and engaging. A few plot holes but forgivable.,03-09-2023 23:54
5492,2147,1,3,Decent read. Not my favourite but not bad either.,06-04-2023 12:35
469,2148,2,5,I finished this in two sittings. Absolutely riveting.,19-08-2021 14:30
2880,589,41,4,Liked it. The first half is stronger than the second.,28-10-2024 17:08
2955,1275,1,4,Above average. Would recommend to fans of the genre.,12-08-2021 08:57
4254,2005,4,4,Pleasant read. Nothing groundbreaking but definitely enjoyable.,10-02-2024 15:21
3379,1787,2,3,,12-05-2024 17:28
5367,1656,3,3,Had potential but did not quite deliver on its promise.,27-10-2024 19:32
928,1482,20,3,Average. Had its moments but failed to really engage me.,31-10-2024 15:34
377,1713,9,4,"Good book, though the ending felt a little rushed.",19-08-2021 19:09
1125,540,1,4,Enjoyed it quite a bit. Solid writing and interesting ideas.,19-10-2024 17:37
939,959,4,5,Brilliant narrative. The characters feel genuinely real.,29-02-2024 18:56
999,1635,1,5,Absolutely loved this book — couldn't put it down!,10-08-2023 11:11
1000,700,2,5,Exceeded all my expectations. Truly extraordinary.,28-03-2024 09:49
4290,2185,60,3,"Mixed feelings. Good premise, mediocre execution.",22-11-2022 21:25
2003,560,127,3,Had potential but did not quite deliver on its promise.,24-11-2024 10:38
4324,416,1,5,Brilliant narrative. The characters feel genuinely real.,16-04-2024 21:20
317,1410,2,3,Had potential but did not quite deliver on its promise.,25-06-2021 17:39
190,1281,1,4,,16-03-2023 01:23
5359,951,4,3,Had potential but did not quite deliver on its promise.,30-07-2024 21:40
5534,1486,119,2,Disappointed. Expected much more based on the reviews.,26-03-2024 13:31
4422,1973,1,4,Enjoyed it quite a bit. Solid writing and interesting ideas.,29-02-2024 11:59
1927,1552,1,3,Decent read. Not my favourite but not bad either.,04-07-2023 08:31
4623,900,5,3,Had potential but did not quite deliver on its promise.,12-10-2020 09:07
2732,518,1,4,Well-written and engaging. A few plot holes but forgivable.,31-03-2024 16:15
4039,1284,15,5,Exceeded all my expectations. Truly extraordinary.,27-10-2021 16:28
1330,341,2,5,Absolutely loved this book — couldn't put it down!,19-09-2024 18:22
4488,2735,4,4,Pleasant read. Nothing groundbreaking but definitely enjoyable.,01-11-2023 14:43
858,2032,17,3,"Mixed feelings. Good premise, mediocre execution.",02-12-2024 13:09
2723,1573,2,2,The plot felt disjointed and the pacing was off throughout.,11-04-2022 09:55
2526,1125,134,3,"Some interesting parts, but overall felt underwhelming.",11-11-2022 20:49
2896,2666,2,4,Mostly great. The middle section drags a bit.,31-12-2024 23:34
4330,304,3,4,Mostly great. The middle section drags a bit.,16-12-2023 21:41
1562,1550,2,4,Liked it. The first half is stronger than the second.,10-03-2023 00:20
5559,61,41,4,Pleasant read. Nothing groundbreaking but definitely enjoyable.,08-06-2024 06:48
3199,415,1,5,This book changed the way I think. A must-read for everyone.,07-12-2023 15:12
1706,1893,3,5,Absolutely loved this book — couldn't put it down!,13-10-2022 20:40
1705,246,6,4,Enjoyed it quite a bit. Solid writing and interesting ideas.,30-09-2024 11:50
4477,2104,1,4,Liked it. The first half is stronger than the second.,13-09-2024 01:37
1424,2359,1,4,Enjoyed it quite a bit. Solid writing and interesting ideas.,09-11-2022 12:53
970,2121,1,4,Mostly great. The middle section drags a bit.,04-01-2024 14:25
1322,719,3,0,Enjoyed it quite a bit. Solid writing and interesting ideas.,26-12-2023 15:27
5350,1944,10,4,Pleasant read. Nothing groundbreaking but definitely enjoyable.,25-08-2023 11:04
3237,1842,3,5,Exceeded all my expectations. Truly extraordinary.,06-06-2024 08:01
759,730,1,5,I finished this in two sittings. Absolutely riveting.,03-01-2024 16:19
1964,18,16,5,Exceeded all my expectations. Truly extraordinary.,05-12-2023 22:17
979,163,1,4,Well-written and engaging. A few plot holes but forgivable.,01-10-2021 14:57
2339,2554,9,4,Liked it. The first half is stronger than the second.,11-03-2022 18:57
5357,651,1,3,"Some interesting parts, but overall felt underwhelming.",06-06-2024 10:31
459,2622,8,4,Pleasant read. Nothing groundbreaking but definitely enjoyable.,23-01-2024 21:59
58,2059,2,5,One of the best reads I have had in years. Highly recommended.,28-10-2022 23:12
5526,1412,15,4,A very good read overall. Some chapters were slow but worth it.,03-07-2024 07:36
4871,918,1,3,"Mixed feelings. Good premise, mediocre execution.",21-11-2022 13:25
1461,1705,40,3,Neither great nor terrible. Passes the time.,02-11-2024 15:00
4762,2074,80,4,Liked it. The first half is stronger than the second.,20-05-2024 11:39
1123,824,9,4,Well-written and engaging. A few plot holes but forgivable.,27-12-2023 12:40
3291,2057,53,4,Pleasant read. Nothing groundbreaking but definitely enjoyable.,25-04-2021 14:47
1278,1390,9,4,Liked it. The first half is stronger than the second.,19-11-2024 14:24
1840,316,3,3,Had potential but did not quite deliver on its promise.,11-01-2024 16:34
2844,1305,3,2,The plot felt disjointed and the pacing was off throughout.,17-11-2023 00:52
2201,737,6,3,"Mixed feelings. Good premise, mediocre execution.",10-08-2021 20:36
1579,1133,2,5,Beautifully written. The author's style is simply stunning.,02-01-2024 14:05
2233,1690,3,4,A very good read overall. Some chapters were slow but worth it.,07-09-2024 11:08
4966,1941,102,1,One of the worst books I have read. No coherent plot.,24-11-2024 10:18
2699,683,4,3,It was okay. The hype around this book is a bit overstated.,14-03-2022 19:28
2361,370,1,3,,14-11-2024 20:24
4182,1887,7,4,"Good book, though the ending felt a little rushed.",07-11-2024 07:52
4958,2425,30,3,It was okay. The hype around this book is a bit overstated.,19-12-2022 17:47
5216,348,4,6,Pleasant read. Nothing groundbreaking but definitely enjoyable.,20-04-2023 19:08
994,737,3,3,It was okay. The hype around this book is a bit overstated.,27-07-2022 07:50
1880,2571,26,4,Enjoyed it quite a bit. Solid writing and interesting ideas.,14-07-2022 08:14
4064,2087,1,4,Well-written and engaging. A few plot holes but forgivable.,31-01-2022 17:01
5262,613,4,3,It was okay. The hype around this book is a bit overstated.,29-12-2022 19:01
4472,111,13,3,,08-06-2024 20:36
218,1135,6,3,Decent read. Not my favourite but not bad either.,04-11-2024 21:27
3857,751,1,3,"Mixed feelings. Good premise, mediocre execution.",21-10-2024 08:24
3167,180,75,4,Above average. Would recommend to fans of the genre.,31-12-2024 19:50
2249,556,22,4,"Good book, though the ending felt a little rushed.",09-12-2022 17:09
5187,2113,6,3,Average. Had its moments but failed to really engage me.,15-06-2021 22:08
1317,2196,8,4,Mostly great. The middle section drags a bit.,23-10-2024 07:46
4777,1200,2,5,Exceeded all my expectations. Truly extraordinary.,21-09-2021 11:56
5430,2011,37,3,Decent read. Not my favourite but not bad either.,16-11-2022 22:23
1728,2429,10,4,Pleasant read. Nothing groundbreaking but definitely enjoyable.,14-11-2024 20:18
3189,2070,2,4,,19-05-2022 21:32
4198,168,1,4,"Good book, though the ending felt a little rushed.",27-10-2023 08:21
2648,2074,1,4,Above average. Would recommend to fans of the genre.,20-06-2024 16:04
1103,834,1,5,A masterpiece. Every chapter left me wanting more.,05-03-2023 08:26
1396,622,4,3,Decent read. Not my favourite but not bad either.,25-09-2023 08:10
4642,1600,1,4,,13-06-2024 15:37
1057,265,10,4,"Good book, though the ending felt a little rushed.",06-06-2021 14:46
4694,1707,17,4,"Good book, though the ending felt a little rushed.",05-07-2024 12:09
3918,1372,1,3,It was okay. The hype around this book is a bit overstated.,10-05-2023 17:35
4057,2158,2,4,"Good book, though the ending felt a little rushed.",05-02-2021 12:12
485,1649,3,4,Above average. Would recommend to fans of the genre.,16-04-2022 20:25
4062,1976,1,4,Enjoyed it quite a bit. Solid writing and interesting ideas.,22-06-2022 18:46
1551,2175,1,3,Decent read. Not my favourite but not bad either.,26-10-2021 12:02
1006,1087,1,5,Absolutely loved this book — couldn't put it down!,11-12-2024 11:21
2143,643,1,3,,03-09-2021 16:46
1284,2163,1,4,Above average. Would recommend to fans of the genre.,13-08-2024 18:11
2041,1732,4,4,Enjoyed it quite a bit. Solid writing and interesting ideas.,03-05-2024 12:30
1749,2560,3,3,Neither great nor terrible. Passes the time.,20-09-2024 13:03
3473,2662,5,5,Exceeded all my expectations. Truly extraordinary.,27-07-2023 21:58
2346,1901,10,4,"Good book, though the ending felt a little rushed.",17-10-2023 19:51
4452,1638,4,4,Enjoyed it quite a bit. Solid writing and interesting ideas.,15-11-2024 16:36
4080,1325,41,5,The writing is exceptional and the story gripped me from page one.,15-10-2022 17:36
407,997,6,2,Overrated. I did not enjoy the characters at all.,30-09-2023 20:23
4681,1293,1,3,Average. Had its moments but failed to really engage me.,02-12-2024 20:21
1698,1602,3,4,Enjoyed it quite a bit. Solid writing and interesting ideas.,17-03-2022 14:12
4701,1979,29,5,I finished this in two sittings. Absolutely riveting.,03-11-2021 11:52
2595,2365,1,3,Neither great nor terrible. Passes the time.,20-11-2024 17:10
188,331,10,3,Neither great nor terrible. Passes the time.,05-07-2024 13:25
645,1774,1,3,"Some interesting parts, but overall felt underwhelming.",12-08-2020 19:13
2772,2399,5,4,Enjoyed it quite a bit. Solid writing and interesting ideas.,29-03-2021 16:55
1770,898,1,3,"Mixed feelings. Good premise, mediocre execution.",08-06-2022 13:59
4662,1455,105,5,Exceeded all my expectations. Truly extraordinary.,13-06-2024 18:20
4813,1624,6,4,Enjoyed it quite a bit. Solid writing and interesting ideas.,11-09-2024 18:24
3374,2283,68,2,Overrated. I did not enjoy the characters at all.,28-11-2023 15:20
5,1071,3,3,Neither great nor terrible. Passes the time.,06-11-2024 13:06
203,268,1,3,Had potential but did not quite deliver on its promise.,28-10-2024 20:27
3664,1832,6,2,,02-12-2021 22:44
3480,351,1,4,"Good book, though the ending felt a little rushed.",25-03-2024 16:51
4948,2667,123,4,"Good book, though the ending felt a little rushed.",27-09-2024 20:34
5591,230,3,5,I finished this in two sittings. Absolutely riveting.,12-11-2023 17:45
589,2685,4,5,Perfect blend of story and insight. Will read again.,11-05-2023 23:22
3475,877,8,4,"Good book, though the ending felt a little rushed.",08-07-2022 12:52
2399,663,4,2,Would not recommend. Too slow and the payoff was not worth it.,19-09-2023 21:18
568,107,8,4,"Good book, though the ending felt a little rushed.",21-06-2024 08:00
1496,2439,1,3,"Mixed feelings. Good premise, mediocre execution.",13-08-2024 19:47
1986,509,3,3,Average. Had its moments but failed to really engage me.,19-12-2022 17:52
2354,1898,1,3,It was okay. The hype around this book is a bit overstated.,19-01-2022 08:18
5474,1745,53,5,Exceeded all my expectations. Truly extraordinary.,05-05-2024 15:20
5074,1700,56,5,Absolutely loved this book — couldn't put it down!,31-12-2024 08:23
5126,148,1,5,This book changed the way I think. A must-read for everyone.,15-08-2023 19:54
486,1436,3,4,A very good read overall. Some chapters were slow but worth it.,06-11-2020 11:07
2222,1882,17,3,Decent read. Not my favourite but not bad either.,18-12-2023 12:56
555,2539,4,2,Would not recommend. Too slow and the payoff was not worth it.,27-10-2024 14:04
4699,735,3,4,Enjoyed it quite a bit. Solid writing and interesting ideas.,11-11-2024 13:29
282,2307,2,5,This book changed the way I think. A must-read for everyone.,14-03-2021 15:09
3750,978,15,5,Exceeded all my expectations. Truly extraordinary.,14-09-2024 16:31
1582,2269,2,4,Above average. Would recommend to fans of the genre.,21-10-2024 19:56
1972,364,3,4,Above average. Would recommend to fans of the genre.,26-02-2023 07:34
23,1508,5,0,Not for me. The writing style felt very dated.,18-04-2021 06:59
745,2501,6,3,Average. Had its moments but failed to really engage me.,14-10-2023 19:37
3101,2163,2,4,A very good read overall. Some chapters were slow but worth it.,28-04-2024 17:12
684,362,1,5,I finished this in two sittings. Absolutely riveting.,24-01-2023 15:47
1350,825,5,4,Mostly great. The middle section drags a bit.,27-08-2024 18:40
1808,1193,29,4,Liked it. The first half is stronger than the second.,21-09-2023 14:08
4867,2312,1,4,Mostly great. The middle section drags a bit.,15-10-2023 16:49
3839,926,8,3,"Some interesting parts, but overall felt underwhelming.",02-08-2023 17:32
3661,2530,1,5,A masterpiece. Every chapter left me wanting more.,24-07-2024 11:24
2243,772,2,5,Exceeded all my expectations. Truly extraordinary.,11-05-2024 12:31
4741,528,2,3,It was okay. The hype around this book is a bit overstated.,05-06-2023 13:34
5031,736,6,4,Pleasant read. Nothing groundbreaking but definitely enjoyable.,26-11-2023 21:20
3053,1440,6,2,Overrated. I did not enjoy the characters at all.,11-02-2024 09:39
3720,1316,7,5,I finished this in two sittings. Absolutely riveting.,13-05-2022 11:02
2739,2146,70,5,Perfect blend of story and insight. Will read again.,20-10-2023 20:50
298,181,13,3,,09-06-2024 11:53
1378,2723,1,5,,17-02-2023 12:10
898,611,1,5,Brilliant narrative. The characters feel genuinely real.,25-10-2024 17:55
5301,195,2,5,Absolutely loved this book — couldn't put it down!,24-12-2023 12:43
3900,1778,1,4,"Good book, though the ending felt a little rushed.",10-05-2024 17:04
5024,28,4,2,The plot felt disjointed and the pacing was off throughout.,24-08-2024 18:52
3229,1810,1,4,Liked it. The first half is stronger than the second.,12-07-2021 08:40
1403,641,1,3,Neither great nor terrible. Passes the time.,05-12-2021 09:18
616,857,1,4,Enjoyed it quite a bit. Solid writing and interesting ideas.,08-05-2024 14:52
3090,323,8,4,A very good read overall. Some chapters were slow but worth it.,21-07-2023 08:48
4509,1697,14,5,A masterpiece. Every chapter left me wanting more.,09-03-2021 17:00
2060,359,1,4,A very good read overall. Some chapters were slow but worth it.,31-12-2024 18:48
5469,582,2,4,Well-written and engaging. A few plot holes but forgivable.,16-09-2023 19:59
2574,1640,2,3,"Some interesting parts, but overall felt underwhelming.",06-08-2022 20:34
749,1152,13,4,A very good read overall. Some chapters were slow but worth it.,18-04-2023 06:07
2923,1889,6,1,Gave up halfway. The writing is unbearable.,03-04-2022 21:40
835,2030,56,4,A very good read overall. Some chapters were slow but worth it.,11-08-2023 07:12
4364,602,59,3,,04-10-2020 18:05
150,2635,1,3,Had potential but did not quite deliver on its promise.,04-08-2024 10:10
3466,1900,3,3,"Mixed feelings. Good premise, mediocre execution.",11-04-2021 07:19
4021,2498,1,4,A very good read overall. Some chapters were slow but worth it.,16-05-2023 14:16
5096,2676,5,5,Exceeded all my expectations. Truly extraordinary.,06-08-2024 14:58
2064,1578,1,3,"Mixed feelings. Good premise, mediocre execution.",08-08-2023 12:29
2932,818,3,7,It was okay. The hype around this book is a bit overstated.,15-02-2024 17:47
752,883,68,5,,05-03-2024 13:04
4657,1580,2,3,Neither great nor terrible. Passes the time.,16-10-2024 09:35
2357,971,23,4,Well-written and engaging. A few plot holes but forgivable.,15-09-2023 11:19
2030,2379,1,3,Average. Had its moments but failed to really engage me.,02-11-2024 23:45
4696,2204,1,4,Enjoyed it quite a bit. Solid writing and interesting ideas.,30-07-2023 11:21
3842,554,1,4,,20-01-2024 08:58
3528,326,7,4,Well-written and engaging. A few plot holes but forgivable.,12-11-2023 16:56
721,479,3,4,A very good read overall. Some chapters were slow but worth it.,04-08-2022 14:43
408,2665,11,3,"Mixed feelings. Good premise, mediocre execution.",17-03-2023 17:00
2096,163,2,4,Liked it. The first half is stronger than the second.,22-12-2023 06:55
1675,348,2,3,"Some interesting parts, but overall felt underwhelming.",22-10-2023 17:58
1474,1131,2,5,The writing is exceptional and the story gripped me from page one.,06-05-2024 10:54
2616,2275,1,3,Average. Had its moments but failed to really engage me.,26-12-2023 07:41
4,758,4,3,Had potential but did not quite deliver on its promise.,22-11-2021 21:31
2303,2101,11,5,Absolutely loved this book — couldn't put it down!,11-02-2022 20:19
1919,1422,1,4,Mostly great. The middle section drags a bit.,27-10-2024 00:18
4771,1133,16,3,Neither great nor terrible. Passes the time.,29-04-2021 15:56
2168,654,7,4,,08-10-2021 09:05
4909,434,2,3,Decent read. Not my favourite but not bad either.,24-08-2022 10:35
4444,548,1,5,Perfect blend of story and insight. Will read again.,27-11-2023 11:34
3699,1879,1,4,Above average. Would recommend to fans of the genre.,26-07-2023 15:01
5349,471,10,2,The plot felt disjointed and the pacing was off throughout.,20-10-2022 19:48
1857,723,10,3,Average. Had its moments but failed to really engage me.,07-10-2024 05:39
1689,1575,2,4,Well-written and engaging. A few plot holes but forgivable.,27-10-2023 19:31
772,1060,57,3,Average. Had its moments but failed to really engage me.,17-03-2022 23:56
1151,2332,6,4,Well-written and engaging. A few plot holes but forgivable.,03-08-2024 09:49
3572,1481,2,3,"Some interesting parts, but overall felt underwhelming.",20-07-2024 09:09
3340,2416,2,5,One of the best reads I have had in years. Highly recommended.,17-07-2024 00:47
3541,708,78,4,"Good book, though the ending felt a little rushed.",09-08-2024 22:00
2012,1221,2,4,"Good book, though the ending felt a little rushed.",31-07-2024 17:15
293,716,1,4,Well-written and engaging. A few plot holes but forgivable.,09-01-2023 16:58
5505,984,4,4,A very good read overall. Some chapters were slow but worth it.,18-06-2023 14:40
3069,1425,8,3,Average. Had its moments but failed to really engage me.,13-06-2021 20:23
538,1168,9,2,Disappointed. Expected much more based on the reviews.,15-11-2024 19:55
657,1040,1,7,Well-written and engaging. A few plot holes but forgivable.,30-08-2024 21:36
1486,1024,1,2,Overrated. I did not enjoy the characters at all.,28-06-2023 18:11
2416,144,6,3,Had potential but did not quite deliver on its promise.,21-09-2021 07:33
384,49,7,3,It was okay. The hype around this book is a bit overstated.,17-10-2023 17:14
5137,474,17,4,Enjoyed it quite a bit. Solid writing and interesting ideas.,04-11-2024 17:21
4661,1626,14,5,Exceeded all my expectations. Truly extraordinary.,01-01-2023 10:40
2338,1320,1,4,Pleasant read. Nothing groundbreaking but definitely enjoyable.,06-12-2024 09:03
1666,2172,1,4,Well-written and engaging. A few plot holes but forgivable.,18-12-2020 18:55
1037,253,1,4,Mostly great. The middle section drags a bit.,01-12-2023 08:32
4799,748,9,3,Neither great nor terrible. Passes the time.,05-12-2022 06:14
4961,40,104,3,Neither great nor terrible. Passes the time.,21-12-2023 20:02
4413,729,8,3,Neither great nor terrible. Passes the time.,29-11-2024 07:44
2722,1499,9,3,Neither great nor terrible. Passes the time.,19-05-2022 14:36
5021,1332,1,2,Struggled to get through it. The story meanders endlessly.,26-12-2021 16:52
3739,2485,6,0,Enjoyed it quite a bit. Solid writing and interesting ideas.,25-01-2021 04:00
2916,1705,2,5,Beautifully written. The author's style is simply stunning.,30-06-2020 08:48
3349,1832,35,3,It was okay. The hype around this book is a bit overstated.,26-05-2024 04:18
690,2751,1,4,Above average. Would recommend to fans of the genre.,31-12-2023 19:04
2599,61,6,4,Above average. Would recommend to fans of the genre.,08-08-2023 14:32
3368,240,1,4,Liked it. The first half is stronger than the second.,27-06-2024 16:45
3711,2723,49,0,Neither great nor terrible. Passes the time.,04-07-2024 19:07
4347,872,2,4,A very good read overall. Some chapters were slow but worth it.,01-07-2023 12:46
4040,2036,49,2,Struggled to get through it. The story meanders endlessly.,09-03-2020 17:13
2114,462,4,4,"Good book, though the ending felt a little rushed.",04-12-2024 13:06
1924,297,2,4,,31-12-2024 16:56
1745,2627,1,3,Average. Had its moments but failed to really engage me.,08-09-2023 20:51
1771,230,1,4,"Good book, though the ending felt a little rushed.",16-08-2023 17:13
742,63,3,2,Not for me. The writing style felt very dated.,30-07-2022 05:40
3622,1308,2,4,A very good read overall. Some chapters were slow but worth it.,30-10-2023 12:11
3639,310,23,3,Had potential but did not quite deliver on its promise.,13-01-2024 22:37
867,2298,13,5,The writing is exceptional and the story gripped me from page one.,03-10-2021 04:44
130,1833,1,3,It was okay. The hype around this book is a bit overstated.,28-07-2021 13:46
1192,2228,1,4,,21-10-2024 23:01
3211,2032,10,3,Decent read. Not my favourite but not bad either.,04-01-2024 06:00
2164,769,6,3,It was okay. The hype around this book is a bit overstated.,30-10-2024 17:08
1268,176,1,3,"Mixed feelings. Good premise, mediocre execution.",09-10-2024 20:35
2075,940,25,5,Exceeded all my expectations. Truly extraordinary.,17-03-2023 14:36
2528,2581,3,2,,06-08-2022 20:17
541,468,2,4,Pleasant read. Nothing groundbreaking but definitely enjoyable.,23-07-2024 14:55
3144,436,1,4,Well-written and engaging. A few plot holes but forgivable.,19-10-2024 19:39
3440,2067,1,3,Neither great nor terrible. Passes the time.,04-06-2023 11:38
2985,159,7,4,Liked it. The first half is stronger than the second.,17-09-2023 09:55
2026,705,8,2,Disappointed. Expected much more based on the reviews.,21-11-2022 07:02
3193,2375,1,4,Pleasant read. Nothing groundbreaking but definitely enjoyable.,23-06-2024 16:25
5071,1777,4,4,A very good read overall. Some chapters were slow but worth it.,30-06-2020 17:20
5464,1039,2,2,Struggled to get through it. The story meanders endlessly.,09-04-2020 17:54
5049,422,6,2,Not for me. The writing style felt very dated.,29-08-2024 07:28
467,2255,2,4,Enjoyed it quite a bit. Solid writing and interesting ideas.,16-08-2024 19:13
3391,791,2,5,This book changed the way I think. A must-read for everyone.,24-02-2024 19:55
5537,1654,3,4,A very good read overall. Some chapters were slow but worth it.,03-06-2024 12:51
909,1461,1,4,Pleasant read. Nothing groundbreaking but definitely enjoyable.,02-08-2023 11:34
1390,1955,2,5,This book changed the way I think. A must-read for everyone.,26-12-2023 16:48
4823,667,1,4,Above average. Would recommend to fans of the genre.,11-05-2024 12:20
2129,2405,1,4,Pleasant read. Nothing groundbreaking but definitely enjoyable.,20-04-2023 15:50
4199,2722,31,4,Mostly great. The middle section drags a bit.,05-07-2024 07:32
3111,1397,5,3,Neither great nor terrible. Passes the time.,26-11-2023 12:46
484,801,62,5,Perfect blend of story and insight. Will read again.,11-10-2021 00:12
5456,1790,3,3,"Some interesting parts, but overall felt underwhelming.",11-05-2021 19:16
575,2430,2,5,The writing is exceptional and the story gripped me from page one.,24-12-2024 09:39
3453,2668,7,4,Mostly great. The middle section drags a bit.,04-10-2022 15:29
3038,2646,1,4,Enjoyed it quite a bit. Solid writing and interesting ideas.,13-08-2023 19:37
2436,428,1,3,"Mixed feelings. Good premise, mediocre execution.",29-09-2023 15:20
4108,335,1,4,A very good read overall. Some chapters were slow but worth it.,09-01-2023 12:08
5494,1265,4,2,Would not recommend. Too slow and the payoff was not worth it.,04-05-2020 12:35
2796,891,5,3,Decent read. Not my favourite but not bad either.,21-10-2023 03:14
2285,494,8,2,Not for me. The writing style felt very dated.,26-10-2024 20:30
4075,1340,1,5,Beautifully written. The author's style is simply stunning.,31-12-2024 13:35
3778,1606,14,4,Enjoyed it quite a bit. Solid writing and interesting ideas.,23-11-2022 06:08
4619,2012,29,5,Brilliant narrative. The characters feel genuinely real.,29-06-2023 07:24
4000,295,31,4,Enjoyed it quite a bit. Solid writing and interesting ideas.,26-11-2024 09:13
1561,912,17,5,The writing is exceptional and the story gripped me from page one.,24-06-2023 06:47
5236,344,2,4,"Good book, though the ending felt a little rushed.",21-01-2022 19:37
2539,1787,1,4,Mostly great. The middle section drags a bit.,01-03-2024 06:29
2797,1159,4,2,The plot felt disjointed and the pacing was off throughout.,13-11-2022 20:59
2715,2702,8,1,Gave up halfway. The writing is unbearable.,09-06-2023 13:50
1520,2735,1,3,Average. Had its moments but failed to really engage me.,06-02-2021 12:49
3086,2523,1,4,A very good read overall. Some chapters were slow but worth it.,26-12-2023 12:14
648,376,1,4,"Good book, though the ending felt a little rushed.",13-04-2024 08:16
4255,898,146,4,Well-written and engaging. A few plot holes but forgivable.,06-09-2024 08:04
4331,1140,87,5,Exceeded all my expectations. Truly extraordinary.,04-01-2021 08:45
2993,174,1,4,Well-written and engaging. A few plot holes but forgivable.,08-09-2023 20:52
2672,856,1,4,Mostly great. The middle section drags a bit.,28-09-2024 10:20
4858,1871,1,4,"Good book, though the ending felt a little rushed.",20-08-2021 17:08
5372,1714,1,3,Decent read. Not my favourite but not bad either.,27-10-2024 14:06
3922,1223,13,4,A very good read overall. Some chapters were slow but worth it.,23-05-2023 20:59
2488,921,2,4,Mostly great. The middle section drags a bit.,31-12-2024 17:03
1492,2167,37,3,Neither great nor terrible. Passes the time.,22-09-2021 19:33
1483,818,5,3,Had potential but did not quite deliver on its promise.,31-12-2024 20:36
349,40,1,5,I finished this in two sittings. Absolutely riveting.,16-06-2024 15:29
5460,1203,13,4,Mostly great. The middle section drags a bit.,10-09-2023 11:08
808,437,1,5,One of the best reads I have had in years. Highly recommended.,01-04-2024 17:31
326,1674,1,3,It was okay. The hype around this book is a bit overstated.,22-08-2022 19:48
355,1788,1,3,Average. Had its moments but failed to really engage me.,06-12-2021 17:05
4016,1081,123,4,"Good book, though the ending felt a little rushed.",04-12-2024 21:34
306,303,1,5,Perfect blend of story and insight. Will read again.,07-08-2023 16:29
4843,1515,34,4,Mostly great. The middle section drags a bit.,17-10-2023 22:48
716,1171,1,3,"Mixed feelings. Good premise, mediocre execution.",23-03-2022 14:54
2710,1060,33,3,"Mixed feelings. Good premise, mediocre execution.",18-05-2022 18:59
5455,803,1,5,A masterpiece. Every chapter left me wanting more.,23-05-2024 21:23
2897,2035,2,3,,15-02-2024 11:17
66,1777,5,3,Average. Had its moments but failed to really engage me.,02-12-2023 07:15
4474,153,2,3,Had potential but did not quite deliver on its promise.,12-09-2024 19:56
2946,874,27,3,Decent read. Not my favourite but not bad either.,20-06-2023 13:21
5108,699,3,3,Had potential but did not quite deliver on its promise.,14-10-2024 12:14
4732,80,4,7,"Mixed feelings. Good premise, mediocre execution.",28-01-2024 13:32
1155,2182,1,5,Exceeded all my expectations. Truly extraordinary.,26-02-2024 14:14
2446,2699,3,4,Above average. Would recommend to fans of the genre.,27-11-2024 00:01
629,158,1,4,Liked it. The first half is stronger than the second.,27-12-2024 20:48
3461,1260,1,4,"Good book, though the ending felt a little rushed.",01-08-2024 07:58
4873,704,2,4,Above average. Would recommend to fans of the genre.,31-12-2024 20:06
2597,2375,3,4,,01-04-2024 21:33
1720,248,1,3,Had potential but did not quite deliver on its promise.,14-04-2021 10:52
91,2554,2,5,I finished this in two sittings. Absolutely riveting.,09-12-2022 17:40
2388,1957,3,3,,18-12-2020 17:21
4048,732,21,3,,06-02-2022 14:27
5120,2127,15,3,,09-11-2023 08:54
1892,1192,66,3,Decent read. Not my favourite but not bad either.,14-11-2024 18:00
4549,788,9,3,It was okay. The hype around this book is a bit overstated.,27-10-2023 12:46
4070,2592,8,4,"Good book, though the ending felt a little rushed.",11-11-2023 18:30
4536,2409,2,4,Well-written and engaging. A few plot holes but forgivable.,11-12-2021 22:05
3245,1861,2,4,Liked it. The first half is stronger than the second.,04-05-2023 11:40
1168,2390,3,4,Liked it. The first half is stronger than the second.,01-10-2022 18:07
3411,1428,1,4,A very good read overall. Some chapters were slow but worth it.,01-08-2023 23:54
3689,1579,3,4,"Good book, though the ending felt a little rushed.",07-02-2024 21:13
2663,1914,8,4,Mostly great. The middle section drags a bit.,27-01-2023 20:14
144,1476,13,4,Above average. Would recommend to fans of the genre.,23-05-2024 18:49
3506,1882,47,4,A very good read overall. Some chapters were slow but worth it.,05-08-2024 09:06
315,2603,1,2,Disappointed. Expected much more based on the reviews.,04-12-2023 20:01
3024,2324,23,4,Enjoyed it quite a bit. Solid writing and interesting ideas.,06-12-2022 18:50
3449,254,2,5,A masterpiece. Every chapter left me wanting more.,07-12-2022 22:39
1881,1418,2,5,,13-12-2023 18:40
1620,716,8,4,"Good book, though the ending felt a little rushed.",03-03-2022 17:30
4951,2227,4,4,Pleasant read. Nothing groundbreaking but definitely enjoyable.,16-11-2024 11:27
3168,401,1,2,Would not recommend. Too slow and the payoff was not worth it.,07-12-2022 07:04
2687,2550,1,4,Pleasant read. Nothing groundbreaking but definitely enjoyable.,20-11-2022 16:17
1655,401,5,4,Mostly great. The middle section drags a bit.,26-09-2022 11:08
569,1275,5,2,Would not recommend. Too slow and the payoff was not worth it.,23-09-2020 19:14
991,941,1,5,Exceeded all my expectations. Truly extraordinary.,11-03-2023 06:05
3481,1624,1,4,Liked it. The first half is stronger than the second.,18-02-2024 09:33
4857,1059,3,7,"Mixed feelings. Good premise, mediocre execution.",08-12-2023 09:47
2568,2484,5,4,Mostly great. The middle section drags a bit.,14-01-2024 18:03
4022,2472,2,4,Enjoyed it quite a bit. Solid writing and interesting ideas.,14-10-2022 19:18
290,261,1,4,Above average. Would recommend to fans of the genre.,24-05-2020 10:54
5190,162,2,3,Neither great nor terrible. Passes the time.,21-02-2022 07:52
4700,2686,20,4,,21-12-2024 16:49
2184,852,2,4,Well-written and engaging. A few plot holes but forgivable.,09-09-2024 10:33
4715,2120,182,4,Well-written and engaging. A few plot holes but forgivable.,15-09-2022 20:34
1410,2065,1,5,The writing is exceptional and the story gripped me from page one.,05-08-2021 18:35
1549,735,1,4,Above average. Would recommend to fans of the genre.,19-06-2024 17:47
3858,857,3,4,Pleasant read. Nothing groundbreaking but definitely enjoyable.,31-12-2024 10:26
4491,1387,1,3,"Mixed feelings. Good premise, mediocre execution.",02-12-2023 15:51
5256,2243,8,3,Neither great nor terrible. Passes the time.,28-05-2021 08:09
2367,353,27,4,Liked it. The first half is stronger than the second.,17-03-2022 18:31
5051,1203,5,3,Average. Had its moments but failed to really engage me.,31-12-2024 18:19
4844,447,1,4,Above average. Would recommend to fans of the genre.,05-10-2021 14:07
5496,2112,80,5,This book changed the way I think. A must-read for everyone.,12-12-2022 16:40
2552,2096,2,4,Liked it. The first half is stronger than the second.,26-11-2024 20:19
4516,695,8,3,,14-10-2022 16:10
2781,2401,2,5,This book changed the way I think. A must-read for everyone.,03-07-2024 18:28
2963,2143,39,3,It was okay. The hype around this book is a bit overstated.,16-04-2020 09:24
2056,460,1,4,Mostly great. The middle section drags a bit.,19-06-2024 21:56
2809,287,1,3,Neither great nor terrible. Passes the time.,23-11-2022 11:08
4739,2260,3,3,Average. Had its moments but failed to really engage me.,02-01-2022 20:48
5106,559,4,2,Struggled to get through it. The story meanders endlessly.,05-04-2024 17:22
4755,1392,12,4,Mostly great. The middle section drags a bit.,26-07-2024 20:07
1174,1477,1,4,Well-written and engaging. A few plot holes but forgivable.,20-08-2023 18:41
3682,842,8,3,Had potential but did not quite deliver on its promise.,20-11-2021 06:46
4379,2281,2,5,Beautifully written. The author's style is simply stunning.,14-09-2021 17:33
3855,1061,1,5,One of the best reads I have had in years. Highly recommended.,01-07-2024 05:49
284,1965,3,3,"Mixed feelings. Good premise, mediocre execution.",10-02-2024 07:41
783,2702,1,2,Disappointed. Expected much more based on the reviews.,26-05-2024 14:25
5564,414,1,3,It was okay. The hype around this book is a bit overstated.,27-12-2021 18:39
1812,2630,6,3,Neither great nor terrible. Passes the time.,15-04-2024 12:34
5409,2475,2,4,Pleasant read. Nothing groundbreaking but definitely enjoyable.,07-02-2023 13:58
4401,2659,9,3,Decent read. Not my favourite but not bad either.,12-09-2021 08:44
2035,910,1,3,"Some interesting parts, but overall felt underwhelming.",08-12-2023 21:10
4061,2669,1,4,,25-06-2024 18:46
2305,2368,70,2,Would not recommend. Too slow and the payoff was not worth it.,24-06-2022 21:29
3643,223,2,3,"Mixed feelings. Good premise, mediocre execution.",07-11-2020 17:19
2832,1300,6,4,Well-written and engaging. A few plot holes but forgivable.,02-09-2022 10:58
768,2265,4,3,Had potential but did not quite deliver on its promise.,25-09-2023 05:46
5543,34,11,4,Liked it. The first half is stronger than the second.,11-07-2024 19:50
4923,698,22,4,Well-written and engaging. A few plot holes but forgivable.,21-10-2024 09:58
4770,1164,124,3,It was okay. The hype around this book is a bit overstated.,13-10-2023 17:52
2108,2047,28,3,Neither great nor terrible. Passes the time.,13-04-2020 18:33
1543,982,25,3,It was okay. The hype around this book is a bit overstated.,25-12-2023 12:17
1516,818,2,4,Mostly great. The middle section drags a bit.,04-06-2024 18:05
3957,271,1,4,A very good read overall. Some chapters were slow but worth it.,06-11-2021 21:24
1592,383,1,3,It was okay. The hype around this book is a bit overstated.,25-09-2023 17:16
3834,1404,2,4,Enjoyed it quite a bit. Solid writing and interesting ideas.,05-10-2024 10:53
3521,1348,2,4,Above average. Would recommend to fans of the genre.,27-01-2022 23:47
3659,690,2,3,Decent read. Not my favourite but not bad either.,09-12-2022 12:17
3821,1342,11,4,Pleasant read. Nothing groundbreaking but definitely enjoyable.,03-04-2023 15:27
1096,2642,155,4,Enjoyed it quite a bit. Solid writing and interesting ideas.,08-10-2023 21:03
4249,1315,8,3,Average. Had its moments but failed to really engage me.,25-11-2022 21:30
3042,2351,1,4,Well-written and engaging. A few plot holes but forgivable.,30-07-2022 11:59
1846,1282,1,5,Perfect blend of story and insight. Will read again.,10-09-2024 01:43
31,342,1,5,One of the best reads I have had in years. Highly recommended.,05-02-2023 17:19
3767,1271,1,4,"Good book, though the ending felt a little rushed.",01-03-2023 11:21
5435,185,5,3,Neither great nor terrible. Passes the time.,02-08-2023 17:23
1086,2211,1,3,Had potential but did not quite deliver on its promise.,21-08-2021 07:14
4261,2356,13,5,Brilliant narrative. The characters feel genuinely real.,03-12-2024 16:07
3376,2301,2,4,A very good read overall. Some chapters were slow but worth it.,28-06-2024 10:53
1726,2725,1,3,Neither great nor terrible. Passes the time.,21-10-2024 11:47
4285,991,1,4,A very good read overall. Some chapters were slow but worth it.,31-10-2024 13:44
2495,1318,1,4,Well-written and engaging. A few plot holes but forgivable.,04-03-2023 18:02
2230,292,5,3,,12-09-2024 18:33
3171,586,17,4,Above average. Would recommend to fans of the genre.,21-09-2023 07:48
4336,114,8,3,Neither great nor terrible. Passes the time.,12-04-2022 12:59
916,619,2,4,Pleasant read. Nothing groundbreaking but definitely enjoyable.,17-06-2024 11:53
2088,2724,1,4,Above average. Would recommend to fans of the genre.,08-08-2024 09:25
2535,623,4,3,Had potential but did not quite deliver on its promise.,14-12-2023 22:28
1262,1085,5,1,Gave up halfway. The writing is unbearable.,03-01-2023 17:33
2988,748,1,4,Enjoyed it quite a bit. Solid writing and interesting ideas.,05-03-2021 17:03
3139,1247,6,4,Well-written and engaging. A few plot holes but forgivable.,07-03-2021 16:35
726,124,167,2,Overrated. I did not enjoy the characters at all.,14-09-2024 11:08
228,1290,1,2,Would not recommend. Too slow and the payoff was not worth it.,28-11-2024 12:31
4085,927,1,4,Mostly great. The middle section drags a bit.,02-09-2024 23:11
5208,2774,1,4,Mostly great. The middle section drags a bit.,03-09-2024 21:52
5562,2635,1,3,Had potential but did not quite deliver on its promise.,04-08-2024 10:10
2006,1172,1,4,Enjoyed it quite a bit. Solid writing and interesting ideas.,18-07-2023 18:50
5188,1216,1,3,Neither great nor terrible. Passes the time.,11-03-2024 09:36
4088,957,1,4,Pleasant read. Nothing groundbreaking but definitely enjoyable.,06-08-2021 12:53
365,339,1,5,Perfect blend of story and insight. Will read again.,28-08-2023 22:14
4354,2066,6,2,Disappointed. Expected much more based on the reviews.,09-02-2022 06:48
5078,2339,23,4,Mostly great. The middle section drags a bit.,01-02-2022 17:26
5093,2304,1,3,"Mixed feelings. Good premise, mediocre execution.",28-11-2022 08:17
2884,895,2,2,Not for me. The writing style felt very dated.,11-03-2023 16:12
2239,1242,2,5,One of the best reads I have had in years. Highly recommended.,19-02-2024 17:20
4945,14,14,5,Absolutely loved this book — couldn't put it down!,21-01-2022 04:27
449,1127,1,5,Brilliant narrative. The characters feel genuinely real.,13-09-2024 18:37
4962,2280,107,4,,16-08-2024 10:29
1358,675,1,3,Average. Had its moments but failed to really engage me.,14-10-2021 17:38
88,2748,4,3,"Mixed feelings. Good premise, mediocre execution.",09-10-2024 07:49
3240,1876,3,4,Enjoyed it quite a bit. Solid writing and interesting ideas.,23-03-2023 09:25
3566,1810,45,3,"Mixed feelings. Good premise, mediocre execution.",09-07-2023 13:30
3019,1604,1,4,Above average. Would recommend to fans of the genre.,06-09-2022 20:46
815,2500,2,3,"Mixed feelings. Good premise, mediocre execution.",25-02-2023 19:07
3388,1337,2,3,Average. Had its moments but failed to really engage me.,15-09-2024 12:57
3206,2177,13,5,I finished this in two sittings. Absolutely riveting.,30-07-2024 08:55
5018,1786,3,2,The plot felt disjointed and the pacing was off throughout.,02-06-2022 15:49
4702,986,39,4,Above average. Would recommend to fans of the genre.,15-04-2023 10:09
1068,1114,21,4,,06-04-2024 17:49
5161,2146,35,3,Neither great nor terrible. Passes the time.,29-09-2024 23:04
3789,1394,12,4,A very good read overall. Some chapters were slow but worth it.,20-11-2023 19:42
2422,2588,6,2,Would not recommend. Too slow and the payoff was not worth it.,31-12-2024 17:11
4693,2041,3,3,"Some interesting parts, but overall felt underwhelming.",28-07-2022 17:48
1376,405,39,3,"Some interesting parts, but overall felt underwhelming.",15-11-2024 07:01
4578,2573,1,5,Perfect blend of story and insight. Will read again.,02-11-2021 12:58
2502,1124,1,4,Enjoyed it quite a bit. Solid writing and interesting ideas.,11-12-2024 07:03
748,134,4,4,Pleasant read. Nothing groundbreaking but definitely enjoyable.,05-03-2022 08:51
2293,2657,12,4,Mostly great. The middle section drags a bit.,13-05-2024 18:51
5034,1840,1,4,Mostly great. The middle section drags a bit.,09-01-2023 14:19
4688,266,2,4,Above average. Would recommend to fans of the genre.,31-12-2024 12:37
2604,2740,2,4,"Good book, though the ending felt a little rushed.",14-06-2024 13:28
667,779,1,4,Above average. Would recommend to fans of the genre.,29-08-2024 09:41
2137,1939,1,4,Pleasant read. Nothing groundbreaking but definitely enjoyable.,16-08-2024 11:39
1055,359,2,3,,10-09-2021 19:03
5330,1173,6,2,The plot felt disjointed and the pacing was off throughout.,03-05-2024 16:16
4455,1027,13,3,"Some interesting parts, but overall felt underwhelming.",14-03-2023 08:25
2841,2746,24,3,Decent read. Not my favourite but not bad either.,26-02-2022 19:40
2176,2563,154,3,Had potential but did not quite deliver on its promise.,31-07-2022 10:38
4028,83,1,5,A masterpiece. Every chapter left me wanting more.,23-12-2023 22:33
2783,1915,2,4,A very good read overall. Some chapters were slow but worth it.,21-08-2024 08:34
2241,1983,2,3,Decent read. Not my favourite but not bad either.,16-10-2024 23:52
2166,1832,2,3,"Some interesting parts, but overall felt underwhelming.",10-05-2022 07:44
3760,263,1,4,Mostly great. The middle section drags a bit.,19-11-2023 19:47
4545,643,17,5,The writing is exceptional and the story gripped me from page one.,03-05-2023 12:27
692,784,10,3,It was okay. The hype around this book is a bit overstated.,09-10-2024 18:29
4089,1864,12,4,,23-02-2024 09:48
3136,129,6,3,Had potential but did not quite deliver on its promise.,22-12-2023 13:33
2899,940,9,3,Decent read. Not my favourite but not bad either.,26-11-2022 09:44
1418,2750,2,2,Overrated. I did not enjoy the characters at all.,23-05-2023 08:24
437,932,1,4,Pleasant read. Nothing groundbreaking but definitely enjoyable.,03-08-2023 09:33
4649,2762,1,2,The plot felt disjointed and the pacing was off throughout.,09-04-2023 14:38
2579,462,3,2,Would not recommend. Too slow and the payoff was not worth it.,26-09-2021 16:41
2815,819,1,5,Absolutely loved this book — couldn't put it down!,12-03-2023 15:11
4512,2658,6,3,Had potential but did not quite deliver on its promise.,08-10-2024 14:58
4913,636,2,5,,02-12-2021 20:33
2933,2305,1,4,Well-written and engaging. A few plot holes but forgivable.,01-04-2021 11:59
2284,2090,11,3,Neither great nor terrible. Passes the time.,14-11-2020 09:00
4263,926,5,2,Overrated. I did not enjoy the characters at all.,11-07-2022 08:17
1930,79,1,2,Struggled to get through it. The story meanders endlessly.,14-07-2024 11:26
2530,938,5,3,Neither great nor terrible. Passes the time.,20-02-2023 08:31
621,950,73,4,Well-written and engaging. A few plot holes but forgivable.,30-09-2023 18:28
1458,1805,2,4,Well-written and engaging. A few plot holes but forgivable.,15-02-2023 09:54
2726,2734,13,4,"Good book, though the ending felt a little rushed.",14-03-2023 18:49
995,1138,4,3,Neither great nor terrible. Passes the time.,10-09-2021 12:35
4764,1057,6,3,"Some interesting parts, but overall felt underwhelming.",30-01-2020 07:33
3187,2298,4,3,Had potential but did not quite deliver on its promise.,12-01-2022 11:18
350,155,6,4,Pleasant read. Nothing groundbreaking but definitely enjoyable.,29-12-2024 12:39
2292,840,2,4,Enjoyed it quite a bit. Solid writing and interesting ideas.,20-02-2024 15:23
1014,1034,1,2,Overrated. I did not enjoy the characters at all.,27-04-2023 20:44
1059,1833,2,4,A very good read overall. Some chapters were slow but worth it.,29-07-2021 07:40
908,2120,1,4,Pleasant read. Nothing groundbreaking but definitely enjoyable.,02-03-2021 18:44
134,492,4,3,Had potential but did not quite deliver on its promise.,18-05-2024 09:58
5283,1641,1,3,Average. Had its moments but failed to really engage me.,09-07-2024 18:02
3129,1911,1,4,Enjoyed it quite a bit. Solid writing and interesting ideas.,01-05-2024 16:54
1387,411,41,5,Absolutely loved this book — couldn't put it down!,08-10-2023 10:11
3931,1214,11,4,Well-written and engaging. A few plot holes but forgivable.,02-08-2024 17:42
2742,1128,11,3,"Mixed feelings. Good premise, mediocre execution.",20-05-2023 11:52
2358,331,3,5,I finished this in two sittings. Absolutely riveting.,25-01-2022 10:23
1823,2755,1,4,Pleasant read. Nothing groundbreaking but definitely enjoyable.,25-11-2024 22:06
923,1548,1,4,Liked it. The first half is stronger than the second.,31-12-2024 20:16
1584,1926,1,4,A very good read overall. Some chapters were slow but worth it.,10-07-2024 07:57
222,1451,51,3,,03-12-2023 02:37
4188,2564,135,2,The plot felt disjointed and the pacing was off throughout.,09-10-2023 16:02
2177,2037,134,6,Above average. Would recommend to fans of the genre.,07-06-2024 14:36
2111,498,4,3,Average. Had its moments but failed to really engage me.,16-12-2024 02:36
1208,1372,3,4,Mostly great. The middle section drags a bit.,13-06-2024 16:45
3347,843,1,4,Above average. Would recommend to fans of the genre.,17-08-2020 06:57
2908,1655,89,4,A very good read overall. Some chapters were slow but worth it.,15-02-2024 12:36
953,1944,4,4,Mostly great. The middle section drags a bit.,16-06-2022 12:09
3895,2228,2,4,Mostly great. The middle section drags a bit.,23-10-2024 20:20
1361,708,14,4,Liked it. The first half is stronger than the second.,18-05-2023 16:48
1116,124,1,3,"Mixed feelings. Good premise, mediocre execution.",12-01-2024 10:10
3671,1932,7,5,One of the best reads I have had in years. Highly recommended.,01-01-2022 22:13
1622,1522,3,3,It was okay. The hype around this book is a bit overstated.,06-11-2022 07:18
959,2396,3,3,,10-07-2023 17:28
4049,2467,82,3,Decent read. Not my favourite but not bad either.,17-11-2024 10:58
3991,555,1,3,Had potential but did not quite deliver on its promise.,27-07-2024 19:50
3233,2527,1,4,Enjoyed it quite a bit. Solid writing and interesting ideas.,22-06-2024 09:12
3611,810,181,4,Above average. Would recommend to fans of the genre.,21-10-2023 01:56
746,2349,4,2,Would not recommend. Too slow and the payoff was not worth it.,09-01-2023 10:44
1824,341,3,2,Would not recommend. Too slow and the payoff was not worth it.,25-12-2024 15:04
5322,2544,15,5,One of the best reads I have had in years. Highly recommended.,20-11-2021 21:38
3836,49,109,5,I finished this in two sittings. Absolutely riveting.,24-08-2024 16:58
4313,1842,2,3,Neither great nor terrible. Passes the time.,24-04-2024 09:58
664,704,1,5,One of the best reads I have had in years. Highly recommended.,31-12-2024 12:47
5224,1832,19,3,"Mixed feelings. Good premise, mediocre execution.",21-01-2022 09:03
1693,1378,4,4,"Good book, though the ending felt a little rushed.",13-10-2022 20:21
171,1986,1,5,,31-12-2024 14:21
3236,2754,1,0,Enjoyed it quite a bit. Solid writing and interesting ideas.,18-07-2024 16:34
5358,1435,1,4,Liked it. The first half is stronger than the second.,04-07-2022 18:48
3018,155,1,3,Decent read. Not my favourite but not bad either.,28-10-2024 09:34
3205,2209,1,5,A masterpiece. Every chapter left me wanting more.,21-08-2024 11:22
556,127,2,3,Had potential but did not quite deliver on its promise.,04-10-2024 19:35
4445,873,5,3,"Mixed feelings. Good premise, mediocre execution.",18-02-2024 07:10
3243,1425,1,5,Beautifully written. The author's style is simply stunning.,02-01-2022 00:33
137,2779,6,3,It was okay. The hype around this book is a bit overstated.,23-12-2023 11:22
3209,30,5,4,Enjoyed it quite a bit. Solid writing and interesting ideas.,14-07-2024 13:17
1784,1935,24,4,"Good book, though the ending felt a little rushed.",28-05-2022 19:45
3202,1664,2,5,Exceeded all my expectations. Truly extraordinary.,19-04-2024 04:53
4319,2214,62,3,Neither great nor terrible. Passes the time.,28-02-2023 16:55
2820,547,26,2,Would not recommend. Too slow and the payoff was not worth it.,25-06-2024 19:59
4614,2100,3,2,The plot felt disjointed and the pacing was off throughout.,09-06-2022 12:44
380,501,4,3,Average. Had its moments but failed to really engage me.,26-11-2024 23:29
3035,2088,1,4,,01-06-2024 13:44
894,1750,1,4,A very good read overall. Some chapters were slow but worth it.,09-12-2023 19:51
3641,393,3,3,"Some interesting parts, but overall felt underwhelming.",26-07-2022 11:00
3328,644,3,3,"Mixed feelings. Good premise, mediocre execution.",27-04-2023 07:07
4260,2725,2,3,Neither great nor terrible. Passes the time.,08-06-2021 18:01
3776,1117,4,3,,22-06-2024 12:34
342,453,3,4,Above average. Would recommend to fans of the genre.,17-03-2024 12:36
301,2077,1,3,Neither great nor terrible. Passes the time.,15-10-2024 07:50
3540,1019,4,3,"Mixed feelings. Good premise, mediocre execution.",22-06-2024 17:16
988,756,1,4,Above average. Would recommend to fans of the genre.,24-09-2023 17:27
2341,2599,5,3,It was okay. The hype around this book is a bit overstated.,30-07-2022 16:44
3668,1854,4,2,Disappointed. Expected much more based on the reviews.,25-04-2023 09:31
696,939,3,3,,09-12-2024 07:07
935,2555,109,5,,24-08-2021 21:22
3491,813,4,2,The plot felt disjointed and the pacing was off throughout.,13-08-2024 06:01
3738,330,2,6,One of the best reads I have had in years. Highly recommended.,04-04-2024 07:33
4927,1753,1,4,Liked it. The first half is stronger than the second.,07-10-2021 13:23
1847,50,7,4,"Good book, though the ending felt a little rushed.",17-09-2022 18:12
2960,1743,1,5,Exceeded all my expectations. Truly extraordinary.,30-01-2024 18:20
5596,1417,5,4,Mostly great. The middle section drags a bit.,26-10-2024 15:34
5142,1003,8,2,The plot felt disjointed and the pacing was off throughout.,13-08-2022 18:40
122,2222,2,1,Do not waste your money on this.,26-01-2021 08:43
3321,443,3,3,Neither great nor terrible. Passes the time.,22-07-2023 12:27
2374,2245,14,5,I finished this in two sittings. Absolutely riveting.,05-11-2022 09:50
5513,1277,3,4,Well-written and engaging. A few plot holes but forgivable.,18-09-2021 20:26
4561,467,1,4,A very good read overall. Some chapters were slow but worth it.,20-09-2023 08:21
1076,351,4,4,Pleasant read. Nothing groundbreaking but definitely enjoyable.,09-04-2022 15:10
2891,2469,6,4,A very good read overall. Some chapters were slow but worth it.,12-05-2024 15:24
420,1047,2,3,Neither great nor terrible. Passes the time.,05-11-2024 11:39
78,19,1,4,Pleasant read. Nothing groundbreaking but definitely enjoyable.,07-05-2024 16:38
3853,1076,1,3,It was okay. The hype around this book is a bit overstated.,28-04-2024 20:08
5477,515,4,2,The plot felt disjointed and the pacing was off throughout.,07-01-2024 07:40
3271,1224,2,4,,15-09-2021 12:35
2441,997,2,5,I finished this in two sittings. Absolutely riveting.,21-12-2024 20:43
4280,480,15,5,A masterpiece. Every chapter left me wanting more.,02-02-2022 18:22
744,669,2,4,"Good book, though the ending felt a little rushed.",26-01-2024 11:34
4708,2618,75,4,Enjoyed it quite a bit. Solid writing and interesting ideas.,02-09-2022 20:32
2823,1352,2,5,Brilliant narrative. The characters feel genuinely real.,11-11-2021 21:11
4704,2501,1,3,,28-03-2022 21:30
2507,1553,1,3,"Mixed feelings. Good premise, mediocre execution.",06-04-2024 15:52
4158,504,6,3,"Mixed feelings. Good premise, mediocre execution.",29-11-2021 08:51
5532,886,4,3,It was okay. The hype around this book is a bit overstated.,24-10-2021 07:16
4856,2749,2,4,Enjoyed it quite a bit. Solid writing and interesting ideas.,23-01-2024 06:04
3162,1490,3,3,Average. Had its moments but failed to really engage me.,15-11-2024 11:18
2906,1381,1,4,"Good book, though the ending felt a little rushed.",11-09-2021 21:56
129,1993,8,3,Average. Had its moments but failed to really engage me.,02-10-2021 20:24
3749,595,30,3,It was okay. The hype around this book is a bit overstated.,10-03-2023 07:13
2448,790,23,3,,23-09-2024 07:40
392,193,1,4,Liked it. The first half is stronger than the second.,14-07-2023 04:51
812,1023,5,2,Struggled to get through it. The story meanders endlessly.,07-10-2024 21:24
3485,2316,12,5,One of the best reads I have had in years. Highly recommended.,28-12-2023 23:35
562,670,77,3,"Some interesting parts, but overall felt underwhelming.",02-06-2024 19:27
1772,292,1,5,This book changed the way I think. A must-read for everyone.,29-03-2024 21:11
4436,786,7,4,Well-written and engaging. A few plot holes but forgivable.,28-01-2023 07:38
1436,1698,2,4,"Good book, though the ending felt a little rushed.",10-12-2024 09:20
2857,2050,1,3,Decent read. Not my favourite but not bad either.,13-10-2024 19:22
2157,1900,2,4,,21-11-2023 06:21
7,1241,1,3,"Mixed feelings. Good premise, mediocre execution.",11-01-2022 14:42
4672,2453,1,2,Would not recommend. Too slow and the payoff was not worth it.,31-10-2024 19:33
3820,2121,24,3,"Mixed feelings. Good premise, mediocre execution.",10-05-2022 17:22
4904,1774,3,3,Decent read. Not my favourite but not bad either.,12-04-2024 15:27
1800,1805,1,3,Neither great nor terrible. Passes the time.,13-08-2024 20:49
4024,1102,26,4,Mostly great. The middle section drags a bit.,20-01-2024 14:28
4786,2525,14,3,It was okay. The hype around this book is a bit overstated.,14-12-2021 16:50
1119,670,8,3,Neither great nor terrible. Passes the time.,02-07-2024 21:17
5488,448,1,4,Enjoyed it quite a bit. Solid writing and interesting ideas.,03-03-2024 19:46
551,2177,6,3,Neither great nor terrible. Passes the time.,31-05-2024 03:33
5221,2146,18,3,"Mixed feelings. Good premise, mediocre execution.",16-04-2024 16:12
1314,947,2,5,This book changed the way I think. A must-read for everyone.,14-11-2023 13:10
634,2261,1,2,Would not recommend. Too slow and the payoff was not worth it.,12-02-2024 18:45
3359,494,3,3,,24-11-2024 08:43
3861,930,3,3,Had potential but did not quite deliver on its promise.,12-11-2024 09:44
5210,981,2,4,Pleasant read. Nothing groundbreaking but definitely enjoyable.,12-09-2024 04:12
1355,992,1,2,Not for me. The writing style felt very dated.,28-01-2024 11:10
5010,1720,18,2,,23-08-2023 19:04
1717,1884,1,3,,28-12-2024 15:26
4359,2760,170,2,Disappointed. Expected much more based on the reviews.,07-09-2024 19:49
1016,2396,2,3,"Mixed feelings. Good premise, mediocre execution.",24-10-2020 19:44
884,1610,2,3,"Some interesting parts, but overall felt underwhelming.",21-06-2024 14:10
3002,1883,1,5,A masterpiece. Every chapter left me wanting more.,28-07-2022 12:05
733,2339,1,4,Enjoyed it quite a bit. Solid writing and interesting ideas.,15-05-2022 19:02
2461,636,4,3,"Mixed feelings. Good premise, mediocre execution.",29-07-2022 09:45
4892,2766,5,3,Neither great nor terrible. Passes the time.,14-08-2021 18:05
3037,2103,1,4,Pleasant read. Nothing groundbreaking but definitely enjoyable.,31-12-2023 18:52
2887,898,2,3,Average. Had its moments but failed to really engage me.,24-03-2022 14:49
983,117,4,3,"Some interesting parts, but overall felt underwhelming.",18-07-2024 23:41
2398,1032,6,2,Struggled to get through it. The story meanders endlessly.,15-06-2024 07:43
4370,883,1,5,Absolutely loved this book — couldn't put it down!,26-09-2023 11:30
2942,360,1,3,,14-01-2024 23:23
5026,982,1,4,A very good read overall. Some chapters were slow but worth it.,20-03-2024 09:41
369,2777,3,4,"Good book, though the ending felt a little rushed.",27-08-2024 13:10
2435,2640,5,4,Well-written and engaging. A few plot holes but forgivable.,21-09-2023 12:05
3627,1185,1,4,Mostly great. The middle section drags a bit.,22-09-2024 08:17
3203,1171,18,4,,04-03-2023 13:47
178,971,1,4,Pleasant read. Nothing groundbreaking but definitely enjoyable.,31-12-2024 18:28
146,1788,2,3,Average. Had its moments but failed to really engage me.,27-01-2023 11:22
1368,2184,67,4,Pleasant read. Nothing groundbreaking but definitely enjoyable.,21-04-2024 21:43
666,2741,4,2,Not for me. The writing style felt very dated.,26-10-2022 17:48
2484,992,3,2,The plot felt disjointed and the pacing was off throughout.,12-01-2024 12:28
340,608,3,4,Pleasant read. Nothing groundbreaking but definitely enjoyable.,04-11-2024 20:05
4703,1411,29,4,,30-03-2022 23:24
2801,1054,3,3,,24-07-2024 17:06
2575,959,7,5,Absolutely loved this book — couldn't put it down!,04-12-2022 18:48
1023,2722,21,4,,05-05-2024 12:51
3005,1245,18,3,"Mixed feelings. Good premise, mediocre execution.",05-11-2020 18:24
1379,486,34,3,"Some interesting parts, but overall felt underwhelming.",03-08-2021 19:33
1960,2652,2,4,Above average. Would recommend to fans of the genre.,16-10-2024 08:26
4212,111,15,4,"Good book, though the ending felt a little rushed.",02-12-2024 18:07
3178,2238,1,4,Well-written and engaging. A few plot holes but forgivable.,09-08-2024 12:11
2015,2272,6,3,"Some interesting parts, but overall felt underwhelming.",12-11-2024 19:10
2008,2327,1,3,Had potential but did not quite deliver on its promise.,02-12-2022 10:33
1544,1966,1,5,This book changed the way I think. A must-read for everyone.,01-02-2022 23:53
202,1839,2,4,Mostly great. The middle section drags a bit.,14-10-2024 04:02
494,2575,1,3,It was okay. The hype around this book is a bit overstated.,29-05-2024 08:17
1934,567,1,4,Above average. Would recommend to fans of the genre.,19-12-2023 08:37
2457,1080,6,3,"Mixed feelings. Good premise, mediocre execution.",13-06-2024 13:21
4121,1394,1,5,,14-10-2023 19:16
1984,858,5,2,Disappointed. Expected much more based on the reviews.,31-05-2024 15:59
1607,952,3,3,,23-03-2022 17:29
4245,302,35,5,Exceeded all my expectations. Truly extraordinary.,05-10-2024 20:25
3633,156,4,3,"Some interesting parts, but overall felt underwhelming.",02-08-2024 18:21
5167,2544,5,3,,06-09-2022 21:39
4421,1667,32,4,"Good book, though the ending felt a little rushed.",28-09-2024 14:44
3125,1063,1,4,"Good book, though the ending felt a little rushed.",26-11-2024 09:34
1627,892,2,3,It was okay. The hype around this book is a bit overstated.,15-10-2024 17:05
3350,1038,12,4,Well-written and engaging. A few plot holes but forgivable.,26-07-2023 00:22
3606,239,1,4,"Good book, though the ending felt a little rushed.",28-11-2023 11:04
5064,1094,8,4,Above average. Would recommend to fans of the genre.,12-09-2023 10:16
2787,1507,1,4,Enjoyed it quite a bit. Solid writing and interesting ideas.,20-07-2024 21:45
3612,1322,2,3,Had potential but did not quite deliver on its promise.,04-01-2023 18:03
2110,1679,2,3,Decent read. Not my favourite but not bad either.,31-12-2024 18:42
10,1817,2,4,Well-written and engaging. A few plot holes but forgivable.,15-09-2022 20:30
2109,1821,3,2,The plot felt disjointed and the pacing was off throughout.,23-11-2023 18:13
907,2667,2,5,I finished this in two sittings. Absolutely riveting.,29-10-2024 14:51
4172,602,2,3,"Mixed feelings. Good premise, mediocre execution.",21-07-2024 13:09
3061,2767,63,4,Liked it. The first half is stronger than the second.,21-11-2021 20:47
4102,2132,30,4,Above average. Would recommend to fans of the genre.,20-07-2024 13:14
503,2695,3,5,A masterpiece. Every chapter left me wanting more.,14-02-2023 17:33
3083,622,3,4,Enjoyed it quite a bit. Solid writing and interesting ideas.,27-11-2023 10:28
4705,2299,28,4,,30-08-2023 21:44
3346,1369,2,3,"Mixed feelings. Good premise, mediocre execution.",02-09-2024 19:29
4278,539,6,2,Not for me. The writing style felt very dated.,25-06-2023 08:05
5482,1445,6,3,Average. Had its moments but failed to really engage me.,10-03-2021 17:43
5057,2090,3,3,It was okay. The hype around this book is a bit overstated.,27-11-2023 20:12
4809,2080,1,4,Above average. Would recommend to fans of the genre.,05-06-2024 19:33
451,1321,6,3,"Some interesting parts, but overall felt underwhelming.",05-12-2023 14:28
1303,283,2,5,Absolutely loved this book — couldn't put it down!,05-07-2024 10:02
1491,623,6,3,Neither great nor terrible. Passes the time.,28-10-2023 01:55
2385,1328,12,4,Liked it. The first half is stronger than the second.,28-03-2024 08:16
2150,1232,9,3,Had potential but did not quite deliver on its promise.,22-09-2020 12:25
1115,960,78,4,Above average. Would recommend to fans of the genre.,28-02-2023 20:18
2459,2289,1,3,It was okay. The hype around this book is a bit overstated.,22-02-2024 18:33
1638,858,1,3,"Mixed feelings. Good premise, mediocre execution.",04-09-2022 17:14
1311,2230,1,3,"Mixed feelings. Good premise, mediocre execution.",11-12-2024 07:24
4371,1144,6,4,A very good read overall. Some chapters were slow but worth it.,30-08-2024 19:08
3158,1159,1,4,"Good book, though the ending felt a little rushed.",20-04-2023 06:54
1946,2185,4,3,It was okay. The hype around this book is a bit overstated.,07-01-2023 11:04
4625,808,23,4,Enjoyed it quite a bit. Solid writing and interesting ideas.,26-01-2024 16:33
906,95,2,2,Would not recommend. Too slow and the payoff was not worth it.,10-05-2022 09:56
2065,2701,2,5,Perfect blend of story and insight. Will read again.,30-07-2024 11:03
4443,2418,1,3,Neither great nor terrible. Passes the time.,17-08-2022 12:20
1380,2242,2,4,"Good book, though the ending felt a little rushed.",20-09-2023 11:55
2519,635,7,4,"Good book, though the ending felt a little rushed.",26-12-2024 19:28
2250,2132,9,3,Had potential but did not quite deliver on its promise.,15-12-2024 22:28
4493,1704,3,4,Above average. Would recommend to fans of the genre.,25-01-2024 19:52
5270,203,1,4,,02-07-2023 12:59
1906,2733,9,5,Beautifully written. The author's style is simply stunning.,27-02-2024 08:36
3888,745,1,4,,01-02-2024 21:13
5305,1180,5,5,Absolutely loved this book — couldn't put it down!,08-12-2024 09:37
5258,1755,2,4,"Good book, though the ending felt a little rushed.",02-07-2022 09:37
2297,112,4,3,"Mixed feelings. Good premise, mediocre execution.",21-12-2023 18:09
4325,1155,12,4,"Good book, though the ending felt a little rushed.",19-01-2024 06:50
5382,705,5,3,Neither great nor terrible. Passes the time.,23-10-2023 15:58
4050,1119,3,4,Above average. Would recommend to fans of the genre.,22-05-2024 20:55
3978,919,1,0,Above average. Would recommend to fans of the genre.,30-10-2022 19:03
2666,1237,3,2,The plot felt disjointed and the pacing was off throughout.,14-08-2024 19:02
4956,62,3,4,Liked it. The first half is stronger than the second.,13-06-2023 23:06
2524,2188,3,3,"Mixed feelings. Good premise, mediocre execution.",08-06-2022 19:05
4296,675,2,3,It was okay. The hype around this book is a bit overstated.,24-10-2021 18:28
2080,1499,2,4,A very good read overall. Some chapters were slow but worth it.,21-06-2023 11:40
5560,888,1,3,It was okay. The hype around this book is a bit overstated.,29-09-2023 07:12
5592,1750,1,4,A very good read overall. Some chapters were slow but worth it.,09-12-2023 19:51
5380,657,3,4,Above average. Would recommend to fans of the genre.,02-03-2024 08:16
992,1075,153,5,Beautifully written. The author's style is simply stunning.,18-11-2022 19:21
2268,499,1,3,Had potential but did not quite deliver on its promise.,23-12-2023 09:50
3984,1695,2,5,Absolutely loved this book — couldn't put it down!,08-06-2024 07:12
5067,1449,5,3,"Mixed feelings. Good premise, mediocre execution.",08-02-2023 10:34
1686,939,122,4,"Good book, though the ending felt a little rushed.",28-09-2024 18:50
2573,2718,2,5,I finished this in two sittings. Absolutely riveting.,18-01-2022 09:55
1197,400,18,3,"Some interesting parts, but overall felt underwhelming.",14-11-2022 17:45
3591,171,2,4,,14-03-2024 19:50
2226,1077,1,4,"Good book, though the ending felt a little rushed.",17-08-2023 07:31
4169,509,1,4,A very good read overall. Some chapters were slow but worth it.,13-05-2023 13:14
3502,986,100,5,One of the best reads I have had in years. Highly recommended.,21-10-2023 01:08
2856,422,4,5,Beautifully written. The author's style is simply stunning.,19-12-2023 08:25
4104,623,2,4,Liked it. The first half is stronger than the second.,19-10-2023 22:39
4507,1523,8,4,A very good read overall. Some chapters were slow but worth it.,21-10-2023 08:50
4191,516,1,4,Well-written and engaging. A few plot holes but forgivable.,20-08-2024 17:31
3034,1667,3,3,"Some interesting parts, but overall felt underwhelming.",30-05-2023 05:29
3385,1386,1,4,Well-written and engaging. A few plot holes but forgivable.,02-02-2023 07:34
2451,2525,9,4,A very good read overall. Some chapters were slow but worth it.,12-01-2022 17:04
331,801,2,5,A masterpiece. Every chapter left me wanting more.,01-12-2021 15:10
4900,2752,35,5,Brilliant narrative. The characters feel genuinely real.,31-12-2024 23:10
2775,969,11,4,"Good book, though the ending felt a little rushed.",03-10-2024 17:50
2321,559,1,4,Enjoyed it quite a bit. Solid writing and interesting ideas.,22-05-2022 06:03
2703,2153,5,3,"Some interesting parts, but overall felt underwhelming.",22-09-2022 09:18
2363,2278,1,5,I finished this in two sittings. Absolutely riveting.,24-11-2024 11:38
3278,2296,1,3,Neither great nor terrible. Passes the time.,23-06-2023 05:23
4946,1417,1,5,Perfect blend of story and insight. Will read again.,12-09-2023 06:58
2481,1865,2,4,,04-08-2024 10:35
4471,910,2,4,Well-written and engaging. A few plot holes but forgivable.,25-11-2024 07:07
1187,965,2,3,Average. Had its moments but failed to really engage me.,19-09-2023 10:31
4423,352,2,4,Well-written and engaging. A few plot holes but forgivable.,07-05-2023 10:13
3987,149,2,4,,10-11-2024 19:24
2610,551,2,3,Decent read. Not my favourite but not bad either.,01-02-2024 07:27
1700,244,3,3,Neither great nor terrible. Passes the time.,04-07-2023 06:02
1588,777,2,3,It was okay. The hype around this book is a bit overstated.,31-01-2023 20:19
3334,2741,10,4,A very good read overall. Some chapters were slow but worth it.,04-10-2022 19:08
903,2057,1,4,A very good read overall. Some chapters were slow but worth it.,10-10-2024 08:11
5584,1701,8,3,Decent read. Not my favourite but not bad either.,09-08-2023 08:44
989,2554,35,4,Pleasant read. Nothing groundbreaking but definitely enjoyable.,08-07-2024 17:34
248,1162,104,3,It was okay. The hype around this book is a bit overstated.,22-12-2021 08:54
544,727,1,4,Above average. Would recommend to fans of the genre.,13-09-2024 21:06
2799,1568,161,5,A masterpiece. Every chapter left me wanting more.,12-10-2024 14:49
1743,910,16,4,A very good read overall. Some chapters were slow but worth it.,09-11-2023 19:27
5575,52,2,4,,12-03-2022 06:29
3571,684,6,2,Struggled to get through it. The story meanders endlessly.,26-10-2022 20:18
3266,1844,2,4,Mostly great. The middle section drags a bit.,05-07-2022 12:12
2147,2149,1,4,Mostly great. The middle section drags a bit.,27-01-2024 07:19
735,725,2,3,Decent read. Not my favourite but not bad either.,30-11-2024 09:16
5466,68,4,4,Well-written and engaging. A few plot holes but forgivable.,11-10-2023 18:40
2307,1383,28,4,"Good book, though the ending felt a little rushed.",20-12-2024 16:47
1042,599,1,4,Well-written and engaging. A few plot holes but forgivable.,22-11-2021 13:16
1593,84,14,6,"Good book, though the ending felt a little rushed.",06-09-2022 16:48
2017,571,2,3,It was okay. The hype around this book is a bit overstated.,14-12-2020 19:42
5422,1235,2,5,One of the best reads I have had in years. Highly recommended.,23-07-2024 13:39
3428,449,1,5,,12-12-2023 18:51
2401,709,2,4,A very good read overall. Some chapters were slow but worth it.,17-10-2022 19:49
3115,892,4,2,Overrated. I did not enjoy the characters at all.,04-01-2023 11:54
4396,2425,9,3,Neither great nor terrible. Passes the time.,25-07-2023 03:31
2016,1008,1,3,Neither great nor terrible. Passes the time.,26-02-2024 14:19
3999,2634,56,4,Well-written and engaging. A few plot holes but forgivable.,23-03-2024 18:40
4589,2541,11,3,"Some interesting parts, but overall felt underwhelming.",03-12-2023 12:21
1163,219,3,3,Neither great nor terrible. Passes the time.,02-12-2023 14:12
4818,2041,4,3,Neither great nor terrible. Passes the time.,06-07-2023 11:01
276,2729,1,4,Liked it. The first half is stronger than the second.,20-06-2022 00:27
5587,1701,23,4,,31-12-2024 09:13
638,2720,52,4,"Good book, though the ending felt a little rushed.",08-04-2023 17:34
5299,2140,13,5,The writing is exceptional and the story gripped me from page one.,01-09-2022 12:32
1375,1762,12,5,Beautifully written. The author's style is simply stunning.,05-09-2024 07:48
2480,2465,2,4,,05-04-2024 16:55
1838,692,1,4,Liked it. The first half is stronger than the second.,27-08-2024 05:23
2482,1586,1,2,Overrated. I did not enjoy the characters at all.,11-01-2024 11:59
978,143,2,4,Pleasant read. Nothing groundbreaking but definitely enjoyable.,08-12-2024 14:54
781,1841,1,4,A very good read overall. Some chapters were slow but worth it.,06-07-2022 08:54
2,2444,1,2,Not for me. The writing style felt very dated.,18-06-2024 20:33
1427,1354,3,3,Decent read. Not my favourite but not bad either.,18-10-2024 13:16
5426,1722,10,4,Pleasant read. Nothing groundbreaking but definitely enjoyable.,10-12-2024 13:17
4060,1356,1,4,Liked it. The first half is stronger than the second.,25-09-2020 17:42
4538,494,12,5,The writing is exceptional and the story gripped me from page one.,31-12-2024 19:35
3741,197,1,5,Perfect blend of story and insight. Will read again.,29-12-2024 20:29
2337,1049,2,3,Average. Had its moments but failed to really engage me.,21-07-2020 19:14
4753,2524,2,5,Perfect blend of story and insight. Will read again.,09-08-2021 21:18
1870,46,2,3,Had potential but did not quite deliver on its promise.,15-06-2024 17:49
2512,2536,1,3,Had potential but did not quite deliver on its promise.,02-12-2023 22:22
3497,933,82,2,Struggled to get through it. The story meanders endlessly.,16-06-2024 19:59
2068,482,60,5,Perfect blend of story and insight. Will read again.,22-01-2021 04:59
5164,1163,7,4,Above average. Would recommend to fans of the genre.,09-10-2022 19:03
1619,939,2,5,The writing is exceptional and the story gripped me from page one.,21-09-2024 07:00
3770,290,6,3,Average. Had its moments but failed to really engage me.,23-04-2021 19:06
3740,56,3,4,Well-written and engaging. A few plot holes but forgivable.,18-10-2023 13:37
583,2097,7,5,Absolutely loved this book — couldn't put it down!,01-12-2024 16:09
641,1084,4,3,Average. Had its moments but failed to really engage me.,04-10-2022 17:04
4035,1685,2,5,Perfect blend of story and insight. Will read again.,13-01-2021 18:48
1111,2588,10,3,Had potential but did not quite deliver on its promise.,13-10-2024 06:55
5130,2577,9,3,Average. Had its moments but failed to really engage me.,17-12-2022 18:52
9,1576,2,5,One of the best reads I have had in years. Highly recommended.,30-05-2022 09:17
2851,2067,20,0,Neither great nor terrible. Passes the time.,28-02-2023 15:57
1767,1146,1,4,Above average. Would recommend to fans of the genre.,14-10-2022 09:37
4849,2474,12,3,Had potential but did not quite deliver on its promise.,21-11-2023 23:18
5542,1657,1,3,,22-12-2022 10:11
153,1484,1,4,A very good read overall. Some chapters were slow but worth it.,21-09-2024 18:51
5390,1441,7,5,,16-03-2024 08:29
5500,350,5,4,Above average. Would recommend to fans of the genre.,26-02-2021 23:49
4874,997,1,3,Had potential but did not quite deliver on its promise.,03-08-2023 00:52
4520,855,7,2,Would not recommend. Too slow and the payoff was not worth it.,13-03-2023 16:21
2142,392,2,3,Average. Had its moments but failed to really engage me.,22-05-2024 17:03
155,2611,1,2,The plot felt disjointed and the pacing was off throughout.,26-06-2024 12:08
5512,1701,8,3,Decent read. Not my favourite but not bad either.,09-08-2023 08:44
2619,597,1,4,Enjoyed it quite a bit. Solid writing and interesting ideas.,29-01-2024 06:15
2830,884,2,4,"Good book, though the ending felt a little rushed.",06-10-2024 15:55
5603,500,8,3,Decent read. Not my favourite but not bad either.,03-09-2024 17:18
855,723,3,3,It was okay. The hype around this book is a bit overstated.,11-10-2022 18:35
2761,446,2,4,,27-09-2024 10:15
4915,654,3,4,Enjoyed it quite a bit. Solid writing and interesting ideas.,28-09-2023 06:31
1891,713,1,4,Enjoyed it quite a bit. Solid writing and interesting ideas.,03-10-2021 13:36
2983,227,99,5,This book changed the way I think. A must-read for everyone.,17-09-2021 07:23
2697,2195,12,4,Well-written and engaging. A few plot holes but forgivable.,09-05-2022 08:48
493,809,1,5,Brilliant narrative. The characters feel genuinely real.,02-09-2022 14:11
2567,149,6,3,"Mixed feelings. Good premise, mediocre execution.",17-12-2024 10:33
3302,1987,1,4,Liked it. The first half is stronger than the second.,21-04-2022 13:15
1071,511,101,4,"Good book, though the ending felt a little rushed.",16-12-2023 17:57
3029,1416,3,5,Exceeded all my expectations. Truly extraordinary.,23-12-2021 18:04
5609,2757,1,5,I finished this in two sittings. Absolutely riveting.,02-08-2023 11:17
227,1214,1,3,It was okay. The hype around this book is a bit overstated.,05-09-2021 18:09
5557,98,2,3,Average. Had its moments but failed to really engage me.,31-12-2024 09:44
722,721,2,3,Had potential but did not quite deliver on its promise.,27-07-2023 18:18
2101,139,1,5,Absolutely loved this book — couldn't put it down!,26-09-2024 16:30
3944,2337,4,3,Average. Had its moments but failed to really engage me.,27-07-2020 17:26
2572,178,57,3,Neither great nor terrible. Passes the time.,10-12-2021 18:32
4957,2634,3,2,Would not recommend. Too slow and the payoff was not worth it.,17-11-2022 10:33
4323,1524,2,3,Had potential but did not quite deliver on its promise.,07-11-2024 20:58
357,1258,4,4,Mostly great. The middle section drags a bit.,23-10-2023 06:05
1223,356,1,5,Brilliant narrative. The characters feel genuinely real.,12-08-2024 13:24
3207,2567,2,4,"Good book, though the ending felt a little rushed.",19-10-2024 07:56
5050,2368,51,3,Decent read. Not my favourite but not bad either.,05-06-2024 09:59
2537,1952,3,3,Decent read. Not my favourite but not bad either.,20-12-2024 17:55
3628,472,3,3,"Mixed feelings. Good premise, mediocre execution.",09-08-2022 12:21
1353,2120,2,4,Enjoyed it quite a bit. Solid writing and interesting ideas.,24-09-2021 19:26
843,1319,1,4,Pleasant read. Nothing groundbreaking but definitely enjoyable.,30-05-2024 14:02
65,460,134,2,Disappointed. Expected much more based on the reviews.,06-10-2022 08:10
1048,1440,1,3,"Mixed feelings. Good premise, mediocre execution.",28-11-2023 14:36
531,1358,1,3,"Some interesting parts, but overall felt underwhelming.",13-05-2024 14:43
805,2091,1,3,"Mixed feelings. Good premise, mediocre execution.",19-09-2022 09:33
624,2716,1,3,Neither great nor terrible. Passes the time.,25-08-2023 09:58
3010,1713,1,4,Well-written and engaging. A few plot holes but forgivable.,15-10-2024 16:56
362,500,2,4,Liked it. The first half is stronger than the second.,03-09-2021 17:25
508,725,1,3,"Mixed feelings. Good premise, mediocre execution.",22-10-2024 20:51
2864,1308,6,4,"Good book, though the ending felt a little rushed.",04-11-2023 19:51
4109,2159,1,-1,Enjoyed it quite a bit. Solid writing and interesting ideas.,27-08-2022 08:31
4235,966,3,3,It was okay. The hype around this book is a bit overstated.,25-12-2023 19:53
1591,1629,1,3,Had potential but did not quite deliver on its promise.,07-12-2023 20:27
4056,665,2,2,The plot felt disjointed and the pacing was off throughout.,13-11-2021 21:58
2353,1878,2,4,Well-written and engaging. A few plot holes but forgivable.,14-09-2024 06:58
680,1397,2,3,It was okay. The hype around this book is a bit overstated.,01-08-2021 08:17
390,232,11,5,One of the best reads I have had in years. Highly recommended.,19-01-2023 19:38
2119,1774,48,2,Would not recommend. Too slow and the payoff was not worth it.,25-03-2024 08:27
1440,462,2,3,Average. Had its moments but failed to really engage me.,10-03-2021 09:04
4541,327,2,5,Exceeded all my expectations. Truly extraordinary.,05-06-2023 23:24
4622,2294,9,4,Mostly great. The middle section drags a bit.,19-09-2023 20:51
3913,1492,1,4,Pleasant read. Nothing groundbreaking but definitely enjoyable.,25-02-2023 16:28
3935,2255,1,5,I finished this in two sittings. Absolutely riveting.,15-11-2023 13:25
404,855,31,4,"Good book, though the ending felt a little rushed.",13-10-2022 20:45
4449,1244,1,3,Average. Had its moments but failed to really engage me.,19-10-2020 09:07
1050,2309,1,4,Pleasant read. Nothing groundbreaking but definitely enjoyable.,21-07-2023 12:58
1063,2751,8,2,Would not recommend. Too slow and the payoff was not worth it.,08-03-2024 19:54
2369,699,4,4,"Good book, though the ending felt a little rushed.",31-12-2024 17:22
2275,2688,2,5,The writing is exceptional and the story gripped me from page one.,11-04-2024 08:30
3787,1111,8,5,Absolutely loved this book — couldn't put it down!,31-12-2024 11:12
500,2425,3,4,Liked it. The first half is stronger than the second.,11-02-2023 20:38
1856,172,2,4,Above average. Would recommend to fans of the genre.,13-05-2024 09:05
5052,2733,12,5,,01-10-2024 03:56
3801,1081,2,3,Decent read. Not my favourite but not bad either.,18-12-2024 15:29
1654,206,106,3,Decent read. Not my favourite but not bad either.,05-06-2024 11:44
5393,2771,1,3,Average. Had its moments but failed to really engage me.,10-03-2024 18:42
4918,1748,2,5,The writing is exceptional and the story gripped me from page one.,14-11-2024 10:26
1653,1816,44,4,Above average. Would recommend to fans of the genre.,17-01-2024 14:32
2392,365,1,4,A very good read overall. Some chapters were slow but worth it.,12-11-2024 17:23
1255,1038,1,4,"Good book, though the ending felt a little rushed.",29-05-2022 13:51
5032,323,70,4,Well-written and engaging. A few plot holes but forgivable.,22-08-2024 16:40
3361,2366,5,3,It was okay. The hype around this book is a bit overstated.,12-09-2023 17:50
4454,2747,5,2,,29-12-2023 19:37
179,1527,1,5,A masterpiece. Every chapter left me wanting more.,12-05-2020 15:40
5025,1853,8,4,"Good book, though the ending felt a little rushed.",22-12-2024 23:36
3761,1355,3,4,Enjoyed it quite a bit. Solid writing and interesting ideas.,27-07-2024 18:44
4606,1699,2,3,Decent read. Not my favourite but not bad either.,15-11-2022 11:35
540,724,23,3,It was okay. The hype around this book is a bit overstated.,27-11-2024 22:42
4526,512,7,5,The writing is exceptional and the story gripped me from page one.,16-09-2021 19:09
2471,2128,2,2,Not for me. The writing style felt very dated.,08-09-2021 23:35
1206,165,14,4,Liked it. The first half is stronger than the second.,21-08-2023 21:17
2563,656,1,2,Struggled to get through it. The story meanders endlessly.,14-08-2023 20:53
5003,893,4,3,Neither great nor terrible. Passes the time.,27-09-2024 19:09
1218,2398,1,5,I finished this in two sittings. Absolutely riveting.,03-11-2023 13:33
3889,453,11,4,Enjoyed it quite a bit. Solid writing and interesting ideas.,19-06-2020 13:47
828,890,3,7,"Some interesting parts, but overall felt underwhelming.",12-12-2023 12:16
4209,1771,2,3,Neither great nor terrible. Passes the time.,20-05-2022 12:53
866,1645,82,3,Decent read. Not my favourite but not bad either.,25-09-2024 11:29
1324,2005,1,3,"Some interesting parts, but overall felt underwhelming.",03-09-2024 05:44
948,871,128,4,Above average. Would recommend to fans of the genre.,15-12-2023 14:12
4828,1498,1,4,Well-written and engaging. A few plot holes but forgivable.,04-05-2023 22:34
5594,130,129,4,,31-08-2024 18:58
1538,1203,2,4,Enjoyed it quite a bit. Solid writing and interesting ideas.,10-06-2024 18:44
1831,2667,37,4,A very good read overall. Some chapters were slow but worth it.,09-10-2024 18:35
2085,215,32,3,"Mixed feelings. Good premise, mediocre execution.",25-05-2022 13:08
3531,2760,5,3,It was okay. The hype around this book is a bit overstated.,31-12-2024 11:42
4791,793,1,4,Liked it. The first half is stronger than the second.,30-11-2024 19:14
1241,1730,1,5,Exceeded all my expectations. Truly extraordinary.,13-10-2024 04:40
4067,328,5,5,Absolutely loved this book — couldn't put it down!,20-03-2024 17:14
4742,1067,2,3,Average. Had its moments but failed to really engage me.,05-09-2023 16:54
2600,946,3,3,Average. Had its moments but failed to really engage me.,05-10-2023 16:08
4886,2530,2,4,Mostly great. The middle section drags a bit.,12-07-2024 13:43
395,2365,16,4,Above average. Would recommend to fans of the genre.,17-07-2024 18:34
3075,1993,4,4,A very good read overall. Some chapters were slow but worth it.,22-05-2024 07:14
5621,1854,30,4,Enjoyed it quite a bit. Solid writing and interesting ideas.,17-10-2024 13:17
1309,54,165,3,"Mixed feelings. Good premise, mediocre execution.",18-03-2024 21:10
1421,1803,2,4,"Good book, though the ending felt a little rushed.",27-09-2023 15:18
1256,2055,1,3,"Some interesting parts, but overall felt underwhelming.",02-06-2021 16:30
374,2191,2,4,Enjoyed it quite a bit. Solid writing and interesting ideas.,13-03-2021 03:55
1753,2017,22,3,Neither great nor terrible. Passes the time.,08-05-2020 22:21
4221,2707,3,4,Mostly great. The middle section drags a bit.,20-09-2024 17:43
4920,728,2,5,Brilliant narrative. The characters feel genuinely real.,27-10-2024 05:01
913,17,3,3,It was okay. The hype around this book is a bit overstated.,13-07-2020 09:24
893,272,1,4,Mostly great. The middle section drags a bit.,01-10-2024 18:38
3013,1333,1,4,"Good book, though the ending felt a little rushed.",31-12-2024 04:25
3934,1046,5,4,Liked it. The first half is stronger than the second.,01-12-2023 23:45
1988,1865,8,4,,31-12-2024 08:53
4074,1982,5,5,Exceeded all my expectations. Truly extraordinary.,27-01-2020 12:32
1944,787,2,4,"Good book, though the ending felt a little rushed.",13-11-2022 18:41
5127,2169,2,3,Neither great nor terrible. Passes the time.,03-12-2021 18:22
714,1782,1,5,Absolutely loved this book — couldn't put it down!,01-02-2023 20:27
3790,1238,1,4,Above average. Would recommend to fans of the genre.,12-02-2022 19:40
3031,2479,9,3,Had potential but did not quite deliver on its promise.,28-11-2023 19:01
3071,539,71,5,Perfect blend of story and insight. Will read again.,12-10-2023 08:32
4026,1948,4,4,Above average. Would recommend to fans of the genre.,18-12-2023 19:22
4800,2122,8,1,Could not finish it. Extremely boring.,22-09-2024 19:51
1851,49,6,2,Would not recommend. Too slow and the payoff was not worth it.,15-10-2023 02:01
2242,1290,3,3,It was okay. The hype around this book is a bit overstated.,21-06-2022 18:44
1334,1078,9,3,Decent read. Not my favourite but not bad either.,23-05-2024 20:57
3092,1497,1,4,A very good read overall. Some chapters were slow but worth it.,31-08-2021 18:58
2167,1626,3,4,Mostly great. The middle section drags a bit.,07-11-2023 07:22
5339,1006,4,2,Struggled to get through it. The story meanders endlessly.,27-07-2024 10:54
559,2513,2,5,Brilliant narrative. The characters feel genuinely real.,29-12-2023 20:13
2956,1133,4,5,Beautifully written. The author's style is simply stunning.,03-11-2022 17:07
4467,600,66,2,Disappointed. Expected much more based on the reviews.,06-03-2021 18:21
2580,1232,2,5,The writing is exceptional and the story gripped me from page one.,01-02-2022 22:03
1171,664,1,4,Pleasant read. Nothing groundbreaking but definitely enjoyable.,23-05-2024 11:33
1177,2488,1,5,Absolutely loved this book — couldn't put it down!,20-09-2023 23:01
1215,321,1,5,This book changed the way I think. A must-read for everyone.,03-11-2024 04:20
4686,2487,12,4,Liked it. The first half is stronger than the second.,03-11-2023 15:01
3508,98,5,4,Well-written and engaging. A few plot holes but forgivable.,18-12-2024 09:41
2860,1820,1,4,Well-written and engaging. A few plot holes but forgivable.,19-05-2024 14:18
1258,2034,8,2,Disappointed. Expected much more based on the reviews.,29-04-2022 08:38
4574,115,52,4,Pleasant read. Nothing groundbreaking but definitely enjoyable.,16-01-2022 14:10
4617,847,6,2,Would not recommend. Too slow and the payoff was not worth it.,29-10-2024 13:18
677,1965,1,7,Mostly great. The middle section drags a bit.,12-09-2022 12:41
3074,1706,1,3,"Some interesting parts, but overall felt underwhelming.",03-03-2021 07:27
2190,1184,4,3,Average. Had its moments but failed to really engage me.,05-10-2024 14:31
1952,852,3,3,Average. Had its moments but failed to really engage me.,31-12-2024 16:52
2747,1815,1,5,Absolutely loved this book — couldn't put it down!,15-12-2023 19:38
4250,1466,5,2,Would not recommend. Too slow and the payoff was not worth it.,14-03-2023 15:09
967,1696,1,2,Disappointed. Expected much more based on the reviews.,07-07-2023 04:46
4980,863,1,3,Neither great nor terrible. Passes the time.,29-04-2023 09:52
804,1841,91,3,"Mixed feelings. Good premise, mediocre execution.",16-03-2023 14:20
627,1154,1,5,Exceeded all my expectations. Truly extraordinary.,22-10-2024 13:15
4627,63,4,3,Neither great nor terrible. Passes the time.,11-01-2024 04:23
5601,2294,1,4,Well-written and engaging. A few plot holes but forgivable.,09-07-2020 14:25
4350,142,9,5,A masterpiece. Every chapter left me wanting more.,04-03-2024 12:16
3362,1593,1,5,Perfect blend of story and insight. Will read again.,24-01-2023 18:14
3154,2041,2,5,Brilliant narrative. The characters feel genuinely real.,18-03-2024 07:31
4634,436,8,3,It was okay. The hype around this book is a bit overstated.,31-12-2024 00:43
2996,61,2,4,,12-12-2022 11:08
5157,647,1,5,,25-10-2024 19:02
4656,2663,5,2,Not for me. The writing style felt very dated.,01-06-2024 08:32
819,14,30,3,Decent read. Not my favourite but not bad either.,06-12-2024 20:19
93,34,69,3,Average. Had its moments but failed to really engage me.,14-12-2024 16:31
4869,2532,6,3,,24-06-2021 18:22
3805,2209,2,2,The plot felt disjointed and the pacing was off throughout.,16-08-2024 10:23
4339,1734,3,4,Enjoyed it quite a bit. Solid writing and interesting ideas.,28-09-2024 06:49
3816,716,31,4,Above average. Would recommend to fans of the genre.,18-10-2022 16:21
4781,2038,3,4,Above average. Would recommend to fans of the genre.,13-10-2022 12:59
2588,1253,1,1,One of the worst books I have read. No coherent plot.,17-08-2023 16:48
3990,1507,3,3,,28-04-2024 20:28
5452,224,1,2,Disappointed. Expected much more based on the reviews.,27-07-2024 19:36
104,2382,2,3,It was okay. The hype around this book is a bit overstated.,24-06-2023 16:16
3176,1795,1,4,Mostly great. The middle section drags a bit.,13-12-2022 19:21
1951,446,5,3,"Mixed feelings. Good premise, mediocre execution.",01-12-2024 22:02
1646,1242,9,3,Decent read. Not my favourite but not bad either.,17-08-2024 20:39
2691,2259,1,5,This book changed the way I think. A must-read for everyone.,09-11-2024 08:06
5376,1882,2,4,"Good book, though the ending felt a little rushed.",25-11-2024 07:15
2396,369,1,4,Enjoyed it quite a bit. Solid writing and interesting ideas.,28-08-2020 14:48
5375,2513,5,4,A very good read overall. Some chapters were slow but worth it.,22-05-2023 16:09
3679,143,4,3,"Mixed feelings. Good premise, mediocre execution.",13-10-2024 13:36
2833,98,2,3,Average. Had its moments but failed to really engage me.,31-12-2024 09:44
4460,1659,14,2,Would not recommend. Too slow and the payoff was not worth it.,03-01-2023 10:00
4475,2463,4,4,,08-04-2022 13:04
5162,1693,37,3,"Mixed feelings. Good premise, mediocre execution.",19-11-2023 09:28
2115,2188,2,4,Mostly great. The middle section drags a bit.,25-06-2023 10:03
980,538,6,3,Average. Had its moments but failed to really engage me.,23-02-2023 14:33
3604,380,1,3,It was okay. The hype around this book is a bit overstated.,20-03-2022 18:58
993,2038,1,3,Neither great nor terrible. Passes the time.,14-11-2023 09:40
5414,103,10,4,Liked it. The first half is stronger than the second.,21-09-2024 20:45
94,2158,1,2,Overrated. I did not enjoy the characters at all.,13-10-2022 16:14
1437,2166,4,3,"Some interesting parts, but overall felt underwhelming.",30-12-2024 12:00
5070,196,7,4,Liked it. The first half is stronger than the second.,12-02-2021 18:02
1293,675,25,5,Brilliant narrative. The characters feel genuinely real.,28-03-2022 11:52
5294,35,58,3,Had potential but did not quite deliver on its promise.,31-12-2024 06:32
1510,2412,1,4,Above average. Would recommend to fans of the genre.,14-08-2024 09:55
274,619,1,5,Absolutely loved this book — couldn't put it down!,30-11-2022 06:32
4046,2253,18,3,Average. Had its moments but failed to really engage me.,16-08-2022 18:46
1852,600,2,4,Pleasant read. Nothing groundbreaking but definitely enjoyable.,30-06-2021 20:13
2962,252,1,4,Pleasant read. Nothing groundbreaking but definitely enjoyable.,26-06-2024 16:26
852,1490,6,3,"Mixed feelings. Good premise, mediocre execution.",28-11-2024 13:06
653,756,26,2,Would not recommend. Too slow and the payoff was not worth it.,12-07-2023 07:20
1017,576,11,4,"Good book, though the ending felt a little rushed.",30-07-2021 09:47
1226,1776,1,4,A very good read overall. Some chapters were slow but worth it.,02-09-2023 10:48
5316,2238,7,3,"Mixed feelings. Good premise, mediocre execution.",24-12-2024 13:23
4375,2131,5,2,Not for me. The writing style felt very dated.,31-12-2024 13:43
2300,2615,2,5,Brilliant narrative. The characters feel genuinely real.,16-10-2022 20:18
3309,1475,6,4,,12-12-2022 18:58
5231,1499,11,4,,08-08-2023 18:18
4429,2012,7,5,Perfect blend of story and insight. Will read again.,03-08-2021 14:03
3588,1662,14,4,A very good read overall. Some chapters were slow but worth it.,26-07-2024 17:01
1094,1426,1,3,"Mixed feelings. Good premise, mediocre execution.",21-11-2024 18:52
5417,1726,3,3,"Some interesting parts, but overall felt underwhelming.",21-03-2023 01:55
3249,1414,2,4,,24-09-2023 12:21
2741,2283,15,3,Decent read. Not my favourite but not bad either.,22-08-2024 20:40
3047,2299,1,4,"Good book, though the ending felt a little rushed.",23-09-2023 06:35
126,578,1,5,One of the best reads I have had in years. Highly recommended.,09-03-2022 14:52
151,1183,1,5,One of the best reads I have had in years. Highly recommended.,19-12-2023 06:12
231,2380,2,5,Exceeded all my expectations. Truly extraordinary.,10-03-2023 18:02
5523,892,20,5,Beautifully written. The author's style is simply stunning.,15-12-2024 13:00
5498,2132,31,4,Above average. Would recommend to fans of the genre.,03-01-2024 16:34
820,139,3,4,Liked it. The first half is stronger than the second.,22-11-2024 13:43
900,635,1,4,Enjoyed it quite a bit. Solid writing and interesting ideas.,22-09-2023 17:42
1179,1514,2,3,Decent read. Not my favourite but not bad either.,18-07-2023 10:50
2433,613,2,3,Had potential but did not quite deliver on its promise.,26-03-2024 17:22
2643,1021,3,3,Decent read. Not my favourite but not bad either.,22-08-2024 16:34
2368,1772,18,3,It was okay. The hype around this book is a bit overstated.,10-03-2024 14:05
3200,1230,5,2,The plot felt disjointed and the pacing was off throughout.,26-02-2020 23:21
2650,2730,1,4,Pleasant read. Nothing groundbreaking but definitely enjoyable.,31-12-2024 10:34
4138,68,3,3,"Some interesting parts, but overall felt underwhelming.",07-02-2024 16:39
1519,1955,1,3,Decent read. Not my favourite but not bad either.,14-11-2022 18:03
845,2577,1,5,Brilliant narrative. The characters feel genuinely real.,29-06-2022 22:42
1431,688,3,5,Exceeded all my expectations. Truly extraordinary.,12-11-2021 07:37
734,2618,2,4,A very good read overall. Some chapters were slow but worth it.,26-11-2020 10:23
2912,1582,2,4,Mostly great. The middle section drags a bit.,15-12-2024 21:30
1362,1410,3,3,Neither great nor terrible. Passes the time.,23-07-2021 19:46
529,2461,4,3,Had potential but did not quite deliver on its promise.,03-02-2024 22:44
5163,2488,77,2,,13-10-2023 17:55
2598,1345,1,3,Neither great nor terrible. Passes the time.,13-11-2024 08:37
519,2009,1,4,Enjoyed it quite a bit. Solid writing and interesting ideas.,30-04-2022 06:24
3445,2036,2,4,Liked it. The first half is stronger than the second.,12-09-2024 07:01
5347,759,95,5,Perfect blend of story and insight. Will read again.,21-01-2024 16:04
1803,90,2,4,A very good read overall. Some chapters were slow but worth it.,16-07-2023 11:23
800,928,4,3,Decent read. Not my favourite but not bad either.,31-12-2024 10:32
250,1152,1,4,Above average. Would recommend to fans of the genre.,23-10-2024 07:18
1955,2163,7,4,A very good read overall. Some chapters were slow but worth it.,29-12-2024 14:15
520,437,2,4,Enjoyed it quite a bit. Solid writing and interesting ideas.,08-09-2024 18:21
3166,1181,3,4,"Good book, though the ending felt a little rushed.",27-06-2024 09:37
2188,1853,14,3,Average. Had its moments but failed to really engage me.,28-07-2024 09:58
2636,553,1,4,A very good read overall. Some chapters were slow but worth it.,18-08-2021 09:10
2670,2006,2,4,"Good book, though the ending felt a little rushed.",25-03-2024 07:17
3556,1547,6,2,Would not recommend. Too slow and the payoff was not worth it.,15-08-2024 15:56
4448,1930,3,5,One of the best reads I have had in years. Highly recommended.,31-12-2024 13:12
5037,2045,10,3,"Mixed feelings. Good premise, mediocre execution.",16-01-2021 19:35
3325,523,5,4,Mostly great. The middle section drags a bit.,19-06-2023 20:33
1885,1541,2,4,,03-03-2024 06:08
1176,35,35,5,Exceeded all my expectations. Truly extraordinary.,24-06-2024 07:49
2494,2775,2,4,,19-08-2021 08:29
1069,554,29,0,Absolutely loved this book — couldn't put it down!,08-11-2024 06:26
4210,509,16,5,,08-08-2023 21:34
1886,60,11,6,Neither great nor terrible. Passes the time.,27-09-2023 11:54
2316,2523,4,4,Pleasant read. Nothing groundbreaking but definitely enjoyable.,01-03-2024 16:57
2231,1658,1,3,"Some interesting parts, but overall felt underwhelming.",24-10-2023 07:08
1879,1302,1,4,Liked it. The first half is stronger than the second.,06-01-2022 20:54
3651,2182,12,3,Decent read. Not my favourite but not bad either.,24-11-2023 13:09
1049,1882,3,4,Mostly great. The middle section drags a bit.,04-07-2024 09:12
3854,918,2,4,A very good read overall. Some chapters were slow but worth it.,21-11-2024 09:35
413,2795,93,4,A very good read overall. Some chapters were slow but worth it.,19-12-2021 17:45
5615,291,2,4,Well-written and engaging. A few plot holes but forgivable.,29-01-2023 11:09
1438,2685,53,4,Enjoyed it quite a bit. Solid writing and interesting ideas.,18-08-2024 18:05
3222,2480,1,3,Average. Had its moments but failed to really engage me.,22-06-2023 09:53
3815,1039,1,5,Brilliant narrative. The characters feel genuinely real.,03-06-2024 11:36
5334,2394,3,5,Exceeded all my expectations. Truly extraordinary.,23-05-2024 17:59
4964,1369,1,5,Absolutely loved this book — couldn't put it down!,26-09-2024 19:40
2505,2154,6,3,It was okay. The hype around this book is a bit overstated.,05-06-2022 11:17
3981,2030,2,3,,29-10-2023 17:32
803,987,13,3,"Some interesting parts, but overall felt underwhelming.",23-12-2022 09:50
4120,2772,21,4,A very good read overall. Some chapters were slow but worth it.,30-06-2020 17:53
1029,587,1,4,"Good book, though the ending felt a little rushed.",13-07-2021 11:36
5527,1170,10,3,Decent read. Not my favourite but not bad either.,31-12-2024 20:05
3543,694,1,4,Above average. Would recommend to fans of the genre.,25-10-2024 21:32
1925,2030,1,4,Enjoyed it quite a bit. Solid writing and interesting ideas.,10-06-2023 11:04
802,1258,5,4,,06-12-2024 08:46
4432,2108,1,5,One of the best reads I have had in years. Highly recommended.,31-10-2024 17:17
4400,1892,163,3,Decent read. Not my favourite but not bad either.,22-02-2021 12:56
308,1607,1,4,Liked it. The first half is stronger than the second.,14-05-2024 13:01
2181,983,10,5,Perfect blend of story and insight. Will read again.,28-12-2022 19:11
1911,75,2,4,Pleasant read. Nothing groundbreaking but definitely enjoyable.,22-09-2023 13:15
5046,2435,6,3,Average. Had its moments but failed to really engage me.,28-01-2023 08:15
5406,30,2,5,Absolutely loved this book — couldn't put it down!,06-10-2023 18:04
3415,256,3,2,Not for me. The writing style felt very dated.,15-08-2020 08:17
1815,2659,1,3,Neither great nor terrible. Passes the time.,09-09-2021 09:34
3744,879,1,3,Had potential but did not quite deliver on its promise.,25-08-2022 21:42
1754,534,1,4,Liked it. The first half is stronger than the second.,09-10-2024 19:27
1220,822,1,3,It was okay. The hype around this book is a bit overstated.,18-08-2024 17:58
4821,224,3,4,,02-04-2024 21:58
2784,507,4,3,Had potential but did not quite deliver on its promise.,03-10-2020 11:41
1734,478,1,4,Mostly great. The middle section drags a bit.,28-10-2020 00:08
1651,1173,2,2,Overrated. I did not enjoy the characters at all.,20-04-2024 12:40
2278,468,1,3,"Some interesting parts, but overall felt underwhelming.",08-03-2022 18:59
1180,950,16,2,Disappointed. Expected much more based on the reviews.,16-09-2024 12:55
3314,2730,13,3,Average. Had its moments but failed to really engage me.,29-02-2024 07:09
3026,296,2,4,Mostly great. The middle section drags a bit.,16-06-2023 12:36
2541,2567,3,4,,06-12-2024 10:39
1460,1923,1,4,"Good book, though the ending felt a little rushed.",31-12-2024 12:43
879,2430,1,4,Above average. Would recommend to fans of the genre.,07-07-2024 08:09
787,151,1,4,Mostly great. The middle section drags a bit.,27-05-2022 20:01
327,726,5,3,Average. Had its moments but failed to really engage me.,21-11-2024 17:52
673,1279,1,4,Mostly great. The middle section drags a bit.,06-05-2024 11:30
1507,2133,8,3,Neither great nor terrible. Passes the time.,10-05-2024 19:49
4137,1319,3,4,Mostly great. The middle section drags a bit.,10-08-2022 18:35
4023,182,67,2,Struggled to get through it. The story meanders endlessly.,28-08-2022 16:22
4342,530,48,2,The plot felt disjointed and the pacing was off throughout.,29-07-2022 11:48
4082,1614,1,3,Decent read. Not my favourite but not bad either.,07-06-2024 10:08
3683,532,2,4,Above average. Would recommend to fans of the genre.,12-11-2023 18:39
209,1464,1,4,Above average. Would recommend to fans of the genre.,26-05-2023 06:39
4311,2714,3,4,A very good read overall. Some chapters were slow but worth it.,08-09-2024 14:24
1873,412,52,3,"Mixed feelings. Good premise, mediocre execution.",03-12-2022 11:16
2990,2483,4,2,Not for me. The writing style felt very dated.,09-12-2024 17:15
4047,772,22,3,Average. Had its moments but failed to really engage me.,07-09-2024 07:27
1469,2358,4,3,Average. Had its moments but failed to really engage me.,28-02-2024 09:36
4971,1566,1,2,,03-09-2024 22:04
1929,2222,1,5,One of the best reads I have had in years. Highly recommended.,10-09-2021 14:24
3727,1666,3,4,"Good book, though the ending felt a little rushed.",05-02-2024 09:15
3174,2521,1,2,,16-04-2024 19:17
5222,2677,1,6,Enjoyed it quite a bit. Solid writing and interesting ideas.,12-10-2022 19:08
4332,1236,2,4,A very good read overall. Some chapters were slow but worth it.,06-10-2024 12:13
4665,1250,2,4,Pleasant read. Nothing groundbreaking but definitely enjoyable.,31-12-2024 00:40
1385,1290,2,4,A very good read overall. Some chapters were slow but worth it.,29-10-2021 13:49
1232,372,5,3,Average. Had its moments but failed to really engage me.,04-01-2023 08:32
1702,719,10,3,It was okay. The hype around this book is a bit overstated.,07-11-2024 17:25
4037,2245,9,5,Beautifully written. The author's style is simply stunning.,13-09-2024 09:48
27,2348,1,4,A very good read overall. Some chapters were slow but worth it.,16-03-2023 07:02
385,1004,1,4,,29-05-2024 19:19
4772,2748,2,4,Liked it. The first half is stronger than the second.,19-06-2023 22:28
2087,1268,1,3,Average. Had its moments but failed to really engage me.,14-05-2023 06:41
788,2547,1,4,"Good book, though the ending felt a little rushed.",20-06-2021 17:47
1092,42,3,4,Well-written and engaging. A few plot holes but forgivable.,16-01-2023 18:13
1965,49,15,5,A masterpiece. Every chapter left me wanting more.,18-12-2023 02:45
441,1024,83,4,Well-written and engaging. A few plot holes but forgivable.,17-12-2023 01:19
5487,2412,30,2,Overrated. I did not enjoy the characters at all.,12-10-2022 11:55
3308,1089,5,3,,03-05-2024 12:50
1999,2026,5,3,"Mixed feelings. Good premise, mediocre execution.",09-07-2023 18:34
895,2281,1,3,,18-09-2021 21:37
711,107,10,4,"Good book, though the ending felt a little rushed.",20-11-2024 16:31
4805,2702,11,3,"Mixed feelings. Good premise, mediocre execution.",18-04-2021 17:24
2782,1777,2,4,Above average. Would recommend to fans of the genre.,13-03-2022 05:36
3426,117,2,3,It was okay. The hype around this book is a bit overstated.,03-08-2023 08:16
3509,7,2,4,,04-12-2022 17:07
3215,2415,5,3,Average. Had its moments but failed to really engage me.,02-11-2024 22:18
1470,419,32,2,Struggled to get through it. The story meanders endlessly.,09-09-2024 07:37
2340,1402,1,4,Liked it. The first half is stronger than the second.,13-02-2024 20:41
515,129,5,3,"Some interesting parts, but overall felt underwhelming.",22-06-2023 03:24
4468,740,1,4,A very good read overall. Some chapters were slow but worth it.,26-10-2023 01:46
3759,542,12,4,Well-written and engaging. A few plot holes but forgivable.,22-10-2023 19:42
2131,2650,1,5,Perfect blend of story and insight. Will read again.,01-07-2022 18:20
3696,598,4,3,"Mixed feelings. Good premise, mediocre execution.",23-03-2023 11:22
2497,2373,11,3,"Some interesting parts, but overall felt underwhelming.",07-08-2024 22:28
4398,1179,4,4,"Good book, though the ending felt a little rushed.",16-02-2024 17:48
3807,2444,26,3,Average. Had its moments but failed to really engage me.,23-10-2021 02:28
96,2151,1,4,Pleasant read. Nothing groundbreaking but definitely enjoyable.,19-06-2021 19:23
5338,2601,28,2,Disappointed. Expected much more based on the reviews.,24-12-2021 14:08
1996,1885,2,4,Above average. Would recommend to fans of the genre.,02-07-2022 09:38
2171,1857,2,5,The writing is exceptional and the story gripped me from page one.,21-03-2024 19:46
4846,1873,30,3,Decent read. Not my favourite but not bad either.,26-06-2023 14:39
1841,1245,4,6,"Good book, though the ending felt a little rushed.",25-01-2024 12:29
466,2752,7,5,I finished this in two sittings. Absolutely riveting.,29-11-2024 07:28
4406,1482,1,4,Enjoyed it quite a bit. Solid writing and interesting ideas.,07-08-2023 11:27
921,422,3,3,Decent read. Not my favourite but not bad either.,08-08-2023 17:25
761,520,1,4,Liked it. The first half is stronger than the second.,22-07-2023 08:40
5404,2552,12,5,This book changed the way I think. A must-read for everyone.,08-03-2022 11:51
5184,796,9,3,Average. Had its moments but failed to really engage me.,30-11-2024 12:05
849,312,2,5,Beautifully written. The author's style is simply stunning.,21-10-2023 11:51
2377,2624,2,5,Beautifully written. The author's style is simply stunning.,11-07-2023 19:29
901,3,3,4,Enjoyed it quite a bit. Solid writing and interesting ideas.,16-02-2022 18:07
3498,2525,1,4,Pleasant read. Nothing groundbreaking but definitely enjoyable.,18-12-2023 19:26
1456,2259,3,3,"Mixed feelings. Good premise, mediocre execution.",13-12-2024 05:38
3964,983,1,3,Average. Had its moments but failed to really engage me.,10-01-2021 13:04
3239,1811,1,4,Pleasant read. Nothing groundbreaking but definitely enjoyable.,04-07-2021 16:27
4585,578,2,4,Liked it. The first half is stronger than the second.,04-01-2022 11:03
1596,798,3,3,It was okay. The hype around this book is a bit overstated.,02-03-2023 16:38
304,244,1,3,Had potential but did not quite deliver on its promise.,22-01-2024 16:55
1662,888,1,3,It was okay. The hype around this book is a bit overstated.,29-09-2023 07:12
3905,453,28,3,,20-05-2020 21:17
2443,76,1,3,It was okay. The hype around this book is a bit overstated.,15-05-2024 07:49
3268,567,35,3,Decent read. Not my favourite but not bad either.,20-06-2024 09:07
4719,1834,88,4,Pleasant read. Nothing groundbreaking but definitely enjoyable.,07-06-2024 11:31
604,2672,1,3,Neither great nor terrible. Passes the time.,17-12-2023 09:36
207,385,173,4,A very good read overall. Some chapters were slow but worth it.,10-12-2021 11:14
708,256,1,3,"Mixed feelings. Good premise, mediocre execution.",13-09-2022 04:22
1397,1557,5,2,Would not recommend. Too slow and the payoff was not worth it.,13-09-2022 10:30
699,735,34,3,Had potential but did not quite deliver on its promise.,25-06-2024 19:54
1280,2227,10,3,Neither great nor terrible. Passes the time.,15-08-2024 10:03
2925,2371,35,4,Above average. Would recommend to fans of the genre.,18-12-2023 20:15
3881,491,12,3,Decent read. Not my favourite but not bad either.,21-12-2024 19:32
3463,2096,17,4,Liked it. The first half is stronger than the second.,10-11-2024 14:15
3914,1521,1,4,Pleasant read. Nothing groundbreaking but definitely enjoyable.,26-01-2024 06:03
4005,1157,35,3,Average. Had its moments but failed to really engage me.,29-04-2022 13:37
4494,335,4,5,Absolutely loved this book — couldn't put it down!,29-07-2020 19:02
5125,2522,3,4,A very good read overall. Some chapters were slow but worth it.,15-11-2024 18:04
1329,2470,1,5,Absolutely loved this book — couldn't put it down!,25-04-2022 22:35
145,1345,14,3,Average. Had its moments but failed to really engage me.,09-06-2024 17:35
1365,1655,102,2,Struggled to get through it. The story meanders endlessly.,11-11-2024 15:35
3920,278,24,3,Decent read. Not my favourite but not bad either.,28-03-2024 08:05
4539,1251,2,4,"Good book, though the ending felt a little rushed.",17-03-2023 06:06
3645,188,1,4,Above average. Would recommend to fans of the genre.,27-01-2023 14:36
2677,2219,9,3,It was okay. The hype around this book is a bit overstated.,06-04-2024 21:36
1724,1668,5,3,It was okay. The hype around this book is a bit overstated.,21-11-2023 22:26
502,2513,1,3,,05-10-2023 10:51
1442,2378,23,4,Liked it. The first half is stronger than the second.,13-03-2024 18:16
1207,407,3,3,"Mixed feelings. Good premise, mediocre execution.",11-08-2023 14:44
5420,1172,3,3,Neither great nor terrible. Passes the time.,17-02-2023 20:40
18,201,2,4,Mostly great. The middle section drags a bit.,17-07-2020 18:29
3448,605,1,5,Brilliant narrative. The characters feel genuinely real.,26-05-2024 15:37
324,2553,29,5,Brilliant narrative. The characters feel genuinely real.,10-12-2024 19:26
28,1228,1,4,Liked it. The first half is stronger than the second.,23-05-2024 18:44
4004,1028,2,5,Exceeded all my expectations. Truly extraordinary.,29-01-2024 12:07
911,1036,1,5,Beautifully written. The author's style is simply stunning.,02-10-2023 07:49
2076,1252,1,4,,18-04-2023 23:39
4110,405,2,3,"Mixed feelings. Good premise, mediocre execution.",25-06-2024 08:46
4304,551,5,5,Perfect blend of story and insight. Will read again.,01-12-2023 17:16
2766,181,4,2,Struggled to get through it. The story meanders endlessly.,05-04-2023 08:12
2679,710,4,3,,14-12-2022 15:26
859,2761,1,4,Liked it. The first half is stronger than the second.,07-10-2024 16:43
1425,2447,1,3,It was okay. The hype around this book is a bit overstated.,13-09-2024 10:04
4631,2766,2,5,One of the best reads I have had in years. Highly recommended.,28-09-2022 18:54
1377,2055,2,5,I finished this in two sittings. Absolutely riveting.,22-02-2021 10:55
2317,1525,12,4,Above average. Would recommend to fans of the genre.,30-08-2024 15:22
2861,1520,3,3,It was okay. The hype around this book is a bit overstated.,17-06-2022 13:20
2971,1148,2,5,Absolutely loved this book — couldn't put it down!,19-05-2024 19:10
2731,1099,6,2,Struggled to get through it. The story meanders endlessly.,07-07-2023 10:19
2837,482,8,3,Had potential but did not quite deliver on its promise.,29-12-2024 19:05
4063,2465,1,5,Perfect blend of story and insight. Will read again.,05-03-2024 07:23
683,1124,169,5,Perfect blend of story and insight. Will read again.,31-12-2024 18:53
2329,1854,13,4,A very good read overall. Some chapters were slow but worth it.,28-01-2024 13:40
1150,1651,4,2,Would not recommend. Too slow and the payoff was not worth it.,22-07-2024 17:29
311,1456,4,4,Pleasant read. Nothing groundbreaking but definitely enjoyable.,17-02-2023 10:39
5439,2398,30,4,Liked it. The first half is stronger than the second.,21-03-2022 16:14
672,628,1,5,Exceeded all my expectations. Truly extraordinary.,04-06-2022 15:49
2485,2452,1,4,A very good read overall. Some chapters were slow but worth it.,01-02-2023 17:19
4244,1149,1,5,Exceeded all my expectations. Truly extraordinary.,21-02-2022 16:25
370,1448,1,5,A masterpiece. Every chapter left me wanting more.,11-03-2024 18:11
4902,43,1,3,"Mixed feelings. Good premise, mediocre execution.",05-12-2023 19:39
489,2170,3,4,Liked it. The first half is stronger than the second.,25-11-2024 19:28
1498,2721,1,3,It was okay. The hype around this book is a bit overstated.,17-02-2024 06:04
976,2337,1,5,One of the best reads I have had in years. Highly recommended.,10-05-2024 14:16
2047,2343,1,2,Struggled to get through it. The story meanders endlessly.,03-09-2020 20:39
3634,671,6,3,Had potential but did not quite deliver on its promise.,19-04-2024 07:51
2527,255,1,5,Perfect blend of story and insight. Will read again.,06-11-2024 08:51
1575,2672,17,5,Beautifully written. The author's style is simply stunning.,09-10-2024 07:07
3457,1140,13,5,Beautifully written. The author's style is simply stunning.,15-03-2021 05:42
4707,692,8,4,Liked it. The first half is stronger than the second.,18-10-2023 05:16
1765,695,4,4,"Good book, though the ending felt a little rushed.",08-02-2022 03:47
650,850,9,3,"Some interesting parts, but overall felt underwhelming.",19-12-2024 07:22
3998,1114,1,3,It was okay. The hype around this book is a bit overstated.,31-08-2023 08:25
5043,2798,1,4,Above average. Would recommend to fans of the genre.,12-09-2024 06:44
3791,1432,82,4,Pleasant read. Nothing groundbreaking but definitely enjoyable.,26-10-2022 15:51
4392,97,1,5,Brilliant narrative. The characters feel genuinely real.,04-10-2021 09:44
2727,2472,3,3,Neither great nor terrible. Passes the time.,12-11-2024 13:19
863,295,1,5,The writing is exceptional and the story gripped me from page one.,01-01-2024 11:44
2624,888,3,4,Enjoyed it quite a bit. Solid writing and interesting ideas.,07-11-2023 08:55
3447,2637,52,2,Would not recommend. Too slow and the payoff was not worth it.,20-10-2023 20:09
741,1756,3,3,Average. Had its moments but failed to really engage me.,04-09-2024 09:31
956,2336,16,3,Average. Had its moments but failed to really engage me.,19-04-2024 21:47
700,2126,4,4,Mostly great. The middle section drags a bit.,09-05-2023 09:45
3865,1143,2,4,"Good book, though the ending felt a little rushed.",12-11-2024 05:04
5279,388,12,3,Decent read. Not my favourite but not bad either.,20-10-2023 00:41
3721,2059,4,4,"Good book, though the ending felt a little rushed.",02-09-2022 19:33
4654,1336,1,4,"Good book, though the ending felt a little rushed.",08-01-2021 08:55
1616,1747,1,4,Well-written and engaging. A few plot holes but forgivable.,19-11-2021 17:53
2227,96,2,5,Beautifully written. The author's style is simply stunning.,18-09-2023 19:21
5175,1378,2,3,It was okay. The hype around this book is a bit overstated.,14-06-2022 11:55
367,2194,2,5,,04-11-2024 12:24
1196,354,1,4,,16-11-2024 12:06
2874,1038,20,3,Average. Had its moments but failed to really engage me.,04-03-2023 12:29
5566,2336,16,3,Average. Had its moments but failed to really engage me.,19-04-2024 21:47
824,298,1,5,Absolutely loved this book — couldn't put it down!,16-11-2022 05:33
5112,2019,1,1,Terrible. Wasted my money and my time.,08-07-2021 14:06
4671,231,4,2,Overrated. I did not enjoy the characters at all.,03-01-2023 13:27
572,411,1,4,Above average. Would recommend to fans of the genre.,30-08-2023 11:25
4303,2620,1,5,This book changed the way I think. A must-read for everyone.,17-04-2024 14:57
4988,491,90,3,Average. Had its moments but failed to really engage me.,03-08-2023 08:39
4196,1125,1,3,Neither great nor terrible. Passes the time.,13-10-2023 06:05
2207,1660,1,5,One of the best reads I have had in years. Highly recommended.,04-08-2023 17:31
2347,426,1,4,Liked it. The first half is stronger than the second.,25-08-2020 18:19
3526,1816,6,3,"Mixed feelings. Good premise, mediocre execution.",29-11-2023 18:55
2989,799,1,4,Pleasant read. Nothing groundbreaking but definitely enjoyable.,22-08-2024 07:35
170,1041,17,5,,03-12-2020 21:50
3238,1943,6,1,Gave up halfway. The writing is unbearable.,29-09-2024 15:40
3862,2173,18,3,It was okay. The hype around this book is a bit overstated.,24-10-2023 20:30
3532,746,2,5,I finished this in two sittings. Absolutely riveting.,12-08-2021 13:50
4427,1590,1,5,The writing is exceptional and the story gripped me from page one.,23-08-2022 17:22
2395,809,176,5,Perfect blend of story and insight. Will read again.,03-03-2023 18:24
984,2032,1,5,Exceeded all my expectations. Truly extraordinary.,27-09-2024 17:18
3925,2097,1,3,"Mixed feelings. Good premise, mediocre execution.",13-09-2024 11:54
3153,955,1,3,Had potential but did not quite deliver on its promise.,01-05-2023 18:45
791,2187,1,4,Liked it. The first half is stronger than the second.,06-08-2024 19:12
5087,1614,2,4,,01-08-2024 08:34
4265,917,3,5,Perfect blend of story and insight. Will read again.,13-06-2024 21:24
869,1651,5,3,Decent read. Not my favourite but not bad either.,23-06-2024 11:44
44,721,1,4,Mostly great. The middle section drags a bit.,05-08-2023 19:03
3305,114,1,4,Above average. Would recommend to fans of the genre.,30-01-2023 14:58
1528,144,1,4,Above average. Would recommend to fans of the genre.,29-06-2023 21:46
1237,2111,4,3,"Mixed feelings. Good premise, mediocre execution.",04-11-2024 09:23
5583,519,2,4,Mostly great. The middle section drags a bit.,22-12-2023 20:28
2683,980,11,4,Pleasant read. Nothing groundbreaking but definitely enjoyable.,07-12-2024 16:56
1148,2223,2,3,Decent read. Not my favourite but not bad either.,08-12-2022 21:16
3184,2778,1,5,Exceeded all my expectations. Truly extraordinary.,22-11-2024 07:29
3210,2038,163,5,Perfect blend of story and insight. Will read again.,08-10-2023 06:37
2453,265,1,4,Pleasant read. Nothing groundbreaking but definitely enjoyable.,12-01-2023 21:34
2922,630,1,4,Above average. Would recommend to fans of the genre.,05-12-2024 16:05
3326,2178,1,5,The writing is exceptional and the story gripped me from page one.,31-12-2024 19:15
3609,1375,1,5,This book changed the way I think. A must-read for everyone.,22-12-2020 16:43
236,716,4,3,Average. Had its moments but failed to really engage me.,23-10-2022 16:29
353,167,2,3,Neither great nor terrible. Passes the time.,09-12-2024 16:21
4163,2029,2,4,Enjoyed it quite a bit. Solid writing and interesting ideas.,08-02-2023 18:35
1135,1470,1,3,Had potential but did not quite deliver on its promise.,31-12-2024 15:15
4264,1386,34,5,A masterpiece. Every chapter left me wanting more.,17-02-2024 14:55
3470,1581,3,4,Well-written and engaging. A few plot holes but forgivable.,01-11-2022 19:45
1320,1868,1,4,Mostly great. The middle section drags a bit.,31-12-2024 08:21
936,338,4,3,"Some interesting parts, but overall felt underwhelming.",03-05-2024 19:41
3681,2053,1,5,The writing is exceptional and the story gripped me from page one.,04-12-2022 15:52
401,2772,2,5,The writing is exceptional and the story gripped me from page one.,24-09-2021 14:35
1748,543,2,2,Struggled to get through it. The story meanders endlessly.,09-12-2023 14:24
5174,2734,2,5,This book changed the way I think. A must-read for everyone.,24-06-2023 18:43
3331,527,9,2,Overrated. I did not enjoy the characters at all.,26-05-2024 15:07
1997,1025,3,2,The plot felt disjointed and the pacing was off throughout.,21-04-2023 07:08
2430,853,1,4,Enjoyed it quite a bit. Solid writing and interesting ideas.,08-01-2022 06:46
1471,2284,1,3,It was okay. The hype around this book is a bit overstated.,03-07-2024 20:08
1601,119,1,4,Enjoyed it quite a bit. Solid writing and interesting ideas.,10-09-2022 18:28
3878,912,33,4,Mostly great. The middle section drags a bit.,15-11-2023 18:02
3726,1090,1,4,Above average. Would recommend to fans of the genre.,10-10-2024 14:57
3863,232,5,4,"Good book, though the ending felt a little rushed.",21-10-2022 21:38
2404,1000,1,3,,18-08-2020 08:47
3608,758,2,5,,17-08-2021 12:47
5265,2686,2,5,I finished this in two sittings. Absolutely riveting.,13-11-2024 07:15
3132,285,3,4,Liked it. The first half is stronger than the second.,05-09-2021 09:19
5183,660,1,4,"Good book, though the ending felt a little rushed.",20-03-2023 20:12
1709,2634,1,-1,Disappointed. Expected much more based on the reviews.,28-01-2023 11:06
3367,2317,3,4,Enjoyed it quite a bit. Solid writing and interesting ideas.,08-06-2022 11:52
2427,2160,1,5,I finished this in two sittings. Absolutely riveting.,12-10-2024 19:05
3159,1478,2,5,A masterpiece. Every chapter left me wanting more.,23-12-2020 20:05
5441,135,3,4,Enjoyed it quite a bit. Solid writing and interesting ideas.,17-03-2021 20:35
2838,1490,2,5,I finished this in two sittings. Absolutely riveting.,05-10-2022 12:15
3551,2663,3,4,Well-written and engaging. A few plot holes but forgivable.,30-08-2024 14:21
3495,1812,28,3,"Mixed feelings. Good premise, mediocre execution.",20-04-2024 18:27
2267,278,1,4,Liked it. The first half is stronger than the second.,05-01-2022 13:42
2538,2483,20,4,Enjoyed it quite a bit. Solid writing and interesting ideas.,24-08-2024 10:58
1786,112,1,5,This book changed the way I think. A must-read for everyone.,10-02-2020 12:38
4991,697,16,3,It was okay. The hype around this book is a bit overstated.,18-11-2024 08:24
4810,1004,7,4,Above average. Would recommend to fans of the genre.,12-09-2024 14:14
910,2317,1,2,Struggled to get through it. The story meanders endlessly.,22-10-2021 18:15
668,388,3,4,A very good read overall. Some chapters were slow but worth it.,24-01-2023 12:22
5418,1477,7,4,Liked it. The first half is stronger than the second.,27-01-2022 13:10
3766,2744,1,5,I finished this in two sittings. Absolutely riveting.,17-12-2022 20:18
973,1296,57,4,"Good book, though the ending felt a little rushed.",12-11-2024 12:38
793,1638,6,3,Had potential but did not quite deliver on its promise.,18-11-2024 08:18
1530,23,1,4,A very good read overall. Some chapters were slow but worth it.,11-08-2023 12:27
4760,1169,4,2,Disappointed. Expected much more based on the reviews.,14-05-2024 10:10
4763,2002,41,5,Brilliant narrative. The characters feel genuinely real.,14-04-2022 17:52
4710,217,6,4,Well-written and engaging. A few plot holes but forgivable.,16-02-2022 20:57
4378,1476,2,3,,19-11-2023 19:31
3897,543,1,4,A very good read overall. Some chapters were slow but worth it.,31-12-2024 15:37
169,1941,1,4,"Good book, though the ending felt a little rushed.",23-12-2022 16:56
1315,1439,11,5,The writing is exceptional and the story gripped me from page one.,12-12-2024 15:20
5593,663,1,4,"Good book, though the ending felt a little rushed.",02-10-2023 14:30
3049,2538,1,4,"Good book, though the ending felt a little rushed.",20-11-2022 18:00
3185,547,2,3,Had potential but did not quite deliver on its promise.,06-09-2023 16:43
5145,2070,3,4,Mostly great. The middle section drags a bit.,31-01-2024 08:51
241,2505,1,4,Liked it. The first half is stronger than the second.,12-05-2022 20:32
3079,2667,7,5,This book changed the way I think. A must-read for everyone.,31-12-2024 17:44
295,1925,3,2,Disappointed. Expected much more based on the reviews.,25-04-2024 19:01
393,1391,3,5,This book changed the way I think. A must-read for everyone.,21-04-2024 22:11
2265,807,21,4,Well-written and engaging. A few plot holes but forgivable.,01-11-2023 07:07
1963,451,34,5,Brilliant narrative. The characters feel genuinely real.,01-10-2024 08:01
480,435,2,3,It was okay. The hype around this book is a bit overstated.,04-08-2024 09:11
2032,1918,1,3,Neither great nor terrible. Passes the time.,23-05-2024 20:26
3826,1507,5,3,Had potential but did not quite deliver on its promise.,11-11-2024 07:42
1882,350,10,7,Well-written and engaging. A few plot holes but forgivable.,24-02-2022 13:29
2768,109,1,4,Mostly great. The middle section drags a bit.,13-11-2024 13:12
4864,1143,1,3,It was okay. The hype around this book is a bit overstated.,16-11-2024 08:22
5238,793,55,4,,15-11-2023 23:36
4374,1998,2,4,A very good read overall. Some chapters were slow but worth it.,04-01-2024 18:44
1289,697,1,4,Above average. Would recommend to fans of the genre.,25-12-2022 09:08
4868,1742,7,3,"Some interesting parts, but overall felt underwhelming.",31-12-2024 15:21
5068,2535,2,3,Decent read. Not my favourite but not bad either.,18-10-2022 13:59
1539,383,14,4,Liked it. The first half is stronger than the second.,09-12-2024 06:51
5134,2604,2,4,Above average. Would recommend to fans of the genre.,30-06-2024 19:06
4967,1986,17,4,Mostly great. The middle section drags a bit.,25-10-2024 14:39
2894,1179,6,3,Decent read. Not my favourite but not bad either.,19-03-2024 12:55
1167,956,28,2,Would not recommend. Too slow and the payoff was not worth it.,01-12-2024 14:45
767,396,16,5,,31-07-2024 14:03
4148,589,47,3,Neither great nor terrible. Passes the time.,03-07-2024 17:42
1895,2673,1,4,Enjoyed it quite a bit. Solid writing and interesting ideas.,12-03-2024 15:49
1687,246,1,7,Pleasant read. Nothing groundbreaking but definitely enjoyable.,27-12-2022 09:59
2508,399,1,4,A very good read overall. Some chapters were slow but worth it.,24-07-2024 22:04
3728,2522,13,4,Well-written and engaging. A few plot holes but forgivable.,31-12-2024 10:07
4862,706,2,5,A masterpiece. Every chapter left me wanting more.,27-12-2024 16:28
11,775,1,5,A masterpiece. Every chapter left me wanting more.,24-11-2020 11:22
1917,717,5,4,Above average. Would recommend to fans of the genre.,19-03-2021 15:26
2215,979,6,2,Would not recommend. Too slow and the payoff was not worth it.,06-06-2023 11:42
2023,1673,20,4,Enjoyed it quite a bit. Solid writing and interesting ideas.,06-09-2024 10:23
2878,1546,9,3,Decent read. Not my favourite but not bad either.,14-11-2023 12:04
4557,1290,7,5,The writing is exceptional and the story gripped me from page one.,30-03-2023 18:54
1913,2412,2,5,The writing is exceptional and the story gripped me from page one.,06-05-2023 09:25
762,2520,3,4,"Good book, though the ending felt a little rushed.",21-01-2024 20:16
1489,435,1,3,Average. Had its moments but failed to really engage me.,06-08-2024 12:42
1954,1743,26,3,Had potential but did not quite deliver on its promise.,29-12-2020 12:29
4877,2396,6,2,Disappointed. Expected much more based on the reviews.,30-09-2023 17:58
5054,2057,31,5,Brilliant narrative. The characters feel genuinely real.,16-03-2021 20:45
685,1338,1,3,Average. Had its moments but failed to really engage me.,11-05-2024 22:33
1085,293,4,3,Average. Had its moments but failed to really engage me.,16-03-2023 12:13
1959,1530,1,3,Decent read. Not my favourite but not bad either.,22-05-2024 22:16
1650,822,2,4,Enjoyed it quite a bit. Solid writing and interesting ideas.,29-09-2024 11:17
5438,2680,98,4,"Good book, though the ending felt a little rushed.",06-11-2023 18:33
1181,34,42,2,Would not recommend. Too slow and the payoff was not worth it.,31-12-2024 12:44
5219,1310,9,4,Well-written and engaging. A few plot holes but forgivable.,16-12-2021 14:15
262,2072,5,1,One of the worst books I have read. No coherent plot.,14-04-2022 09:15
4651,51,1,3,"Mixed feelings. Good premise, mediocre execution.",28-11-2023 12:00
3329,1215,3,3,"Some interesting parts, but overall felt underwhelming.",30-09-2021 11:32
1594,1734,1,4,Above average. Would recommend to fans of the genre.,29-12-2023 10:54
229,658,1,4,Enjoyed it quite a bit. Solid writing and interesting ideas.,13-12-2021 18:15
4053,1230,1,3,"Some interesting parts, but overall felt underwhelming.",06-11-2020 15:50
4725,359,24,2,Would not recommend. Too slow and the payoff was not worth it.,04-02-2024 18:15
637,820,7,5,Perfect blend of story and insight. Will read again.,28-07-2023 13:13
3943,763,11,4,A very good read overall. Some chapters were slow but worth it.,29-06-2023 13:00
1783,1914,4,4,Above average. Would recommend to fans of the genre.,26-09-2022 08:46
5244,299,9,4,Above average. Would recommend to fans of the genre.,14-02-2024 20:31
2688,2487,1,4,A very good read overall. Some chapters were slow but worth it.,02-02-2024 17:36
4977,2443,2,4,Above average. Would recommend to fans of the genre.,04-07-2024 18:48
217,284,1,5,This book changed the way I think. A must-read for everyone.,22-04-2024 06:07
283,116,1,4,Above average. Would recommend to fans of the genre.,31-07-2024 09:45
3403,198,1,4,,14-07-2023 21:15
3332,1930,8,1,Gave up halfway. The writing is unbearable.,23-02-2024 08:40
2328,1156,3,4,A very good read overall. Some chapters were slow but worth it.,03-05-2020 19:31
5547,2306,10,3,Decent read. Not my favourite but not bad either.,25-10-2023 13:59
1935,1948,5,3,Neither great nor terrible. Passes the time.,14-07-2023 19:23
86,507,1,2,Overrated. I did not enjoy the characters at all.,31-12-2024 07:38
3647,2433,24,2,Disappointed. Expected much more based on the reviews.,22-10-2020 15:50
439,2796,6,4,Enjoyed it quite a bit. Solid writing and interesting ideas.,02-02-2022 09:51
3565,1486,2,5,One of the best reads I have had in years. Highly recommended.,30-05-2024 20:28
3560,558,11,3,It was okay. The hype around this book is a bit overstated.,19-07-2021 09:11
874,1328,23,4,Mostly great. The middle section drags a bit.,31-12-2024 20:14
4485,1790,1,4,Liked it. The first half is stronger than the second.,05-07-2021 08:12
4083,515,1,4,Mostly great. The middle section drags a bit.,25-05-2024 13:11
2289,1344,1,3,Average. Had its moments but failed to really engage me.,22-06-2023 22:12
3616,2084,24,4,Pleasant read. Nothing groundbreaking but definitely enjoyable.,23-08-2021 12:53
1030,455,2,4,Above average. Would recommend to fans of the genre.,11-08-2024 12:14
4687,1568,1,4,Liked it. The first half is stronger than the second.,17-06-2023 19:57
4184,1392,111,4,Above average. Would recommend to fans of the genre.,31-12-2024 19:50
4645,1526,1,4,Enjoyed it quite a bit. Solid writing and interesting ideas.,09-05-2024 07:29
1565,1531,11,4,Liked it. The first half is stronger than the second.,28-11-2024 18:30
4084,173,1,5,This book changed the way I think. A must-read for everyone.,30-06-2022 07:42
6,385,3,4,Above average. Would recommend to fans of the genre.,10-04-2020 22:59
546,2327,10,5,,09-08-2024 06:35
3059,565,3,4,Liked it. The first half is stronger than the second.,01-11-2024 13:58
4101,2132,1,4,Above average. Would recommend to fans of the genre.,13-09-2024 17:49
2740,639,1,4,Liked it. The first half is stronger than the second.,02-12-2022 07:51
1738,2017,1,4,Mostly great. The middle section drags a bit.,02-05-2024 13:44
243,845,1,4,Pleasant read. Nothing groundbreaking but definitely enjoyable.,22-09-2024 07:04
4218,256,2,2,Overrated. I did not enjoy the characters at all.,08-07-2023 08:18
3100,89,1,4,Mostly great. The middle section drags a bit.,23-06-2024 21:45
1205,2260,1,5,The writing is exceptional and the story gripped me from page one.,10-10-2023 20:21
3118,822,5,3,"Some interesting parts, but overall felt underwhelming.",14-08-2024 17:25
2529,866,4,2,Disappointed. Expected much more based on the reviews.,07-05-2023 14:43
2260,813,2,4,Enjoyed it quite a bit. Solid writing and interesting ideas.,23-12-2024 17:18
1275,1523,1,4,Liked it. The first half is stronger than the second.,20-07-2023 15:36
4752,2415,3,2,Would not recommend. Too slow and the payoff was not worth it.,26-01-2024 18:11
2716,977,2,4,Well-written and engaging. A few plot holes but forgivable.,25-12-2024 17:22
3537,1769,22,3,Neither great nor terrible. Passes the time.,16-02-2021 11:43
2312,541,1,3,Neither great nor terrible. Passes the time.,31-12-2024 13:55
3678,564,2,4,Above average. Would recommend to fans of the genre.,04-11-2024 19:08
2760,1426,2,3,Had potential but did not quite deliver on its promise.,06-05-2022 13:43
41,1571,5,2,Would not recommend. Too slow and the payoff was not worth it.,30-12-2024 21:07
2637,731,1,3,Decent read. Not my favourite but not bad either.,16-06-2022 15:06
2483,895,11,5,Exceeded all my expectations. Truly extraordinary.,08-01-2022 09:29
3008,951,3,5,One of the best reads I have had in years. Highly recommended.,18-12-2024 11:32
4200,2047,7,5,Perfect blend of story and insight. Will read again.,30-03-2020 12:14
1408,2429,1,5,One of the best reads I have had in years. Highly recommended.,01-06-2022 11:52
2186,2272,1,4,"Good book, though the ending felt a little rushed.",07-08-2024 18:39
1308,849,18,4,A very good read overall. Some chapters were slow but worth it.,16-02-2024 06:20
3104,1476,5,3,Decent read. Not my favourite but not bad either.,31-08-2023 11:02
376,1691,1,4,A very good read overall. Some chapters were slow but worth it.,03-04-2024 16:20
4019,1219,3,5,A masterpiece. Every chapter left me wanting more.,28-03-2023 15:21
3022,2130,2,3,It was okay. The hype around this book is a bit overstated.,11-01-2024 08:59
1490,2359,4,2,Disappointed. Expected much more based on the reviews.,20-11-2022 19:40
2276,1895,3,3,"Mixed feelings. Good premise, mediocre execution.",22-08-2024 09:38
2414,2576,1,4,A very good read overall. Some chapters were slow but worth it.,30-07-2022 19:54
3742,2529,4,3,Had potential but did not quite deliver on its promise.,15-08-2024 23:35
747,887,3,4,Liked it. The first half is stronger than the second.,24-10-2023 12:28
4333,2288,29,6,Absolutely loved this book — couldn't put it down!,28-07-2024 00:29
4183,2697,1,5,One of the best reads I have had in years. Highly recommended.,07-04-2023 13:21
3626,1007,5,4,Liked it. The first half is stronger than the second.,24-01-2022 22:52
3280,1264,1,4,,20-10-2022 17:24
1945,1854,1,4,Pleasant read. Nothing groundbreaking but definitely enjoyable.,20-12-2024 06:37
3490,1900,5,4,"Good book, though the ending felt a little rushed.",08-12-2023 17:58
2551,1993,1,4,Above average. Would recommend to fans of the genre.,23-07-2024 12:49
1291,1478,8,4,Well-written and engaging. A few plot holes but forgivable.,06-01-2021 12:59
2622,2413,25,3,"Mixed feelings. Good premise, mediocre execution.",19-05-2023 11:51
389,1301,3,4,Mostly great. The middle section drags a bit.,02-10-2022 23:32
681,2792,1,3,Average. Had its moments but failed to really engage me.,15-06-2023 18:07
5229,1383,3,4,Above average. Would recommend to fans of the genre.,19-11-2023 09:17
4307,683,1,3,Average. Had its moments but failed to really engage me.,27-12-2021 18:44
1302,1521,2,2,Disappointed. Expected much more based on the reviews.,01-01-2024 17:54
4438,838,1,4,Pleasant read. Nothing groundbreaking but definitely enjoyable.,15-12-2022 07:29
2199,1574,1,3,Average. Had its moments but failed to really engage me.,05-08-2024 14:34
2751,1573,1,3,"Some interesting parts, but overall felt underwhelming.",22-11-2024 18:06
312,465,1,3,,30-10-2024 20:53
3284,844,8,3,"Some interesting parts, but overall felt underwhelming.",14-07-2024 09:31
239,2312,2,4,Above average. Would recommend to fans of the genre.,02-11-2024 13:49
1914,1217,2,4,Enjoyed it quite a bit. Solid writing and interesting ideas.,22-12-2024 20:24
1806,1603,1,2,Overrated. I did not enjoy the characters at all.,12-12-2021 15:03
2452,2739,3,4,A very good read overall. Some chapters were slow but worth it.,10-02-2023 18:58
4947,989,1,5,One of the best reads I have had in years. Highly recommended.,24-02-2024 16:58
181,2261,2,3,Average. Had its moments but failed to really engage me.,31-12-2024 14:00
2179,886,1,4,Above average. Would recommend to fans of the genre.,10-07-2021 21:25
1574,484,4,2,Overrated. I did not enjoy the characters at all.,15-02-2023 14:01
1164,10,7,7,This book changed the way I think. A must-read for everyone.,04-05-2023 02:19
694,2292,4,4,Well-written and engaging. A few plot holes but forgivable.,26-11-2024 23:27
5022,539,2,3,"Mixed feelings. Good premise, mediocre execution.",10-01-2023 19:36
1956,1085,2,3,"Mixed feelings. Good premise, mediocre execution.",11-04-2022 11:20
1502,308,1,4,"Good book, though the ending felt a little rushed.",02-02-2024 02:42
334,332,1,4,Well-written and engaging. A few plot holes but forgivable.,20-11-2024 04:17
504,964,4,4,Enjoyed it quite a bit. Solid writing and interesting ideas.,20-01-2022 19:09
4386,1372,22,2,The plot felt disjointed and the pacing was off throughout.,29-01-2024 09:17
5160,1726,1,3,"Mixed feelings. Good premise, mediocre execution.",11-02-2023 17:09
3084,676,5,2,The plot felt disjointed and the pacing was off throughout.,27-12-2024 01:27
1599,239,4,3,Decent read. Not my favourite but not bad either.,05-07-2024 14:48
3413,1882,8,4,Mostly great. The middle section drags a bit.,06-01-2024 18:49
3734,1221,11,3,Neither great nor terrible. Passes the time.,24-08-2024 12:01
3435,1923,4,3,Average. Had its moments but failed to really engage me.,06-09-2022 13:14
1277,299,1,3,"Mixed feelings. Good premise, mediocre execution.",15-09-2023 12:19
1980,2442,1,4,Enjoyed it quite a bit. Solid writing and interesting ideas.,05-02-2023 23:27
5110,229,1,4,,27-08-2022 12:17
1545,2613,6,3,"Some interesting parts, but overall felt underwhelming.",16-03-2020 08:20
2948,1433,2,4,"Good book, though the ending felt a little rushed.",27-10-2023 11:14
3563,1618,6,3,It was okay. The hype around this book is a bit overstated.,22-03-2021 16:11
1605,1664,1,2,Would not recommend. Too slow and the payoff was not worth it.,07-08-2020 08:33
5176,2608,11,4,Well-written and engaging. A few plot holes but forgivable.,24-04-2023 17:04
5156,527,8,3,It was okay. The hype around this book is a bit overstated.,13-09-2024 08:25
2383,2470,2,3,"Some interesting parts, but overall felt underwhelming.",24-08-2024 11:18
2000,392,1,4,Pleasant read. Nothing groundbreaking but definitely enjoyable.,20-09-2024 19:49
3177,2041,1,5,I finished this in two sittings. Absolutely riveting.,21-12-2022 17:16
697,708,1,4,Above average. Would recommend to fans of the genre.,09-11-2022 09:30
2380,758,1,3,"Mixed feelings. Good premise, mediocre execution.",30-11-2024 06:05
4124,2213,11,3,Average. Had its moments but failed to really engage me.,05-09-2023 09:35
687,731,73,2,Would not recommend. Too slow and the payoff was not worth it.,22-04-2024 18:18
4679,1521,4,4,Mostly great. The middle section drags a bit.,30-01-2024 17:05
3630,1062,3,3,Had potential but did not quite deliver on its promise.,04-08-2024 18:22
3707,1674,149,0,The plot felt disjointed and the pacing was off throughout.,20-02-2024 11:32
2843,1390,1,4,,27-05-2022 14:17
2044,304,1,3,"Mixed feelings. Good premise, mediocre execution.",18-03-2024 13:49
3431,351,7,-1,Liked it. The first half is stronger than the second.,10-03-2023 12:32
5260,917,1,4,,31-10-2024 08:01
1457,59,1,4,Pleasant read. Nothing groundbreaking but definitely enjoyable.,09-02-2022 12:44
2146,1252,2,5,One of the best reads I have had in years. Highly recommended.,04-12-2023 08:00
2546,1929,35,4,A very good read overall. Some chapters were slow but worth it.,16-11-2022 13:11
1128,506,1,4,Liked it. The first half is stronger than the second.,21-12-2024 10:00
2263,435,5,2,The plot felt disjointed and the pacing was off throughout.,15-08-2024 07:35
3496,950,1,5,One of the best reads I have had in years. Highly recommended.,15-11-2024 13:04
3547,2719,2,5,Exceeded all my expectations. Truly extraordinary.,19-06-2024 08:25
5530,2606,3,3,It was okay. The hype around this book is a bit overstated.,31-12-2024 08:12
547,1412,11,2,,05-08-2024 14:07
1813,725,13,3,"Some interesting parts, but overall felt underwhelming.",08-12-2024 13:12
5081,1636,4,3,Decent read. Not my favourite but not bad either.,28-09-2024 18:11
5447,359,31,0,Exceeded all my expectations. Truly extraordinary.,12-01-2024 18:16
220,1439,1,5,,06-08-2024 21:24
5253,1890,1,4,Liked it. The first half is stronger than the second.,18-05-2023 08:52
5296,2125,3,3,"Mixed feelings. Good premise, mediocre execution.",21-01-2024 07:31
3459,471,1,4,A very good read overall. Some chapters were slow but worth it.,08-09-2024 21:37
172,865,1,4,Liked it. The first half is stronger than the second.,20-07-2022 11:19
4797,2599,1,4,Well-written and engaging. A few plot holes but forgivable.,02-08-2023 17:29
996,1787,22,3,Decent read. Not my favourite but not bad either.,13-12-2023 20:41
1868,2012,12,5,Absolutely loved this book — couldn't put it down!,12-04-2022 09:34
1253,1363,1,5,Absolutely loved this book — couldn't put it down!,07-06-2024 11:03
3932,630,2,5,The writing is exceptional and the story gripped me from page one.,14-12-2024 20:45
2973,2417,1,4,Liked it. The first half is stronger than the second.,19-10-2024 09:47
2536,2167,1,4,Mostly great. The middle section drags a bit.,03-05-2021 15:06
3214,2334,9,2,,31-12-2024 15:14
2225,2663,2,5,Brilliant narrative. The characters feel genuinely real.,22-11-2022 13:53
4876,980,4,3,Neither great nor terrible. Passes the time.,01-08-2024 03:27
2713,159,2,5,Brilliant narrative. The characters feel genuinely real.,02-12-2023 17:48
3255,734,4,5,Brilliant narrative. The characters feel genuinely real.,05-05-2024 19:58
240,2215,1,3,Neither great nor terrible. Passes the time.,16-10-2020 12:02
3530,1355,1,2,Would not recommend. Too slow and the payoff was not worth it.,10-11-2023 09:45
4326,2235,8,4,Pleasant read. Nothing groundbreaking but definitely enjoyable.,23-08-2023 08:11
4215,996,1,5,Absolutely loved this book — couldn't put it down!,28-12-2023 11:30
943,780,5,2,The plot felt disjointed and the pacing was off throughout.,31-10-2023 15:27
4591,1641,38,5,Absolutely loved this book — couldn't put it down!,02-04-2020 16:24
3299,1667,5,3,Had potential but did not quite deliver on its promise.,17-06-2023 10:38
4861,663,2,4,,02-08-2023 17:55
4724,180,1,4,Liked it. The first half is stronger than the second.,12-04-2022 16:03
4355,2231,2,4,Pleasant read. Nothing groundbreaking but definitely enjoyable.,10-02-2022 11:09
5116,1074,7,4,Above average. Would recommend to fans of the genre.,23-08-2024 16:12
4349,514,16,5,Brilliant narrative. The characters feel genuinely real.,18-06-2024 20:10
2780,1070,2,4,A very good read overall. Some chapters were slow but worth it.,18-11-2021 19:49
3091,725,4,4,Enjoyed it quite a bit. Solid writing and interesting ideas.,25-10-2024 21:34
5198,1232,41,5,This book changed the way I think. A must-read for everyone.,23-03-2022 08:29
1136,2634,2,4,Above average. Would recommend to fans of the genre.,24-10-2023 21:02
4420,1877,21,5,Beautifully written. The author's style is simply stunning.,03-11-2024 21:52
4489,1829,2,4,A very good read overall. Some chapters were slow but worth it.,02-10-2022 15:05
2547,279,2,0,Had potential but did not quite deliver on its promise.,24-10-2020 21:25
5454,681,1,3,Had potential but did not quite deliver on its promise.,27-08-2024 17:32
2213,1533,34,4,Pleasant read. Nothing groundbreaking but definitely enjoyable.,10-04-2021 20:52
3356,1272,7,5,Exceeded all my expectations. Truly extraordinary.,15-06-2024 19:28
549,2071,4,3,,22-06-2024 18:38
1953,1468,1,5,Brilliant narrative. The characters feel genuinely real.,15-04-2022 15:20
1065,1964,2,5,Exceeded all my expectations. Truly extraordinary.,10-02-2024 21:48
3561,2721,2,4,Mostly great. The middle section drags a bit.,04-10-2024 11:02
2197,962,1,3,Neither great nor terrible. Passes the time.,07-05-2023 05:01
1443,230,3,5,I finished this in two sittings. Absolutely riveting.,12-11-2023 17:45
3631,2457,5,4,Pleasant read. Nothing groundbreaking but definitely enjoyable.,13-05-2024 11:44
724,1752,27,2,Not for me. The writing style felt very dated.,28-01-2024 11:58
4528,1388,2,4,Mostly great. The middle section drags a bit.,26-08-2021 08:22
2477,928,2,5,Brilliant narrative. The characters feel genuinely real.,02-11-2024 18:51
5549,385,5,4,Well-written and engaging. A few plot holes but forgivable.,24-12-2024 19:16
678,262,1,3,"Some interesting parts, but overall felt underwhelming.",30-08-2022 08:23
70,1450,1,3,"Some interesting parts, but overall felt underwhelming.",13-05-2022 23:18
3288,1082,1,5,Brilliant narrative. The characters feel genuinely real.,08-01-2024 07:14
3546,215,13,4,,09-08-2021 10:27
4644,2379,2,3,Decent read. Not my favourite but not bad either.,31-12-2024 18:31
4722,1104,7,5,One of the best reads I have had in years. Highly recommended.,11-12-2023 13:30
4236,461,1,4,A very good read overall. Some chapters were slow but worth it.,15-07-2024 16:31
3264,1088,2,3,Neither great nor terrible. Passes the time.,20-04-2023 19:36
3000,2283,3,3,Neither great nor terrible. Passes the time.,15-11-2023 15:41
4502,1937,2,3,Average. Had its moments but failed to really engage me.,11-06-2023 19:18
1093,2635,10,3,,02-05-2021 17:48
4581,16,3,4,"Good book, though the ending felt a little rushed.",14-08-2022 05:50
1527,1289,6,2,Would not recommend. Too slow and the payoff was not worth it.,04-05-2024 14:01
3688,1175,3,2,Overrated. I did not enjoy the characters at all.,14-10-2024 18:39
2520,2055,13,3,Average. Had its moments but failed to really engage me.,06-12-2023 06:49
1073,1869,30,3,Neither great nor terrible. Passes the time.,08-08-2020 07:18
2302,1280,1,4,Liked it. The first half is stronger than the second.,16-08-2021 22:29
522,2594,1,4,,06-07-2024 12:44
4737,920,2,5,Beautifully written. The author's style is simply stunning.,22-10-2024 17:33
3662,1698,9,4,Mostly great. The middle section drags a bit.,29-12-2024 21:19
2866,1742,1,4,Above average. Would recommend to fans of the genre.,11-11-2022 16:32
412,2393,1,4,Enjoyed it quite a bit. Solid writing and interesting ideas.,08-12-2021 19:28
5281,955,17,3,Decent read. Not my favourite but not bad either.,02-10-2022 14:56
211,575,70,3,"Mixed feelings. Good premise, mediocre execution.",08-07-2024 17:41
4270,868,24,2,Disappointed. Expected much more based on the reviews.,15-11-2024 13:24
2269,1215,22,2,Not for me. The writing style felt very dated.,30-11-2020 14:06
1837,1242,3,4,Mostly great. The middle section drags a bit.,17-02-2022 17:14
1858,1257,2,4,Well-written and engaging. A few plot holes but forgivable.,10-05-2023 11:03
462,1796,12,4,Liked it. The first half is stronger than the second.,19-09-2022 16:02
473,672,3,3,"Some interesting parts, but overall felt underwhelming.",16-10-2024 10:30
2613,1236,1,3,It was okay. The hype around this book is a bit overstated.,13-08-2023 13:04
406,2334,3,4,"Good book, though the ending felt a little rushed.",23-02-2023 19:10
1323,1142,1,4,,12-03-2022 18:24
3635,194,1,4,Well-written and engaging. A few plot holes but forgivable.,28-07-2022 09:58
1921,541,2,3,It was okay. The hype around this book is a bit overstated.,30-10-2021 12:30
4394,1524,4,5,,14-02-2022 17:14
2050,908,2,4,Liked it. The first half is stronger than the second.,29-10-2023 18:41
1499,422,2,4,Well-written and engaging. A few plot holes but forgivable.,04-09-2023 03:27
5001,1040,47,3,Neither great nor terrible. Passes the time.,01-08-2024 09:52
3423,857,2,4,Above average. Would recommend to fans of the genre.,17-06-2024 22:44
3272,2143,1,4,,02-01-2023 16:56
4305,2682,1,3,Average. Had its moments but failed to really engage me.,24-09-2024 11:49
593,2507,1,4,Mostly great. The middle section drags a bit.,25-12-2024 22:23
2700,1718,1,3,Decent read. Not my favourite but not bad either.,14-05-2024 10:50
3615,2483,6,7,Not for me. The writing style felt very dated.,27-10-2024 12:30
2344,2397,1,4,Enjoyed it quite a bit. Solid writing and interesting ideas.,03-06-2024 09:44
1722,107,4,3,Average. Had its moments but failed to really engage me.,09-06-2024 18:17
1750,2379,4,3,,16-10-2024 17:55
587,2401,1,4,Above average. Would recommend to fans of the genre.,31-12-2024 18:39
5493,69,3,6,Had potential but did not quite deliver on its promise.,23-02-2021 05:25
4334,1185,20,5,Brilliant narrative. The characters feel genuinely real.,03-12-2023 22:59
4931,1800,1,4,Above average. Would recommend to fans of the genre.,15-02-2024 12:34
1712,1377,1,5,Exceeded all my expectations. Truly extraordinary.,03-09-2024 01:36
2827,916,2,3,Average. Had its moments but failed to really engage me.,18-03-2023 18:55
434,2318,2,4,,16-02-2023 07:21
703,236,1,4,A very good read overall. Some chapters were slow but worth it.,09-08-2021 21:55
5379,2753,102,4,Pleasant read. Nothing groundbreaking but definitely enjoyable.,28-12-2023 07:04
4161,2778,4,3,,06-07-2022 18:12
4583,1758,1,6,"Some interesting parts, but overall felt underwhelming.",29-11-2024 11:08
4001,2470,7,3,"Some interesting parts, but overall felt underwhelming.",24-10-2022 09:40
3410,2382,1,5,Beautifully written. The author's style is simply stunning.,01-11-2024 07:30
679,1459,2,4,"Good book, though the ending felt a little rushed.",03-11-2024 04:35
2770,255,8,4,Enjoyed it quite a bit. Solid writing and interesting ideas.,27-10-2024 22:49
3798,1135,27,5,Exceeded all my expectations. Truly extraordinary.,22-11-2024 22:31
3822,1719,18,3,Neither great nor terrible. Passes the time.,21-11-2021 10:07
2658,1258,2,3,Decent read. Not my favourite but not bad either.,19-12-2023 00:03
1434,637,16,5,Beautifully written. The author's style is simply stunning.,13-04-2023 10:47
756,1015,5,3,"Some interesting parts, but overall felt underwhelming.",27-04-2024 21:59
3909,2364,16,5,This book changed the way I think. A must-read for everyone.,27-08-2024 17:18
2681,2571,1,5,One of the best reads I have had in years. Highly recommended.,28-09-2023 17:13
187,817,1,3,"Mixed feelings. Good premise, mediocre execution.",05-03-2023 11:19
1983,1152,2,3,Had potential but did not quite deliver on its promise.,13-04-2023 20:52
5213,1418,38,4,,08-12-2023 19:23
2550,618,1,4,Liked it. The first half is stronger than the second.,12-12-2023 20:16
5595,2322,1,4,Enjoyed it quite a bit. Solid writing and interesting ideas.,28-01-2022 21:43
4204,1307,1,4,"Good book, though the ending felt a little rushed.",11-10-2024 21:00
2439,530,3,3,Had potential but did not quite deliver on its promise.,11-06-2024 19:35
4667,863,2,3,"Some interesting parts, but overall felt underwhelming.",10-01-2022 19:24
5280,2427,7,3,Neither great nor terrible. Passes the time.,31-12-2024 07:36
2871,1718,26,3,"Some interesting parts, but overall felt underwhelming.",06-01-2024 13:11
402,2790,113,4,A very good read overall. Some chapters were slow but worth it.,21-02-2024 12:19
5448,1364,16,4,Pleasant read. Nothing groundbreaking but definitely enjoyable.,24-10-2024 18:40
2462,2699,1,5,Brilliant narrative. The characters feel genuinely real.,26-12-2021 07:16
2105,821,9,3,Neither great nor terrible. Passes the time.,29-11-2023 17:34
3583,1600,11,5,Brilliant narrative. The characters feel genuinely real.,10-12-2021 01:55
2445,1809,2,2,Would not recommend. Too slow and the payoff was not worth it.,05-04-2021 08:02
2345,2394,1,4,Enjoyed it quite a bit. Solid writing and interesting ideas.,31-07-2024 19:05
3843,937,1,3,"Some interesting parts, but overall felt underwhelming.",20-06-2024 19:53
3190,500,1,3,Average. Had its moments but failed to really engage me.,22-09-2020 05:54
3653,1064,1,3,Decent read. Not my favourite but not bad either.,05-06-2024 06:57
2653,1719,2,3,"Some interesting parts, but overall felt underwhelming.",13-10-2022 15:33
2326,1463,13,3,It was okay. The hype around this book is a bit overstated.,27-04-2021 11:03
4243,2448,1,3,Had potential but did not quite deliver on its promise.,04-10-2024 11:04
4168,1090,31,5,Brilliant narrative. The characters feel genuinely real.,31-12-2024 21:49
846,2281,51,2,Struggled to get through it. The story meanders endlessly.,13-12-2023 12:20
4924,2557,1,3,"Some interesting parts, but overall felt underwhelming.",12-03-2022 20:07
1374,245,47,3,Average. Had its moments but failed to really engage me.,07-12-2024 14:04
1603,2424,3,3,Neither great nor terrible. Passes the time.,02-11-2024 06:39
3301,155,3,4,Well-written and engaging. A few plot holes but forgivable.,29-11-2024 08:34
702,519,3,3,Had potential but did not quite deliver on its promise.,08-04-2023 04:29
5103,1579,1,4,Pleasant read. Nothing groundbreaking but definitely enjoyable.,08-10-2023 09:42
1021,2207,100,5,Brilliant narrative. The characters feel genuinely real.,02-07-2024 11:42
285,1388,3,3,"Some interesting parts, but overall felt underwhelming.",04-10-2023 19:56
4096,1902,8,3,Neither great nor terrible. Passes the time.,15-10-2023 13:14
98,2587,11,4,Pleasant read. Nothing groundbreaking but definitely enjoyable.,17-10-2024 18:02
654,826,1,3,Average. Had its moments but failed to really engage me.,31-12-2024 17:46
4500,1314,5,4,A very good read overall. Some chapters were slow but worth it.,01-10-2020 18:44
3148,2640,17,3,Decent read. Not my favourite but not bad either.,15-12-2023 11:54
1908,859,2,2,Overrated. I did not enjoy the characters at all.,20-03-2022 20:48
3952,159,1,3,Average. Had its moments but failed to really engage me.,27-10-2024 10:25
3718,707,4,3,Decent read. Not my favourite but not bad either.,14-03-2024 06:26
857,1916,25,2,Disappointed. Expected much more based on the reviews.,25-04-2022 08:17
4506,1904,2,4,"Good book, though the ending felt a little rushed.",18-11-2020 07:22
2169,2535,1,3,Decent read. Not my favourite but not bad either.,29-11-2022 10:10
2062,760,6,3,It was okay. The hype around this book is a bit overstated.,31-01-2021 11:16
4579,2746,34,7,It was okay. The hype around this book is a bit overstated.,13-10-2024 12:35
1830,2096,3,2,Would not recommend. Too slow and the payoff was not worth it.,08-11-2024 12:36
4299,2676,13,5,I finished this in two sittings. Absolutely riveting.,26-01-2024 13:23
4361,1751,1,4,Well-written and engaging. A few plot holes but forgivable.,13-01-2023 17:37
4503,2425,14,5,The writing is exceptional and the story gripped me from page one.,09-06-2024 08:25
2384,2535,78,4,Above average. Would recommend to fans of the genre.,05-09-2023 20:23
3885,1367,7,5,Beautifully written. The author's style is simply stunning.,18-04-2024 12:31
5044,1963,1,3,Neither great nor terrible. Passes the time.,12-10-2020 13:14
4789,343,4,3,"Some interesting parts, but overall felt underwhelming.",28-10-2022 16:46
2607,1363,7,3,Average. Had its moments but failed to really engage me.,11-03-2024 11:27
4230,2489,8,2,Struggled to get through it. The story meanders endlessly.,12-10-2024 11:20
3648,787,1,3,Decent read. Not my favourite but not bad either.,15-05-2023 18:25
1371,786,2,5,Perfect blend of story and insight. Will read again.,03-01-2023 17:19
1225,455,16,4,"Good book, though the ending felt a little rushed.",09-09-2024 19:59
2945,500,8,3,Decent read. Not my favourite but not bad either.,03-09-2024 17:18
757,2539,1,3,Average. Had its moments but failed to really engage me.,20-11-2024 17:25
3786,1598,1,4,Mostly great. The middle section drags a bit.,16-09-2024 01:06
3579,1627,61,3,It was okay. The hype around this book is a bit overstated.,31-12-2024 19:35
3926,2708,2,3,"Mixed feelings. Good premise, mediocre execution.",21-06-2022 08:49
1849,1607,10,5,A masterpiece. Every chapter left me wanting more.,27-01-2023 21:27
4382,1962,1,5,Absolutely loved this book — couldn't put it down!,31-12-2024 09:41
4014,2182,2,3,Average. Had its moments but failed to really engage me.,03-01-2023 18:00
1760,744,1,4,A very good read overall. Some chapters were slow but worth it.,02-06-2021 21:36
409,1850,1,4,Liked it. The first half is stronger than the second.,10-10-2023 18:09
3768,275,6,1,Gave up halfway. The writing is unbearable.,31-10-2023 21:47
1708,1533,13,5,Beautifully written. The author's style is simply stunning.,15-01-2022 18:31
105,225,2,5,The writing is exceptional and the story gripped me from page one.,20-09-2024 18:09
1240,2356,1,4,"Good book, though the ending felt a little rushed.",19-05-2024 20:21
1062,2569,19,4,Above average. Would recommend to fans of the genre.,20-11-2024 10:29
4119,1200,20,4,Well-written and engaging. A few plot holes but forgivable.,14-09-2022 10:07
5059,2399,6,2,,25-10-2023 10:09
1602,1278,38,5,The writing is exceptional and the story gripped me from page one.,29-01-2022 13:29
3072,739,27,4,Mostly great. The middle section drags a bit.,23-05-2023 20:17
1097,2723,6,2,Struggled to get through it. The story meanders endlessly.,30-04-2023 18:36
5285,455,1,4,Liked it. The first half is stronger than the second.,31-08-2024 16:24
5327,825,7,4,Well-written and engaging. A few plot holes but forgivable.,02-11-2024 18:15
3673,1399,1,4,Mostly great. The middle section drags a bit.,30-10-2022 18:05
3,753,2,3,Decent read. Not my favourite but not bad either.,01-01-2023 20:28
2007,1859,5,3,,07-12-2020 12:33
3884,156,1,4,"Good book, though the ending felt a little rushed.",29-01-2024 17:37
5269,466,7,3,Had potential but did not quite deliver on its promise.,18-03-2022 10:19
4629,1085,8,4,Well-written and engaging. A few plot holes but forgivable.,21-12-2023 09:24
5004,437,52,3,It was okay. The hype around this book is a bit overstated.,13-06-2024 00:33
149,2089,2,4,Liked it. The first half is stronger than the second.,09-10-2022 07:28
1141,422,9,4,A very good read overall. Some chapters were slow but worth it.,29-11-2024 11:30
3589,2207,2,5,The writing is exceptional and the story gripped me from page one.,10-09-2024 12:40
2601,803,6,3,It was okay. The hype around this book is a bit overstated.,01-09-2024 13:08
2299,1008,2,4,Mostly great. The middle section drags a bit.,03-05-2024 18:53
1391,1154,3,2,Overrated. I did not enjoy the characters at all.,28-03-2024 05:04
3221,554,9,4,A very good read overall. Some chapters were slow but worth it.,05-07-2023 17:11
3524,101,4,3,Decent read. Not my favourite but not bad either.,21-06-2023 13:16
1861,2485,5,4,Mostly great. The middle section drags a bit.,31-12-2024 15:36
4368,685,87,3,"Some interesting parts, but overall felt underwhelming.",03-06-2024 12:39
4817,2300,7,3,"Some interesting parts, but overall felt underwhelming.",28-12-2022 11:13
3027,2589,3,2,Not for me. The writing style felt very dated.,09-10-2024 09:08
3004,794,8,2,Disappointed. Expected much more based on the reviews.,19-11-2023 17:19
610,2554,6,3,Decent read. Not my favourite but not bad either.,24-02-2023 13:45
1399,2148,27,4,Well-written and engaging. A few plot holes but forgivable.,18-11-2024 14:06
5212,1402,10,4,Liked it. The first half is stronger than the second.,17-03-2023 17:51
4767,2650,18,2,Disappointed. Expected much more based on the reviews.,23-11-2024 10:05
1780,1086,5,5,Beautifully written. The author's style is simply stunning.,17-07-2023 16:39
1610,281,1,3,Neither great nor terrible. Passes the time.,28-07-2024 22:08
2905,1788,3,3,,05-04-2024 19:24
1045,187,2,4,Well-written and engaging. A few plot holes but forgivable.,20-08-2021 15:24
2793,1735,2,4,A very good read overall. Some chapters were slow but worth it.,12-06-2024 17:59
1166,1006,1,3,"Mixed feelings. Good premise, mediocre execution.",28-11-2024 19:41
1235,1295,2,4,Enjoyed it quite a bit. Solid writing and interesting ideas.,12-11-2022 06:39
4882,401,2,3,It was okay. The hype around this book is a bit overstated.,24-03-2022 05:36
784,876,1,2,,22-10-2024 20:25
3910,409,5,4,Above average. Would recommend to fans of the genre.,15-09-2023 08:17
3486,1866,1,3,It was okay. The hype around this book is a bit overstated.,22-01-2024 03:26
4588,1213,62,3,Neither great nor terrible. Passes the time.,18-04-2024 16:38
3872,2670,9,3,Had potential but did not quite deliver on its promise.,30-08-2024 15:13
4740,2462,7,5,The writing is exceptional and the story gripped me from page one.,28-12-2024 16:52
1548,757,1,2,The plot felt disjointed and the pacing was off throughout.,22-12-2020 14:37
5521,2595,2,3,Neither great nor terrible. Passes the time.,26-09-2023 12:52
135,1841,2,2,Not for me. The writing style felt very dated.,30-06-2023 21:59
4965,1516,1,4,Well-written and engaging. A few plot holes but forgivable.,11-04-2023 07:16
496,2361,6,2,Not for me. The writing style felt very dated.,31-12-2024 19:42
4544,834,102,4,Above average. Would recommend to fans of the genre.,01-04-2024 07:28
5297,1153,4,2,Struggled to get through it. The story meanders endlessly.,19-04-2021 12:50
318,2485,1,4,"Good book, though the ending felt a little rushed.",24-02-2024 09:57
4883,2098,2,4,Pleasant read. Nothing groundbreaking but definitely enjoyable.,09-08-2024 21:19
1298,921,3,3,Had potential but did not quite deliver on its promise.,19-11-2024 03:09
3198,631,1,5,A masterpiece. Every chapter left me wanting more.,24-08-2023 14:28
5384,727,2,4,Enjoyed it quite a bit. Solid writing and interesting ideas.,26-11-2022 10:27
4692,2174,23,3,,20-01-2024 10:33
591,1812,2,4,Pleasant read. Nothing groundbreaking but definitely enjoyable.,17-06-2023 16:41
1758,2485,3,4,Enjoyed it quite a bit. Solid writing and interesting ideas.,09-11-2022 13:47
925,1721,4,2,Would not recommend. Too slow and the payoff was not worth it.,04-09-2023 22:32
660,2547,3,4,Enjoyed it quite a bit. Solid writing and interesting ideas.,23-11-2022 13:08
947,1050,1,7,"Good book, though the ending felt a little rushed.",31-12-2024 08:13
512,192,1,4,"Good book, though the ending felt a little rushed.",20-09-2024 15:56
4009,2356,3,3,Neither great nor terrible. Passes the time.,04-11-2024 10:02
1170,1482,48,2,,19-12-2023 00:22
4816,412,12,5,,10-05-2023 12:20
720,969,4,3,Had potential but did not quite deliver on its promise.,23-07-2024 00:01
2055,2294,1,4,Well-written and engaging. A few plot holes but forgivable.,09-07-2020 14:25
309,729,1,3,It was okay. The hype around this book is a bit overstated.,02-12-2022 15:17
2059,243,2,5,This book changed the way I think. A must-read for everyone.,23-05-2024 11:12
5344,500,3,5,This book changed the way I think. A must-read for everyone.,13-09-2023 19:18
164,1163,1,4,Above average. Would recommend to fans of the genre.,22-07-2022 01:26
5436,490,2,4,A very good read overall. Some chapters were slow but worth it.,18-07-2023 12:28
590,1071,1,4,Pleasant read. Nothing groundbreaking but definitely enjoyable.,12-11-2024 08:10
1463,608,1,5,Absolutely loved this book — couldn't put it down!,02-03-2024 20:10
4256,1168,3,3,Had potential but did not quite deliver on its promise.,24-09-2024 18:31
4779,1659,31,3,Decent read. Not my favourite but not bad either.,21-10-2023 08:37
1047,295,2,4,Enjoyed it quite a bit. Solid writing and interesting ideas.,06-08-2023 14:59
1905,2564,39,5,A masterpiece. Every chapter left me wanting more.,18-06-2023 01:50
4630,1031,2,5,A masterpiece. Every chapter left me wanting more.,17-08-2022 19:31
1556,1735,1,5,I finished this in two sittings. Absolutely riveting.,20-10-2023 20:15
3692,329,3,5,A masterpiece. Every chapter left me wanting more.,23-06-2024 16:01
5395,2322,2,5,Perfect blend of story and insight. Will read again.,24-07-2022 13:57
3352,2174,1,4,Enjoyed it quite a bit. Solid writing and interesting ideas.,04-07-2024 18:46
3723,1286,1,4,Enjoyed it quite a bit. Solid writing and interesting ideas.,23-08-2024 11:00
4013,2004,1,3,Average. Had its moments but failed to really engage me.,31-12-2024 22:47
1480,2029,21,5,Perfect blend of story and insight. Will read again.,02-10-2021 22:22
1265,2194,3,4,Pleasant read. Nothing groundbreaking but definitely enjoyable.,31-12-2024 17:03
731,1059,1,3,"Mixed feelings. Good premise, mediocre execution.",28-05-2024 09:19
3252,211,1,4,,23-12-2023 13:54
5247,785,12,4,Liked it. The first half is stronger than the second.,24-08-2024 09:32
4768,586,1,5,Perfect blend of story and insight. Will read again.,08-05-2021 20:55
597,2398,3,5,I finished this in two sittings. Absolutely riveting.,04-10-2024 14:03
1394,2700,1,2,Not for me. The writing style felt very dated.,04-03-2022 08:19
2460,2632,3,4,,26-07-2021 16:17
4827,386,1,4,Well-written and engaging. A few plot holes but forgivable.,26-02-2024 11:56
769,1858,1,4,Well-written and engaging. A few plot holes but forgivable.,17-11-2022 10:33
3697,2442,6,3,,02-09-2023 16:13
5323,703,41,5,Beautifully written. The author's style is simply stunning.,16-10-2024 06:28
3025,1509,3,3,Neither great nor terrible. Passes the time.,09-12-2023 11:25
4834,1721,1,3,,27-10-2023 17:37
3733,2668,6,3,"Some interesting parts, but overall felt underwhelming.",08-01-2022 14:20
1122,2678,1,3,It was okay. The hype around this book is a bit overstated.,11-11-2024 23:25
1389,1392,2,4,Well-written and engaging. A few plot holes but forgivable.,26-12-2023 19:13
1344,1837,2,6,One of the best reads I have had in years. Highly recommended.,16-09-2021 10:30
3494,893,1,3,It was okay. The hype around this book is a bit overstated.,09-11-2024 18:40
1395,1506,2,4,A very good read overall. Some chapters were slow but worth it.,22-08-2024 08:52
5121,1181,16,4,Enjoyed it quite a bit. Solid writing and interesting ideas.,30-01-2023 19:59
902,2394,2,5,A masterpiece. Every chapter left me wanting more.,01-08-2024 15:13
4164,950,4,3,Average. Had its moments but failed to really engage me.,04-09-2023 07:28
2077,194,2,4,Well-written and engaging. A few plot holes but forgivable.,29-10-2021 12:07
4743,120,11,1,,15-01-2023 09:13
2406,2750,1,4,Well-written and engaging. A few plot holes but forgivable.,16-10-2024 18:03
2078,1035,9,3,Had potential but did not quite deliver on its promise.,07-03-2024 13:34
1998,2208,7,3,"Some interesting parts, but overall felt underwhelming.",12-08-2024 08:56
2013,1384,5,3,Average. Had its moments but failed to really engage me.,25-10-2024 15:06
3287,1252,115,5,Absolutely loved this book — couldn't put it down!,13-06-2024 21:39
4217,1599,73,3,Had potential but did not quite deliver on its promise.,25-11-2024 14:37
695,345,1,3,It was okay. The hype around this book is a bit overstated.,03-10-2024 11:48
840,1432,53,2,The plot felt disjointed and the pacing was off throughout.,14-08-2022 10:13
3045,1626,1,3,,15-12-2024 06:00
5095,1156,2,3,"Some interesting parts, but overall felt underwhelming.",09-12-2023 08:57
1811,2037,3,5,Perfect blend of story and insight. Will read again.,19-08-2024 18:16
4322,788,5,4,Well-written and engaging. A few plot holes but forgivable.,27-02-2023 08:24
3134,1024,2,4,Well-written and engaging. A few plot holes but forgivable.,11-03-2021 15:07
3850,67,166,3,"Mixed feelings. Good premise, mediocre execution.",24-09-2024 18:26
1537,945,2,4,Liked it. The first half is stronger than the second.,18-12-2024 10:51
4277,1338,5,3,It was okay. The hype around this book is a bit overstated.,20-07-2024 21:59
4830,813,38,4,A very good read overall. Some chapters were slow but worth it.,24-07-2024 17:06
4933,650,1,7,Perfect blend of story and insight. Will read again.,31-08-2024 07:40
1553,2424,4,3,Average. Had its moments but failed to really engage me.,09-03-2024 18:46
4216,2784,1,4,Liked it. The first half is stronger than the second.,02-09-2023 19:15
4071,96,63,4,Mostly great. The middle section drags a bit.,25-03-2022 14:01
19,2307,1,4,Pleasant read. Nothing groundbreaking but definitely enjoyable.,02-11-2021 11:38
2608,438,1,4,"Good book, though the ending felt a little rushed.",18-12-2023 18:54
1251,1272,2,4,Enjoyed it quite a bit. Solid writing and interesting ideas.,31-12-2024 16:37
5185,317,8,4,Mostly great. The middle section drags a bit.,28-10-2023 12:59
2418,1298,1,3,Had potential but did not quite deliver on its promise.,14-02-2023 10:45
4546,1859,7,2,Struggled to get through it. The story meanders endlessly.,17-01-2022 01:41
2220,956,4,4,Enjoyed it quite a bit. Solid writing and interesting ideas.,24-04-2021 07:49
2690,1342,14,4,Mostly great. The middle section drags a bit.,17-11-2024 16:56
3023,2317,2,4,Enjoyed it quite a bit. Solid writing and interesting ideas.,04-09-2024 19:45
3672,965,105,2,Struggled to get through it. The story meanders endlessly.,06-06-2024 07:29
3363,2197,6,4,Enjoyed it quite a bit. Solid writing and interesting ideas.,18-04-2024 04:44
117,54,1,5,This book changed the way I think. A must-read for everyone.,08-03-2024 21:27
2631,877,9,6,"Mixed feelings. Good premise, mediocre execution.",20-05-2022 12:42
8,1328,25,5,I finished this in two sittings. Absolutely riveting.,04-09-2024 08:24
3273,2339,2,4,,16-05-2022 19:12
2819,2613,2,5,A masterpiece. Every chapter left me wanting more.,16-10-2020 10:51
2870,773,2,4,Above average. Would recommend to fans of the genre.,07-08-2023 19:27
3242,692,9,5,Beautifully written. The author's style is simply stunning.,17-11-2024 14:27
1866,486,1,3,Had potential but did not quite deliver on its promise.,15-04-2024 20:14
1618,394,1,4,Mostly great. The middle section drags a bit.,12-01-2023 07:43
566,685,1,4,A very good read overall. Some chapters were slow but worth it.,31-12-2024 22:36
922,90,8,4,Enjoyed it quite a bit. Solid writing and interesting ideas.,14-08-2024 18:16
920,1815,5,2,Disappointed. Expected much more based on the reviews.,24-05-2023 18:20
4069,64,1,6,Decent read. Not my favourite but not bad either.,09-12-2023 21:51
3275,1665,3,2,Not for me. The writing style felt very dated.,10-09-2022 07:40
3533,1746,2,5,A masterpiece. Every chapter left me wanting more.,04-03-2023 16:29
3523,396,1,4,Well-written and engaging. A few plot holes but forgivable.,01-05-2024 11:27
829,2638,7,3,"Some interesting parts, but overall felt underwhelming.",23-05-2024 08:31
5029,2361,4,4,Well-written and engaging. A few plot holes but forgivable.,05-06-2024 05:35
310,604,1,-1,Well-written and engaging. A few plot holes but forgivable.,12-12-2024 19:07
3644,1414,9,3,Average. Had its moments but failed to really engage me.,13-07-2024 14:18
3553,2314,1,4,Mostly great. The middle section drags a bit.,11-05-2022 23:38
5370,68,26,4,Well-written and engaging. A few plot holes but forgivable.,10-11-2024 18:47
3103,1435,2,4,Mostly great. The middle section drags a bit.,05-11-2023 10:49
5483,474,4,3,"Some interesting parts, but overall felt underwhelming.",02-11-2024 22:14
232,1678,76,2,Disappointed. Expected much more based on the reviews.,03-12-2020 07:25
5055,238,1,4,"Good book, though the ending felt a little rushed.",26-10-2024 20:09
446,2070,1,3,"Some interesting parts, but overall felt underwhelming.",24-02-2022 08:52
573,956,14,4,Well-written and engaging. A few plot holes but forgivable.,24-11-2023 14:15
5558,2394,3,5,Exceeded all my expectations. Truly extraordinary.,23-05-2024 17:59
655,2313,3,4,Liked it. The first half is stronger than the second.,26-10-2024 07:25
5419,1527,7,4,Above average. Would recommend to fans of the genre.,28-09-2022 17:51
5245,98,8,4,,19-07-2024 21:19
1138,542,1,4,Mostly great. The middle section drags a bit.,06-06-2024 08:47
292,2014,1,3,"Some interesting parts, but overall felt underwhelming.",20-12-2024 06:13
2139,1988,2,4,Liked it. The first half is stronger than the second.,03-04-2023 08:27
2400,1718,9,4,Above average. Would recommend to fans of the genre.,04-07-2022 14:50
125,1692,1,3,Average. Had its moments but failed to really engage me.,19-01-2024 19:33
3102,2433,21,4,Mostly great. The middle section drags a bit.,24-03-2020 20:01
3660,2082,2,4,Above average. Would recommend to fans of the genre.,20-12-2024 10:40
291,1235,1,4,A very good read overall. Some chapters were slow but worth it.,28-04-2024 22:02
5598,2566,1,4,,12-12-2024 07:01
4045,672,1,4,Pleasant read. Nothing groundbreaking but definitely enjoyable.,04-08-2023 12:34
4433,2599,3,3,"Mixed feelings. Good premise, mediocre execution.",08-05-2024 20:22
5589,429,13,5,Beautifully written. The author's style is simply stunning.,03-05-2024 05:48
2863,1506,4,2,,20-09-2024 20:14
632,476,68,5,One of the best reads I have had in years. Highly recommended.,09-03-2023 02:40
1381,1342,2,5,I finished this in two sittings. Absolutely riveting.,21-12-2023 08:11
2102,1881,1,4,Above average. Would recommend to fans of the genre.,31-10-2022 17:03
580,1758,8,2,The plot felt disjointed and the pacing was off throughout.,31-12-2024 18:54
3950,2412,3,4,Pleasant read. Nothing groundbreaking but definitely enjoyable.,29-12-2024 08:58
5459,33,3,2,Overrated. I did not enjoy the characters at all.,21-08-2022 07:06
5616,1329,1,5,I finished this in two sittings. Absolutely riveting.,02-11-2024 12:51
3830,2112,9,3,Had potential but did not quite deliver on its promise.,15-08-2022 17:17
4798,2280,30,3,Decent read. Not my favourite but not bad either.,24-01-2024 19:53
3602,511,2,4,Mostly great. The middle section drags a bit.,05-12-2022 23:05
5177,324,1,4,Liked it. The first half is stronger than the second.,21-09-2022 17:05
2040,201,1,4,,01-12-2021 22:02
438,2109,1,3,Neither great nor terrible. Passes the time.,07-12-2021 06:38
1897,2781,12,4,"Good book, though the ending felt a little rushed.",11-09-2021 23:48
2789,44,2,3,It was okay. The hype around this book is a bit overstated.,15-11-2022 23:14
3135,1838,1,4,A very good read overall. Some chapters were slow but worth it.,06-07-2024 12:01
2810,1429,1,5,,03-08-2024 20:11
2415,1169,2,4,Pleasant read. Nothing groundbreaking but definitely enjoyable.,19-05-2024 08:41
3197,2758,13,3,"Some interesting parts, but overall felt underwhelming.",20-11-2021 06:59
4440,1283,2,4,Well-written and engaging. A few plot holes but forgivable.,24-11-2023 16:25
300,1475,1,4,Mostly great. The middle section drags a bit.,13-09-2024 19:03
4352,2196,2,4,Well-written and engaging. A few plot holes but forgivable.,01-11-2024 20:21
3489,1904,3,5,Exceeded all my expectations. Truly extraordinary.,12-04-2021 07:33
550,1929,1,4,Mostly great. The middle section drags a bit.,19-09-2024 06:02
5019,388,2,4,"Good book, though the ending felt a little rushed.",08-05-2022 08:46
3980,2675,1,4,Pleasant read. Nothing groundbreaking but definitely enjoyable.,30-05-2024 09:15
4409,416,41,5,One of the best reads I have had in years. Highly recommended.,17-08-2024 18:51
774,1970,2,3,"Some interesting parts, but overall felt underwhelming.",07-11-2024 11:12
3231,1413,2,4,Pleasant read. Nothing groundbreaking but definitely enjoyable.,24-05-2022 11:55
2590,355,1,4,Mostly great. The middle section drags a bit.,03-05-2023 11:05
2712,505,15,3,"Some interesting parts, but overall felt underwhelming.",08-03-2023 00:28
3877,2120,16,4,Mostly great. The middle section drags a bit.,17-02-2022 21:45
386,1012,1,4,,05-06-2023 19:41
2914,1957,1,4,Enjoyed it quite a bit. Solid writing and interesting ideas.,27-09-2022 08:40
618,1398,1,3,Neither great nor terrible. Passes the time.,02-11-2024 12:28
5186,2543,15,5,One of the best reads I have had in years. Highly recommended.,20-02-2022 12:32
333,683,3,4,Pleasant read. Nothing groundbreaking but definitely enjoyable.,07-10-2024 21:33
4363,2447,10,4,,19-04-2024 11:16
95,1528,2,5,,02-08-2024 13:47
4248,1608,3,3,"Some interesting parts, but overall felt underwhelming.",16-08-2023 11:18
416,43,37,4,Above average. Would recommend to fans of the genre.,05-02-2024 20:57
1766,2359,7,5,This book changed the way I think. A must-read for everyone.,02-07-2022 17:11
325,542,2,5,Beautifully written. The author's style is simply stunning.,19-08-2021 12:16
5348,1081,18,4,Above average. Would recommend to fans of the genre.,31-12-2024 19:34
2283,666,1,3,It was okay. The hype around this book is a bit overstated.,03-09-2023 21:33
962,535,1,3,Neither great nor terrible. Passes the time.,19-09-2024 13:51
1428,1588,2,3,Average. Had its moments but failed to really engage me.,24-04-2023 07:48
273,525,12,5,Brilliant narrative. The characters feel genuinely real.,31-12-2024 16:01
5308,215,29,4,"Good book, though the ending felt a little rushed.",26-08-2022 18:23
1816,1681,2,4,Liked it. The first half is stronger than the second.,05-10-2021 18:12
5563,754,1,5,Brilliant narrative. The characters feel genuinely real.,17-11-2022 10:44
4451,932,6,4,Pleasant read. Nothing groundbreaking but definitely enjoyable.,19-10-2024 05:22
2440,527,1,4,A very good read overall. Some chapters were slow but worth it.,18-07-2023 20:39
3452,375,2,5,Beautifully written. The author's style is simply stunning.,27-12-2024 18:45
5385,608,5,5,Exceeded all my expectations. Truly extraordinary.,02-12-2024 18:06
2449,4,1,4,Liked it. The first half is stronger than the second.,19-03-2021 10:53
4921,64,165,-1,Liked it. The first half is stronger than the second.,03-04-2023 06:56
286,2579,1,4,Above average. Would recommend to fans of the genre.,31-08-2021 11:39
5309,772,1,5,I finished this in two sittings. Absolutely riveting.,07-11-2024 19:56
3693,645,10,4,Enjoyed it quite a bit. Solid writing and interesting ideas.,27-12-2024 23:41
3667,569,4,4,,05-09-2024 11:29
3040,1548,3,4,Above average. Would recommend to fans of the genre.,30-10-2024 20:11
1940,117,1,5,One of the best reads I have had in years. Highly recommended.,29-03-2024 21:37
2057,1449,1,4,Pleasant read. Nothing groundbreaking but definitely enjoyable.,13-01-2024 14:53
1744,483,1,3,Neither great nor terrible. Passes the time.,21-07-2024 20:58
4346,1233,1,4,,10-09-2024 18:27
2602,1844,30,3,"Mixed feelings. Good premise, mediocre execution.",23-02-2023 11:58
3107,2012,1,4,Above average. Would recommend to fans of the genre.,26-02-2022 13:18
1962,1752,2,4,Mostly great. The middle section drags a bit.,08-11-2024 07:28
2852,1541,3,3,Decent read. Not my favourite but not bad either.,26-09-2024 19:19
2165,2108,42,2,Disappointed. Expected much more based on the reviews.,28-10-2023 10:50
4466,1301,4,2,Struggled to get through it. The story meanders endlessly.,23-08-2022 15:04
1290,978,3,2,Not for me. The writing style felt very dated.,25-10-2024 22:52
5065,1941,85,5,This book changed the way I think. A must-read for everyone.,05-04-2024 02:58
2366,284,12,4,Mostly great. The middle section drags a bit.,23-08-2024 17:39
3062,216,6,4,Liked it. The first half is stronger than the second.,21-07-2024 15:29
3894,2337,38,5,,22-06-2024 15:34
3921,166,3,4,"Good book, though the ending felt a little rushed.",24-12-2024 08:22
4611,598,3,3,"Mixed feelings. Good premise, mediocre execution.",16-10-2023 15:16
4484,1405,7,4,Enjoyed it quite a bit. Solid writing and interesting ideas.,02-04-2023 18:24
1876,2508,1,4,Mostly great. The middle section drags a bit.,30-11-2020 11:33
3845,2242,14,5,,06-07-2020 19:41
1383,2580,139,4,Mostly great. The middle section drags a bit.,17-10-2024 18:32
3437,1441,10,3,Neither great nor terrible. Passes the time.,19-07-2024 15:09
1645,489,1,5,One of the best reads I have had in years. Highly recommended.,04-11-2021 08:24
4919,818,1,4,,27-02-2024 17:39
2548,2266,2,2,,03-12-2024 18:10
2470,1477,2,3,Decent read. Not my favourite but not bad either.,21-12-2023 17:23
499,1403,2,-1,Well-written and engaging. A few plot holes but forgivable.,03-04-2023 08:16
789,2054,6,4,Above average. Would recommend to fans of the genre.,11-07-2023 08:04
1297,1655,9,2,Struggled to get through it. The story meanders endlessly.,19-03-2024 09:46
1874,966,1,2,Would not recommend. Too slow and the payoff was not worth it.,06-12-2023 21:17
5457,2601,1,2,Disappointed. Expected much more based on the reviews.,06-05-2021 03:01
1910,1737,8,4,Above average. Would recommend to fans of the genre.,30-11-2021 14:54
100,93,14,4,Above average. Would recommend to fans of the genre.,17-11-2023 14:06
2629,67,1,3,Had potential but did not quite deliver on its promise.,07-03-2024 11:03
2578,343,5,3,Had potential but did not quite deliver on its promise.,04-03-2023 10:21
1540,1929,10,4,Mostly great. The middle section drags a bit.,20-05-2024 18:54
4880,1802,6,4,A very good read overall. Some chapters were slow but worth it.,20-12-2023 11:57
954,531,1,4,Above average. Would recommend to fans of the genre.,06-12-2023 06:57
173,466,1,4,Pleasant read. Nothing groundbreaking but definitely enjoyable.,16-07-2024 07:05
1859,2133,1,4,A very good read overall. Some chapters were slow but worth it.,16-03-2024 09:57
630,890,1,3,Had potential but did not quite deliver on its promise.,12-11-2024 18:55
4878,472,2,4,Well-written and engaging. A few plot holes but forgivable.,21-10-2024 05:48
3482,505,2,5,Perfect blend of story and insight. Will read again.,08-02-2024 15:47
5257,1154,19,3,"Mixed feelings. Good premise, mediocre execution.",03-05-2024 10:04
1554,1716,5,3,Average. Had its moments but failed to really engage me.,25-06-2023 17:22
4195,455,8,3,"Mixed feelings. Good premise, mediocre execution.",15-11-2024 22:10
414,1896,1,4,Liked it. The first half is stronger than the second.,13-12-2024 12:39
1836,1411,2,3,Neither great nor terrible. Passes the time.,21-03-2022 17:06
4575,1775,3,4,A very good read overall. Some chapters were slow but worth it.,18-12-2023 08:17
463,679,4,4,Mostly great. The middle section drags a bit.,05-09-2024 10:11
2564,1295,1,3,Had potential but did not quite deliver on its promise.,10-07-2021 17:58
1423,2440,9,3,Decent read. Not my favourite but not bad either.,28-11-2024 05:43
3702,1717,3,3,"Some interesting parts, but overall felt underwhelming.",06-10-2024 08:08
3232,2593,1,4,Above average. Would recommend to fans of the genre.,20-11-2021 17:04
4193,468,4,3,"Mixed feelings. Good premise, mediocre execution.",08-01-2022 23:54
2892,2425,5,3,Had potential but did not quite deliver on its promise.,08-12-2023 00:31
1285,2521,14,3,Decent read. Not my favourite but not bad either.,28-09-2024 11:28
2426,1542,1,3,"Mixed feelings. Good premise, mediocre execution.",11-02-2023 17:28
2493,119,3,5,One of the best reads I have had in years. Highly recommended.,10-07-2022 08:01
4761,1315,3,0,Had potential but did not quite deliver on its promise.,09-02-2021 16:58
223,993,1,3,It was okay. The hype around this book is a bit overstated.,31-12-2024 17:49
3274,1177,1,4,Pleasant read. Nothing groundbreaking but definitely enjoyable.,22-10-2024 20:55
4592,109,8,4,Liked it. The first half is stronger than the second.,07-06-2023 05:18
1015,62,1,3,,22-01-2023 13:38
1430,1385,1,2,Disappointed. Expected much more based on the reviews.,28-10-2024 11:09
554,1715,1,3,Neither great nor terrible. Passes the time.,29-10-2022 17:56
1542,956,2,4,A very good read overall. Some chapters were slow but worth it.,07-04-2023 21:33
2211,790,1,3,Decent read. Not my favourite but not bad either.,31-05-2024 18:21
5014,2119,1,3,Had potential but did not quite deliver on its promise.,15-03-2024 13:47
442,2201,3,3,Average. Had its moments but failed to really engage me.,21-11-2020 16:46
204,1506,1,5,I finished this in two sittings. Absolutely riveting.,31-12-2024 20:25
2952,1907,6,3,"Some interesting parts, but overall felt underwhelming.",27-11-2024 14:48
4517,99,1,3,"Some interesting parts, but overall felt underwhelming.",15-10-2022 21:09
3959,2393,2,4,"Good book, though the ending felt a little rushed.",02-05-2024 20:08
3429,790,15,5,This book changed the way I think. A must-read for everyone.,20-06-2024 06:52
475,2283,1,4,A very good read overall. Some chapters were slow but worth it.,27-10-2023 19:38
2375,883,4,3,"Mixed feelings. Good premise, mediocre execution.",23-11-2024 14:50
2031,608,62,3,It was okay. The hype around this book is a bit overstated.,17-10-2023 21:50
1079,2319,2,2,,28-10-2023 08:47
2503,2749,47,4,Above average. Would recommend to fans of the genre.,15-01-2022 18:39
4112,968,2,3,,31-12-2024 05:50
659,412,1,4,Above average. Would recommend to fans of the genre.,21-05-2023 13:56
2845,2220,2,4,"Good book, though the ending felt a little rushed.",29-09-2023 10:57
4306,1974,1,4,Mostly great. The middle section drags a bit.,22-01-2023 00:06
2593,1416,35,4,Liked it. The first half is stronger than the second.,12-01-2022 10:01
2995,1745,6,2,Struggled to get through it. The story meanders endlessly.,27-04-2023 07:06
3119,2016,3,4,"Good book, though the ending felt a little rushed.",05-07-2023 08:00
85,1370,2,5,A masterpiece. Every chapter left me wanting more.,23-08-2023 07:10
4380,530,1,4,Pleasant read. Nothing groundbreaking but definitely enjoyable.,12-06-2023 19:38
4043,912,5,2,,08-06-2024 06:46
1718,2427,1,1,Gave up halfway. The writing is unbearable.,17-11-2024 08:25
1027,1526,2,5,Beautifully written. The author's style is simply stunning.,04-11-2024 14:20
885,166,1,3,Decent read. Not my favourite but not bad either.,27-07-2023 19:42
847,1289,1,2,Would not recommend. Too slow and the payoff was not worth it.,09-11-2024 18:32
1165,1365,19,4,Pleasant read. Nothing groundbreaking but definitely enjoyable.,30-11-2024 11:05
2444,788,1,4,"Good book, though the ending felt a little rushed.",20-12-2024 19:14
2104,1179,1,4,Well-written and engaging. A few plot holes but forgivable.,30-09-2023 14:01
4567,2448,13,5,A masterpiece. Every chapter left me wanting more.,14-04-2022 17:56
3510,2288,3,4,Well-written and engaging. A few plot holes but forgivable.,04-10-2024 05:42
2206,1677,1,4,Above average. Would recommend to fans of the genre.,30-10-2024 12:46
3016,2163,10,3,,28-10-2024 08:55
1120,1717,1,3,Average. Had its moments but failed to really engage me.,30-06-2024 07:17
1779,131,24,3,"Some interesting parts, but overall felt underwhelming.",23-06-2021 04:18
3286,1141,5,2,Overrated. I did not enjoy the characters at all.,31-12-2024 14:49
3575,2262,1,4,Liked it. The first half is stronger than the second.,13-06-2023 10:50
3076,231,6,2,Struggled to get through it. The story meanders endlessly.,05-07-2023 14:41
2323,576,5,1,Do not waste your money on this.,17-09-2023 19:11
4552,1630,1,2,The plot felt disjointed and the pacing was off throughout.,27-04-2021 16:08
723,1079,1,4,Mostly great. The middle section drags a bit.,19-09-2024 06:22
1493,1449,2,4,Pleasant read. Nothing groundbreaking but definitely enjoyable.,21-08-2023 21:39
5111,1462,1,5,I finished this in two sittings. Absolutely riveting.,20-02-2021 15:56
247,1934,1,4,Enjoyed it quite a bit. Solid writing and interesting ideas.,19-04-2024 10:55
1792,95,3,3,Neither great nor terrible. Passes the time.,08-02-2021 16:05
577,966,4,4,,10-05-2023 08:36
3066,1434,3,3,Had potential but did not quite deliver on its promise.,11-11-2024 19:49
3763,2796,3,3,Had potential but did not quite deliver on its promise.,09-04-2020 19:53
3337,2458,2,4,,17-10-2024 06:00
4357,1176,2,3,It was okay. The hype around this book is a bit overstated.,05-11-2024 12:33
2223,1,1,2,Would not recommend. Too slow and the payoff was not worth it.,30-11-2024 13:39
4736,915,3,4,A very good read overall. Some chapters were slow but worth it.,22-10-2023 17:10
2405,2339,6,1,Terrible. Wasted my money and my time.,18-07-2022 16:35
4461,1245,2,4,Enjoyed it quite a bit. Solid writing and interesting ideas.,27-03-2021 06:57
3584,1496,2,3,Neither great nor terrible. Passes the time.,24-02-2024 06:52
5427,2188,1,5,This book changed the way I think. A must-read for everyone.,21-06-2023 21:17
4229,2101,1,3,Decent read. Not my favourite but not bad either.,31-12-2024 23:53
2676,2038,2,4,Liked it. The first half is stronger than the second.,14-05-2022 17:09
3928,1319,5,2,Disappointed. Expected much more based on the reviews.,08-04-2024 19:22
4573,2108,2,3,It was okay. The hype around this book is a bit overstated.,15-06-2023 12:03
1903,2279,1,3,,11-01-2024 17:16
5605,147,2,3,"Some interesting parts, but overall felt underwhelming.",09-03-2023 21:21
1459,519,1,3,Average. Had its moments but failed to really engage me.,10-06-2024 21:45
2831,434,1,4,A very good read overall. Some chapters were slow but worth it.,01-04-2024 18:24
706,2638,1,4,Mostly great. The middle section drags a bit.,19-03-2023 21:38
3859,117,5,4,Well-written and engaging. A few plot holes but forgivable.,30-05-2023 17:28
5042,197,4,4,Mostly great. The middle section drags a bit.,26-10-2024 19:15
1740,6,26,3,Neither great nor terrible. Passes the time.,26-09-2024 07:51
3150,1232,109,4,Above average. Would recommend to fans of the genre.,05-01-2022 21:00
3306,2195,10,3,It was okay. The hype around this book is a bit overstated.,20-01-2024 21:03
1629,511,1,4,"Good book, though the ending felt a little rushed.",28-03-2021 17:18
3179,2490,84,4,"Good book, though the ending felt a little rushed.",13-12-2023 09:59
1040,2627,6,3,Had potential but did not quite deliver on its promise.,31-08-2024 17:57
2048,1072,3,3,"Some interesting parts, but overall felt underwhelming.",30-11-2023 20:06
4794,2483,5,3,"Some interesting parts, but overall felt underwhelming.",26-12-2024 14:41
4170,2216,1,4,Above average. Would recommend to fans of the genre.,15-11-2022 21:14
1080,266,20,3,,02-05-2024 17:45
3251,1893,1,3,Neither great nor terrible. Passes the time.,29-06-2021 12:40
2314,1471,4,4,Pleasant read. Nothing groundbreaking but definitely enjoyable.,05-11-2024 18:39
4605,1451,72,-1,Above average. Would recommend to fans of the genre.,24-07-2022 16:30
12,1151,1,4,A very good read overall. Some chapters were slow but worth it.,05-08-2024 14:34
1024,1576,19,3,It was okay. The hype around this book is a bit overstated.,03-11-2024 20:50
3729,2178,6,2,Struggled to get through it. The story meanders endlessly.,15-06-2024 13:36
2763,1030,1,4,Enjoyed it quite a bit. Solid writing and interesting ideas.,10-04-2024 20:08
52,1098,5,2,Not for me. The writing style felt very dated.,04-07-2023 12:06
4535,1644,3,3,Average. Had its moments but failed to really engage me.,10-06-2023 17:57
3058,736,3,3,It was okay. The hype around this book is a bit overstated.,05-01-2024 09:11
1989,2777,7,5,Exceeded all my expectations. Truly extraordinary.,14-08-2024 11:02
1807,1047,1,2,Not for me. The writing style felt very dated.,19-09-2022 07:05
2252,1691,5,3,Neither great nor terrible. Passes the time.,02-11-2023 05:22
3087,1589,1,2,Would not recommend. Too slow and the payoff was not worth it.,23-11-2022 04:48
2178,327,1,3,Decent read. Not my favourite but not bad either.,05-11-2022 19:40
2868,770,1,4,Liked it. The first half is stronger than the second.,07-07-2021 19:06
2020,1041,4,5,A masterpiece. Every chapter left me wanting more.,13-06-2020 08:43
3392,2396,8,3,"Mixed feelings. Good premise, mediocre execution.",09-06-2021 09:21
5567,787,30,3,Average. Had its moments but failed to really engage me.,08-03-2020 18:42
1264,2274,1,5,Perfect blend of story and insight. Will read again.,07-08-2022 17:17
5619,190,2,4,"Good book, though the ending felt a little rushed.",10-12-2023 14:13
2033,632,1,2,The plot felt disjointed and the pacing was off throughout.,27-07-2023 07:18
1484,329,2,4,"Good book, though the ending felt a little rushed.",19-08-2023 18:53
3703,1636,1,4,Liked it. The first half is stronger than the second.,08-09-2024 20:41
360,606,8,1,Do not waste your money on this.,03-06-2024 21:53
1001,174,6,3,Average. Had its moments but failed to really engage me.,20-08-2024 12:27
1105,1106,8,2,Would not recommend. Too slow and the payoff was not worth it.,07-01-2021 19:25
4835,855,4,3,"Mixed feelings. Good premise, mediocre execution.",14-11-2024 05:02
5366,2455,3,5,A masterpiece. Every chapter left me wanting more.,30-07-2022 15:16
450,1189,1,3,Decent read. Not my favourite but not bad either.,26-12-2023 13:28
4727,476,4,3,It was okay. The hype around this book is a bit overstated.,14-10-2022 15:11
557,928,1,4,A very good read overall. Some chapters were slow but worth it.,11-11-2024 07:47
3217,1428,2,4,Pleasant read. Nothing groundbreaking but definitely enjoyable.,13-06-2024 18:29
5463,2419,1,4,"Good book, though the ending felt a little rushed.",07-12-2024 14:03
3562,387,2,4,Mostly great. The middle section drags a bit.,20-03-2022 17:08
1300,34,1,5,Perfect blend of story and insight. Will read again.,19-06-2024 06:35
4845,2771,5,4,Enjoyed it quite a bit. Solid writing and interesting ideas.,30-11-2024 08:23
2555,1671,1,3,"Mixed feelings. Good premise, mediocre execution.",22-09-2024 15:01
110,560,3,5,The writing is exceptional and the story gripped me from page one.,15-06-2024 22:10
5139,2111,1,4,Enjoyed it quite a bit. Solid writing and interesting ideas.,20-12-2024 18:18
4143,1291,1,3,It was okay. The hype around this book is a bit overstated.,25-12-2022 12:34
3573,730,3,4,"Good book, though the ending felt a little rushed.",03-12-2022 06:50
5312,733,2,2,Struggled to get through it. The story meanders endlessly.,18-08-2022 12:57
4908,2776,2,4,,02-01-2024 16:37
99,181,1,3,It was okay. The hype around this book is a bit overstated.,10-07-2023 12:12
4416,584,7,5,,14-12-2024 19:42
816,2173,38,4,A very good read overall. Some chapters were slow but worth it.,03-07-2024 18:47
3655,346,39,2,Not for me. The writing style felt very dated.,17-04-2024 17:29
1100,18,1,4,Enjoyed it quite a bit. Solid writing and interesting ideas.,14-06-2021 21:51
22,1915,1,4,Above average. Would recommend to fans of the genre.,08-09-2024 10:21
3708,631,24,4,"Good book, though the ending felt a little rushed.",28-07-2024 16:53
1782,1863,1,4,"Good book, though the ending felt a little rushed.",09-07-2024 17:35
795,2766,7,4,Liked it. The first half is stronger than the second.,26-10-2020 21:38
766,2050,6,3,Had potential but did not quite deliver on its promise.,14-04-2020 14:32
4373,941,4,5,Exceeded all my expectations. Truly extraordinary.,29-11-2021 08:20
2717,603,40,4,Mostly great. The middle section drags a bit.,28-06-2024 06:00
4266,2693,3,3,Neither great nor terrible. Passes the time.,18-11-2024 18:56
3312,639,77,4,Well-written and engaging. A few plot holes but forgivable.,23-01-2022 20:07
1160,801,7,3,Neither great nor terrible. Passes the time.,25-04-2022 09:34
39,1089,1,4,A very good read overall. Some chapters were slow but worth it.,13-09-2024 14:58
4343,2178,14,3,It was okay. The hype around this book is a bit overstated.,11-10-2024 07:37
67,2787,1,4,"Good book, though the ending felt a little rushed.",12-12-2020 12:12
1715,938,13,3,"Some interesting parts, but overall felt underwhelming.",06-02-2022 12:23
2570,585,1,4,A very good read overall. Some chapters were slow but worth it.,31-12-2024 07:05
1478,1698,1,4,Enjoyed it quite a bit. Solid writing and interesting ideas.,21-11-2024 16:35
2092,2197,4,4,Mostly great. The middle section drags a bit.,20-12-2022 07:34
669,2233,1,5,Absolutely loved this book — couldn't put it down!,03-11-2021 22:15
4041,1829,5,-1,Struggled to get through it. The story meanders endlessly.,05-08-2022 20:51
4497,1437,4,3,"Mixed feelings. Good premise, mediocre execution.",31-05-2023 08:43
5402,2578,7,3,Average. Had its moments but failed to really engage me.,15-12-2022 19:08
2725,2776,3,3,It was okay. The hype around this book is a bit overstated.,05-04-2024 06:49
5200,332,3,2,Disappointed. Expected much more based on the reviews.,15-09-2024 20:57
3869,2510,6,4,Mostly great. The middle section drags a bit.,04-12-2020 06:57
1514,1221,1,5,I finished this in two sittings. Absolutely riveting.,25-03-2022 20:43
5171,2487,2,4,Well-written and engaging. A few plot holes but forgivable.,28-08-2020 12:34
2393,697,20,5,Brilliant narrative. The characters feel genuinely real.,12-02-2024 07:34
3891,2214,1,3,"Some interesting parts, but overall felt underwhelming.",05-01-2022 07:59
806,1436,2,4,Well-written and engaging. A few plot holes but forgivable.,08-07-2024 08:50
3487,2401,25,4,Above average. Would recommend to fans of the genre.,25-01-2024 12:48
3204,317,6,5,This book changed the way I think. A must-read for everyone.,24-02-2021 14:25
5515,1816,8,3,"Some interesting parts, but overall felt underwhelming.",17-12-2024 19:53
4584,2768,8,4,Above average. Would recommend to fans of the genre.,09-05-2021 19:59
2158,36,26,4,Enjoyed it quite a bit. Solid writing and interesting ideas.,19-10-2021 23:00
2743,474,7,5,Perfect blend of story and insight. Will read again.,26-12-2023 19:22
4091,2325,3,3,Had potential but did not quite deliver on its promise.,05-05-2024 18:23
1774,1775,1,3,Average. Had its moments but failed to really engage me.,05-11-2023 15:07
3322,753,8,4,Pleasant read. Nothing groundbreaking but definitely enjoyable.,15-09-2024 13:15
2210,1903,7,4,A very good read overall. Some chapters were slow but worth it.,15-11-2024 18:48
4268,342,32,3,Average. Had its moments but failed to really engage me.,06-03-2024 06:17
5502,2410,3,3,It was okay. The hype around this book is a bit overstated.,28-10-2024 16:43
1640,1018,1,3,It was okay. The hype around this book is a bit overstated.,10-12-2021 22:33
5582,1006,3,4,,31-12-2024 20:17
2869,450,6,2,The plot felt disjointed and the pacing was off throughout.,16-12-2022 20:36
3837,2574,3,3,Average. Had its moments but failed to really engage me.,18-04-2022 03:27
2915,1130,5,4,"Good book, though the ending felt a little rushed.",29-04-2024 06:46
4031,743,1,4,,27-09-2020 19:30
3568,2582,2,2,Would not recommend. Too slow and the payoff was not worth it.,07-10-2023 07:20
456,645,3,4,Pleasant read. Nothing groundbreaking but definitely enjoyable.,10-12-2022 07:12
1451,971,20,4,Pleasant read. Nothing groundbreaking but definitely enjoyable.,20-11-2024 17:29
1566,165,18,2,Struggled to get through it. The story meanders endlessly.,30-05-2024 19:55
5392,1493,4,3,"Mixed feelings. Good premise, mediocre execution.",16-09-2022 08:55
2315,1362,1,3,"Mixed feelings. Good premise, mediocre execution.",06-06-2024 12:08
1260,2741,2,4,Enjoyed it quite a bit. Solid writing and interesting ideas.,28-06-2022 10:42
259,2621,1,3,Decent read. Not my favourite but not bad either.,12-11-2023 08:20
873,2242,38,2,Overrated. I did not enjoy the characters at all.,11-06-2022 18:04
1673,1950,1,2,Disappointed. Expected much more based on the reviews.,13-11-2023 23:57
3996,149,134,3,Average. Had its moments but failed to really engage me.,15-11-2024 12:25
4530,2668,3,4,Pleasant read. Nothing groundbreaking but definitely enjoyable.,15-10-2023 14:19
1022,547,8,4,"Good book, though the ending felt a little rushed.",09-07-2023 19:03
1677,793,2,5,,28-11-2023 09:07
3705,603,4,4,Above average. Would recommend to fans of the genre.,07-09-2024 18:07
1667,1005,6,3,Had potential but did not quite deliver on its promise.,16-10-2024 22:34
2125,2318,99,3,,29-05-2022 19:05
4569,560,1,7,Enjoyed it quite a bit. Solid writing and interesting ideas.,24-09-2024 18:06
4122,2352,3,4,Liked it. The first half is stronger than the second.,10-11-2020 18:51
2402,2173,2,4,,19-12-2024 18:22
2364,2796,2,6,Exceeded all my expectations. Truly extraordinary.,19-09-2023 19:45
3073,2641,2,3,,29-04-2023 08:45
4790,2207,8,4,Liked it. The first half is stronger than the second.,20-06-2024 10:32
2635,563,36,3,Average. Had its moments but failed to really engage me.,05-11-2020 04:58
1152,127,1,4,Above average. Would recommend to fans of the genre.,13-02-2021 20:53
4077,2462,1,5,Exceeded all my expectations. Truly extraordinary.,05-04-2024 08:32
2773,1800,2,2,Not for me. The writing style felt very dated.,10-02-2024 17:57
4008,279,1,3,"Some interesting parts, but overall felt underwhelming.",27-06-2020 07:20
3903,529,16,3,,29-07-2024 09:11
373,2566,1,4,,12-12-2024 07:01
3253,2567,6,2,The plot felt disjointed and the pacing was off throughout.,27-09-2024 20:55
1522,400,3,3,"Mixed feelings. Good premise, mediocre execution.",30-09-2024 03:39
4926,1767,1,4,"Good book, though the ending felt a little rushed.",14-09-2023 17:34
1747,1534,1,3,"Some interesting parts, but overall felt underwhelming.",01-09-2022 19:16
662,2525,7,4,Well-written and engaging. A few plot holes but forgivable.,23-12-2022 08:04
5085,922,2,0,A masterpiece. Every chapter left me wanting more.,13-06-2023 22:19
4783,2332,1,4,Enjoyed it quite a bit. Solid writing and interesting ideas.,26-11-2023 07:18
5000,1571,4,3,Decent read. Not my favourite but not bad either.,12-12-2023 11:50
5169,129,10,3,Neither great nor terrible. Passes the time.,31-12-2024 19:59
5491,1983,15,4,Well-written and engaging. A few plot holes but forgivable.,28-11-2024 10:35
4211,1370,85,3,"Some interesting parts, but overall felt underwhelming.",30-03-2024 18:48
596,824,1,5,Absolutely loved this book — couldn't put it down!,07-12-2022 11:41
1982,205,1,4,Well-written and engaging. A few plot holes but forgivable.,07-12-2024 08:21
3068,2547,2,5,I finished this in two sittings. Absolutely riveting.,13-05-2022 20:02
844,2643,27,5,The writing is exceptional and the story gripped me from page one.,17-11-2024 19:48
1918,1594,17,4,Above average. Would recommend to fans of the genre.,16-09-2022 17:59
4214,1203,10,3,It was okay. The hype around this book is a bit overstated.,26-02-2023 14:37
2229,1286,3,1,,03-12-2024 07:35
3110,2542,1,3,Had potential but did not quite deliver on its promise.,20-05-2023 10:03
2320,797,1,4,Liked it. The first half is stronger than the second.,18-07-2022 20:01
2352,2492,1,3,Had potential but did not quite deliver on its promise.,27-05-2023 05:46
5399,2770,2,3,Average. Had its moments but failed to really engage me.,23-12-2024 09:45
4145,2229,1,4,Well-written and engaging. A few plot holes but forgivable.,08-07-2022 10:36
3149,2368,1,7,A very good read overall. Some chapters were slow but worth it.,03-01-2024 07:17
4691,700,8,4,Pleasant read. Nothing groundbreaking but definitely enjoyable.,21-04-2024 18:05
3277,406,2,3,It was okay. The hype around this book is a bit overstated.,17-05-2024 07:33
2991,2774,3,3,Had potential but did not quite deliver on its promise.,26-06-2023 21:20
1007,1368,1,4,,18-07-2022 10:14
4807,980,2,4,Liked it. The first half is stronger than the second.,03-06-2024 10:36
5035,2739,2,4,Enjoyed it quite a bit. Solid writing and interesting ideas.,04-05-2022 17:58
388,1474,1,4,Enjoyed it quite a bit. Solid writing and interesting ideas.,18-12-2024 13:28
3133,1716,14,4,Well-written and engaging. A few plot holes but forgivable.,20-10-2022 10:44
2792,2735,2,3,Had potential but did not quite deliver on its promise.,25-10-2023 12:02
3219,1848,1,4,,10-03-2024 19:40
2138,2097,2,3,Decent read. Not my favourite but not bad either.,13-08-2024 18:04
737,1301,1,4,Well-written and engaging. A few plot holes but forgivable.,03-07-2022 23:11
443,1261,1,3,Decent read. Not my favourite but not bad either.,24-10-2024 09:11
2746,2000,1,4,Liked it. The first half is stronger than the second.,06-05-2023 16:25
933,1391,1,3,Neither great nor terrible. Passes the time.,20-01-2024 12:20
715,2800,1,3,It was okay. The hype around this book is a bit overstated.,02-09-2021 21:48
3516,1791,7,4,,16-09-2024 15:09
4271,1944,46,2,Overrated. I did not enjoy the characters at all.,19-12-2020 21:12
5266,780,4,4,A very good read overall. Some chapters were slow but worth it.,10-12-2023 08:57
3319,370,4,3,It was okay. The hype around this book is a bit overstated.,10-12-2024 16:47
2204,344,1,5,Beautifully written. The author's style is simply stunning.,31-12-2024 17:13
2086,232,10,4,Well-written and engaging. A few plot holes but forgivable.,20-04-2021 16:15
1481,28,3,3,Had potential but did not quite deliver on its promise.,30-12-2022 19:08
1146,480,96,4,Well-written and engaging. A few plot holes but forgivable.,28-03-2022 12:41
2625,139,18,3,"Mixed feelings. Good premise, mediocre execution.",21-08-2024 17:19
4130,1260,7,4,Well-written and engaging. A few plot holes but forgivable.,07-06-2023 18:51
1628,2504,1,3,Decent read. Not my favourite but not bad either.,31-12-2021 15:50
3260,2495,18,2,Struggled to get through it. The story meanders endlessly.,09-05-2024 07:01
2939,209,3,3,Average. Had its moments but failed to really engage me.,14-01-2023 14:20
904,108,1,5,Perfect blend of story and insight. Will read again.,18-01-2022 13:29
185,451,1,4,"Good book, though the ending felt a little rushed.",13-12-2024 02:21
1169,2526,1,4,Liked it. The first half is stronger than the second.,26-08-2023 11:09
2865,1168,8,2,Disappointed. Expected much more based on the reviews.,15-10-2024 11:28
1161,1750,5,4,Well-written and engaging. A few plot holes but forgivable.,15-01-2022 12:46
1066,2359,3,3,"Mixed feelings. Good premise, mediocre execution.",01-05-2024 18:07
5011,1679,1,4,Liked it. The first half is stronger than the second.,03-10-2024 08:37
725,49,1,3,Average. Had its moments but failed to really engage me.,18-01-2023 20:34
4769,332,5,5,A masterpiece. Every chapter left me wanting more.,26-12-2024 13:11
1157,1807,101,4,Pleasant read. Nothing groundbreaking but definitely enjoyable.,04-01-2024 13:09
3120,1140,39,5,Brilliant narrative. The characters feel genuinely real.,11-09-2020 21:42
598,2059,1,6,Overrated. I did not enjoy the characters at all.,03-04-2022 19:35
4038,2245,5,3,Decent read. Not my favourite but not bad either.,02-06-2023 09:29
563,674,11,4,A very good read overall. Some chapters were slow but worth it.,03-12-2023 20:53
4899,2218,113,5,A masterpiece. Every chapter left me wanting more.,10-07-2020 17:59
4859,2735,51,3,"Some interesting parts, but overall felt underwhelming.",09-03-2022 09:05
3958,1696,4,4,"Good book, though the ending felt a little rushed.",19-10-2024 06:17
3812,1756,43,3,"Some interesting parts, but overall felt underwhelming.",05-10-2024 15:40
1842,1359,4,4,Above average. Would recommend to fans of the genre.,11-07-2024 13:36
1585,2723,3,5,A masterpiece. Every chapter left me wanting more.,31-12-2024 08:29
656,1819,2,4,Well-written and engaging. A few plot holes but forgivable.,15-11-2023 13:39
1039,1411,1,4,"Good book, though the ending felt a little rushed.",22-11-2021 23:24
2280,121,1,3,Neither great nor terrible. Passes the time.,18-12-2024 18:43
4128,1361,2,5,,07-09-2024 18:31
3754,2272,2,5,This book changed the way I think. A must-read for everyone.,15-10-2023 19:05
1759,1829,13,2,Overrated. I did not enjoy the characters at all.,01-01-2024 14:21
4274,1932,42,2,Overrated. I did not enjoy the characters at all.,06-12-2020 21:42
2967,1203,1,4,,29-12-2023 14:26
2566,1338,4,3,"Some interesting parts, but overall felt underwhelming.",12-12-2023 17:42
3870,2036,22,3,"Some interesting parts, but overall felt underwhelming.",23-11-2023 18:07
3601,1307,7,7,Well-written and engaging. A few plot holes but forgivable.,19-11-2024 08:01
2332,2257,7,3,"Mixed feelings. Good premise, mediocre execution.",19-07-2021 15:21
5506,2292,1,4,"Good book, though the ending felt a little rushed.",06-07-2024 20:04
1199,557,1,5,Brilliant narrative. The characters feel genuinely real.,26-12-2023 15:17
2019,1027,3,3,"Some interesting parts, but overall felt underwhelming.",23-10-2023 18:01
1449,971,2,4,A very good read overall. Some chapters were slow but worth it.,21-11-2024 05:19
2420,717,2,5,One of the best reads I have had in years. Highly recommended.,04-05-2021 17:55
579,1099,1,4,"Good book, though the ending felt a little rushed.",25-11-2023 12:23
2961,2018,23,3,Neither great nor terrible. Passes the time.,17-12-2024 12:57
36,1181,18,2,Struggled to get through it. The story meanders endlessly.,25-01-2023 17:16
3593,1649,7,3,"Some interesting parts, but overall felt underwhelming.",14-09-2023 19:01
1794,1530,29,4,Well-written and engaging. A few plot holes but forgivable.,28-12-2023 23:48
5264,1912,1,4,Well-written and engaging. A few plot holes but forgivable.,03-11-2024 19:54
5381,475,16,3,"Some interesting parts, but overall felt underwhelming.",18-03-2023 12:31
4811,155,11,3,Average. Had its moments but failed to really engage me.,05-12-2024 09:06
4832,2458,5,3,Had potential but did not quite deliver on its promise.,11-04-2023 19:55
2046,68,31,3,Neither great nor terrible. Passes the time.,24-08-2023 13:54
3439,948,1,2,Not for me. The writing style felt very dated.,28-11-2024 12:45
1973,506,9,4,Pleasant read. Nothing groundbreaking but definitely enjoyable.,31-12-2024 08:15
4232,2789,1,2,Not for me. The writing style felt very dated.,27-12-2020 17:36
1325,214,16,3,"Mixed feelings. Good premise, mediocre execution.",12-02-2023 05:18
214,2660,16,4,Pleasant read. Nothing groundbreaking but definitely enjoyable.,10-06-2020 19:49
2309,472,6,3,"Mixed feelings. Good premise, mediocre execution.",31-08-2024 20:21
4884,2391,3,3,It was okay. The hype around this book is a bit overstated.,25-06-2023 11:32
2149,914,2,4,Well-written and engaging. A few plot holes but forgivable.,14-12-2023 13:36
4181,1667,2,5,This book changed the way I think. A must-read for everyone.,26-01-2024 21:39
5277,2688,1,3,Decent read. Not my favourite but not bad either.,19-05-2024 09:08
1088,616,2,5,Beautifully written. The author's style is simply stunning.,06-12-2024 22:16
4618,1376,6,3,"Mixed feelings. Good premise, mediocre execution.",26-08-2022 21:46
77,1584,126,5,Brilliant narrative. The characters feel genuinely real.,10-05-2022 19:09
5313,2412,4,5,Absolutely loved this book — couldn't put it down!,05-11-2022 15:42
425,1089,22,3,"Some interesting parts, but overall felt underwhelming.",09-05-2024 18:12
5611,782,1,3,Had potential but did not quite deliver on its promise.,05-05-2024 11:07
3941,1130,4,3,Had potential but did not quite deliver on its promise.,29-09-2023 21:13
4522,1069,3,5,One of the best reads I have had in years. Highly recommended.,24-09-2024 19:50
2466,1837,1,3,"Mixed feelings. Good premise, mediocre execution.",22-08-2023 20:36
4141,476,5,4,Pleasant read. Nothing groundbreaking but definitely enjoyable.,29-01-2023 18:28
3307,1650,2,3,Decent read. Not my favourite but not bad either.,18-01-2023 15:37
842,348,30,4,Well-written and engaging. A few plot holes but forgivable.,20-12-2023 09:56
2674,1687,3,3,"Some interesting parts, but overall felt underwhelming.",10-09-2024 07:15
1791,2370,1,5,Beautifully written. The author's style is simply stunning.,16-08-2023 18:15
877,154,5,4,"Good book, though the ending felt a little rushed.",03-05-2024 08:41
199,759,3,4,"Good book, though the ending felt a little rushed.",20-12-2023 07:58
2438,1626,5,3,Neither great nor terrible. Passes the time.,30-09-2023 11:37
3700,1748,18,4,,16-08-2024 18:33
4287,1829,3,3,Had potential but did not quite deliver on its promise.,15-12-2022 19:12
2626,2180,1,4,Mostly great. The middle section drags a bit.,26-12-2023 21:58
2931,2742,1,4,Mostly great. The middle section drags a bit.,07-07-2024 12:23
2501,2613,95,4,Mostly great. The middle section drags a bit.,18-10-2023 21:33
261,2495,4,2,Not for me. The writing style felt very dated.,18-11-2024 12:14
4865,915,4,4,Well-written and engaging. A few plot holes but forgivable.,29-05-2020 20:29
2855,2332,2,4,Liked it. The first half is stronger than the second.,06-06-2023 10:08
889,746,1,4,A very good read overall. Some chapters were slow but worth it.,07-04-2023 07:39
5104,1472,1,4,Above average. Would recommend to fans of the genre.,25-10-2024 08:53
1898,772,4,4,Mostly great. The middle section drags a bit.,16-05-2022 19:27
140,1834,12,5,The writing is exceptional and the story gripped me from page one.,15-03-2024 17:01
2935,1570,1,5,One of the best reads I have had in years. Highly recommended.,20-02-2021 20:01
2039,2435,1,4,Enjoyed it quite a bit. Solid writing and interesting ideas.,10-06-2023 21:13
5153,2334,4,4,Well-written and engaging. A few plot holes but forgivable.,28-08-2023 18:06
136,143,10,4,"Good book, though the ending felt a little rushed.",17-12-2024 19:09
3886,2101,22,2,The plot felt disjointed and the pacing was off throughout.,14-05-2021 07:30
328,201,17,4,Above average. Would recommend to fans of the genre.,07-03-2020 10:07
3632,2111,3,4,Above average. Would recommend to fans of the genre.,07-11-2024 09:17
2051,1769,1,4,A very good read overall. Some chapters were slow but worth it.,31-12-2024 17:48
4288,1365,7,3,Average. Had its moments but failed to really engage me.,25-11-2024 09:30
602,708,11,3,It was okay. The hype around this book is a bit overstated.,20-07-2022 12:47
2411,660,51,3,,26-02-2024 19:05
1233,139,36,4,A very good read overall. Some chapters were slow but worth it.,29-06-2024 22:01
2919,236,2,4,Well-written and engaging. A few plot holes but forgivable.,29-03-2022 08:22
4391,1249,1,4,A very good read overall. Some chapters were slow but worth it.,03-04-2023 07:11
862,1813,1,4,A very good read overall. Some chapters were slow but worth it.,12-09-2024 18:50
1611,377,2,4,Liked it. The first half is stronger than the second.,26-10-2023 07:29
5249,565,2,3,Average. Had its moments but failed to really engage me.,12-02-2024 20:01
3333,2274,5,3,"Some interesting parts, but overall felt underwhelming.",22-07-2021 05:25
1099,2601,4,5,Brilliant narrative. The characters feel genuinely real.,04-11-2022 18:25
3116,279,3,4,Enjoyed it quite a bit. Solid writing and interesting ideas.,27-02-2020 16:36
258,190,6,2,Would not recommend. Too slow and the payoff was not worth it.,31-12-2024 19:33
517,2200,28,4,Above average. Would recommend to fans of the genre.,25-03-2021 11:19
3353,2127,19,3,"Mixed feelings. Good premise, mediocre execution.",14-05-2022 08:08
121,479,1,5,I finished this in two sittings. Absolutely riveting.,11-03-2023 19:36
1853,1860,1,3,"Mixed feelings. Good premise, mediocre execution.",07-04-2024 07:33
1114,474,1,3,Decent read. Not my favourite but not bad either.,19-01-2024 08:53
623,2066,1,4,,10-12-2022 19:55
5100,2430,43,4,Above average. Would recommend to fans of the genre.,30-01-2024 11:20
3146,1550,7,5,One of the best reads I have had in years. Highly recommended.,18-09-2023 14:47
4995,2236,4,4,Pleasant read. Nothing groundbreaking but definitely enjoyable.,21-09-2024 13:17
2889,513,1,3,Neither great nor terrible. Passes the time.,28-09-2022 16:02
1249,1711,97,3,Had potential but did not quite deliver on its promise.,23-01-2024 22:48
3752,1217,1,4,Well-written and engaging. A few plot holes but forgivable.,28-06-2024 10:34
4222,1701,22,3,"Some interesting parts, but overall felt underwhelming.",07-05-2024 08:39
143,2009,5,5,Exceeded all my expectations. Truly extraordinary.,07-07-2024 16:21
1822,1037,23,4,Mostly great. The middle section drags a bit.,18-12-2022 10:57
1814,2786,3,3,"Some interesting parts, but overall felt underwhelming.",06-11-2022 12:15
423,387,1,3,"Some interesting parts, but overall felt underwhelming.",11-02-2023 23:08
1504,2750,3,3,It was okay. The hype around this book is a bit overstated.,16-09-2024 14:41
2565,1439,3,4,Liked it. The first half is stronger than the second.,31-12-2024 08:40
1961,733,1,5,,05-05-2024 14:36
1335,2298,8,3,Had potential but did not quite deliver on its promise.,26-02-2022 07:57
3270,2719,1,3,It was okay. The hype around this book is a bit overstated.,11-03-2022 09:40
5602,1250,16,3,"Some interesting parts, but overall felt underwhelming.",06-02-2024 07:08
3441,219,64,4,Enjoyed it quite a bit. Solid writing and interesting ideas.,05-05-2022 07:34
4804,676,1,3,Neither great nor terrible. Passes the time.,15-01-2024 12:17
2348,2521,36,5,Brilliant narrative. The characters feel genuinely real.,21-12-2024 14:39
3598,1764,3,2,Not for me. The writing style felt very dated.,18-06-2023 12:06
1026,2594,3,5,Absolutely loved this book — couldn't put it down!,03-08-2024 13:32
296,254,1,4,Above average. Would recommend to fans of the genre.,04-11-2022 18:05
3399,2290,1,4,,05-11-2021 19:10
2386,123,2,5,Absolutely loved this book — couldn't put it down!,10-07-2024 14:12
4179,1807,7,5,Absolutely loved this book — couldn't put it down!,13-08-2024 08:10
482,1437,22,3,"Some interesting parts, but overall felt underwhelming.",02-02-2023 17:55
4408,2527,5,3,,29-11-2022 15:20
4403,1465,1,4,Pleasant read. Nothing groundbreaking but definitely enjoyable.,02-04-2021 05:11
4283,2673,8,3,It was okay. The hype around this book is a bit overstated.,28-09-2024 20:22
2911,2317,15,4,Enjoyed it quite a bit. Solid writing and interesting ideas.,16-12-2022 18:00
1577,1674,4,4,Above average. Would recommend to fans of the genre.,10-10-2022 17:16
1269,956,1,4,Above average. Would recommend to fans of the genre.,24-10-2020 12:15
5373,877,5,4,Enjoyed it quite a bit. Solid writing and interesting ideas.,09-07-2024 15:14
4059,2029,11,3,Had potential but did not quite deliver on its promise.,03-12-2023 14:37
3228,1875,2,4,Enjoyed it quite a bit. Solid writing and interesting ideas.,05-08-2024 16:29
5013,133,6,3,It was okay. The hype around this book is a bit overstated.,17-01-2021 15:51
2043,1979,4,3,It was okay. The hype around this book is a bit overstated.,01-08-2021 07:46
3974,310,5,4,Mostly great. The middle section drags a bit.,26-04-2023 09:49
3444,2720,5,2,Overrated. I did not enjoy the characters at all.,03-08-2024 12:34
1130,1150,6,3,"Some interesting parts, but overall felt underwhelming.",02-01-2024 19:45
5062,2103,3,3,Average. Had its moments but failed to really engage me.,24-12-2023 09:11
3916,1355,63,5,The writing is exceptional and the story gripped me from page one.,01-03-2024 19:05
2606,1003,2,3,Decent read. Not my favourite but not bad either.,06-10-2021 07:35
5015,458,1,4,Pleasant read. Nothing groundbreaking but definitely enjoyable.,29-11-2023 08:48
1656,1303,6,3,Average. Had its moments but failed to really engage me.,02-11-2022 03:40
111,1816,1,4,Enjoyed it quite a bit. Solid writing and interesting ideas.,13-11-2023 06:58
5368,2548,6,3,Neither great nor terrible. Passes the time.,23-10-2023 07:56
2562,80,1,4,Enjoyed it quite a bit. Solid writing and interesting ideas.,31-08-2023 09:53
3418,1441,1,3,Neither great nor terrible. Passes the time.,22-12-2024 10:47
4851,2596,1,5,,16-11-2020 06:46
5480,2082,4,3,Average. Had its moments but failed to really engage me.,21-12-2024 06:51
2921,209,1,4,Mostly great. The middle section drags a bit.,13-08-2022 22:14
4712,1283,1,4,Well-written and engaging. A few plot holes but forgivable.,29-11-2024 09:33
5579,1673,1,5,Absolutely loved this book — couldn't put it down!,08-07-2024 05:16
2333,1389,1,5,One of the best reads I have had in years. Highly recommended.,18-12-2023 13:27
5554,250,2,3,Average. Had its moments but failed to really engage me.,15-01-2022 12:19
2144,1223,2,6,Pleasant read. Nothing groundbreaking but definitely enjoyable.,05-12-2021 20:29
2594,1390,2,5,I finished this in two sittings. Absolutely riveting.,17-05-2020 13:39
4237,771,2,3,"Some interesting parts, but overall felt underwhelming.",30-08-2022 18:25
1985,773,5,0,Pleasant read. Nothing groundbreaking but definitely enjoyable.,15-10-2021 17:49
3213,616,3,4,Above average. Would recommend to fans of the genre.,25-01-2024 10:21
2842,2634,21,3,Had potential but did not quite deliver on its promise.,25-02-2024 10:24
565,1700,1,5,Absolutely loved this book — couldn't put it down!,10-11-2021 19:28
966,153,5,3,,10-08-2023 22:00
4941,2774,117,2,Disappointed. Expected much more based on the reviews.,08-12-2022 12:50
4690,969,5,2,The plot felt disjointed and the pacing was off throughout.,22-06-2024 19:10
853,29,2,3,It was okay. The hype around this book is a bit overstated.,24-09-2022 10:17
224,570,3,4,Well-written and engaging. A few plot holes but forgivable.,26-08-2020 23:52
45,1758,2,3,Average. Had its moments but failed to really engage me.,12-11-2024 08:22
509,2547,14,3,"Mixed feelings. Good premise, mediocre execution.",22-12-2023 15:24
2298,663,86,3,"Some interesting parts, but overall felt underwhelming.",28-03-2024 21:15
3769,202,2,4,Pleasant read. Nothing groundbreaking but definitely enjoyable.,06-11-2024 07:55
3953,2072,3,4,A very good read overall. Some chapters were slow but worth it.,28-11-2020 19:14
2800,382,1,4,Well-written and engaging. A few plot holes but forgivable.,01-09-2024 06:57
5235,1571,2,5,This book changed the way I think. A must-read for everyone.,31-12-2024 11:59
3372,492,8,4,Enjoyed it quite a bit. Solid writing and interesting ideas.,03-03-2024 06:07
3028,1207,1,3,"Some interesting parts, but overall felt underwhelming.",18-03-2023 12:02
2224,2489,17,4,Enjoyed it quite a bit. Solid writing and interesting ideas.,31-12-2023 17:32
1407,548,3,4,A very good read overall. Some chapters were slow but worth it.,20-11-2024 20:19
5495,2207,11,4,Pleasant read. Nothing groundbreaking but definitely enjoyable.,24-09-2024 22:16
4328,132,1,4,Above average. Would recommend to fans of the genre.,24-07-2023 14:41
2074,2528,3,3,Average. Had its moments but failed to really engage me.,01-03-2022 20:16
5128,1569,6,2,Overrated. I did not enjoy the characters at all.,11-06-2022 14:04
2639,2534,6,2,Would not recommend. Too slow and the payoff was not worth it.,15-10-2023 18:28
366,1459,50,5,One of the best reads I have had in years. Highly recommended.,12-10-2024 04:03
2605,620,1,3,Neither great nor terrible. Passes the time.,21-11-2022 14:37
472,283,1,4,Liked it. The first half is stronger than the second.,22-02-2024 06:39
1360,1928,5,4,"Good book, though the ending felt a little rushed.",24-07-2024 08:15
4963,2244,2,5,Absolutely loved this book — couldn't put it down!,03-03-2024 14:08
770,1883,2,5,Perfect blend of story and insight. Will read again.,26-05-2021 13:59
3947,2739,1,4,A very good read overall. Some chapters were slow but worth it.,31-05-2022 08:30
158,1550,1,4,Above average. Would recommend to fans of the genre.,01-10-2024 15:36
1124,1798,1,4,"Good book, though the ending felt a little rushed.",31-08-2024 19:46
3467,2457,3,3,Neither great nor terrible. Passes the time.,25-10-2022 18:26
411,954,2,4,Mostly great. The middle section drags a bit.,17-10-2024 18:41
4405,217,5,5,,04-05-2023 14:27
5083,502,3,3,,24-07-2024 16:25
2576,116,8,3,It was okay. The hype around this book is a bit overstated.,16-10-2024 16:22
1676,987,1,5,One of the best reads I have had in years. Highly recommended.,06-03-2023 21:24
3937,1463,1,3,Neither great nor terrible. Passes the time.,26-02-2023 00:40
2709,266,1,3,Neither great nor terrible. Passes the time.,02-08-2024 14:51
2804,1848,2,4,,22-11-2024 19:53
1536,2378,1,3,"Mixed feelings. Good premise, mediocre execution.",08-03-2024 22:15
2680,2111,7,4,Well-written and engaging. A few plot holes but forgivable.,18-10-2024 18:09
1133,1772,4,4,Enjoyed it quite a bit. Solid writing and interesting ideas.,03-03-2021 23:31
2753,555,4,4,Above average. Would recommend to fans of the genre.,30-08-2024 18:47
3257,37,5,2,Would not recommend. Too slow and the payoff was not worth it.,03-07-2023 09:56
3676,1399,2,5,Perfect blend of story and insight. Will read again.,14-08-2023 13:12
3336,469,6,4,,07-06-2021 04:41
2054,2290,2,5,Beautifully written. The author's style is simply stunning.,17-12-2021 22:05
1696,761,1,4,"Good book, though the ending felt a little rushed.",01-04-2021 19:35
1067,274,1,4,Well-written and engaging. A few plot holes but forgivable.,17-09-2024 14:39
3997,1492,52,2,Overrated. I did not enjoy the characters at all.,11-12-2022 10:08
1306,2574,2,4,Above average. Would recommend to fans of the genre.,05-03-2023 11:37
1995,2378,4,3,Neither great nor terrible. Passes the time.,17-03-2023 22:38
5369,528,3,5,,30-05-2023 22:16
1295,978,9,3,"Some interesting parts, but overall felt underwhelming.",14-10-2024 20:08
1587,63,1,5,A masterpiece. Every chapter left me wanting more.,26-10-2023 17:25
5154,2440,1,4,Above average. Would recommend to fans of the genre.,28-07-2022 07:18
4213,142,1,5,I finished this in two sittings. Absolutely riveting.,15-06-2023 19:27
2153,340,1,4,Mostly great. The middle section drags a bit.,03-02-2024 10:55
2561,545,1,4,"Good book, though the ending felt a little rushed.",09-11-2022 08:51
2980,1548,2,3,Average. Had its moments but failed to really engage me.,13-08-2024 20:38
200,1721,2,3,Neither great nor terrible. Passes the time.,03-01-2024 15:23
1508,666,2,5,I finished this in two sittings. Absolutely riveting.,23-05-2024 14:38
4955,162,3,5,Beautifully written. The author's style is simply stunning.,18-04-2022 11:43
1509,2476,1,4,A very good read overall. Some chapters were slow but worth it.,20-10-2024 07:58
2728,1895,1,3,Average. Had its moments but failed to really engage me.,01-10-2024 10:16
897,1926,11,3,Neither great nor terrible. Passes the time.,02-12-2021 21:15
505,2454,1,3,Decent read. Not my favourite but not bad either.,01-05-2024 16:19
152,2350,38,4,Enjoyed it quite a bit. Solid writing and interesting ideas.,12-05-2024 03:43
2099,2590,2,3,Had potential but did not quite deliver on its promise.,07-09-2021 11:49
43,2265,1,5,Beautifully written. The author's style is simply stunning.,21-09-2024 08:48
272,2319,32,2,Overrated. I did not enjoy the characters at all.,30-12-2023 18:58
1659,700,39,3,Decent read. Not my favourite but not bad either.,22-12-2022 20:24
1310,1773,66,3,"Some interesting parts, but overall felt underwhelming.",09-05-2023 14:55
4002,2641,9,3,"Mixed feelings. Good premise, mediocre execution.",03-02-2024 21:31
2759,27,1,5,Brilliant narrative. The characters feel genuinely real.,17-10-2024 05:02
4603,2595,3,3,It was okay. The hype around this book is a bit overstated.,04-01-2022 03:47
5218,649,3,3,Average. Had its moments but failed to really engage me.,06-06-2024 21:25
4968,101,34,4,Well-written and engaging. A few plot holes but forgivable.,15-03-2024 19:25
305,2487,102,3,Decent read. Not my favourite but not bad either.,15-08-2022 22:08
1630,475,1,5,Brilliant narrative. The characters feel genuinely real.,12-08-2024 10:02
5408,1842,13,5,A masterpiece. Every chapter left me wanting more.,31-12-2024 19:14
5033,170,1,5,Brilliant narrative. The characters feel genuinely real.,30-08-2024 18:27
74,1186,2,5,Brilliant narrative. The characters feel genuinely real.,04-05-2021 19:26
2474,2374,1,4,Well-written and engaging. A few plot holes but forgivable.,28-12-2024 12:45
4207,524,2,4,Mostly great. The middle section drags a bit.,03-10-2022 20:20
2532,2065,44,4,Mostly great. The middle section drags a bit.,23-10-2024 14:58
3714,2357,1,3,Neither great nor terrible. Passes the time.,07-10-2023 07:25
2702,647,96,3,It was okay. The hype around this book is a bit overstated.,09-12-2023 18:26
252,1041,1,3,Had potential but did not quite deliver on its promise.,28-06-2024 20:22
3048,2410,1,4,Mostly great. The middle section drags a bit.,30-09-2024 08:39
5293,822,31,3,Neither great nor terrible. Passes the time.,08-10-2024 20:31
4571,7,5,3,"Some interesting parts, but overall felt underwhelming.",22-04-2024 14:02
4943,458,6,3,Average. Had its moments but failed to really engage me.,06-06-2023 21:51
4713,2253,1,2,,03-11-2021 08:43
5577,1882,2,4,"Good book, though the ending felt a little rushed.",25-11-2024 07:15
5481,170,2,4,Above average. Would recommend to fans of the genre.,12-02-2022 07:51
3147,1180,1,0,A very good read overall. Some chapters were slow but worth it.,24-02-2024 16:27
5606,1504,1,3,"Some interesting parts, but overall felt underwhelming.",20-12-2023 07:28
4960,1701,3,3,Average. Had its moments but failed to really engage me.,29-06-2024 12:37
848,1720,1,3,"Some interesting parts, but overall felt underwhelming.",11-09-2023 19:31
3469,604,2,4,Liked it. The first half is stronger than the second.,12-06-2023 09:47
3020,642,3,1,Do not waste your money on this.,28-09-2024 21:07
381,1502,4,4,Pleasant read. Nothing groundbreaking but definitely enjoyable.,07-06-2024 18:22
821,2783,1,4,Well-written and engaging. A few plot holes but forgivable.,29-12-2024 09:17
957,1870,7,4,Mostly great. The middle section drags a bit.,11-03-2020 08:58
3458,2564,2,3,Average. Had its moments but failed to really engage me.,31-12-2024 13:14
1991,28,1,4,A very good read overall. Some chapters were slow but worth it.,22-10-2022 16:21
2818,134,3,3,It was okay. The hype around this book is a bit overstated.,22-06-2021 18:52
2238,823,4,3,Decent read. Not my favourite but not bad either.,15-03-2024 19:35
61,2467,2,4,"Good book, though the ending felt a little rushed.",25-04-2024 06:32
55,434,3,4,Above average. Would recommend to fans of the genre.,08-07-2021 20:25
2095,2062,38,5,This book changed the way I think. A must-read for everyone.,09-04-2024 07:08
4734,2493,6,2,Disappointed. Expected much more based on the reviews.,28-07-2024 19:43
887,1856,1,4,A very good read overall. Some chapters were slow but worth it.,29-04-2024 12:33
461,1284,2,5,Beautifully written. The author's style is simply stunning.,15-07-2023 10:40
2373,1370,4,4,Above average. Would recommend to fans of the genre.,31-12-2024 03:33
4478,115,3,3,Had potential but did not quite deliver on its promise.,25-05-2024 20:54
3220,1039,106,5,The writing is exceptional and the story gripped me from page one.,02-09-2024 17:17
2049,2666,22,7,It was okay. The hype around this book is a bit overstated.,07-11-2023 21:04
4680,588,2,4,"Good book, though the ending felt a little rushed.",27-08-2023 08:27
4389,349,6,4,A very good read overall. Some chapters were slow but worth it.,26-06-2023 19:42
3669,206,7,5,One of the best reads I have had in years. Highly recommended.,15-10-2024 11:28
2005,1979,8,3,It was okay. The hype around this book is a bit overstated.,30-08-2021 18:42
938,663,1,4,"Good book, though the ending felt a little rushed.",02-10-2023 14:30
5541,1716,1,5,Exceeded all my expectations. Truly extraordinary.,13-04-2024 19:05
5550,203,13,2,Would not recommend. Too slow and the payoff was not worth it.,29-12-2021 22:06
1547,167,1,4,Pleasant read. Nothing groundbreaking but definitely enjoyable.,26-08-2024 20:29
2217,2567,5,3,"Some interesting parts, but overall felt underwhelming.",20-11-2024 17:58
396,2090,2,4,Enjoyed it quite a bit. Solid writing and interesting ideas.,25-10-2024 17:06
1736,1226,3,4,"Good book, though the ending felt a little rushed.",25-02-2024 07:53
1019,2380,1,5,Perfect blend of story and insight. Will read again.,19-04-2023 06:49
581,1842,12,4,A very good read overall. Some chapters were slow but worth it.,17-10-2024 12:43
811,1707,1,3,Had potential but did not quite deliver on its promise.,31-12-2024 08:07
2846,762,1,3,Had potential but did not quite deliver on its promise.,21-12-2023 11:48
2917,150,2,3,Had potential but did not quite deliver on its promise.,03-08-2024 10:12
2875,2038,4,3,Had potential but did not quite deliver on its promise.,27-04-2021 13:18
3014,755,2,4,Liked it. The first half is stronger than the second.,19-04-2022 22:19
2510,2124,3,4,"Good book, though the ending felt a little rushed.",16-12-2024 20:46
600,2280,10,4,Enjoyed it quite a bit. Solid writing and interesting ideas.,27-11-2023 14:03
4959,693,16,5,Beautifully written. The author's style is simply stunning.,28-04-2024 09:02
5105,2597,1,4,Mostly great. The middle section drags a bit.,05-11-2023 18:02
3262,500,5,0,Decent read. Not my favourite but not bad either.,16-12-2022 21:49
2926,384,3,2,Disappointed. Expected much more based on the reviews.,09-09-2023 07:00
5259,2681,3,4,"Good book, though the ending felt a little rushed.",27-08-2024 14:28
4030,1115,12,4,Liked it. The first half is stronger than the second.,11-09-2022 18:02
156,178,1,4,Pleasant read. Nothing groundbreaking but definitely enjoyable.,17-07-2024 05:40
4358,2547,4,3,Neither great nor terrible. Passes the time.,06-05-2021 15:15
4568,1927,1,4,A very good read overall. Some chapters were slow but worth it.,11-06-2023 08:36
330,685,3,3,It was okay. The hype around this book is a bit overstated.,10-05-2024 20:07
1398,2734,1,3,It was okay. The hype around this book is a bit overstated.,19-09-2021 21:12
931,44,7,5,The writing is exceptional and the story gripped me from page one.,04-07-2023 13:12
4808,1749,6,2,,07-01-2024 13:36
2585,1206,3,4,,01-05-2023 08:06
1904,2602,1,5,This book changed the way I think. A must-read for everyone.,03-09-2024 21:35
5148,502,8,3,Had potential but did not quite deliver on its promise.,01-09-2023 08:57
2248,1290,6,5,This book changed the way I think. A must-read for everyone.,11-07-2022 18:42
4153,676,92,5,Beautifully written. The author's style is simply stunning.,15-03-2024 17:11
2133,360,2,3,Neither great nor terrible. Passes the time.,30-08-2024 09:15
3157,892,5,3,"Some interesting parts, but overall felt underwhelming.",15-12-2024 17:38
651,1972,6,3,Average. Had its moments but failed to really engage me.,31-07-2023 15:15
1975,367,12,3,Average. Had its moments but failed to really engage me.,05-04-2024 20:12
468,2436,32,1,Terrible. Wasted my money and my time.,02-07-2024 19:15
3303,284,3,4,Pleasant read. Nothing groundbreaking but definitely enjoyable.,11-07-2023 23:02
2472,2797,1,5,Brilliant narrative. The characters feel genuinely real.,16-12-2020 14:23
1337,2390,6,2,Disappointed. Expected much more based on the reviews.,30-07-2021 19:58
4006,1338,2,3,Neither great nor terrible. Passes the time.,13-05-2024 08:58
2589,1802,1,3,Average. Had its moments but failed to really engage me.,15-04-2024 07:47
154,2547,18,3,Average. Had its moments but failed to really engage me.,06-02-2023 15:33
3279,1562,1,3,It was okay. The hype around this book is a bit overstated.,26-02-2021 10:02
3380,2389,6,2,Disappointed. Expected much more based on the reviews.,29-10-2023 21:06
958,83,11,4,Liked it. The first half is stronger than the second.,12-07-2022 17:18
2450,1021,1,4,Liked it. The first half is stronger than the second.,29-11-2024 18:19
1158,1122,6,2,Overrated. I did not enjoy the characters at all.,12-09-2021 07:22
2876,836,1,4,"Good book, though the ending felt a little rushed.",16-05-2024 07:04
3344,4,2,4,"Good book, though the ending felt a little rushed.",09-12-2021 18:54
387,298,2,4,Liked it. The first half is stronger than the second.,04-02-2024 13:00
2984,1193,1,4,Mostly great. The middle section drags a bit.,21-04-2024 21:44
785,1636,12,4,Above average. Would recommend to fans of the genre.,16-04-2024 21:32
1248,642,39,3,It was okay. The hype around this book is a bit overstated.,24-12-2024 12:47
4015,1557,14,5,I finished this in two sittings. Absolutely riveting.,01-10-2022 19:12
4726,362,6,1,Terrible. Wasted my money and my time.,30-07-2023 11:24
2522,1250,1,3,It was okay. The hype around this book is a bit overstated.,12-05-2024 20:01
3507,153,1,3,"Mixed feelings. Good premise, mediocre execution.",20-06-2023 06:55
1090,165,1,3,"Some interesting parts, but overall felt underwhelming.",19-07-2024 12:05
2987,2613,1,5,Perfect blend of story and insight. Will read again.,19-04-2024 10:48
3574,1512,2,4,Liked it. The first half is stronger than the second.,11-03-2024 19:06
2359,2430,5,4,Above average. Would recommend to fans of the genre.,31-12-2024 17:21
5458,2580,1,4,Enjoyed it quite a bit. Solid writing and interesting ideas.,26-04-2020 08:28
2516,476,2,5,I finished this in two sittings. Absolutely riveting.,12-01-2023 18:40
818,250,1,5,One of the best reads I have had in years. Highly recommended.,23-01-2024 19:04
165,2075,2,5,A masterpiece. Every chapter left me wanting more.,08-12-2020 00:04
4659,2432,1,3,"Some interesting parts, but overall felt underwhelming.",12-09-2023 20:18
1336,337,10,4,"Good book, though the ending felt a little rushed.",16-11-2021 14:03
5389,2661,1,4,Enjoyed it quite a bit. Solid writing and interesting ideas.,12-06-2023 07:33
755,1152,4,3,Decent read. Not my favourite but not bad either.,12-12-2024 12:01
2840,111,1,3,Neither great nor terrible. Passes the time.,02-06-2024 13:14
447,2607,4,3,Neither great nor terrible. Passes the time.,11-06-2024 17:46
646,531,2,4,,30-03-2024 09:26
1936,2192,1,4,"Good book, though the ending felt a little rushed.",04-07-2021 19:13
162,1140,1,4,Above average. Would recommend to fans of the genre.,24-10-2021 13:25
4914,1952,2,4,,04-04-2024 10:34
1523,129,15,4,Pleasant read. Nothing groundbreaking but definitely enjoyable.,12-01-2024 21:17
2686,1208,5,3,Average. Had its moments but failed to really engage me.,03-04-2023 13:37
4415,2446,119,4,,07-12-2023 16:37
2024,1995,3,3,Neither great nor terrible. Passes the time.,13-06-2024 11:15
2829,811,3,2,Would not recommend. Too slow and the payoff was not worth it.,25-12-2024 10:02
5204,1206,1,4,Enjoyed it quite a bit. Solid writing and interesting ideas.,14-02-2022 10:16
1802,82,1,4,A very good read overall. Some chapters were slow but worth it.,21-01-2021 21:24
2372,1659,7,3,Decent read. Not my favourite but not bad either.,15-08-2022 12:23
4564,2722,1,4,A very good read overall. Some chapters were slow but worth it.,09-06-2024 23:15
1735,2175,2,4,Mostly great. The middle section drags a bit.,25-12-2021 15:03
139,2227,1,3,Had potential but did not quite deliver on its promise.,15-09-2023 09:39
1848,1022,2,3,"Mixed feelings. Good premise, mediocre execution.",03-11-2020 12:01
3844,469,4,4,Enjoyed it quite a bit. Solid writing and interesting ideas.,02-06-2021 20:31
3569,1787,11,4,"Good book, though the ending felt a little rushed.",31-12-2024 14:24
2100,865,2,4,Above average. Would recommend to fans of the genre.,01-07-2023 19:32
1938,1173,1,4,Pleasant read. Nothing groundbreaking but definitely enjoyable.,28-10-2023 11:22
649,579,3,3,It was okay. The hype around this book is a bit overstated.,11-02-2023 20:12
927,2788,2,3,"Mixed feelings. Good premise, mediocre execution.",12-11-2024 17:23
2091,415,3,4,Above average. Would recommend to fans of the genre.,11-02-2024 19:49
2469,1315,10,4,Enjoyed it quite a bit. Solid writing and interesting ideas.,16-03-2022 12:20
4837,834,5,5,One of the best reads I have had in years. Highly recommended.,10-08-2023 20:43
4970,816,55,3,Average. Had its moments but failed to really engage me.,22-12-2022 13:09
225,2696,1,3,,24-08-2024 18:51
1243,1097,2,3,Average. Had its moments but failed to really engage me.,16-11-2022 10:45
5337,2240,2,3,It was okay. The hype around this book is a bit overstated.,08-10-2024 17:54
1078,2660,83,4,Well-written and engaging. A few plot holes but forgivable.,12-08-2021 15:56
3323,143,11,5,The writing is exceptional and the story gripped me from page one.,15-11-2024 23:44
686,2662,61,3,Decent read. Not my favourite but not bad either.,01-08-2024 20:02
106,544,1,3,Had potential but did not quite deliver on its promise.,29-12-2024 18:22
2180,1226,5,2,Disappointed. Expected much more based on the reviews.,26-02-2022 17:21
219,1882,1,3,"Mixed feelings. Good premise, mediocre execution.",17-01-2024 22:59
5331,111,21,4,Liked it. The first half is stronger than the second.,26-08-2024 09:29
2010,2280,8,4,Pleasant read. Nothing groundbreaking but definitely enjoyable.,06-09-2024 18:26
3247,2677,4,5,Exceeded all my expectations. Truly extraordinary.,06-08-2021 11:24
643,480,2,3,Neither great nor terrible. Passes the time.,11-04-2023 05:26
5119,970,7,4,Above average. Would recommend to fans of the genre.,07-12-2024 12:04
3355,2217,4,4,Mostly great. The middle section drags a bit.,29-10-2021 20:23
4259,2234,33,5,Absolutely loved this book — couldn't put it down!,24-12-2022 06:18
4566,2397,5,4,"Good book, though the ending felt a little rushed.",02-06-2024 17:41
1763,976,1,5,Brilliant narrative. The characters feel genuinely real.,25-12-2022 17:03
2839,660,2,3,Had potential but did not quite deliver on its promise.,17-01-2024 11:31
2425,653,1,3,"Some interesting parts, but overall felt underwhelming.",03-02-2024 14:18
717,2669,3,4,Well-written and engaging. A few plot holes but forgivable.,07-04-2022 11:36
4537,59,68,5,One of the best reads I have had in years. Highly recommended.,21-01-2024 08:07
3658,1441,9,3,"Some interesting parts, but overall felt underwhelming.",30-10-2024 10:18
3003,873,1,5,Exceeded all my expectations. Truly extraordinary.,05-01-2023 16:11
1597,573,1,4,A very good read overall. Some chapters were slow but worth it.,25-03-2022 21:25
4641,2644,1,4,Above average. Would recommend to fans of the genre.,29-05-2020 11:21
2203,361,2,5,A masterpiece. Every chapter left me wanting more.,31-12-2024 20:56
2654,1515,1,3,Decent read. Not my favourite but not bad either.,24-04-2021 22:14
5354,1776,2,4,Above average. Would recommend to fans of the genre.,18-06-2023 19:50
5254,1910,1,4,Above average. Would recommend to fans of the genre.,21-12-2023 10:42
2632,1444,1,4,,01-11-2024 10:45
168,2632,1,4,Mostly great. The middle section drags a bit.,25-08-2021 20:45
2785,498,1,4,Well-written and engaging. A few plot holes but forgivable.,24-07-2023 18:38
3258,1340,2,4,Pleasant read. Nothing groundbreaking but definitely enjoyable.,11-09-2024 12:17
2455,28,2,5,A masterpiece. Every chapter left me wanting more.,20-10-2023 06:03
3492,2769,1,3,"Some interesting parts, but overall felt underwhelming.",31-12-2024 07:32
3256,1273,11,4,Enjoyed it quite a bit. Solid writing and interesting ideas.,03-06-2022 19:54
1755,625,7,5,,28-05-2022 15:47
4240,2424,1,4,Above average. Would recommend to fans of the genre.,27-04-2024 07:52
2806,41,1,3,Average. Had its moments but failed to really engage me.,18-08-2024 11:37
4114,2362,10,4,Pleasant read. Nothing groundbreaking but definitely enjoyable.,08-06-2023 07:12
1501,1752,1,2,,09-02-2024 20:48
2721,1373,12,4,Liked it. The first half is stronger than the second.,28-12-2024 13:56
1546,1301,2,5,,10-06-2021 20:21
1219,2556,10,3,Average. Had its moments but failed to really engage me.,26-11-2024 21:48
4695,2224,3,3,"Mixed feelings. Good premise, mediocre execution.",13-04-2022 07:55
3875,18,3,3,"Some interesting parts, but overall felt underwhelming.",19-04-2023 13:22
4419,2582,1,5,I finished this in two sittings. Absolutely riveting.,10-11-2022 14:41
2812,324,2,5,A masterpiece. Every chapter left me wanting more.,22-08-2024 07:16
3375,2392,21,4,"Good book, though the ending felt a little rushed.",05-12-2024 08:52
1035,2633,1,3,Average. Had its moments but failed to really engage me.,15-12-2024 19:20
5371,2315,1,4,Liked it. The first half is stronger than the second.,24-09-2021 19:37
448,2170,1,3,"Some interesting parts, but overall felt underwhelming.",12-11-2024 16:41
1342,843,6,2,,08-12-2024 09:45
1495,1396,2,4,Mostly great. The middle section drags a bit.,01-03-2024 08:17
5618,1972,6,3,Average. Had its moments but failed to really engage me.,31-07-2023 15:15
5196,1732,2,3,Had potential but did not quite deliver on its promise.,05-04-2023 08:53
1453,27,2,3,"Some interesting parts, but overall felt underwhelming.",27-09-2024 13:02
3143,732,1,3,It was okay. The hype around this book is a bit overstated.,05-08-2020 19:26
3515,134,1,5,Exceeded all my expectations. Truly extraordinary.,22-05-2021 10:13
1526,2716,3,5,This book changed the way I think. A must-read for everyone.,31-08-2023 23:57
5080,2746,93,4,Above average. Would recommend to fans of the genre.,13-11-2024 14:57
3847,1806,1,4,Mostly great. The middle section drags a bit.,04-08-2024 08:16
3864,2226,1,5,Absolutely loved this book — couldn't put it down!,25-02-2023 02:23
1178,719,1,5,The writing is exceptional and the story gripped me from page one.,20-10-2023 18:58
2487,190,2,4,"Good book, though the ending felt a little rushed.",10-12-2023 14:13
4609,31,1,4,,20-03-2023 17:20
2816,1215,8,4,A very good read overall. Some chapters were slow but worth it.,21-11-2024 18:54
3483,2739,4,3,Decent read. Not my favourite but not bad either.,24-11-2022 16:50
351,2434,3,3,"Some interesting parts, but overall felt underwhelming.",26-11-2024 20:32
84,2455,1,4,A very good read overall. Some chapters were slow but worth it.,06-09-2023 14:35
5335,2411,2,2,Struggled to get through it. The story meanders endlessly.,01-12-2022 21:01
4750,1366,11,3,Had potential but did not quite deliver on its promise.,24-03-2022 06:02
2862,1799,1,5,I finished this in two sittings. Absolutely riveting.,05-06-2024 18:47
3808,2742,2,4,Enjoyed it quite a bit. Solid writing and interesting ideas.,30-08-2023 10:33
2779,414,9,3,Neither great nor terrible. Passes the time.,12-10-2023 14:10
1644,1884,4,3,"Some interesting parts, but overall felt underwhelming.",25-10-2022 22:57
968,2116,1,3,Average. Had its moments but failed to really engage me.,16-12-2022 20:00
856,1923,6,3,"Mixed feelings. Good premise, mediocre execution.",17-11-2023 10:52
3512,1027,2,4,Liked it. The first half is stronger than the second.,14-12-2022 20:57
131,2245,3,3,It was okay. The hype around this book is a bit overstated.,24-07-2024 08:48
2556,2440,2,4,"Good book, though the ending felt a little rushed.",29-05-2024 17:39
5608,1391,2,4,Enjoyed it quite a bit. Solid writing and interesting ideas.,11-09-2023 19:02
5403,602,3,4,A very good read overall. Some chapters were slow but worth it.,17-07-2023 20:29
4412,1272,10,4,Enjoyed it quite a bit. Solid writing and interesting ideas.,24-07-2024 13:30
1409,374,38,4,Liked it. The first half is stronger than the second.,22-04-2024 12:21
918,140,1,5,Beautifully written. The author's style is simply stunning.,24-05-2023 11:35
1134,77,4,3,"Mixed feelings. Good premise, mediocre execution.",05-05-2024 11:46
3503,1007,3,3,"Mixed feelings. Good premise, mediocre execution.",18-11-2022 00:25
3917,478,6,2,Disappointed. Expected much more based on the reviews.,01-04-2024 18:22
256,2664,1,2,Struggled to get through it. The story meanders endlessly.,01-10-2023 14:12
2662,2515,1,4,A very good read overall. Some chapters were slow but worth it.,10-03-2024 17:19
160,1006,3,4,,31-12-2024 20:17
1844,878,4,2,Disappointed. Expected much more based on the reviews.,29-07-2021 15:09
4178,1569,74,1,Do not waste your money on this.,11-12-2021 09:24
2301,2718,3,3,"Some interesting parts, but overall felt underwhelming.",22-01-2022 19:08
1316,362,2,4,Liked it. The first half is stronger than the second.,13-04-2023 16:24
3835,265,53,3,"Mixed feelings. Good premise, mediocre execution.",03-01-2023 03:38
3949,1671,4,4,,31-10-2024 19:17
1186,2486,1,3,"Some interesting parts, but overall felt underwhelming.",06-06-2024 20:16
3082,570,5,2,Not for me. The writing style felt very dated.,17-10-2020 10:49
4337,1313,1,3,It was okay. The hype around this book is a bit overstated.,08-09-2023 08:01
5006,1642,3,4,,12-12-2022 18:22
4348,2771,29,4,A very good read overall. Some chapters were slow but worth it.,21-08-2024 07:27
1854,2425,2,4,Well-written and engaging. A few plot holes but forgivable.,13-11-2024 07:04
5129,1381,2,4,Enjoyed it quite a bit. Solid writing and interesting ideas.,20-09-2023 14:21
4999,797,2,3,"Some interesting parts, but overall felt underwhelming.",06-07-2022 10:46
3567,162,11,3,Average. Had its moments but failed to really engage me.,27-06-2024 20:13
1011,754,4,3,Neither great nor terrible. Passes the time.,22-07-2024 23:45
3324,45,1,4,Well-written and engaging. A few plot holes but forgivable.,28-09-2024 18:00
3956,1693,3,3,Had potential but did not quite deliver on its promise.,13-07-2024 00:35
1156,1482,3,3,Decent read. Not my favourite but not bad either.,24-07-2024 17:57
4252,2654,2,5,I finished this in two sittings. Absolutely riveting.,27-11-2024 10:48
2618,2696,2,4,Above average. Would recommend to fans of the genre.,01-01-2024 12:22
1145,830,1,4,,21-10-2022 11:58
1349,2786,33,2,Overrated. I did not enjoy the characters at all.,03-03-2022 14:12
1102,1149,3,4,Enjoyed it quite a bit. Solid writing and interesting ideas.,06-09-2023 19:55
558,268,3,4,Mostly great. The middle section drags a bit.,04-08-2024 21:48
4682,1184,1,4,Mostly great. The middle section drags a bit.,14-02-2023 19:06
875,2122,1,3,"Mixed feelings. Good premise, mediocre execution.",29-12-2024 10:27
5217,983,28,5,I finished this in two sittings. Absolutely riveting.,24-07-2023 20:34
1402,840,16,4,Enjoyed it quite a bit. Solid writing and interesting ideas.,08-12-2024 21:00
1488,1180,3,3,Had potential but did not quite deliver on its promise.,16-12-2024 17:36
3109,1484,2,3,,15-08-2024 18:35
4238,206,1,4,,21-09-2022 11:21
4632,671,11,5,A masterpiece. Every chapter left me wanting more.,07-10-2020 21:05
2434,914,4,2,Overrated. I did not enjoy the characters at all.,27-09-2024 21:22
4231,2379,3,4,A very good read overall. Some chapters were slow but worth it.,31-12-2024 07:55
3901,2202,1,3,Neither great nor terrible. Passes the time.,10-02-2023 17:39
4340,747,1,4,A very good read overall. Some chapters were slow but worth it.,31-10-2021 11:38
4709,1744,7,3,Decent read. Not my favourite but not bad either.,17-08-2020 07:06
4079,955,3,4,"Good book, though the ending felt a little rushed.",05-04-2023 17:44
2170,184,1,5,Exceeded all my expectations. Truly extraordinary.,13-12-2023 12:23
1452,2759,78,1,Gave up halfway. The writing is unbearable.,10-04-2023 19:56
4950,1032,7,3,Had potential but did not quite deliver on its promise.,24-07-2023 20:57
1681,2741,5,4,Pleasant read. Nothing groundbreaking but definitely enjoyable.,30-04-2023 14:43
399,411,2,5,Absolutely loved this book — couldn't put it down!,09-12-2024 20:56
3684,1483,4,3,Had potential but did not quite deliver on its promise.,05-03-2020 18:06
3263,1430,1,4,Mostly great. The middle section drags a bit.,02-06-2023 15:36
1701,700,29,5,One of the best reads I have had in years. Highly recommended.,06-08-2021 08:41
2514,1537,2,3,"Some interesting parts, but overall felt underwhelming.",13-07-2021 08:27
1668,10,58,4,Mostly great. The middle section drags a bit.,27-05-2024 09:55
4840,1658,3,4,Above average. Would recommend to fans of the genre.,11-04-2024 11:55
4650,2065,2,3,Average. Had its moments but failed to really engage me.,13-12-2023 11:20
2930,1947,1,4,"Good book, though the ending felt a little rushed.",01-11-2023 00:17
2673,1349,1,3,Average. Had its moments but failed to really engage me.,27-05-2023 11:54
775,983,3,3,,07-08-2024 15:42
3666,840,47,5,Exceeded all my expectations. Truly extraordinary.,21-12-2023 14:32
4940,2644,4,3,"Mixed feelings. Good premise, mediocre execution.",02-08-2020 20:35
3710,1017,2,5,I finished this in two sittings. Absolutely riveting.,08-08-2024 07:22
2591,2725,3,4,Mostly great. The middle section drags a bit.,21-10-2020 08:41
3265,957,2,4,,17-12-2020 05:33
3773,869,6,2,Overrated. I did not enjoy the characters at all.,06-02-2024 15:52
5199,334,2,4,Enjoyed it quite a bit. Solid writing and interesting ideas.,28-03-2023 16:24
4639,944,2,4,Pleasant read. Nothing groundbreaking but definitely enjoyable.,06-09-2022 16:25
2221,1901,2,4,Above average. Would recommend to fans of the genre.,13-06-2021 13:25
2196,941,16,4,Above average. Would recommend to fans of the genre.,28-10-2023 11:56
4673,790,4,3,Had potential but did not quite deliver on its promise.,31-12-2024 22:58
3764,2309,111,4,Pleasant read. Nothing groundbreaking but definitely enjoyable.,07-10-2023 11:06
2628,2166,3,3,It was okay. The hype around this book is a bit overstated.,25-06-2024 14:21
4012,113,4,3,Decent read. Not my favourite but not bad either.,22-09-2023 07:48
5561,1338,1,3,Average. Had its moments but failed to really engage me.,11-05-2024 22:33
4556,1384,1,4,Above average. Would recommend to fans of the genre.,12-02-2023 10:37
628,808,25,3,Neither great nor terrible. Passes the time.,28-10-2024 11:45
3939,988,4,3,"Mixed feelings. Good premise, mediocre execution.",20-08-2024 19:53
1994,1624,20,2,Not for me. The writing style felt very dated.,28-09-2022 11:15
5209,2536,3,3,Average. Had its moments but failed to really engage me.,17-01-2022 21:17
3408,335,8,2,Overrated. I did not enjoy the characters at all.,29-04-2022 09:57
965,450,1,3,Had potential but did not quite deliver on its promise.,01-03-2023 18:39
4721,2686,12,5,Exceeded all my expectations. Truly extraordinary.,24-10-2024 19:23
2325,2605,3,2,Not for me. The writing style felt very dated.,22-07-2024 17:27
5088,1735,3,4,Pleasant read. Nothing groundbreaking but definitely enjoyable.,13-02-2024 08:56
5141,1489,13,4,,15-09-2024 20:22
1902,339,3,3,It was okay. The hype around this book is a bit overstated.,18-11-2024 20:13
1658,730,11,4,Well-written and engaging. A few plot holes but forgivable.,31-08-2024 22:38
5069,916,8,4,A very good read overall. Some chapters were slow but worth it.,16-10-2024 08:41
2442,39,1,4,"Good book, though the ending felt a little rushed.",08-11-2020 03:52
3096,2391,2,5,,17-02-2022 14:24
4922,2605,1,5,Perfect blend of story and insight. Will read again.,12-09-2022 13:10
4854,1911,9,4,"Good book, though the ending felt a little rushed.",19-01-2023 18:04
2389,548,4,4,"Good book, though the ending felt a little rushed.",01-08-2023 11:55
176,562,1,4,Liked it. The first half is stronger than the second.,20-12-2024 12:16
1883,2640,2,4,,28-10-2024 00:47
5444,1223,6,3,Average. Had its moments but failed to really engage me.,27-11-2022 15:46
1466,1294,1,3,Average. Had its moments but failed to really engage me.,17-11-2024 16:50
5520,815,1,4,Well-written and engaging. A few plot holes but forgivable.,21-10-2022 11:12
4428,1744,16,-1,"Mixed feelings. Good premise, mediocre execution.",09-08-2022 15:35
2376,2672,6,3,Had potential but did not quite deliver on its promise.,17-01-2023 21:10
4555,557,13,3,"Mixed feelings. Good premise, mediocre execution.",05-06-2023 18:18
1082,2372,1,3,"Mixed feelings. Good premise, mediocre execution.",18-12-2021 21:39
5391,224,7,4,"Good book, though the ending felt a little rushed.",02-11-2024 12:51
990,505,5,4,Pleasant read. Nothing groundbreaking but definitely enjoyable.,22-04-2022 20:23
2744,2037,1,2,Not for me. The writing style felt very dated.,06-06-2023 21:28
4309,432,10,4,Enjoyed it quite a bit. Solid writing and interesting ideas.,24-11-2024 17:31
3017,1894,2,4,A very good read overall. Some chapters were slow but worth it.,19-07-2023 14:04
2362,2264,1,4,Liked it. The first half is stronger than the second.,16-05-2021 11:07
625,830,10,5,Brilliant narrative. The characters feel genuinely real.,13-10-2022 19:18
1447,1357,2,4,Enjoyed it quite a bit. Solid writing and interesting ideas.,30-09-2024 08:28
4607,23,9,4,Mostly great. The middle section drags a bit.,30-04-2023 07:36
3656,124,29,4,Above average. Would recommend to fans of the genre.,06-02-2024 08:21
1081,1064,2,3,Average. Had its moments but failed to really engage me.,01-06-2024 06:40
5360,284,28,1,,08-12-2023 08:32
3587,2024,15,4,"Good book, though the ending felt a little rushed.",11-06-2024 08:08
865,1887,3,4,Well-written and engaging. A few plot holes but forgivable.,25-09-2024 15:54
2291,710,1,3,,07-11-2021 19:27
3412,707,8,4,Liked it. The first half is stronger than the second.,27-09-2021 01:20
3099,1722,84,2,Struggled to get through it. The story meanders endlessly.,29-11-2022 09:50
1211,2270,1,3,"Mixed feelings. Good premise, mediocre execution.",23-05-2024 19:27
1839,425,1,3,"Some interesting parts, but overall felt underwhelming.",30-09-2023 09:28
1025,1428,21,4,Mostly great. The middle section drags a bit.,03-10-2022 18:35
3856,660,6,2,The plot felt disjointed and the pacing was off throughout.,18-04-2023 21:12
47,1409,3,3,It was okay. The hype around this book is a bit overstated.,11-12-2021 17:55
5574,645,1,4,Above average. Would recommend to fans of the genre.,26-03-2024 15:02
4289,1755,4,3,Had potential but did not quite deliver on its promise.,28-01-2022 18:31
57,1777,163,3,Decent read. Not my favourite but not bad either.,20-07-2020 18:32
5194,1944,1,4,Pleasant read. Nothing groundbreaking but definitely enjoyable.,08-12-2022 19:56
2614,2328,1,4,A very good read overall. Some chapters were slow but worth it.,12-04-2023 12:29
1948,2735,53,4,Enjoyed it quite a bit. Solid writing and interesting ideas.,05-01-2024 13:46
2707,2502,1,4,Pleasant read. Nothing groundbreaking but definitely enjoyable.,04-02-2024 14:20
5429,139,8,2,Disappointed. Expected much more based on the reviews.,09-07-2024 18:49
5008,2420,1,4,Mostly great. The middle section drags a bit.,10-09-2021 12:55
4826,212,11,5,A masterpiece. Every chapter left me wanting more.,18-09-2024 07:28
92,550,2,5,A masterpiece. Every chapter left me wanting more.,31-12-2024 09:56
2735,350,2,3,Decent read. Not my favourite but not bad either.,31-12-2024 08:18
1346,182,1,3,"Some interesting parts, but overall felt underwhelming.",01-09-2020 20:35
960,1080,18,1,Gave up halfway. The writing is unbearable.,07-12-2024 20:07
739,253,4,2,The plot felt disjointed and the pacing was off throughout.,12-06-2024 15:24
4187,390,4,3,Average. Had its moments but failed to really engage me.,10-04-2023 18:51
729,385,1,2,Struggled to get through it. The story meanders endlessly.,15-10-2022 16:10
421,483,176,3,Average. Had its moments but failed to really engage me.,26-07-2024 15:50
3511,176,4,0,,20-09-2021 21:02
3348,144,2,3,,17-12-2021 11:58
3860,2013,26,5,Exceeded all my expectations. Truly extraordinary.,31-12-2024 21:08
4033,319,1,4,Above average. Would recommend to fans of the genre.,18-05-2024 22:14
2475,95,60,3,Neither great nor terrible. Passes the time.,21-04-2021 18:19
4757,422,1,5,I finished this in two sittings. Absolutely riveting.,06-07-2023 21:12
3716,778,2,4,"Good book, though the ending felt a little rushed.",20-11-2024 23:54
2893,842,9,6,Enjoyed it quite a bit. Solid writing and interesting ideas.,03-06-2023 22:37
1845,1367,1,3,It was okay. The hype around this book is a bit overstated.,23-02-2020 08:58
4896,1154,114,3,It was okay. The hype around this book is a bit overstated.,08-06-2024 23:37
2379,2231,1,4,Liked it. The first half is stronger than the second.,19-05-2021 10:03
4664,225,27,3,Had potential but did not quite deliver on its promise.,01-10-2023 09:54
1641,2355,1,4,"Good book, though the ending felt a little rushed.",25-10-2022 20:50
3794,1464,6,2,The plot felt disjointed and the pacing was off throughout.,24-04-2024 17:53
3938,1408,4,3,Average. Had its moments but failed to really engage me.,13-06-2024 05:11
4345,531,4,4,Well-written and engaging. A few plot holes but forgivable.,27-05-2023 17:25
1271,2346,25,4,Pleasant read. Nothing groundbreaking but definitely enjoyable.,18-08-2023 07:25
1647,1354,1,5,This book changed the way I think. A must-read for everyone.,30-11-2022 21:08
2904,2477,1,4,"Good book, though the ending felt a little rushed.",15-04-2023 15:45
2807,2495,1,4,Mostly great. The middle section drags a bit.,05-12-2022 11:02
4490,239,13,3,"Some interesting parts, but overall felt underwhelming.",27-10-2023 19:13
661,2541,94,5,I finished this in two sittings. Absolutely riveting.,04-10-2023 13:15
5099,950,38,2,Struggled to get through it. The story meanders endlessly.,09-11-2024 19:54
2825,2104,2,4,"Good book, though the ending felt a little rushed.",24-01-2023 21:40
4424,557,53,3,Average. Had its moments but failed to really engage me.,04-03-2024 18:32
1386,660,15,4,Pleasant read. Nothing groundbreaking but definitely enjoyable.,20-11-2023 17:53
2500,1858,4,2,Struggled to get through it. The story meanders endlessly.,18-03-2023 18:28
3513,640,61,2,Not for me. The writing style felt very dated.,09-11-2024 13:25
5133,766,190,5,Perfect blend of story and insight. Will read again.,22-10-2023 21:31
2558,1150,1,4,Well-written and engaging. A few plot holes but forgivable.,13-03-2024 14:02
5311,2101,2,5,,22-06-2024 19:09
234,2347,1,5,One of the best reads I have had in years. Highly recommended.,08-10-2024 21:34
4171,1119,1,5,A masterpiece. Every chapter left me wanting more.,11-02-2024 10:53
2156,476,16,4,Well-written and engaging. A few plot holes but forgivable.,18-12-2023 06:34
5378,411,59,5,Beautifully written. The author's style is simply stunning.,25-02-2023 13:34
5109,1773,14,5,Beautifully written. The author's style is simply stunning.,03-10-2022 09:21
830,2322,1,4,Enjoyed it quite a bit. Solid writing and interesting ideas.,28-01-2022 21:43
640,2641,1,3,Had potential but did not quite deliver on its promise.,21-08-2024 19:46
4219,2470,3,4,Pleasant read. Nothing groundbreaking but definitely enjoyable.,02-09-2021 21:39
2943,2017,2,4,Above average. Would recommend to fans of the genre.,06-04-2024 22:28
2212,909,14,7,Mostly great. The middle section drags a bit.,10-12-2024 16:42
5321,519,29,5,Beautifully written. The author's style is simply stunning.,02-07-2024 11:23
4320,2228,4,3,Decent read. Not my favourite but not bad either.,20-09-2024 15:13
5394,84,1,5,The writing is exceptional and the story gripped me from page one.,08-07-2023 19:12
2479,87,1,2,Not for me. The writing style felt very dated.,07-10-2023 07:13
3261,367,1,4,Liked it. The first half is stronger than the second.,22-10-2024 18:54
1624,1632,3,4,,21-08-2024 13:30
5234,2338,1,3,Had potential but did not quite deliver on its promise.,21-06-2024 12:06
4464,619,22,3,Average. Had its moments but failed to really engage me.,06-11-2022 09:08
1224,1269,16,4,,12-09-2023 18:36
4298,2166,1,5,,16-12-2021 09:18
4850,1376,5,4,"Good book, though the ending felt a little rushed.",30-06-2023 13:13
3354,1659,24,5,I finished this in two sittings. Absolutely riveting.,30-12-2020 18:49
4425,1753,15,4,Enjoyed it quite a bit. Solid writing and interesting ideas.,16-10-2020 23:19
3866,1679,19,4,Pleasant read. Nothing groundbreaking but definitely enjoyable.,08-09-2024 05:20
3165,423,2,5,This book changed the way I think. A must-read for everyone.,16-06-2022 06:28
4495,2541,4,3,Had potential but did not quite deliver on its promise.,22-01-2023 15:15
1147,2534,1,4,Enjoyed it quite a bit. Solid writing and interesting ideas.,18-09-2020 10:51
1292,2191,1,4,A very good read overall. Some chapters were slow but worth it.,11-05-2024 20:25
3212,311,2,5,This book changed the way I think. A must-read for everyone.,02-08-2024 17:34
1884,2177,8,4,Mostly great. The middle section drags a bit.,23-06-2024 11:43
5092,1931,38,5,Beautifully written. The author's style is simply stunning.,05-11-2024 06:11
1107,1564,1,4,,03-04-2020 08:42
1631,2442,12,4,"Good book, though the ending felt a little rushed.",19-07-2023 10:14
713,2172,13,3,,11-12-2020 18:40
3398,2756,3,4,Liked it. The first half is stronger than the second.,02-11-2024 12:41
981,2105,2,4,Pleasant read. Nothing groundbreaking but definitely enjoyable.,12-02-2024 22:27
4055,494,1,4,Enjoyed it quite a bit. Solid writing and interesting ideas.,31-12-2024 19:31
1244,1014,19,4,Above average. Would recommend to fans of the genre.,09-08-2023 12:59
1476,2208,4,2,Not for me. The writing style felt very dated.,13-09-2020 13:50
4295,2495,6,4,A very good read overall. Some chapters were slow but worth it.,20-12-2022 06:54
3832,1572,3,3,,31-12-2024 18:45
279,2746,1,4,Mostly great. The middle section drags a bit.,29-08-2022 18:20
825,1765,1,4,Enjoyed it quite a bit. Solid writing and interesting ideas.,06-11-2023 13:23
3810,718,18,3,"Some interesting parts, but overall felt underwhelming.",17-04-2023 06:06
3557,1870,1,3,Average. Had its moments but failed to really engage me.,02-03-2021 18:57
5028,854,1,5,This book changed the way I think. A must-read for everyone.,06-10-2022 17:29
1087,855,1,3,Average. Had its moments but failed to really engage me.,20-06-2020 08:25
786,359,15,5,The writing is exceptional and the story gripped me from page one.,06-09-2022 21:31
1568,102,4,2,Would not recommend. Too slow and the payoff was not worth it.,12-10-2024 23:18
1695,1545,3,5,One of the best reads I have had in years. Highly recommended.,18-08-2024 19:49
4126,1471,3,5,I finished this in two sittings. Absolutely riveting.,10-11-2024 20:16
1366,2339,34,4,Mostly great. The middle section drags a bit.,28-03-2023 13:23
2813,2334,1,3,Had potential but did not quite deliver on its promise.,02-01-2024 15:00
257,1764,1,3,,12-08-2020 13:27
2583,2577,4,3,It was okay. The hype around this book is a bit overstated.,14-10-2021 07:31
2205,552,1,4,"Good book, though the ending felt a little rushed.",20-02-2023 21:31
5525,53,4,3,"Mixed feelings. Good premise, mediocre execution.",09-06-2024 21:19
3194,378,1,4,"Good book, though the ending felt a little rushed.",24-08-2020 19:50
2079,2194,1,4,Enjoyed it quite a bit. Solid writing and interesting ideas.,21-10-2024 13:42
2214,2775,3,4,Well-written and engaging. A few plot holes but forgivable.,22-05-2021 12:03
4582,1572,6,4,Above average. Would recommend to fans of the genre.,12-12-2024 15:31
3995,1519,3,3,"Some interesting parts, but overall felt underwhelming.",12-02-2022 17:23
4129,1846,1,5,The writing is exceptional and the story gripped me from page one.,24-08-2021 08:14
2757,1497,6,3,,19-12-2022 11:05
1414,2200,3,2,Not for me. The writing style felt very dated.,19-08-2023 07:40
2349,172,1,3,Average. Had its moments but failed to really engage me.,19-04-2024 13:08
4675,1646,1,4,"Good book, though the ending felt a little rushed.",25-04-2022 11:54
3218,1366,2,5,I finished this in two sittings. Absolutely riveting.,01-04-2022 17:00
4103,681,5,3,"Mixed feelings. Good premise, mediocre execution.",07-03-2023 16:53
1445,636,13,4,Above average. Would recommend to fans of the genre.,23-03-2023 06:34
3753,1689,10,3,Had potential but did not quite deliver on its promise.,04-11-2022 04:09
4175,921,6,3,Average. Had its moments but failed to really engage me.,18-11-2024 20:21
1642,2024,1,5,Perfect blend of story and insight. Will read again.,15-10-2021 18:16
3933,1041,6,3,Average. Had its moments but failed to really engage me.,14-04-2020 08:54
3670,1272,1,4,Pleasant read. Nothing groundbreaking but definitely enjoyable.,27-10-2024 17:11
1465,2483,1,4,Well-written and engaging. A few plot holes but forgivable.,15-11-2024 17:57
3945,2380,7,5,The writing is exceptional and the story gripped me from page one.,13-11-2022 06:22
5555,2254,5,2,Disappointed. Expected much more based on the reviews.,27-06-2022 19:05
5514,1914,2,4,"Good book, though the ending felt a little rushed.",11-10-2023 20:16
3402,2164,1,4,,30-04-2021 03:14
5432,1796,18,4,A very good read overall. Some chapters were slow but worth it.,05-11-2021 11:59
40,1345,2,4,,05-12-2024 08:58
917,1978,54,3,Neither great nor terrible. Passes the time.,17-12-2024 13:05
4932,217,4,4,Liked it. The first half is stronger than the second.,19-06-2021 05:22
4206,2184,4,4,Above average. Would recommend to fans of the genre.,16-01-2024 09:08
4917,922,1,3,Neither great nor terrible. Passes the time.,12-01-2024 10:38
2729,2146,1,3,Neither great nor terrible. Passes the time.,04-06-2022 18:46
3828,613,7,4,Well-written and engaging. A few plot holes but forgivable.,26-03-2021 16:19
3840,1748,187,3,Average. Had its moments but failed to really engage me.,18-05-2023 15:55
5341,1798,3,3,It was okay. The hype around this book is a bit overstated.,09-08-2022 23:48
314,1202,3,4,Liked it. The first half is stronger than the second.,29-09-2022 21:15
3378,1383,2,3,Had potential but did not quite deliver on its promise.,25-06-2024 20:17
1976,963,2,5,One of the best reads I have had in years. Highly recommended.,31-12-2024 07:15
3924,1879,13,3,"Mixed feelings. Good premise, mediocre execution.",28-08-2022 09:18
1413,2273,62,2,Disappointed. Expected much more based on the reviews.,05-10-2024 19:09
5437,850,22,4,Above average. Would recommend to fans of the genre.,12-08-2024 12:56
107,155,2,4,Pleasant read. Nothing groundbreaking but definitely enjoyable.,22-10-2024 21:43
2708,2316,5,4,"Good book, though the ending felt a little rushed.",18-06-2023 16:30
2419,1014,14,4,A very good read overall. Some chapters were slow but worth it.,31-12-2024 09:59
2630,1477,21,3,It was okay. The hype around this book is a bit overstated.,02-05-2024 08:52
1189,2394,10,4,A very good read overall. Some chapters were slow but worth it.,15-07-2024 20:50
3142,1859,1,3,Neither great nor terrible. Passes the time.,18-09-2020 17:25
4496,957,4,3,Neither great nor terrible. Passes the time.,31-12-2024 07:52
3824,1557,1,2,Would not recommend. Too slow and the payoff was not worth it.,29-06-2023 19:19
4269,2608,1,3,"Some interesting parts, but overall felt underwhelming.",17-08-2022 21:52
4879,1938,1,2,The plot felt disjointed and the pacing was off throughout.,25-05-2023 21:40
3227,1097,20,5,Brilliant narrative. The characters feel genuinely real.,11-10-2023 17:14
5318,583,1,2,Would not recommend. Too slow and the payoff was not worth it.,25-01-2024 08:30
2577,1677,154,4,A very good read overall. Some chapters were slow but worth it.,29-11-2024 12:41
339,1123,1,2,Would not recommend. Too slow and the payoff was not worth it.,02-11-2024 15:45
871,2685,1,4,Above average. Would recommend to fans of the genre.,24-09-2022 10:06
2155,1158,2,4,Liked it. The first half is stronger than the second.,22-06-2024 18:40
3065,1721,3,3,Had potential but did not quite deliver on its promise.,08-08-2023 14:45
689,2668,9,3,Average. Had its moments but failed to really engage me.,10-12-2023 06:24
3371,475,2,4,Well-written and engaging. A few plot holes but forgivable.,04-05-2022 08:21
3748,1662,1,3,Average. Had its moments but failed to really engage me.,03-11-2024 13:07
985,2172,3,3,It was okay. The hype around this book is a bit overstated.,20-07-2020 12:46
270,2643,3,4,Mostly great. The middle section drags a bit.,16-05-2023 06:33
4226,372,9,3,Decent read. Not my favourite but not bad either.,01-09-2024 20:44
1796,1078,1,4,Mostly great. The middle section drags a bit.,27-10-2023 16:40
5600,1772,2,4,Pleasant read. Nothing groundbreaking but definitely enjoyable.,16-11-2022 18:47
2382,2533,4,3,Average. Had its moments but failed to really engage me.,29-03-2024 18:38
1267,1300,8,2,The plot felt disjointed and the pacing was off throughout.,01-08-2024 16:59
4234,1437,5,3,It was okay. The hype around this book is a bit overstated.,05-11-2023 19:45
5545,2521,2,4,A very good read overall. Some chapters were slow but worth it.,14-02-2024 17:10
2151,2364,1,4,Pleasant read. Nothing groundbreaking but definitely enjoyable.,09-09-2024 11:37
2246,646,12,4,Enjoyed it quite a bit. Solid writing and interesting ideas.,31-10-2021 06:30
4553,1055,2,4,Mostly great. The middle section drags a bit.,08-12-2024 16:09
5310,2779,4,3,Decent read. Not my favourite but not bad either.,20-03-2024 17:23
2927,339,4,4,Above average. Would recommend to fans of the genre.,15-03-2024 08:04
343,1750,2,4,Well-written and engaging. A few plot holes but forgivable.,21-03-2022 20:48
3620,1920,1,4,Enjoyed it quite a bit. Solid writing and interesting ideas.,05-07-2021 11:02
2965,1461,14,4,Mostly great. The middle section drags a bit.,22-12-2023 18:23
1909,2337,140,4,Pleasant read. Nothing groundbreaking but definitely enjoyable.,18-12-2023 08:42
738,479,12,4,Above average. Would recommend to fans of the genre.,25-12-2022 20:17
379,2116,6,3,It was okay. The hype around this book is a bit overstated.,25-07-2024 18:11
5097,2770,13,4,A very good read overall. Some chapters were slow but worth it.,10-07-2022 12:09
1318,931,21,5,Exceeded all my expectations. Truly extraordinary.,11-08-2022 21:14
5136,186,1,4,Liked it. The first half is stronger than the second.,19-08-2023 07:47
1313,2286,1,0,Pleasant read. Nothing groundbreaking but definitely enjoyable.,25-06-2024 17:27
1154,719,2,2,Not for me. The writing style felt very dated.,25-02-2024 09:06
1589,1288,1,3,It was okay. The hype around this book is a bit overstated.,19-10-2024 08:46
2513,1041,2,3,Had potential but did not quite deliver on its promise.,16-07-2022 16:00
4086,2153,3,3,Had potential but did not quite deliver on its promise.,18-09-2024 18:01
1634,397,34,5,Exceeded all my expectations. Truly extraordinary.,16-12-2021 01:31
2847,1307,2,4,Enjoyed it quite a bit. Solid writing and interesting ideas.,26-09-2023 16:38
5237,400,22,4,Mostly great. The middle section drags a bit.,28-03-2024 19:50
5386,2014,4,3,"Some interesting parts, but overall felt underwhelming.",09-12-2024 13:32
2189,1842,1,5,Absolutely loved this book — couldn't put it down!,21-08-2024 14:42
2084,1504,9,3,Had potential but did not quite deliver on its promise.,20-06-2023 13:46
4638,2243,1,4,Enjoyed it quite a bit. Solid writing and interesting ideas.,02-04-2021 17:43
986,2438,2,5,I finished this in two sittings. Absolutely riveting.,17-09-2023 12:40
4893,1943,2,4,A very good read overall. Some chapters were slow but worth it.,07-12-2024 15:35
543,295,28,4,Pleasant read. Nothing groundbreaking but definitely enjoyable.,31-12-2024 09:14
622,1126,1,4,Enjoyed it quite a bit. Solid writing and interesting ideas.,27-08-2022 17:46
5246,2257,1,4,Enjoyed it quite a bit. Solid writing and interesting ideas.,14-03-2024 16:03
3701,2130,11,3,Decent read. Not my favourite but not bad either.,31-08-2023 14:01
5060,1865,3,5,Perfect blend of story and insight. Will read again.,07-01-2024 20:13
1713,2109,18,4,Enjoyed it quite a bit. Solid writing and interesting ideas.,25-11-2021 17:09
3450,2566,2,4,Mostly great. The middle section drags a bit.,09-12-2024 15:43
147,1173,3,5,Beautifully written. The author's style is simply stunning.,29-09-2024 20:02
4570,2020,1,4,Pleasant read. Nothing groundbreaking but definitely enjoyable.,26-12-2024 12:41
1052,2336,4,3,Average. Had its moments but failed to really engage me.,24-11-2024 18:43
4176,912,8,3,Neither great nor terrible. Passes the time.,10-11-2023 15:14
497,1538,4,3,Decent read. Not my favourite but not bad either.,25-05-2023 17:51
4776,995,3,5,,21-12-2023 07:10
2957,979,3,4,Enjoyed it quite a bit. Solid writing and interesting ideas.,29-08-2024 04:43
1343,228,1,3,,23-01-2024 21:20
281,1900,1,3,Decent read. Not my favourite but not bad either.,03-10-2021 13:05
4301,1457,1,3,Neither great nor terrible. Passes the time.,29-05-2024 19:31
4473,419,5,3,Neither great nor terrible. Passes the time.,31-12-2024 20:58
3094,2766,1,3,It was okay. The hype around this book is a bit overstated.,05-11-2023 04:25
4930,1831,1,5,This book changed the way I think. A must-read for everyone.,09-11-2022 08:19
950,1187,1,3,"Mixed feelings. Good premise, mediocre execution.",22-11-2021 16:10
4998,1731,8,3,It was okay. The hype around this book is a bit overstated.,25-07-2023 17:19
5005,2601,3,3,Average. Had its moments but failed to really engage me.,17-10-2024 22:40
5489,186,3,3,It was okay. The hype around this book is a bit overstated.,25-05-2022 07:02
4316,1203,44,4,Pleasant read. Nothing groundbreaking but definitely enjoyable.,14-09-2023 22:52
488,2182,20,3,Decent read. Not my favourite but not bad either.,18-05-2023 20:51
476,2336,1,3,Decent read. Not my favourite but not bad either.,15-05-2024 10:33
899,2709,6,4,Mostly great. The middle section drags a bit.,02-12-2022 13:18
4224,2755,7,5,This book changed the way I think. A must-read for everyone.,21-11-2023 22:14
740,2140,1,4,"Good book, though the ending felt a little rushed.",15-08-2023 20:20
2113,460,20,5,,07-06-2023 21:53
3382,1251,1,5,Beautifully written. The author's style is simply stunning.,12-06-2021 12:03
4793,1803,46,3,Neither great nor terrible. Passes the time.,07-01-2024 08:57
3709,990,2,5,Brilliant narrative. The characters feel genuinely real.,13-04-2023 05:44
1625,1363,8,3,"Mixed feelings. Good premise, mediocre execution.",06-08-2021 06:53
2786,1091,1,4,A very good read overall. Some chapters were slow but worth it.,19-09-2021 21:25
4300,63,9,5,Perfect blend of story and insight. Will read again.,09-08-2024 08:19
1674,2013,5,4,"Good book, though the ending felt a little rushed.",17-09-2023 11:35
4937,2668,23,3,Average. Had its moments but failed to really engage me.,06-07-2024 14:31
5267,584,5,3,Had potential but did not quite deliver on its promise.,23-05-2024 19:55
3390,1835,2,4,"Good book, though the ending felt a little rushed.",15-05-2022 07:26
1969,364,12,3,"Some interesting parts, but overall felt underwhelming.",23-10-2021 10:15
103,57,1,3,Had potential but did not quite deliver on its promise.,07-04-2023 06:44
521,1291,3,3,Decent read. Not my favourite but not bad either.,01-02-2023 09:44
4372,524,1,5,This book changed the way I think. A must-read for everyone.,25-07-2024 22:39
1652,2072,1,5,,15-09-2021 14:26
3646,1022,1,4,Well-written and engaging. A few plot holes but forgivable.,27-06-2022 22:19
1129,123,1,3,It was okay. The hype around this book is a bit overstated.,16-09-2023 13:25
464,207,69,5,A masterpiece. Every chapter left me wanting more.,04-11-2024 10:52
2641,1588,11,3,Neither great nor terrible. Passes the time.,27-02-2021 16:48
4655,2384,1,3,Average. Had its moments but failed to really engage me.,16-03-2024 06:11
1172,1343,3,4,Pleasant read. Nothing groundbreaking but definitely enjoyable.,27-06-2023 23:30
337,2072,2,3,It was okay. The hype around this book is a bit overstated.,28-01-2022 07:34
3163,93,15,5,,13-02-2023 21:04
674,1433,8,3,"Mixed feelings. Good premise, mediocre execution.",05-09-2024 12:19
4090,1262,2,5,A masterpiece. Every chapter left me wanting more.,28-11-2024 12:08
839,747,2,3,"Some interesting parts, but overall felt underwhelming.",19-12-2021 13:21
4135,2552,9,5,I finished this in two sittings. Absolutely riveting.,25-10-2024 09:20
216,1790,2,4,Enjoyed it quite a bit. Solid writing and interesting ideas.,15-10-2024 07:15
3131,471,24,4,,18-11-2024 21:20
2148,112,17,4,Well-written and engaging. A few plot holes but forgivable.,19-06-2021 18:00
1525,1294,2,4,Well-written and engaging. A few plot holes but forgivable.,05-06-2023 18:27
3745,1376,93,3,"Some interesting parts, but overall felt underwhelming.",11-06-2023 23:11
182,348,3,4,Pleasant read. Nothing groundbreaking but definitely enjoyable.,06-10-2023 14:18
5053,1998,25,4,Well-written and engaging. A few plot holes but forgivable.,21-11-2023 08:54
1175,2531,3,4,,31-12-2024 19:24
3762,2575,6,2,Struggled to get through it. The story meanders endlessly.,15-12-2024 01:08
1725,681,9,4,"Good book, though the ending felt a little rushed.",24-01-2024 22:01
570,1978,1,3,Decent read. Not my favourite but not bad either.,06-04-2024 15:18
123,1023,100,5,Brilliant narrative. The characters feel genuinely real.,23-11-2024 19:02
635,1829,1,5,I finished this in two sittings. Absolutely riveting.,21-01-2023 15:07
5146,1385,16,3,Average. Had its moments but failed to really engage me.,07-04-2022 08:06
1216,774,2,4,Mostly great. The middle section drags a bit.,23-11-2023 15:44
1190,521,15,4,A very good read overall. Some chapters were slow but worth it.,09-03-2022 15:22
3067,496,1,5,,13-05-2023 17:04
4282,547,35,3,,28-10-2023 05:01
955,627,2,5,I finished this in two sittings. Absolutely riveting.,12-10-2020 22:16
1661,1487,1,5,The writing is exceptional and the story gripped me from page one.,13-03-2023 14:07
4508,912,2,4,Mostly great. The middle section drags a bit.,07-04-2023 19:03
5274,1872,1,2,Disappointed. Expected much more based on the reviews.,14-01-2021 16:07
1793,854,5,3,Decent read. Not my favourite but not bad either.,13-06-2023 12:48
4430,1777,29,5,The writing is exceptional and the story gripped me from page one.,30-03-2021 11:01
1723,2421,4,3,"Mixed feelings. Good premise, mediocre execution.",17-09-2023 19:07
2004,784,1,4,Liked it. The first half is stronger than the second.,29-11-2024 22:14
2651,1181,68,4,Well-written and engaging. A few plot holes but forgivable.,24-04-2024 07:02
2310,661,49,3,"Mixed feelings. Good premise, mediocre execution.",20-08-2024 06:12
3833,1357,4,4,Pleasant read. Nothing groundbreaking but definitely enjoyable.,03-10-2023 22:45
1195,10,1,3,Had potential but did not quite deliver on its promise.,11-09-2024 15:22
1769,1757,1,4,Pleasant read. Nothing groundbreaking but definitely enjoyable.,18-07-2022 21:56
5508,707,1,4,Liked it. The first half is stronger than the second.,10-11-2023 19:17
1977,974,19,2,Overrated. I did not enjoy the characters at all.,19-01-2022 22:47
5329,2667,23,4,,14-09-2024 01:45
5610,388,2,4,"Good book, though the ending felt a little rushed.",08-05-2022 08:46
929,622,13,4,Mostly great. The middle section drags a bit.,04-10-2024 09:18
1238,2330,2,4,Liked it. The first half is stronger than the second.,21-09-2022 17:00
644,1300,9,3,,08-08-2023 09:04
1889,2508,5,2,The plot felt disjointed and the pacing was off throughout.,07-09-2024 15:29
221,1266,1,5,Brilliant narrative. The characters feel genuinely real.,12-11-2024 06:28
5278,368,66,5,Perfect blend of story and insight. Will read again.,16-06-2022 01:58
2498,2750,6,3,It was okay. The hype around this book is a bit overstated.,29-11-2024 08:18
4201,39,8,2,Disappointed. Expected much more based on the reviews.,05-03-2022 21:51
383,1983,1,3,,25-06-2022 04:11
1287,1476,1,3,Decent read. Not my favourite but not bad either.,29-08-2024 13:12
2517,2078,31,4,Liked it. The first half is stronger than the second.,13-09-2023 05:34
511,1773,1,5,Brilliant narrative. The characters feel genuinely real.,28-10-2021 19:07
1404,2263,8,3,Average. Had its moments but failed to really engage me.,24-10-2024 07:54
4888,2179,6,2,Struggled to get through it. The story meanders endlessly.,20-11-2024 19:09
4501,446,1,3,Decent read. Not my favourite but not bad either.,03-01-2024 12:44
3517,2424,27,3,"Some interesting parts, but overall felt underwhelming.",14-03-2024 18:04
1475,1220,4,2,Would not recommend. Too slow and the payoff was not worth it.,15-08-2022 21:41
4344,326,1,5,A masterpiece. Every chapter left me wanting more.,30-10-2023 12:28
3757,2515,5,3,"Some interesting parts, but overall felt underwhelming.",05-02-2023 15:28
4399,645,1,4,Above average. Would recommend to fans of the genre.,26-03-2024 15:02
2120,1594,1,3,Decent read. Not my favourite but not bad either.,18-01-2023 15:54
454,118,1,3,"Mixed feelings. Good premise, mediocre execution.",08-03-2024 08:30
1606,2446,2,3,Had potential but did not quite deliver on its promise.,08-12-2024 07:22
1032,1682,1,4,A very good read overall. Some chapters were slow but worth it.,31-12-2024 15:53
736,1359,1,3,"Some interesting parts, but overall felt underwhelming.",29-07-2024 19:18
2134,1745,1,4,Enjoyed it quite a bit. Solid writing and interesting ideas.,01-04-2024 17:07
548,1274,1,5,,15-04-2022 11:08
2126,651,10,5,One of the best reads I have had in years. Highly recommended.,15-07-2023 17:03
3971,1605,1,2,The plot felt disjointed and the pacing was off throughout.,13-12-2023 18:24
1340,1753,3,4,Mostly great. The middle section drags a bit.,21-09-2024 09:22
3175,1293,11,4,A very good read overall. Some chapters were slow but worth it.,28-04-2023 20:39
1182,200,1,5,,28-01-2022 14:25
322,302,2,5,Brilliant narrative. The characters feel genuinely real.,03-11-2024 05:05
1691,1119,10,5,Perfect blend of story and insight. Will read again.,11-04-2023 07:49
1762,2255,4,4,Above average. Would recommend to fans of the genre.,26-08-2023 07:03
332,622,1,3,"Some interesting parts, but overall felt underwhelming.",05-09-2023 22:12
5536,2391,8,3,Average. Had its moments but failed to really engage me.,20-11-2020 08:15
3170,1097,4,2,Would not recommend. Too slow and the payoff was not worth it.,14-11-2024 14:57
5421,582,22,3,,31-05-2023 18:28
5007,1625,2,4,Mostly great. The middle section drags a bit.,02-10-2024 07:56
5374,346,1,2,Not for me. The writing style felt very dated.,31-07-2024 17:35
5443,1784,1,4,Liked it. The first half is stronger than the second.,12-09-2024 05:02
5355,1839,1,4,Mostly great. The middle section drags a bit.,05-10-2020 17:53
4233,1978,31,4,,23-08-2024 18:38
428,850,1,4,A very good read overall. Some chapters were slow but worth it.,21-08-2024 11:21
38,2209,5,2,Overrated. I did not enjoy the characters at all.,09-06-2024 12:10
578,839,1,4,Liked it. The first half is stronger than the second.,31-12-2024 08:28
3460,104,1,5,The writing is exceptional and the story gripped me from page one.,07-11-2023 20:13
4852,2443,164,4,A very good read overall. Some chapters were slow but worth it.,07-09-2024 06:59
4483,1912,29,5,Exceeded all my expectations. Truly extraordinary.,23-07-2024 17:58
2821,2552,1,4,"Good book, though the ending felt a little rushed.",31-12-2023 14:17
4510,42,1,3,"Some interesting parts, but overall felt underwhelming.",26-12-2022 17:22
3719,2436,9,4,Liked it. The first half is stronger than the second.,11-04-2024 11:21
1194,1278,21,5,,10-12-2024 12:56
1487,566,5,4,Above average. Would recommend to fans of the genre.,31-12-2024 08:49
422,77,1,4,Liked it. The first half is stronger than the second.,31-03-2022 08:59
5227,2227,8,3,It was okay. The hype around this book is a bit overstated.,25-10-2024 15:00
5251,2412,65,4,Well-written and engaging. A few plot holes but forgivable.,02-02-2023 09:25
571,2574,1,5,Perfect blend of story and insight. Will read again.,20-08-2021 19:34
1455,2203,3,3,Had potential but did not quite deliver on its promise.,04-11-2023 10:31
5173,1343,1,3,Had potential but did not quite deliver on its promise.,30-10-2024 12:35
230,214,4,3,Neither great nor terrible. Passes the time.,16-07-2023 08:32
1612,366,1,2,Struggled to get through it. The story meanders endlessly.,07-12-2020 19:58
2788,676,62,4,Pleasant read. Nothing groundbreaking but definitely enjoyable.,09-08-2024 19:11
60,1669,2,5,Exceeded all my expectations. Truly extraordinary.,26-09-2020 19:19
2124,1774,5,2,Disappointed. Expected much more based on the reviews.,08-07-2022 17:48
4329,1224,87,4,Well-written and engaging. A few plot holes but forgivable.,05-10-2023 18:18
1400,2343,30,5,I finished this in two sittings. Absolutely riveting.,21-12-2023 18:13
1482,1689,1,3,"Mixed feelings. Good premise, mediocre execution.",20-11-2021 08:09
419,2461,2,4,Liked it. The first half is stronger than the second.,01-11-2024 14:53
3578,906,16,-1,Above average. Would recommend to fans of the genre.,23-10-2024 21:13
836,1844,8,4,Liked it. The first half is stronger than the second.,10-03-2024 07:16
1234,2732,5,3,Decent read. Not my favourite but not bad either.,14-09-2024 17:43
1664,2531,2,3,It was okay. The hype around this book is a bit overstated.,01-12-2023 19:27
2612,2246,2,4,Pleasant read. Nothing groundbreaking but definitely enjoyable.,16-12-2024 19:38
1600,2485,31,5,Brilliant narrative. The characters feel genuinely real.,12-09-2021 08:03
2828,1505,2,5,Brilliant narrative. The characters feel genuinely real.,07-04-2023 16:36
2093,673,2,4,A very good read overall. Some chapters were slow but worth it.,25-06-2022 17:07
608,285,1,3,Had potential but did not quite deliver on its promise.,19-05-2022 06:44
3478,625,2,-1,Above average. Would recommend to fans of the genre.,15-08-2021 11:19
1843,290,2,3,Decent read. Not my favourite but not bad either.,11-09-2022 12:37
2274,483,4,3,"Some interesting parts, but overall felt underwhelming.",26-12-2023 06:55
607,611,2,5,The writing is exceptional and the story gripped me from page one.,31-12-2024 13:56
1907,1035,1,3,,11-01-2022 09:50
1356,2799,42,4,,21-10-2020 05:35
79,52,1,4,Well-written and engaging. A few plot holes but forgivable.,02-01-2021 21:46
5242,830,45,4,Enjoyed it quite a bit. Solid writing and interesting ideas.,07-11-2020 23:47
338,135,1,4,"Good book, though the ending felt a little rushed.",20-01-2022 18:47
2094,182,40,3,Had potential but did not quite deliver on its promise.,16-07-2021 12:57
4992,794,98,4,Enjoyed it quite a bit. Solid writing and interesting ideas.,30-06-2023 13:02
3871,223,1,4,Enjoyed it quite a bit. Solid writing and interesting ideas.,14-05-2023 08:45
2174,370,2,4,Mostly great. The middle section drags a bit.,21-06-2024 17:34
4993,2173,1,5,Exceeded all my expectations. Truly extraordinary.,19-06-2021 19:58
4414,1614,59,5,One of the best reads I have had in years. Highly recommended.,16-12-2023 21:50
3192,2723,5,3,Neither great nor terrible. Passes the time.,12-10-2024 08:27
4228,153,3,5,Brilliant narrative. The characters feel genuinely real.,03-03-2022 19:07
2123,2540,2,4,Above average. Would recommend to fans of the genre.,29-03-2023 08:48
2052,317,1,4,Well-written and engaging. A few plot holes but forgivable.,05-04-2022 08:10
3500,2763,2,3,"Some interesting parts, but overall felt underwhelming.",04-12-2023 22:18
3994,1168,2,4,Pleasant read. Nothing groundbreaking but definitely enjoyable.,12-11-2024 08:38
3293,2380,5,3,"Some interesting parts, but overall felt underwhelming.",05-01-2022 19:01
1557,1717,12,5,I finished this in two sittings. Absolutely riveting.,23-12-2024 11:03
3089,2053,150,3,Average. Had its moments but failed to really engage me.,27-05-2020 13:48
3036,889,2,4,Pleasant read. Nothing groundbreaking but definitely enjoyable.,18-09-2024 21:28
