order_id,order_total,next_order
5001,214935,53378.0
5002,53378,581273.0
5003,581273,930645.0
5004,930645,205530.0
5005,205530,123634.0
5006,123634,273680.0
5008,273680,918180.0
5009,918180,536276.0
5010,536276,653338.0
5011,653338,427018.0
5012,427018,33911.0
5013,33911,861475.0
5014,861475,589959.0
5015,589959,235119.0
5016,235119,1027818.0
5017,1027818,994066.0
5018,994066,94684.0
5019,94684,127344.0
5020,127344,47605.0
5021,47605,353292.0
5022,353292,877258.0
5023,877258,675217.0
5024,675217,569679.0
5025,569679,285551.0
5026,285551,420440.0
5027,420440,311047.0
5028,311047,26176.0
5029,26176,460159.0
5030,460159,452717.0
5031,452717,408455.0
5032,408455,1194696.0
5033,1194696,330828.0
5034,330828,525242.0
5035,525242,356993.0
5036,356993,1092230.0
5037,1092230,386659.0
5038,386659,261412.0
5039,261412,472866.0
5040,472866,193639.0
5042,193639,797522.0
5043,797522,1445572.0
5044,1445572,612967.0
5045,612967,544457.0
5046,544457,9175.0
5047,9175,38916.0
5048,38916,666852.0
5049,666852,500322.0
5050,500322,618509.0
5051,618509,31445.0
5052,31445,516933.0
5053,516933,506214.0
5054,506214,783840.0
5056,783840,348770.0
5057,348770,220865.0
5058,220865,352147.0
5059,352147,64860.0
5060,64860,759021.0
5061,759021,486941.0
5062,486941,190490.0
5063,190490,838787.0
5064,838787,125325.0
5065,125325,869599.0
5066,869599,75195.0
5067,75195,711543.0
5068,711543,150960.0
5069,150960,1065275.0
5070,1065275,396209.0
5071,396209,665856.0
5072,665856,443610.0
5073,443610,335186.0
5074,335186,99090.0
5075,99090,252672.0
5076,252672,74480.0
5077,74480,1017975.0
5078,1017975,336037.0
5079,336037,378089.0
5080,378089,486163.0
5081,486163,505790.0
5082,505790,345794.0
5083,345794,81920.0
5084,81920,782829.0
5085,782829,281085.0
5086,281085,117522.0
5087,117522,962506.0
5088,962506,305038.0
5089,305038,56733.0
5090,56733,887268.0
5091,887268,374117.0
5092,374117,129886.0
5093,129886,648166.0
5094,648166,610131.0
5095,610131,439160.0
5096,439160,156886.0
5097,156886,613873.0
5098,613873,898347.0
5099,898347,635958.0
5100,635958,584878.0
5101,584878,580037.0
5102,580037,561693.0
5103,561693,291035.0
5104,291035,898130.0
5105,898130,460086.0
5106,460086,340665.0
5107,340665,48871.0
5108,48871,125340.0
5109,125340,392809.0
5110,392809,571129.0
5111,571129,1242159.0
5112,1242159,223260.0
5113,223260,579065.0
5114,579065,350476.0
5115,350476,545412.0
5116,545412,521840.0
5117,521840,154811.0
5118,154811,184068.0
5119,184068,785669.0
5120,785669,146613.0
5121,146613,496956.0
5122,496956,468034.0
5123,468034,861926.0
5124,861926,544592.0
5125,544592,210904.0
5126,210904,39383.0
5127,39383,901019.0
5128,901019,329437.0
5129,329437,516551.0
5130,516551,478195.0
5131,478195,745181.0
5132,745181,821863.0
5133,821863,211255.0
5134,211255,440614.0
5135,440614,120484.0
5136,120484,646126.0
5137,646126,251924.0
5138,251924,800062.0
5139,800062,569264.0
5140,569264,42082.0
5141,42082,152091.0
5142,152091,711942.0
5143,711942,163891.0
5144,163891,732037.0
5145,732037,337772.0
5146,337772,607399.0
5147,607399,393253.0
5148,393253,165233.0
5149,165233,857319.0
5150,857319,69811.0
5151,69811,369997.0
5152,369997,188589.0
5153,188589,627995.0
5154,627995,865146.0
5155,865146,334853.0
5156,334853,439631.0
5157,439631,551008.0
5158,551008,721198.0
5159,721198,649593.0
5160,649593,72397.0
5161,72397,437586.0
5162,437586,223116.0
5163,223116,451581.0
5164,451581,152892.0
5165,152892,185439.0
5166,185439,1268204.0
5167,1268204,465579.0
5168,465579,760512.0
5169,760512,100507.0
5170,100507,583391.0
5171,583391,503265.0
5172,503265,476846.0
5173,476846,489781.0
5174,489781,637323.0
5175,637323,410300.0
5176,410300,141312.0
5177,141312,120484.0
5178,120484,1255154.0
5179,1255154,497966.0
5180,497966,208911.0
5181,208911,690983.0
5182,690983,174217.0
5183,174217,858080.0
5184,858080,1038440.0
5185,1038440,263856.0
5186,263856,228531.0
5187,228531,534461.0
5188,534461,590584.0
5189,590584,962385.0
5190,962385,177916.0
5191,177916,364481.0
5192,364481,1002806.0
5193,1002806,543279.0
5194,543279,98118.0
5195,98118,576959.0
5196,576959,289617.0
5197,289617,606337.0
5198,606337,210721.0
5199,210721,675207.0
5200,675207,357621.0
5201,357621,237329.0
5202,237329,331948.0
5203,331948,132099.0
5204,132099,618038.0
5205,618038,160236.0
5207,160236,488650.0
5208,488650,218492.0
5210,218492,321822.0
5211,321822,21500.0
5212,21500,195870.0
5213,195870,68424.0
5214,68424,199530.0
5215,199530,777826.0
5216,777826,481295.0
5218,481295,198424.0
5219,198424,633560.0
5220,633560,259155.0
5221,259155,641323.0
5222,641323,38916.0
5223,38916,834354.0
5224,834354,132879.0
5225,132879,23217.0
5226,23217,520155.0
5227,520155,714650.0
5228,714650,710474.0
5229,710474,875056.0
5230,875056,558190.0
5231,558190,109918.0
5232,109918,438793.0
5233,438793,693059.0
5234,693059,430364.0
5235,430364,593474.0
5236,593474,1085620.0
5237,1085620,279871.0
5238,279871,95562.0
5240,95562,147178.0
5241,147178,184396.0
5242,184396,289704.0
5243,289704,495600.0
5244,495600,515143.0
5245,515143,188718.0
5246,188718,587142.0
5247,587142,141312.0
5248,141312,200006.0
5249,200006,87027.0
5250,87027,461835.0
5251,461835,387018.0
5252,387018,165960.0
5253,165960,837637.0
5254,837637,153863.0
5255,153863,1432250.0
5256,1432250,174590.0
5257,174590,563323.0
5258,563323,767531.0
5259,767531,498644.0
5260,498644,347900.0
5261,347900,616562.0
5262,616562,714485.0
5263,714485,862554.0
5264,862554,570101.0
5265,570101,512771.0
5266,512771,481422.0
5267,481422,306056.0
5268,306056,550114.0
5270,550114,507828.0
5271,507828,243526.0
5272,243526,452435.0
5273,452435,538511.0
5274,538511,383548.0
5275,383548,440698.0
5276,440698,407741.0
5277,407741,359332.0
5278,359332,319106.0
5279,319106,39748.0
5280,39748,232502.0
5281,232502,369820.0
5282,369820,359651.0
5283,359651,594529.0
5284,594529,368409.0
5285,368409,305144.0
5286,305144,171681.0
5287,171681,154520.0
5288,154520,247554.0
5289,247554,146613.0
5290,146613,392846.0
5291,392846,305557.0
5292,305557,609940.0
5293,609940,154041.0
5294,154041,414119.0
5295,414119,69110.0
5296,69110,723010.0
5297,723010,221221.0
5298,221221,154995.0
5299,154995,376143.0
5300,376143,407518.0
5301,407518,585342.0
5302,585342,388514.0
5303,388514,50707.0
5304,50707,1039280.0
5305,1039280,203592.0
5306,203592,488755.0
5307,488755,461567.0
5308,461567,385530.0
5309,385530,262208.0
5310,262208,318127.0
5311,318127,792846.0
5312,792846,294042.0
5313,294042,378189.0
5314,378189,14716.0
5315,14716,170349.0
5316,170349,545819.0
5317,545819,746979.0
5318,746979,463426.0
5319,463426,651793.0
5320,651793,104704.0
5321,104704,276859.0
5322,276859,99638.0
5323,99638,651634.0
5324,651634,383872.0
5325,383872,102458.0
5326,102458,952772.0
5327,952772,292705.0
5328,292705,818251.0
5329,818251,237057.0
5330,237057,1190121.0
5331,1190121,1031567.0
5332,1031567,562123.0
5333,562123,1041447.0
5334,1041447,393804.0
5335,393804,21800.0
5336,21800,398768.0
5337,398768,422478.0
5338,422478,573468.0
5339,573468,295661.0
5340,295661,648109.0
5341,648109,525742.0
5342,525742,820040.0
5343,820040,176862.0
5344,176862,134152.0
5346,134152,120912.0
5347,120912,692041.0
5348,692041,140836.0
5349,140836,634220.0
5350,634220,860633.0
5351,860633,302407.0
5352,302407,150840.0
5353,150840,957812.0
5354,957812,338515.0
5355,338515,450613.0
5356,450613,81920.0
5357,81920,161541.0
5358,161541,807314.0
5359,807314,116590.0
5361,116590,471648.0
5362,471648,816363.0
5363,816363,222226.0
5364,222226,420221.0
5365,420221,330612.0
5366,330612,780866.0
5367,780866,189499.0
5368,189499,278295.0
5369,278295,235498.0
5370,235498,393784.0
5371,393784,783850.0
5372,783850,53378.0
5373,53378,383141.0
5374,383141,198849.0
5375,198849,1226244.0
5376,1226244,596928.0
5377,596928,321762.0
5378,321762,748263.0
5379,748263,381420.0
5380,381420,130880.0
5381,130880,136218.0
5382,136218,100614.0
5383,100614,666658.0
5384,666658,283693.0
5385,283693,8600.0
5386,8600,397698.0
5387,397698,553584.0
5388,553584,287088.0
5389,287088,120504.0
5390,120504,49924.0
5391,49924,15930.0
5392,15930,186559.0
5393,186559,532545.0
5394,532545,42378.0
5395,42378,663989.0
5396,663989,53946.0
5397,53946,365553.0
5398,365553,441922.0
5399,441922,303136.0
5400,303136,279508.0
5401,279508,190490.0
5402,190490,470452.0
5403,470452,616083.0
5404,616083,9572.0
5405,9572,146045.0
5406,146045,126694.0
5407,126694,113142.0
5408,113142,1417062.0
5409,1417062,715506.0
5410,715506,621139.0
5411,621139,796387.0
5412,796387,899371.0
5413,899371,787647.0
5414,787647,665062.0
5415,665062,335202.0
5416,335202,380200.0
5417,380200,391517.0
5418,391517,723708.0
5419,723708,185104.0
5420,185104,337719.0
5421,337719,196587.0
5422,196587,548106.0
5423,548106,695183.0
5424,695183,82653.0
5425,82653,1069099.0
5426,1069099,422466.0
5427,422466,142586.0
5428,142586,493103.0
5429,493103,540990.0
5430,540990,1176739.0
5431,1176739,292560.0
5432,292560,350476.0
5433,350476,541137.0
5434,541137,593237.0
5435,593237,626445.0
5436,626445,638140.0
5437,638140,291834.0
5438,291834,561524.0
5439,561524,579465.0
5440,579465,726280.0
5441,726280,491974.0
5442,491974,115299.0
5443,115299,711883.0
5444,711883,840654.0
5445,840654,1099306.0
5446,1099306,543352.0
5447,543352,966318.0
5448,966318,456184.0
5449,456184,20480.0
5450,20480,403589.0
5451,403589,62613.0
5452,62613,222684.0
5453,222684,296816.0
5454,296816,532718.0
5455,532718,1020659.0
5456,1020659,211866.0
5457,211866,626322.0
5458,626322,78402.0
5459,78402,257476.0
5460,257476,994544.0
5462,994544,387385.0
5463,387385,268031.0
5464,268031,74271.0
5465,74271,993943.0
5466,993943,202828.0
5467,202828,417148.0
5468,417148,819116.0
5469,819116,873180.0
5470,873180,97996.0
5471,97996,350959.0
5472,350959,61440.0
5473,61440,231411.0
5474,231411,286214.0
5475,286214,271461.0
5476,271461,412826.0
5477,412826,477983.0
5478,477983,427909.0
5479,427909,195364.0
5480,195364,133499.0
5481,133499,10900.0
5482,10900,803503.0
5483,803503,1081281.0
5484,1081281,116676.0
5485,116676,295012.0
5486,295012,131337.0
5487,131337,536561.0
5488,536561,456643.0
5489,456643,793108.0
5490,793108,144345.0
5491,144345,1491527.0
5492,1491527,417496.0
5493,417496,759708.0
5494,759708,560646.0
5495,560646,945333.0
5496,945333,86234.0
5497,86234,138303.0
5498,138303,100614.0
5499,100614,138548.0
5500,138548,610846.0
5501,610846,940763.0
5502,940763,552074.0
5503,552074,791311.0
5504,791311,294053.0
5505,294053,34203.0
5506,34203,509551.0
5507,509551,242831.0
5508,242831,180974.0
5509,180974,985692.0
5510,985692,87951.0
5511,87951,1275991.0
5512,1275991,847062.0
5513,847062,479445.0
5514,479445,114169.0
5515,114169,811074.0
5516,811074,457713.0
5517,457713,97682.0
5518,97682,332323.0
5519,332323,532791.0
5520,532791,750281.0
5521,750281,374332.0
5522,374332,323306.0
5523,323306,951264.0
5524,951264,285802.0
5525,285802,781708.0
5526,781708,1124123.0
5527,1124123,336620.0
5528,336620,542874.0
5529,542874,296945.0
5530,296945,246787.0
5531,246787,333324.0
5532,333324,373054.0
5533,373054,589686.0
5534,589686,1371676.0
5535,1371676,697109.0
5536,697109,330080.0
5537,330080,18350.0
5538,18350,448883.0
5539,448883,161838.0
5540,161838,100884.0
5541,100884,382248.0
5542,382248,402278.0
5543,402278,264145.0
5544,264145,451427.0
5545,451427,8053.0
5546,8053,445055.0
5547,445055,509853.0
5548,509853,640443.0
5549,640443,302067.0
5550,302067,376107.0
5551,376107,609551.0
5552,609551,31625.0
5553,31625,598108.0
5554,598108,413632.0
5555,413632,707084.0
5557,707084,618124.0
5558,618124,229641.0
5559,229641,304574.0
5560,304574,947648.0
5561,947648,979103.0
5562,979103,691752.0
5563,691752,106024.0
5564,106024,446629.0
5565,446629,558588.0
5566,558588,313200.0
5567,313200,58295.0
5568,58295,97197.0
5569,97197,573338.0
5570,573338,864078.0
5571,864078,604250.0
5572,604250,840901.0
5573,840901,618451.0
5574,618451,214824.0
5575,214824,268619.0
5576,268619,603510.0
5577,603510,443162.0
5578,443162,422477.0
5579,422477,816611.0
5580,816611,97996.0
5581,97996,302478.0
5582,302478,126709.0
5583,126709,860063.0
5584,860063,202296.0
5585,202296,514343.0
5586,514343,612721.0
5587,612721,572381.0
5588,572381,299138.0
5589,299138,171606.0
5590,171606,140163.0
5591,140163,577839.0
5592,577839,859896.0
5593,859896,690307.0
5594,690307,554520.0
5595,554520,53706.0
5596,53706,101965.0
5597,101965,339207.0
5598,339207,90487.0
5599,90487,1191064.0
5600,1191064,470671.0
5601,470671,83106.0
5602,83106,254901.0
5603,254901,588182.0
5604,588182,329161.0
5605,329161,18350.0
5606,18350,55288.0
5607,55288,697964.0
5608,697964,233192.0
5609,233192,408798.0
5610,408798,710302.0
5611,710302,1043212.0
5612,1043212,268530.0
5613,268530,277666.0
5614,277666,310905.0
5615,310905,236446.0
5616,236446,266185.0
5618,266185,544620.0
5619,544620,704740.0
5620,704740,177378.0
5621,177378,230166.0
5622,230166,175238.0
5623,175238,774528.0
5624,774528,124819.0
5625,124819,563905.0
5626,563905,526678.0
5627,526678,299125.0
5628,299125,206927.0
5629,206927,653064.0
5630,653064,262857.0
5631,262857,355058.0
5632,355058,59928.0
5633,59928,382220.0
5634,382220,790530.0
5635,790530,362141.0
5636,362141,169555.0
5637,169555,75195.0
5638,75195,51888.0
5639,51888,547983.0
5641,547983,241375.0
5642,241375,164367.0
5643,164367,363851.0
5644,363851,204088.0
5645,204088,736761.0
5646,736761,68301.0
5647,68301,553525.0
5648,553525,73941.0
5649,73941,711294.0
5650,711294,900294.0
5651,900294,56428.0
5652,56428,542548.0
5653,542548,285552.0
5654,285552,400831.0
5655,400831,841344.0
5656,841344,425823.0
5657,425823,419214.0
5658,419214,954308.0
5659,954308,668850.0
5660,668850,1002698.0
5661,1002698,278550.0
5662,278550,841848.0
5663,841848,318579.0
5664,318579,19144.0
5665,19144,603812.0
5666,603812,263718.0
5667,263718,336510.0
5668,336510,383689.0
5669,383689,180900.0
5670,180900,459243.0
5671,459243,336352.0
5672,336352,149336.0
5673,149336,571394.0
5674,571394,694195.0
5675,694195,217889.0
5676,217889,94663.0
5677,94663,561193.0
5678,561193,55678.0
5679,55678,427662.0
5680,427662,272203.0
5681,272203,337350.0
5682,337350,187338.0
5683,187338,234933.0
5684,234933,773150.0
5685,773150,480397.0
5686,480397,267550.0
5687,267550,275005.0
5688,275005,474763.0
5689,474763,570896.0
5690,570896,802928.0
5691,802928,467370.0
5692,467370,554983.0
5693,554983,610817.0
5694,610817,718422.0
5695,718422,779706.0
5696,779706,150115.0
5697,150115,339852.0
5698,339852,99014.0
5699,99014,297120.0
5700,297120,946556.0
5701,946556,225024.0
5702,225024,443618.0
5703,443618,568137.0
5704,568137,308608.0
5705,308608,82572.0
5706,82572,73080.0
5707,73080,677447.0
5708,677447,263933.0
5709,263933,523258.0
5710,523258,911899.0
5711,911899,174768.0
5712,174768,247959.0
5713,247959,100614.0
5714,100614,105550.0
5715,105550,292536.0
5716,292536,477135.0
5717,477135,115471.0
5718,115471,413106.0
5719,413106,100614.0
5720,100614,216153.0
5721,216153,359208.0
5722,359208,241030.0
5723,241030,163227.0
5724,163227,814325.0
5725,814325,629692.0
5726,629692,311253.0
5727,311253,207274.0
5728,207274,266547.0
5729,266547,82558.0
5730,82558,202255.0
5731,202255,647957.0
5732,647957,1051290.0
5733,1051290,99014.0
5734,99014,767268.0
5735,767268,1181208.0
5736,1181208,126246.0
5737,126246,828114.0
5738,828114,87619.0
5739,87619,596510.0
5740,596510,73941.0
5741,73941,646025.0
5742,646025,1150444.0
5743,1150444,75644.0
5744,75644,229998.0
5745,229998,271461.0
5746,271461,528615.0
5747,528615,827300.0
5748,827300,172373.0
5749,172373,443160.0
5750,443160,679151.0
5751,679151,729432.0
5752,729432,169568.0
5753,169568,438765.0
5754,438765,733094.0
5755,733094,162377.0
5756,162377,760903.0
5757,760903,202618.0
5758,202618,163382.0
5759,163382,464964.0
5760,464964,739904.0
5761,739904,356378.0
5762,356378,722399.0
5763,722399,1256853.0
5764,1256853,176166.0
5765,176166,69838.0
5766,69838,502774.0
5767,502774,966161.0
5768,966161,97996.0
5769,97996,246873.0
5770,246873,471478.0
5771,471478,266519.0
5772,266519,192136.0
5773,192136,203867.0
5774,203867,525743.0
5775,525743,78402.0
5776,78402,589079.0
5777,589079,810516.0
5778,810516,717048.0
5779,717048,75195.0
5780,75195,294356.0
5781,294356,12744.0
5782,12744,573229.0
5783,573229,269260.0
5784,269260,46721.0
5785,46721,817079.0
5786,817079,97394.0
5787,97394,397458.0
5788,397458,281077.0
5789,281077,230206.0
5790,230206,77260.0
5791,77260,352852.0
5792,352852,81572.0
5793,81572,8600.0
5794,8600,716913.0
5795,716913,340521.0
5796,340521,3186.0
5797,3186,38084.0
5799,38084,705842.0
5800,705842,478292.0
5801,478292,760820.0
5802,760820,346697.0
5803,346697,396644.0
5804,396644,673837.0
5805,673837,434255.0
5806,434255,708481.0
5807,708481,293430.0
5808,293430,876697.0
5809,876697,90576.0
5811,90576,356682.0
5812,356682,9175.0
5813,9175,229397.0
5814,229397,211963.0
5815,211963,901334.0
5816,901334,433255.0
5817,433255,419958.0
5818,419958,929209.0
5819,929209,1643813.0
5820,1643813,97996.0
5821,97996,258960.0
5822,258960,347462.0
5823,347462,411455.0
5824,411455,130880.0
5825,130880,346628.0
5826,346628,347861.0
5827,347861,338419.0
5828,338419,378940.0
5829,378940,359389.0
5830,359389,881605.0
5831,881605,688321.0
5832,688321,76120.0
5833,76120,775994.0
5834,775994,787102.0
5835,787102,217215.0
5836,217215,1106966.0
5837,1106966,45616.0
5838,45616,494742.0
5839,494742,465024.0
5840,465024,854148.0
5841,854148,184068.0
5842,184068,254801.0
5843,254801,369712.0
5844,369712,562037.0
5845,562037,208040.0
5846,208040,367692.0
5847,367692,249812.0
5848,249812,1036236.0
5849,1036236,532543.0
5850,532543,4300.0
5851,4300,149457.0
5852,149457,583332.0
5853,583332,201945.0
5854,201945,816378.0
5855,816378,204240.0
5857,204240,551043.0
5858,551043,492220.0
5859,492220,332597.0
5860,332597,329164.0
5861,329164,423734.0
5862,423734,219536.0
5863,219536,362700.0
5864,362700,204698.0
5865,204698,655988.0
5866,655988,357588.0
5867,357588,304694.0
5868,304694,764273.0
5869,764273,403871.0
5870,403871,146324.0
5871,146324,579401.0
5872,579401,219548.0
5873,219548,385708.0
5874,385708,191118.0
5875,191118,266057.0
5876,266057,457924.0
5877,457924,336264.0
5878,336264,699103.0
5879,699103,215797.0
5880,215797,234032.0
5881,234032,570790.0
5882,570790,986154.0
5883,986154,235748.0
5884,235748,185451.0
5885,185451,438824.0
5886,438824,448805.0
5887,448805,633016.0
5888,633016,252764.0
5889,252764,183427.0
5890,183427,534454.0
5891,534454,44699.0
5892,44699,617824.0
5893,617824,476512.0
5894,476512,557192.0
5895,557192,959471.0
5896,959471,355256.0
5897,355256,522050.0
5898,522050,696456.0
5899,696456,405062.0
5900,405062,213295.0
5901,213295,286245.0
5902,286245,906051.0
5903,906051,166586.0
5904,166586,385605.0
5905,385605,992755.0
5906,992755,190368.0
5907,190368,270668.0
5908,270668,77260.0
5909,77260,57090.0
5910,57090,691316.0
5911,691316,685280.0
5912,685280,297986.0
5913,297986,53706.0
5914,53706,478508.0
5915,478508,607838.0
5916,607838,385508.0
5917,385508,228656.0
5918,228656,157794.0
5919,157794,517460.0
5920,517460,43443.0
5921,43443,247535.0
5922,247535,617195.0
5923,617195,43600.0
5924,43600,236950.0
5925,236950,20871.0
5926,20871,279315.0
5927,279315,12650.0
5928,12650,657982.0
5929,657982,623418.0
5930,623418,114462.0
5931,114462,214824.0
5932,214824,457831.0
5933,457831,459875.0
5934,459875,267550.0
5935,267550,143034.0
5936,143034,337030.0
5937,337030,204220.0
5938,204220,581409.0
5939,581409,1506330.0
5940,1506330,305669.0
5941,305669,651298.0
5942,651298,345335.0
5943,345335,357585.0
5944,357585,160530.0
5945,160530,215784.0
5946,215784,793741.0
5947,793741,1025692.0
5948,1025692,751555.0
5949,751555,959867.0
5950,959867,452270.0
5951,452270,693856.0
5952,693856,283305.0
5953,283305,499738.0
5954,499738,256662.0
5955,256662,600990.0
5956,600990,425860.0
5957,425860,376472.0
5958,376472,515978.0
5959,515978,108178.0
5960,108178,510436.0
5961,510436,1119455.0
5962,1119455,811954.0
5963,811954,160530.0
5964,160530,1144391.0
5965,1144391,228390.0
5966,228390,257872.0
5967,257872,257748.0
5968,257748,509660.0
5969,509660,351340.0
5970,351340,30956.0
5971,30956,61817.0
5972,61817,252246.0
5973,252246,252491.0
5974,252491,416804.0
5975,416804,247318.0
5976,247318,585401.0
5977,585401,643099.0
5978,643099,524203.0
5979,524203,14616.0
5980,14616,238980.0
5981,238980,27644.0
5982,27644,890220.0
5983,890220,307054.0
5984,307054,22808.0
5985,22808,963241.0
5986,963241,881055.0
5987,881055,150145.0
5988,150145,175584.0
5989,175584,1123701.0
5990,1123701,625666.0
5992,625666,863706.0
5993,863706,1040066.0
5994,1040066,447043.0
5995,447043,186670.0
5996,186670,113316.0
5997,113316,262208.0
5998,262208,192100.0
5999,192100,292261.0
6000,292261,534608.0
6001,534608,790676.0
6002,790676,38620.0
6003,38620,980703.0
6004,980703,175902.0
6005,175902,373371.0
6006,373371,92850.0
6007,92850,552882.0
6008,552882,258939.0
6009,258939,690025.0
6010,690025,956481.0
6011,956481,339685.0
6012,339685,115890.0
6013,115890,980890.0
6014,980890,527028.0
6015,527028,104704.0
6016,104704,309499.0
6017,309499,155603.0
6018,155603,168325.0
6019,168325,574412.0
6020,574412,239805.0
6021,239805,393760.0
6022,393760,391240.0
6023,391240,572516.0
6024,572516,581451.0
6025,581451,670282.0
6026,670282,366026.0
6027,366026,864097.0
6028,864097,52829.0
6029,52829,521992.0
6030,521992,516786.0
6031,516786,797886.0
6032,797886,803573.0
6033,803573,46721.0
6034,46721,885058.0
6035,885058,121904.0
6036,121904,860266.0
6037,860266,472774.0
6038,472774,458856.0
6039,458856,432290.0
6040,432290,636871.0
6041,636871,272368.0
6042,272368,346259.0
6043,346259,689850.0
6044,689850,345771.0
6045,345771,57157.0
6046,57157,205724.0
6047,205724,164626.0
6048,164626,1010838.0
6049,1010838,1029697.0
6050,1029697,169763.0
6051,169763,462113.0
6052,462113,884754.0
6053,884754,599429.0
6054,599429,1616922.0
6055,1616922,423160.0
6056,423160,205598.0
6057,205598,215939.0
6058,215939,83331.0
6059,83331,537805.0
6060,537805,120484.0
6061,120484,391368.0
6062,391368,326892.0
6063,326892,1205361.0
6064,1205361,371246.0
6065,371246,286039.0
6066,286039,255363.0
6067,255363,912537.0
6068,912537,375303.0
6069,375303,336516.0
6070,336516,408942.0
6071,408942,543413.0
6072,543413,767750.0
6073,767750,168804.0
6074,168804,376656.0
6075,376656,157367.0
6076,157367,283590.0
6077,283590,856858.0
6078,856858,713803.0
6079,713803,19078.0
6080,19078,415125.0
6081,415125,195582.0
6082,195582,162734.0
6083,162734,592461.0
6084,592461,934945.0
6085,934945,250235.0
6086,250235,421954.0
6087,421954,759277.0
6088,759277,519992.0
6089,519992,907457.0
6090,907457,176557.0
6091,176557,610747.0
6092,610747,411312.0
6093,411312,38182.0
6094,38182,234532.0
6095,234532,881938.0
6096,881938,612012.0
6097,612012,702867.0
6098,702867,830815.0
6099,830815,322177.0
6100,322177,265789.0
6101,265789,319428.0
6102,319428,656556.0
6103,656556,810010.0
6104,810010,416465.0
6105,416465,212008.0
6106,212008,182735.0
6107,182735,104584.0
6108,104584,156912.0
6109,156912,702877.0
6110,702877,473800.0
6111,473800,693245.0
6112,693245,372035.0
6113,372035,684086.0
6114,684086,709988.0
6115,709988,247036.0
6116,247036,320289.0
6117,320289,252309.0
6118,252309,149805.0
6119,149805,347740.0
6120,347740,475765.0
6121,475765,268874.0
6122,268874,111043.0
6123,111043,387755.0
6124,387755,249735.0
6125,249735,783135.0
6126,783135,15187.0
6127,15187,758432.0
6128,758432,101965.0
6129,101965,458881.0
6130,458881,774651.0
6131,774651,364763.0
6132,364763,873928.0
6133,873928,151506.0
6134,151506,471862.0
6135,471862,620900.0
6136,620900,251280.0
6137,251280,301359.0
6138,301359,369552.0
6139,369552,166662.0
6140,166662,39848.0
6141,39848,706195.0
6142,706195,852617.0
6143,852617,477330.0
6144,477330,539778.0
6145,539778,102609.0
6146,102609,655137.0
6147,655137,441065.0
6148,441065,50063.0
6149,50063,401063.0
6150,401063,630477.0
6151,630477,523887.0
6152,523887,769040.0
6153,769040,298771.0
6154,298771,649128.0
6155,649128,522935.0
6156,522935,527549.0
6157,527549,811872.0
6158,811872,874349.0
6159,874349,303966.0
6160,303966,1274019.0
6161,1274019,509381.0
6162,509381,985473.0
6163,985473,663959.0
6164,663959,565393.0
6165,565393,473328.0
6166,473328,100094.0
6167,100094,592228.0
6168,592228,625304.0
6169,625304,573477.0
6170,573477,399582.0
6171,399582,383515.0
6172,383515,389294.0
6173,389294,405951.0
6174,405951,362082.0
6175,362082,744331.0
6176,744331,383086.0
6177,383086,729623.0
6178,729623,397192.0
6179,397192,1052365.0
6180,1052365,474639.0
6181,474639,20414.0
6182,20414,542359.0
6183,542359,458162.0
6184,458162,309275.0
6185,309275,175807.0
6186,175807,710090.0
6187,710090,171473.0
6188,171473,329273.0
6189,329273,69740.0
6190,69740,493569.0
6191,493569,489767.0
6192,489767,550571.0
6193,550571,609332.0
6194,609332,901377.0
6195,901377,30374.0
6196,30374,25842.0
6197,25842,186670.0
6198,186670,136793.0
6199,136793,319960.0
6200,319960,355866.0
6201,355866,357800.0
6202,357800,152888.0
6203,152888,434158.0
6204,434158,813137.0
6205,813137,606521.0
6206,606521,267550.0
6207,267550,424976.0
6208,424976,104734.0
6209,104734,650511.0
6210,650511,321792.0
6211,321792,450120.0
6212,450120,442703.0
6213,442703,506640.0
6214,506640,243847.0
6215,243847,57090.0
6216,57090,55792.0
6217,55792,436315.0
6218,436315,394428.0
6219,394428,520535.0
6220,520535,587718.0
6221,587718,490315.0
6222,490315,784841.0
6223,784841,65552.0
6224,65552,405472.0
6225,405472,381853.0
6226,381853,766708.0
6227,766708,459152.0
6228,459152,664195.0
6229,664195,679303.0
6230,679303,522756.0
6231,522756,652996.0
6232,652996,236161.0
6233,236161,391569.0
6234,391569,39174.0
6235,39174,686756.0
6236,686756,707233.0
6237,707233,651369.0
6238,651369,504090.0
6239,504090,330310.0
6240,330310,991655.0
6241,991655,232203.0
6242,232203,191124.0
6243,191124,822013.0
6244,822013,872097.0
6245,872097,352182.0
6246,352182,101965.0
6247,101965,139672.0
6248,139672,99690.0
6249,99690,774871.0
6250,774871,24159.0
6251,24159,334054.0
6252,334054,438323.0
6253,438323,393368.0
6254,393368,1128231.0
6255,1128231,712068.0
6256,712068,580718.0
6257,580718,678465.0
6258,678465,673716.0
6259,673716,416278.0
6260,416278,509918.0
6261,509918,698492.0
6262,698492,568199.0
6263,568199,434444.0
6264,434444,414337.0
6265,414337,579378.0
6266,579378,383224.0
6267,383224,974193.0
6268,974193,155863.0
6269,155863,393797.0
6270,393797,991927.0
6271,991927,174376.0
6272,174376,114258.0
6273,114258,819734.0
6274,819734,715834.0
6275,715834,87619.0
6276,87619,245853.0
6277,245853,432116.0
6278,432116,43410.0
6279,43410,317548.0
6280,317548,807189.0
6281,807189,100260.0
6282,100260,112856.0
6283,112856,339580.0
6284,339580,619029.0
6285,619029,747006.0
6286,747006,198057.0
6287,198057,475920.0
6288,475920,136199.0
6289,136199,27703.0
6290,27703,393298.0
6291,393298,83331.0
6292,83331,674134.0
6293,674134,564699.0
6294,564699,550132.0
6295,550132,394466.0
6296,394466,84387.0
6297,84387,1165972.0
6298,1165972,384108.0
6299,384108,761400.0
6300,761400,152888.0
6301,152888,613711.0
6302,613711,405899.0
6303,405899,613354.0
6304,613354,286287.0
6305,286287,871291.0
6306,871291,804149.0
6307,804149,552651.0
6308,552651,413667.0
6309,413667,1056507.0
6310,1056507,231122.0
6311,231122,185700.0
6312,185700,112178.0
6313,112178,912989.0
6314,912989,829213.0
6315,829213,175238.0
6316,175238,299408.0
6317,299408,259181.0
6318,259181,52158.0
6319,52158,878640.0
6320,878640,192892.0
6321,192892,1044740.0
6322,1044740,166586.0
6323,166586,331830.0
6324,331830,589021.0
6325,589021,512664.0
6326,512664,629459.0
6327,629459,73384.0
6328,73384,269890.0
6329,269890,514730.0
6330,514730,535180.0
6331,535180,330612.0
6332,330612,645088.0
6333,645088,101148.0
6334,101148,381448.0
6335,381448,603381.0
6336,603381,92424.0
6337,92424,162060.0
6338,162060,242924.0
6339,242924,637974.0
6340,637974,214946.0
6341,214946,676914.0
6342,676914,678159.0
6343,678159,289925.0
6344,289925,43600.0
6345,43600,353960.0
6346,353960,158487.0
6347,158487,330048.0
6348,330048,626068.0
6349,626068,287862.0
6350,287862,67822.0
6351,67822,374198.0
6352,374198,269283.0
6353,269283,275796.0
6354,275796,581387.0
6355,581387,447287.0
6356,447287,145276.0
6357,145276,620410.0
6358,620410,225712.0
6359,225712,337336.0
6360,337336,929683.0
6361,929683,56021.0
6362,56021,182000.0
6363,182000,586236.0
6364,586236,536281.0
6365,536281,767424.0
6366,767424,176606.0
6367,176606,873329.0
6368,873329,459243.0
6369,459243,839878.0
6370,839878,894209.0
6371,894209,1184364.0
6372,1184364,237328.0
6373,237328,1200613.0
6374,1200613,289588.0
6375,289588,882118.0
6376,882118,631163.0
6377,631163,32700.0
6378,32700,438426.0
6379,438426,809907.0
6380,809907,161216.0
6382,161216,411015.0
6383,411015,690445.0
6384,690445,418878.0
6385,418878,484005.0
6386,484005,282278.0
6387,282278,624565.0
6388,624565,260211.0
6389,260211,1139527.0
6390,1139527,279557.0
6391,279557,129210.0
6392,129210,48841.0
6393,48841,485776.0
6394,485776,697943.0
6395,697943,1035572.0
6396,1035572,964575.0
6397,964575,304445.0
6398,304445,778181.0
6399,778181,159011.0
6400,159011,144960.0
6401,144960,215557.0
6402,215557,604208.0
6403,604208,114040.0
6404,114040,160530.0
6405,160530,692696.0
6406,692696,534295.0
6407,534295,1224337.0
6408,1224337,791938.0
6409,791938,542779.0
6410,542779,56021.0
6411,56021,366537.0
6412,366537,598630.0
6413,598630,185451.0
6414,185451,317418.0
6415,317418,137940.0
6416,137940,167899.0
6417,167899,346304.0
6418,346304,249938.0
6419,249938,840962.0
6420,840962,652130.0
6421,652130,539615.0
6422,539615,473096.0
6423,473096,830582.0
6424,830582,169555.0
6425,169555,30192.0
6426,30192,400781.0
6427,400781,607495.0
6428,607495,408788.0
6429,408788,537836.0
6430,537836,1143615.0
6431,1143615,548516.0
6432,548516,139672.0
6433,139672,276446.0
6434,276446,349468.0
6435,349468,255667.0
6436,255667,728520.0
6437,728520,375082.0
6438,375082,28940.0
6439,28940,151722.0
6440,151722,548152.0
6441,548152,88951.0
6442,88951,1164699.0
6443,1164699,785379.0
6444,785379,376036.0
6445,376036,76120.0
6446,76120,785589.0
6447,785589,49530.0
6448,49530,73080.0
6449,73080,18350.0
6450,18350,252264.0
6451,252264,97370.0
6452,97370,548886.0
6453,548886,263958.0
6454,263958,471229.0
6455,471229,299786.0
6456,299786,1069860.0
6457,1069860,557267.0
6458,557267,548746.0
6459,548746,564654.0
6460,564654,563177.0
6461,563177,784955.0
6462,784955,257748.0
6463,257748,219734.0
6464,219734,618321.0
6465,618321,751438.0
6466,751438,988086.0
6467,988086,468515.0
6468,468515,1051580.0
6469,1051580,573012.0
6470,573012,305250.0
6471,305250,301904.0
6472,301904,115890.0
6473,115890,408156.0
6474,408156,37240.0
6475,37240,388545.0
6476,388545,427416.0
6477,427416,361948.0
6479,361948,602876.0
6480,602876,436372.0
6481,436372,814903.0
6482,814903,42778.0
6483,42778,772141.0
6484,772141,103368.0
6485,103368,152888.0
6486,152888,384091.0
6487,384091,168140.0
6488,168140,437127.0
6489,437127,1156388.0
6490,1156388,362648.0
6491,362648,332484.0
6492,332484,557287.0
6493,557287,1047703.0
6494,1047703,639576.0
6495,639576,367945.0
6496,367945,729775.0
6497,729775,271461.0
6498,271461,266541.0
6499,266541,160619.0
6500,160619,600781.0
6501,600781,518486.0
6502,518486,971523.0
6503,971523,303794.0
6504,303794,123830.0
6505,123830,31445.0
6506,31445,601819.0
6507,601819,464324.0
6508,464324,98118.0
6509,98118,146123.0
6510,146123,735681.0
6511,735681,794598.0
6512,794598,445356.0
6513,445356,1204393.0
6514,1204393,344597.0
6515,344597,37334.0
6516,37334,14716.0
6517,14716,321676.0
6518,321676,653102.0
6519,653102,134152.0
6520,134152,948251.0
6521,948251,63778.0
6522,63778,438362.0
6523,438362,103368.0
6524,103368,53510.0
6525,53510,39848.0
6526,39848,267550.0
6527,267550,334552.0
6528,334552,685677.0
6529,685677,564389.0
6530,564389,599677.0
6531,599677,647475.0
6532,647475,443382.0
6533,443382,536949.0
6534,536949,719214.0
6535,719214,274435.0
6536,274435,77260.0
6537,77260,265304.0
6538,265304,939837.0
6539,939837,65964.0
6540,65964,252729.0
6541,252729,405565.0
6542,405565,320575.0
6543,320575,378308.0
6544,378308,171278.0
6545,171278,198886.0
6546,198886,254721.0
6547,254721,45561.0
6548,45561,647035.0
6549,647035,498945.0
6550,498945,881873.0
6551,881873,716736.0
6552,716736,506859.0
6553,506859,150684.0
6554,150684,414392.0
6555,414392,1261338.0
6556,1261338,519831.0
6557,519831,437804.0
6558,437804,828239.0
6559,828239,897009.0
6560,897009,823754.0
6561,823754,20871.0
6562,20871,252704.0
6563,252704,192071.0
6564,192071,201575.0
6565,201575,616049.0
6566,616049,567845.0
6567,567845,267166.0
6568,267166,176426.0
6569,176426,875572.0
6570,875572,637243.0
6571,637243,1065593.0
6572,1065593,912677.0
6573,912677,500567.0
6574,500567,339234.0
6575,339234,630836.0
6576,630836,637333.0
6577,637333,462217.0
6578,462217,146994.0
6579,146994,173862.0
6580,173862,942002.0
6581,942002,282354.0
6582,282354,37822.0
6583,37822,16898.0
6584,16898,185432.0
6585,185432,424892.0
6586,424892,865853.0
6587,865853,415488.0
6588,415488,276978.0
6589,276978,268071.0
6590,268071,630107.0
6591,630107,528735.0
6592,528735,273898.0
6593,273898,196517.0
6594,196517,479201.0
6595,479201,546826.0
6596,546826,935064.0
6597,935064,444309.0
6598,444309,27644.0
6599,27644,689222.0
6600,689222,304583.0
6601,304583,551103.0
6602,551103,144936.0
6603,144936,108048.0
6604,108048,508258.0
6605,508258,653757.0
6606,653757,170090.0
6607,170090,294829.0
6608,294829,1083450.0
6609,1083450,425998.0
6610,425998,83106.0
6611,83106,78590.0
6612,78590,1096579.0
6613,1096579,174590.0
6614,174590,416430.0
6615,416430,751680.0
6616,751680,250465.0
6617,250465,321613.0
6618,321613,671972.0
6619,671972,90576.0
6620,90576,517235.0
6621,517235,403239.0
6622,403239,84939.0
6623,84939,447269.0
6624,447269,508679.0
6625,508679,838670.0
6626,838670,890962.0
6627,890962,665553.0
6628,665553,982548.0
6629,982548,567806.0
6630,567806,937759.0
6631,937759,192622.0
6632,192622,329726.0
6633,329726,1196477.0
6634,1196477,879843.0
6635,879843,125325.0
6636,125325,1047713.0
6637,1047713,335192.0
6638,335192,451003.0
6639,451003,142500.0
6640,142500,583642.0
6641,583642,506093.0
6642,506093,161541.0
6643,161541,1031663.0
6644,1031663,394470.0
6645,394470,469140.0
6646,469140,280284.0
6647,280284,130934.0
6648,130934,16106.0
6649,16106,783453.0
6650,783453,67940.0
6651,67940,244640.0
6652,244640,149336.0
6653,149336,689077.0
6654,689077,77260.0
6655,77260,804156.0
6656,804156,262208.0
6657,262208,782519.0
6658,782519,559329.0
6659,559329,539715.0
6660,539715,887195.0
6661,887195,688020.0
6662,688020,317823.0
6663,317823,885328.0
6664,885328,924815.0
6665,924815,658518.0
6666,658518,78402.0
6667,78402,94900.0
6668,94900,651498.0
6669,651498,457639.0
6670,457639,425997.0
6671,425997,650355.0
6672,650355,48841.0
6673,48841,360216.0
6674,360216,167690.0
6675,167690,65313.0
6676,65313,206412.0
6677,206412,186827.0
6678,186827,195257.0
6679,195257,291942.0
6680,291942,614231.0
6681,614231,322377.0
6682,322377,544774.0
6683,544774,569606.0
6684,569606,339852.0
6685,339852,107020.0
6686,107020,1044461.0
6687,1044461,83109.0
6688,83109,282166.0
6689,282166,371398.0
6690,371398,142134.0
6691,142134,822753.0
6692,822753,92765.0
6693,92765,842866.0
6694,842866,121714.0
6695,121714,283989.0
6696,283989,820263.0
6697,820263,430356.0
6698,430356,336930.0
6699,336930,166662.0
6700,166662,645423.0
6701,645423,197926.0
6702,197926,42082.0
6703,42082,149457.0
6704,149457,634541.0
6705,634541,268326.0
6706,268326,493545.0
6707,493545,468309.0
6708,468309,426856.0
6709,426856,487877.0
6710,487877,336352.0
6711,336352,288909.0
6712,288909,1127304.0
6713,1127304,520657.0
6714,520657,603259.0
6715,603259,617356.0
6716,617356,140745.0
6717,140745,264639.0
6718,264639,217911.0
6719,217911,590241.0
6720,590241,647677.0
6721,647677,62890.0
6722,62890,870391.0
6723,870391,444410.0
6724,444410,267667.0
6725,267667,494547.0
6726,494547,367208.0
6727,367208,471861.0
6728,471861,565408.0
6729,565408,7724.0
6730,7724,352848.0
6731,352848,69110.0
6732,69110,325866.0
6733,325866,655126.0
6734,655126,202828.0
6735,202828,215875.0
6736,215875,260301.0
6737,260301,220146.0
6738,220146,655310.0
6739,655310,543013.0
6740,543013,584775.0
6741,584775,575771.0
6742,575771,535215.0
6743,535215,106480.0
6744,106480,448805.0
6745,448805,349279.0
6746,349279,541085.0
6747,541085,100260.0
6748,100260,84046.0
6749,84046,175812.0
6750,175812,913169.0
6751,913169,45875.0
6752,45875,798519.0
6753,798519,351654.0
6754,351654,693128.0
6755,693128,185655.0
6756,185655,185968.0
6757,185968,243233.0
6758,243233,220976.0
6759,220976,211432.0
6760,211432,731598.0
6761,731598,312062.0
6762,312062,278936.0
6763,278936,38948.0
6764,38948,199263.0
6765,199263,298844.0
6766,298844,914755.0
6767,914755,134073.0
6768,134073,19091.0
6769,19091,812979.0
6770,812979,408436.0
6771,408436,67592.0
6772,67592,9558.0
6773,9558,269283.0
6774,269283,264665.0
6775,264665,290718.0
6776,290718,685259.0
6777,685259,467690.0
6778,467690,490085.0
6779,490085,228608.0
6780,228608,262978.0
6781,262978,372772.0
6782,372772,382386.0
6783,382386,294356.0
6784,294356,516081.0
6785,516081,848581.0
6786,848581,636722.0
6787,636722,401670.0
6788,401670,157553.0
6789,157553,339699.0
6790,339699,355913.0
6791,355913,295400.0
6792,295400,277773.0
6793,277773,696172.0
6795,696172,410135.0
6796,410135,312360.0
6797,312360,294189.0
6798,294189,1172755.0
6799,1172755,149457.0
6800,149457,621619.0
6801,621619,360908.0
6802,360908,288105.0
6803,288105,404225.0
6804,404225,1026223.0
6805,1026223,220497.0
6806,220497,645470.0
6807,645470,736485.0
6808,736485,101965.0
6809,101965,781438.0
6810,781438,485342.0
6811,485342,397884.0
6812,397884,731346.0
6813,731346,408655.0
6814,408655,377995.0
6815,377995,633951.0
6816,633951,78402.0
6817,78402,206362.0
6818,206362,1012471.0
6819,1012471,127076.0
6820,127076,305105.0
6821,305105,28563.0
6822,28563,604907.0
6823,604907,146128.0
6824,146128,33911.0
6825,33911,980112.0
6826,980112,176430.0
6827,176430,525745.0
6828,525745,925765.0
6829,925765,328463.0
6830,328463,41742.0
6831,41742,403678.0
6832,403678,265868.0
6833,265868,497125.0
6834,497125,395664.0
6835,395664,143508.0
6836,143508,954415.0
6837,954415,308703.0
6838,308703,582805.0
6839,582805,601397.0
6840,601397,315467.0
6841,315467,37822.0
6842,37822,862643.0
6843,862643,47342.0
6844,47342,582714.0
6845,582714,813556.0
6846,813556,203020.0
6847,203020,439644.0
6848,439644,745040.0
6849,745040,581961.0
6850,581961,345624.0
6851,345624,103368.0
6852,103368,478324.0
6853,478324,718305.0
6854,718305,330902.0
6855,330902,303534.0
6856,303534,401327.0
6857,401327,184908.0
6858,184908,139502.0
6859,139502,148289.0
6860,148289,938118.0
6861,938118,472841.0
6862,472841,102069.0
6863,102069,656761.0
6864,656761,38630.0
6865,38630,13948.0
6866,13948,124717.0
6867,124717,572246.0
6868,572246,65552.0
6869,65552,632386.0
6870,632386,552848.0
6871,552848,41844.0
6872,41844,701272.0
6873,701272,165306.0
6874,165306,506246.0
6875,506246,554512.0
6876,554512,460690.0
6877,460690,1668810.0
6878,1668810,99701.0
6879,99701,491840.0
6880,491840,259916.0
6881,259916,49685.0
6882,49685,9937.0
6883,9937,268073.0
6884,268073,28940.0
6885,28940,441065.0
6886,441065,61356.0
6887,61356,1186973.0
6888,1186973,390776.0
6889,390776,94663.0
6890,94663,503533.0
6891,503533,111786.0
6892,111786,107706.0
6893,107706,37334.0
6894,37334,83109.0
6895,83109,305250.0
6896,305250,207193.0
6897,207193,407381.0
6898,407381,545789.0
6899,545789,396071.0
6900,396071,782586.0
6901,782586,97370.0
6902,97370,250830.0
6903,250830,483555.0
6904,483555,146613.0
6905,146613,195484.0
6906,195484,256055.0
6907,256055,784121.0
6908,784121,731806.0
6909,731806,350467.0
6910,350467,490746.0
6911,490746,745417.0
6912,745417,424580.0
6913,424580,416655.0
6914,416655,581273.0
6915,581273,557215.0
6916,557215,174894.0
6917,174894,9937.0
6918,9937,884581.0
6919,884581,286680.0
6920,286680,132390.0
6921,132390,810145.0
6922,810145,269235.0
6923,269235,262857.0
6924,262857,403304.0
6925,403304,32700.0
6926,32700,135955.0
6927,135955,283465.0
6928,283465,187460.0
6929,187460,845839.0
6930,845839,749323.0
6931,749323,363869.0
6932,363869,187679.0
6933,187679,798036.0
6934,798036,209433.0
6935,209433,346101.0
6936,346101,386931.0
6937,386931,94335.0
6938,94335,566729.0
6939,566729,802818.0
6940,802818,84756.0
6941,84756,436007.0
6942,436007,433158.0
6943,433158,343612.0
6944,343612,471560.0
6945,471560,394470.0
6946,394470,86941.0
6947,86941,116596.0
6948,116596,303168.0
6949,303168,947700.0
6950,947700,83106.0
6951,83106,1110012.0
6952,1110012,362803.0
6953,362803,694296.0
6954,694296,350043.0
6955,350043,421564.0
6956,421564,365766.0
6957,365766,848856.0
6958,848856,195500.0
6959,195500,354914.0
6960,354914,257155.0
6961,257155,639087.0
6962,639087,754750.0
6963,754750,730480.0
6964,730480,318610.0
6965,318610,434199.0
6966,434199,545172.0
6967,545172,744930.0
6968,744930,252375.0
6969,252375,996365.0
6970,996365,540949.0
6971,540949,201520.0
6972,201520,130689.0
6973,130689,698524.0
6974,698524,215784.0
6975,215784,1030505.0
6976,1030505,542774.0
6977,542774,263718.0
6978,263718,263327.0
6979,263327,42378.0
6980,42378,318070.0
6981,318070,615736.0
6982,615736,163332.0
6983,163332,83741.0
6984,83741,479490.0
6985,479490,828818.0
6986,828818,402266.0
6987,402266,901346.0
6988,901346,192544.0
6989,192544,77526.0
6990,77526,393381.0
6991,393381,577551.0
6992,577551,669378.0
6993,669378,274722.0
6994,274722,57012.0
6995,57012,240550.0
6996,240550,325053.0
6997,325053,187840.0
6998,187840,599582.0
6999,599582,238481.0
7001,238481,732223.0
7002,732223,158487.0
7003,158487,194730.0
7004,194730,945321.0
7006,945321,755285.0
7007,755285,65412.0
7008,65412,222925.0
7009,222925,554800.0
7010,554800,109964.0
7011,109964,44444.0
7012,44444,74480.0
7013,74480,1125641.0
7014,1125641,38916.0
7015,38916,20393.0
7016,20393,360099.0
7017,360099,727173.0
7018,727173,112066.0
7019,112066,355926.0
7020,355926,146316.0
7021,146316,366038.0
7022,366038,405381.0
7023,405381,366800.0
7024,366800,408472.0
7025,408472,95245.0
7026,95245,411757.0
7027,411757,80067.0
7028,80067,49507.0
7029,49507,789974.0
7030,789974,291911.0
7031,291911,220833.0
7032,220833,174642.0
7033,174642,652391.0
7034,652391,1178688.0
7035,1178688,282856.0
7036,282856,941618.0
7037,941618,274391.0
7038,274391,60242.0
7039,60242,52047.0
7040,52047,103368.0
7041,103368,565313.0
7042,565313,1338595.0
7043,1338595,212701.0
7044,212701,7739.0
7045,7739,187660.0
7046,187660,522233.0
7047,522233,519917.0
7048,519917,703669.0
7049,703669,591225.0
7050,591225,503549.0
7051,503549,580958.0
7052,580958,402797.0
7053,402797,319854.0
7054,319854,278550.0
7055,278550,329890.0
7056,329890,535159.0
7057,535159,333841.0
7058,333841,545877.0
7059,545877,1275800.0
7060,1275800,101323.0
7061,101323,662470.0
7062,662470,806569.0
7063,806569,116498.0
7064,116498,291937.0
7065,291937,608379.0
7066,608379,1442141.0
7067,1442141,259342.0
7068,259342,176024.0
7069,176024,9175.0
7070,9175,299024.0
7071,299024,147882.0
7072,147882,384176.0
7073,384176,569365.0
7074,569365,119420.0
7075,119420,505685.0
7076,505685,122712.0
7077,122712,379274.0
7078,379274,103491.0
7079,103491,604362.0
7080,604362,8600.0
7081,8600,646838.0
7082,646838,215673.0
7083,215673,391240.0
7084,391240,535728.0
7085,535728,67584.0
7086,67584,815244.0
7087,815244,929687.0
7088,929687,1230224.0
7089,1230224,697822.0
7090,697822,279878.0
7091,279878,400554.0
7092,400554,67414.0
7093,67414,62613.0
7094,62613,301030.0
7096,301030,375885.0
7097,375885,76514.0
7098,76514,273078.0
7099,273078,542215.0
7100,542215,483223.0
7101,483223,76514.0
7102,76514,779235.0
7103,779235,471829.0
7104,471829,350486.0
7105,350486,650475.0
7106,650475,421759.0
7107,421759,259014.0
7108,259014,15448.0
7109,15448,107694.0
7110,107694,343268.0
7111,343268,310500.0
7113,310500,688671.0
7114,688671,621351.0
7115,621351,427618.0
7116,427618,259800.0
7117,259800,361948.0
7118,361948,528892.0
7119,528892,249095.0
7120,249095,217580.0
7121,217580,274137.0
7122,274137,619690.0
7123,619690,371105.0
7124,371105,336485.0
7125,336485,883179.0
7126,883179,180034.0
7127,180034,564777.0
7128,564777,443358.0
7129,443358,64860.0
7130,64860,34743.0
7131,34743,549196.0
7132,549196,560345.0
7133,560345,41844.0
7134,41844,854603.0
7135,854603,1099190.0
7136,1099190,581645.0
7137,581645,717408.0
7138,717408,507871.0
7139,507871,318973.0
7140,318973,477810.0
7141,477810,629829.0
7142,629829,774350.0
7143,774350,400614.0
7144,400614,751190.0
7145,751190,273117.0
7146,273117,543745.0
7147,543745,462416.0
7148,462416,1128639.0
7149,1128639,367945.0
7150,367945,642395.0
7151,642395,49819.0
7152,49819,492500.0
7153,492500,377258.0
7154,377258,618336.0
7155,618336,659493.0
7156,659493,1032313.0
7157,1032313,420194.0
7158,420194,693740.0
7159,693740,342670.0
7160,342670,233544.0
7161,233544,31445.0
7162,31445,248872.0
7163,248872,554796.0
7164,554796,796556.0
7165,796556,264997.0
7166,264997,911108.0
7167,911108,892452.0
7168,892452,649487.0
7169,649487,76514.0
7170,76514,40662.0
7171,40662,1203766.0
7172,1203766,394504.0
7173,394504,289074.0
7174,289074,348066.0
7175,348066,82653.0
7176,82653,580438.0
7177,580438,752420.0
7178,752420,658023.0
7179,658023,327725.0
7180,327725,791496.0
7181,791496,492790.0
7182,492790,189326.0
7183,189326,260211.0
7184,260211,279244.0
7185,279244,577735.0
7186,577735,26176.0
7187,26176,840249.0
7188,840249,695138.0
7189,695138,385446.0
7190,385446,350476.0
7191,350476,67256.0
7192,67256,553424.0
7193,553424,700543.0
7194,700543,298556.0
7195,298556,758719.0
7196,758719,268370.0
7197,268370,100260.0
7198,100260,462275.0
7199,462275,470747.0
7200,470747,174894.0
7201,174894,546677.0
7202,546677,9962.0
7203,9962,1027962.0
7204,1027962,490315.0
7205,490315,277425.0
7206,277425,496349.0
7207,496349,417415.0
7208,417415,578436.0
7209,578436,574810.0
7210,574810,276025.0
7211,276025,736778.0
7212,736778,756226.0
7213,756226,249624.0
7214,249624,680725.0
7215,680725,489578.0
7216,489578,462505.0
7217,462505,483860.0
7218,483860,295876.0
7219,295876,607698.0
7220,607698,204356.0
7221,204356,72397.0
7222,72397,715232.0
7223,715232,547967.0
7224,547967,147178.0
7225,147178,374859.0
7226,374859,321115.0
7227,321115,3679.0
7228,3679,393784.0
7229,393784,755149.0
7230,755149,415314.0
7231,415314,1011376.0
7232,1011376,537227.0
7233,537227,368516.0
7234,368516,751223.0
7235,751223,982240.0
7236,982240,422697.0
7237,422697,230608.0
7238,230608,19924.0
7239,19924,112042.0
7240,112042,941548.0
7241,941548,116428.0
7242,116428,1038219.0
7243,1038219,242753.0
7244,242753,200640.0
7245,200640,692893.0
7246,692893,539581.0
7247,539581,221589.0
7248,221589,495014.0
7249,495014,601544.0
7250,601544,438417.0
7251,438417,144577.0
7252,144577,428821.0
7253,428821,190234.0
7254,190234,601861.0
7255,601861,575032.0
7256,575032,1112882.0
7257,1112882,669082.0
7258,669082,890965.0
7259,890965,942060.0
7260,942060,333324.0
7261,333324,340665.0
7262,340665,38695.0
7263,38695,627645.0
7264,627645,838129.0
7265,838129,518244.0
7266,518244,771929.0
7267,771929,367945.0
7268,367945,456848.0
7269,456848,703458.0
7270,703458,174323.0
7271,174323,1023394.0
7272,1023394,259569.0
7273,259569,124622.0
7274,124622,78237.0
7275,78237,1434520.0
7276,1434520,1263479.0
7277,1263479,417226.0
7278,417226,446082.0
7279,446082,518645.0
7280,518645,508655.0
7281,508655,125780.0
7282,125780,279789.0
7283,279789,191695.0
7284,191695,481305.0
7285,481305,1157330.0
7286,1157330,1186267.0
7287,1186267,502588.0
7288,502588,758867.0
7289,758867,613154.0
7290,613154,940777.0
7291,940777,683157.0
7292,683157,555088.0
7293,555088,825600.0
7294,825600,55863.0
7295,55863,279628.0
7296,279628,195503.0
7297,195503,249409.0
7298,249409,154520.0
7299,154520,916342.0
7300,916342,491005.0
7301,491005,71517.0
7302,71517,582984.0
7303,582984,772669.0
7304,772669,372012.0
7305,372012,480517.0
7306,480517,486402.0
7307,486402,90576.0
7308,90576,1043119.0
7309,1043119,181679.0
7310,181679,794395.0
7311,794395,93830.0
7312,93830,116590.0
7313,116590,746665.0
7314,746665,50604.0
7315,50604,291475.0
7316,291475,1204213.0
7317,1204213,340665.0
7318,340665,291248.0
7319,291248,286555.0
7320,286555,969849.0
7321,969849,804604.0
7322,804604,424033.0
7323,424033,563028.0
7324,563028,208184.0
7325,208184,869061.0
7326,869061,215784.0
7327,215784,509128.0
7328,509128,445887.0
7329,445887,286398.0
7330,286398,606918.0
7331,606918,122712.0
7332,122712,176426.0
7333,176426,116428.0
7334,116428,881462.0
7335,881462,411486.0
7336,411486,739210.0
7337,739210,617710.0
7338,617710,495603.0
7339,495603,799526.0
7340,799526,515306.0
7341,515306,346948.0
7342,346948,219096.0
7343,219096,546639.0
7344,546639,573433.0
7345,573433,1137478.0
7346,1137478,1035976.0
7347,1035976,73080.0
7348,73080,107748.0
7349,107748,1028179.0
7350,1028179,180146.0
7351,180146,632432.0
7352,632432,280373.0
7353,280373,445142.0
7354,445142,415530.0
7355,415530,77733.0
7356,77733,36630.0
7357,36630,131104.0
7358,131104,94663.0
7359,94663,383716.0
7360,383716,877681.0
7361,877681,349449.0
7362,349449,609418.0
7363,609418,987616.0
7364,987616,303281.0
7365,303281,897188.0
7366,897188,956698.0
7367,956698,732741.0
7368,732741,162909.0
7369,162909,1327255.0
7370,1327255,473639.0
7371,473639,840883.0
7372,840883,568972.0
7373,568972,352090.0
7374,352090,754544.0
7375,754544,131032.0
7376,131032,263853.0
7377,263853,732699.0
7378,732699,780260.0
7379,780260,674902.0
7380,674902,541432.0
7381,541432,864980.0
7382,864980,257748.0
7383,257748,26689.0
7384,26689,816395.0
7385,816395,42082.0
7386,42082,36700.0
7387,36700,434726.0
7388,434726,844724.0
7389,844724,162764.0
7390,162764,875136.0
7391,875136,258660.0
7392,258660,526042.0
7393,526042,825107.0
7394,825107,344158.0
7395,344158,545429.0
7396,545429,621711.0
7397,621711,357190.0
7398,357190,313917.0
7399,313917,223844.0
7400,223844,85144.0
7401,85144,25300.0
7402,25300,318709.0
7403,318709,155039.0
7404,155039,275268.0
7405,275268,793387.0
7406,793387,942675.0
7407,942675,1547687.0
7408,1547687,513867.0
7409,513867,313007.0
7410,313007,284396.0
7411,284396,179522.0
7412,179522,1248635.0
7413,1248635,270778.0
7414,270778,81572.0
7415,81572,310290.0
7416,310290,67816.0
7417,67816,525902.0
7418,525902,298800.0
7419,298800,214824.0
7420,214824,42929.0
7421,42929,147094.0
7422,147094,276028.0
7423,276028,196870.0
7424,196870,246772.0
7425,246772,661457.0
7426,661457,279360.0
7427,279360,722703.0
7428,722703,324513.0
7429,324513,399583.0
7430,399583,276193.0
7431,276193,671753.0
7432,671753,631125.0
7433,631125,476668.0
7434,476668,550993.0
7435,550993,874558.0
7437,874558,706989.0
7438,706989,711529.0
7439,711529,427982.0
7440,427982,502184.0
7441,502184,351624.0
7442,351624,322505.0
7443,322505,660988.0
7444,660988,583441.0
7445,583441,262860.0
7446,262860,51888.0
7447,51888,723598.0
7448,723598,361526.0
7449,361526,548819.0
7450,548819,23217.0
7451,23217,233660.0
7452,233660,98446.0
7453,98446,77608.0
7454,77608,339269.0
7455,339269,530120.0
7456,530120,859471.0
7457,859471,30956.0
7458,30956,295894.0
7459,295894,116384.0
7460,116384,1015906.0
7461,1015906,1198403.0
7462,1198403,30374.0
7463,30374,449287.0
7464,449287,448805.0
7465,448805,466488.0
7466,466488,349146.0
7467,349146,705760.0
7468,705760,632998.0
7469,632998,430790.0
7470,430790,153495.0
7471,153495,414627.0
7472,414627,470126.0
7473,470126,1094171.0
7474,1094171,20871.0
7475,20871,390246.0
7476,390246,424364.0
7477,424364,494991.0
7478,494991,547125.0
7479,547125,349690.0
7480,349690,554521.0
7481,554521,41466.0
7482,41466,386454.0
7483,386454,202467.0
7484,202467,286686.0
7485,286686,121207.0
7486,121207,738016.0
7487,738016,1370155.0
7488,1370155,903120.0
7489,903120,581559.0
7490,581559,777107.0
7491,777107,272560.0
7492,272560,574538.0
7493,574538,643298.0
7494,643298,775171.0
7495,775171,70418.0
7496,70418,286398.0
7497,286398,541135.0
7498,541135,705508.0
7499,705508,255227.0
7500,255227,279244.0
7501,279244,95303.0
7502,95303,72350.0
7503,72350,174590.0
7504,174590,436473.0
7505,436473,512719.0
7506,512719,379820.0
7507,379820,701267.0
7508,701267,82291.0
7509,82291,215658.0
7510,215658,69548.0
7511,69548,650540.0
7512,650540,172288.0
7513,172288,150605.0
7514,150605,966117.0
7515,966117,897727.0
7516,897727,448539.0
7517,448539,90576.0
7518,90576,489984.0
7519,489984,50707.0
7520,50707,38948.0
7521,38948,55860.0
7522,55860,267550.0
7523,267550,417127.0
7524,417127,349615.0
7525,349615,30896.0
7526,30896,284891.0
7527,284891,1052375.0
7528,1052375,110812.0
7529,110812,231576.0
7530,231576,933817.0
7531,933817,9175.0
7532,9175,539544.0
7533,539544,167589.0
7534,167589,385424.0
7535,385424,79719.0
7536,79719,906294.0
7537,906294,446527.0
7538,446527,694467.0
7539,694467,261683.0
7540,261683,1196210.0
7541,1196210,110363.0
7542,110363,195262.0
7543,195262,355324.0
7544,355324,339725.0
7545,339725,279925.0
7546,279925,919356.0
7547,919356,203165.0
7548,203165,279357.0
7549,279357,257705.0
7550,257705,594630.0
7551,594630,41466.0
7552,41466,909289.0
7553,909289,306056.0
7554,306056,518670.0
7555,518670,115890.0
7556,115890,301051.0
7557,301051,428240.0
7558,428240,79964.0
7559,79964,424758.0
7560,424758,758990.0
7561,758990,277655.0
7562,277655,159744.0
7563,159744,164525.0
7564,164525,511489.0
7565,511489,468113.0
7566,468113,1000056.0
7567,1000056,412091.0
7568,412091,560981.0
7569,560981,908263.0
7570,908263,269235.0
7571,269235,899161.0
7572,899161,678585.0
7573,678585,1026590.0
7574,1026590,467870.0
7575,467870,151722.0
7576,151722,348132.0
7577,348132,84490.0
7578,84490,459162.0
7579,459162,710588.0
7580,710588,168592.0
7581,168592,720795.0
7582,720795,1101502.0
7583,1101502,629147.0
7584,629147,243007.0
7585,243007,480390.0
7586,480390,454092.0
7587,454092,347158.0
7588,347158,240550.0
7589,240550,160668.0
7590,160668,524248.0
7591,524248,587375.0
7592,587375,357806.0
7593,357806,789161.0
7594,789161,442065.0
7595,442065,12744.0
7596,12744,192800.0
7597,192800,1139811.0
7598,1139811,357557.0
7599,357557,91162.0
7600,91162,500122.0
7601,500122,994333.0
7602,994333,219829.0
7603,219829,875453.0
7604,875453,703362.0
7605,703362,115890.0
7606,115890,25842.0
7607,25842,792619.0
7608,792619,179588.0
7609,179588,811820.0
7610,811820,270396.0
7611,270396,371342.0
7612,371342,1343831.0
7613,1343831,850694.0
7614,850694,1202774.0
7615,1202774,1066998.0
7616,1066998,393540.0
7617,393540,466954.0
7618,466954,207327.0
7619,207327,702535.0
7620,702535,585834.0
7621,585834,328169.0
7622,328169,690674.0
7623,690674,322185.0
7624,322185,97682.0
7625,97682,675595.0
7626,675595,623734.0
7627,623734,726877.0
7628,726877,439530.0
7629,439530,98118.0
7630,98118,410003.0
7631,410003,894724.0
7632,894724,425397.0
7633,425397,789019.0
7634,789019,38182.0
7635,38182,484229.0
7636,484229,558587.0
7637,558587,410932.0
7638,410932,269730.0
7639,269730,151949.0
7640,151949,664885.0
7641,664885,387144.0
7642,387144,505615.0
7643,505615,172653.0
7644,172653,206395.0
7645,206395,334183.0
7646,334183,313607.0
7647,313607,561245.0
7648,561245,1081223.0
7649,1081223,516922.0
7650,516922,316962.0
7651,316962,375207.0
7652,375207,245424.0
7653,245424,187660.0
7654,187660,169799.0
7655,169799,577975.0
7656,577975,567757.0
7657,567757,597498.0
7658,597498,488695.0
7659,488695,369391.0
7660,369391,239293.0
7661,239293,111726.0
7662,111726,743812.0
7663,743812,224181.0
7664,224181,796990.0
7665,796990,183150.0
7666,183150,100260.0
7667,100260,69836.0
7669,69836,1061127.0
7670,1061127,602804.0
7671,602804,580699.0
7672,580699,640221.0
7673,640221,270335.0
7674,270335,1015977.0
7675,1015977,782242.0
7676,782242,242624.0
7677,242624,322185.0
7678,322185,727904.0
7679,727904,646666.0
7680,646666,512394.0
7681,512394,536298.0
7682,536298,555183.0
7683,555183,967302.0
7684,967302,163446.0
7685,163446,461098.0
7686,461098,844449.0
7687,844449,346398.0
7688,346398,823965.0
7689,823965,752575.0
7690,752575,796604.0
7691,796604,264275.0
7692,264275,791158.0
7693,791158,689711.0
7694,689711,770432.0
7695,770432,705945.0
7696,705945,482490.0
7697,482490,248737.0
7698,248737,480204.0
7699,480204,579253.0
7700,579253,1050634.0
7701,1050634,267461.0
7702,267461,495167.0
7703,495167,383233.0
7704,383233,773678.0
7705,773678,415227.0
7706,415227,713256.0
7707,713256,875128.0
7708,875128,832109.0
7709,832109,712401.0
7710,712401,200120.0
7711,200120,888656.0
7712,888656,105634.0
7713,105634,319438.0
7714,319438,86737.0
7715,86737,188236.0
7716,188236,318709.0
7717,318709,221823.0
7718,221823,384833.0
7719,384833,965706.0
7720,965706,93100.0
7721,93100,702181.0
7722,702181,94839.0
7723,94839,553653.0
7724,553653,943470.0
7725,943470,397862.0
7726,397862,139606.0
7727,139606,149457.0
7728,149457,839454.0
7729,839454,774241.0
7730,774241,463497.0
7731,463497,321874.0
7732,321874,123424.0
7733,123424,547881.0
7734,547881,757477.0
7735,757477,268177.0
7736,268177,36700.0
7737,36700,748575.0
7738,748575,680759.0
7739,680759,266492.0
7740,266492,622373.0
7741,622373,882982.0
7742,882982,301912.0
7743,301912,152130.0
7744,152130,836993.0
7745,836993,586128.0
7746,586128,846764.0
7747,846764,191826.0
7748,191826,404371.0
7749,404371,581175.0
7750,581175,479123.0
7751,479123,854292.0
7752,854292,106760.0
7753,106760,828054.0
7754,828054,965776.0
7755,965776,536861.0
7756,536861,545551.0
7757,545551,492405.0
7758,492405,536251.0
7759,536251,350928.0
7760,350928,736828.0
7761,736828,121358.0
7762,121358,123042.0
7763,123042,398595.0
7764,398595,406123.0
7765,406123,134630.0
7766,134630,113962.0
7767,113962,369900.0
7768,369900,90998.0
7769,90998,262857.0
7770,262857,227245.0
7771,227245,571941.0
7772,571941,106756.0
7773,106756,452435.0
7774,452435,753397.0
7775,753397,52268.0
7776,52268,924076.0
7777,924076,626279.0
7778,626279,553122.0
7779,553122,771970.0
7780,771970,757420.0
7781,757420,555198.0
7782,555198,193349.0
7783,193349,605106.0
7784,605106,641275.0
7785,641275,107748.0
7786,107748,186187.0
7787,186187,111786.0
7788,111786,38697.0
7789,38697,498613.0
7790,498613,943944.0
7791,943944,97682.0
7792,97682,915095.0
7793,915095,33796.0
7794,33796,319846.0
7795,319846,369460.0
7796,369460,778746.0
7797,778746,185530.0
7798,185530,605195.0
7799,605195,38084.0
7800,38084,325604.0
7801,325604,363053.0
7802,363053,528781.0
7803,528781,154520.0
7804,154520,302309.0
7805,302309,483431.0
7806,483431,210542.0
7807,210542,121601.0
7808,121601,383820.0
7809,383820,728943.0
7810,728943,753224.0
7811,753224,221358.0
7812,221358,600977.0
7813,600977,202319.0
7814,202319,165265.0
7815,165265,506408.0
7816,506408,373856.0
7817,373856,864475.0
7818,864475,510598.0
7819,510598,213073.0
7820,213073,136868.0
7821,136868,249095.0
7822,249095,425009.0
7823,425009,76444.0
7824,76444,264639.0
7825,264639,544913.0
7826,544913,596315.0
7827,596315,52829.0
7828,52829,334784.0
7829,334784,115765.0
7830,115765,552200.0
7831,552200,450771.0
7832,450771,745953.0
7833,745953,573616.0
7834,573616,37995.0
7835,37995,42572.0
7836,42572,33796.0
7837,33796,551999.0
7838,551999,583287.0
7839,583287,269283.0
7840,269283,1012942.0
7841,1012942,39782.0
7842,39782,495970.0
7843,495970,795544.0
7844,795544,584201.0
7845,584201,7358.0
7846,7358,606142.0
7847,606142,566001.0
7848,566001,892107.0
7849,892107,124204.0
7850,124204,367758.0
7851,367758,506285.0
7852,506285,526272.0
7853,526272,415784.0
7854,415784,453250.0
7855,453250,680640.0
7856,680640,211890.0
7857,211890,527936.0
7858,527936,724832.0
7859,724832,890493.0
7860,890493,728364.0
7861,728364,643769.0
7862,643769,827415.0
7863,827415,328892.0
7864,328892,166586.0
7865,166586,736671.0
7866,736671,192568.0
7867,192568,1022280.0
7868,1022280,469682.0
7869,469682,271555.0
7870,271555,169555.0
7871,169555,134152.0
7872,134152,92850.0
7873,92850,865257.0
7874,865257,549438.0
7875,549438,172773.0
7876,172773,547325.0
7877,547325,334564.0
7878,334564,55406.0
7879,55406,292793.0
7880,292793,445468.0
7881,445468,660707.0
7882,660707,528525.0
7883,528525,1069483.0
7884,1069483,272789.0
7885,272789,625447.0
7886,625447,425365.0
7887,425365,745428.0
7888,745428,707204.0
7889,707204,75906.0
7890,75906,456363.0
7891,456363,552778.0
7892,552778,862340.0
7893,862340,87951.0
7894,87951,662028.0
7895,662028,743806.0
7896,743806,425481.0
7897,425481,425236.0
7898,425236,749390.0
7899,749390,151917.0
7900,151917,578551.0
7901,578551,631555.0
7902,631555,416655.0
7903,416655,55860.0
7904,55860,547437.0
7905,547437,700979.0
7906,700979,424500.0
7907,424500,490862.0
7908,490862,331678.0
7909,331678,758521.0
7910,758521,461048.0
7911,461048,224084.0
7912,224084,364084.0
7913,364084,627305.0
7914,627305,435695.0
7915,435695,100020.0
7916,100020,731101.0
7917,731101,291070.0
7918,291070,643164.0
7919,643164,19091.0
7920,19091,13554.0
7921,13554,1435909.0
7922,1435909,429186.0
7923,429186,71832.0
7924,71832,636886.0
7925,636886,1092146.0
7926,1092146,393461.0
7927,393461,578697.0
7928,578697,777378.0
7929,777378,126246.0
7930,126246,517973.0
7931,517973,690632.0
7932,690632,499235.0
7933,499235,377017.0
7934,377017,335223.0
7935,335223,430820.0
7936,430820,279282.0
7937,279282,176132.0
7938,176132,159627.0
7939,159627,58298.0
7940,58298,38630.0
7941,38630,868777.0
7942,868777,799779.0
7943,799779,815612.0
7944,815612,771531.0
7945,771531,287558.0
7946,287558,821665.0
7948,821665,40265.0
7949,40265,519241.0
7950,519241,51431.0
7951,51431,560198.0
7952,560198,204844.0
7953,204844,295773.0
7954,295773,819542.0
7955,819542,1022782.0
7956,1022782,472176.0
7957,472176,333202.0
7958,333202,398585.0
7959,398585,367945.0
7960,367945,229222.0
7961,229222,752290.0
7962,752290,811563.0
7963,811563,357842.0
7964,357842,321532.0
7965,321532,815293.0
7966,815293,403979.0
7967,403979,716515.0
7968,716515,247005.0
7969,247005,849311.0
7970,849311,762897.0
7971,762897,446313.0
7972,446313,134512.0
7973,134512,169077.0
7974,169077,13554.0
7975,13554,549478.0
7976,549478,852520.0
7977,852520,427002.0
7978,427002,367270.0
7979,367270,519034.0
7981,519034,397229.0
7982,397229,131928.0
7983,131928,619252.0
7984,619252,456157.0
7985,456157,761235.0
7986,761235,692234.0
7987,692234,394781.0
7988,394781,727642.0
7989,727642,95466.0
7990,95466,67770.0
7991,67770,133445.0
7992,133445,50707.0
7993,50707,101206.0
7994,101206,136405.0
7995,136405,472326.0
7996,472326,45561.0
7997,45561,247959.0
7998,247959,202296.0
7999,202296,545038.0
8000,545038,595305.0
8001,595305,476809.0
8002,476809,677558.0
8003,677558,1169247.0
8004,1169247,41742.0
8005,41742,175210.0
8006,175210,297649.0
8007,297649,1154081.0
8008,1154081,273524.0
8009,273524,425352.0
8010,425352,239157.0
8011,239157,444315.0
8012,444315,579225.0
8013,579225,484073.0
8014,484073,552445.0
8015,552445,791363.0
8016,791363,120492.0
8017,120492,597290.0
8018,597290,698510.0
8019,698510,917879.0
8020,917879,521191.0
8021,521191,523891.0
8022,523891,313175.0
8023,313175,439755.0
8024,439755,34743.0
8025,34743,820927.0
8026,820927,458762.0
8027,458762,628666.0
8028,628666,215228.0
8029,215228,211890.0
8030,211890,260560.0
8031,260560,503756.0
8032,503756,183412.0
8033,183412,24159.0
8034,24159,796910.0
8035,796910,292899.0
8036,292899,588822.0
8037,588822,254435.0
8038,254435,615776.0
8039,615776,366821.0
8040,366821,163278.0
8041,163278,417130.0
8042,417130,652706.0
8043,652706,242781.0
8044,242781,460605.0
8045,460605,506195.0
8046,506195,337755.0
8047,337755,350660.0
8048,350660,753723.0
8049,753723,701349.0
8050,701349,419751.0
8051,419751,659293.0
8052,659293,468358.0
8053,468358,611643.0
8054,611643,938185.0
8055,938185,420221.0
8056,420221,29232.0
8057,29232,1125896.0
8058,1125896,512180.0
8059,512180,330029.0
8060,330029,807756.0
8061,807756,113179.0
8062,113179,45561.0
8063,45561,720841.0
8064,720841,309842.0
8065,309842,295340.0
8066,295340,717300.0
8067,717300,84164.0
8068,84164,992298.0
8069,992298,152010.0
8070,152010,838661.0
8071,838661,93669.0
8072,93669,337353.0
8073,337353,203176.0
8074,203176,490043.0
8075,490043,27896.0
8076,27896,281672.0
8077,281672,880300.0
8078,880300,94335.0
8079,94335,431390.0
8081,431390,159641.0
8082,159641,432654.0
8083,432654,487619.0
8084,487619,451521.0
8085,451521,591728.0
8086,591728,322487.0
8087,322487,284900.0
8088,284900,642947.0
8089,642947,549074.0
8090,549074,571868.0
8091,571868,14470.0
8092,14470,681441.0
8093,681441,729777.0
8094,729777,408015.0
8095,408015,509413.0
8096,509413,420717.0
8097,420717,273240.0
8098,273240,286927.0
8099,286927,538974.0
8100,538974,630779.0
8101,630779,72764.0
8102,72764,153287.0
8103,153287,210602.0
8104,210602,306335.0
8105,306335,419134.0
8106,419134,342455.0
8107,342455,478611.0
8108,478611,156696.0
8109,156696,317174.0
8110,317174,231253.0
8111,231253,605414.0
8112,605414,354404.0
8113,354404,4786.0
8114,4786,717286.0
8115,717286,572125.0
8116,572125,459930.0
8117,459930,363073.0
8118,363073,411494.0
8119,411494,635967.0
8120,635967,49507.0
8121,49507,187660.0
8122,187660,905378.0
8123,905378,73038.0
8124,73038,725623.0
8125,725623,223572.0
8126,223572,50047.0
8127,50047,714943.0
8128,714943,62613.0
8129,62613,160530.0
8130,160530,246192.0
8131,246192,298770.0
8132,298770,67256.0
8133,67256,398443.0
8134,398443,110283.0
8135,110283,674514.0
8136,674514,241002.0
8137,241002,507480.0
8138,507480,752208.0
8139,752208,673558.0
8140,673558,101651.0
8141,101651,145421.0
8142,145421,23217.0
8143,23217,721775.0
8144,721775,251091.0
8145,251091,327808.0
8146,327808,293933.0
8147,293933,1010198.0
8148,1010198,280749.0
8149,280749,301755.0
8150,301755,765120.0
8151,765120,206589.0
8152,206589,390687.0
8153,390687,101733.0
8154,101733,351972.0
8155,351972,267072.0
8156,267072,354928.0
8157,354928,894274.0
8158,894274,336392.0
8159,336392,252870.0
8160,252870,327580.0
8161,327580,70789.0
8162,70789,179784.0
8163,179784,366060.0
8164,366060,384013.0
8165,384013,553230.0
8166,553230,457405.0
8167,457405,268530.0
8168,268530,206862.0
8169,206862,1032943.0
8170,1032943,309843.0
8171,309843,693646.0
8172,693646,760280.0
8173,760280,517230.0
8174,517230,429913.0
8175,429913,449607.0
8176,449607,606216.0
8178,606216,1036177.0
8179,1036177,85556.0
8180,85556,853723.0
8181,853723,777639.0
8182,777639,504202.0
8183,504202,174590.0
8184,174590,57551.0
8185,57551,967356.0
8186,967356,361342.0
8187,361342,689915.0
8188,689915,790385.0
8189,790385,252222.0
8190,252222,382254.0
8191,382254,320984.0
8192,320984,715199.0
8193,715199,40828.0
8194,40828,621042.0
8195,621042,75935.0
8196,75935,282773.0
8197,282773,1069877.0
8198,1069877,672586.0
8199,672586,678925.0
8200,678925,220491.0
8201,220491,1026455.0
8202,1026455,38695.0
8203,38695,327823.0
8204,327823,94335.0
8205,94335,82558.0
8206,82558,775225.0
8207,775225,536173.0
8208,536173,75909.0
8209,75909,214546.0
8210,214546,876373.0
8211,876373,426636.0
8212,426636,367749.0
8213,367749,292194.0
8214,292194,301983.0
8215,301983,104608.0
8216,104608,1141367.0
8217,1141367,1266349.0
8218,1266349,707752.0
8219,707752,490532.0
8220,490532,336783.0
8221,336783,80579.0
8222,80579,150141.0
8223,150141,125325.0
8224,125325,150053.0
8225,150053,90072.0
8226,90072,383166.0
8227,383166,281007.0
8228,281007,624235.0
8229,624235,343289.0
8230,343289,430821.0
8231,430821,871120.0
8232,871120,454941.0
8233,454941,778522.0
8234,778522,58214.0
8235,58214,677262.0
8236,677262,458675.0
8237,458675,423302.0
8238,423302,359720.0
8239,359720,303948.0
8240,303948,122116.0
8241,122116,485918.0
8242,485918,614337.0
8243,614337,289588.0
8244,289588,281980.0
8245,281980,777329.0
8246,777329,634009.0
8247,634009,579787.0
8248,579787,897958.0
8249,897958,524863.0
8250,524863,245073.0
8251,245073,253395.0
8252,253395,612719.0
8253,612719,101728.0
8254,101728,788414.0
8255,788414,457259.0
8256,457259,459927.0
8257,459927,189218.0
8258,189218,164582.0
8259,164582,208336.0
8260,208336,305776.0
8261,305776,166662.0
8262,166662,429658.0
8263,429658,503580.0
8264,503580,574416.0
8265,574416,159432.0
8266,159432,514780.0
8267,514780,480602.0
8268,480602,1076292.0
8269,1076292,413265.0
8270,413265,361948.0
8271,361948,49654.0
8272,49654,738977.0
8273,738977,516715.0
8274,516715,692728.0
8275,692728,356664.0
8276,356664,249988.0
8277,249988,378528.0
8278,378528,184415.0
8279,184415,375640.0
8280,375640,748919.0
8281,748919,294744.0
8282,294744,615795.0
8283,615795,237076.0
8284,237076,567915.0
8285,567915,329820.0
8286,329820,536187.0
8287,536187,358589.0
8288,358589,210410.0
8289,210410,50641.0
8290,50641,577604.0
8291,577604,521395.0
8292,521395,1269587.0
8293,1269587,481434.0
8294,481434,200703.0
8295,200703,835482.0
8296,835482,501406.0
8297,501406,38224.0
8298,38224,525159.0
8299,525159,383466.0
8300,383466,593191.0
8301,593191,482645.0
8302,482645,285668.0
8303,285668,223452.0
8304,223452,334645.0
8305,334645,65412.0
8306,65412,98780.0
8307,98780,484528.0
8308,484528,144936.0
8309,144936,272058.0
8310,272058,468345.0
8311,468345,941696.0
8312,941696,467880.0
8313,467880,176946.0
8314,176946,102400.0
8315,102400,187338.0
8316,187338,395151.0
8317,395151,451850.0
8318,451850,99308.0
8319,99308,184981.0
8320,184981,516457.0
8321,516457,273316.0
8322,273316,189779.0
8323,189779,837109.0
8324,837109,222770.0
8325,222770,396402.0
8326,396402,540909.0
8327,540909,1274294.0
8328,1274294,260211.0
8329,260211,745648.0
8330,745648,403014.0
8331,403014,77896.0
8332,77896,1064191.0
8333,1064191,331228.0
8334,331228,392252.0
8335,392252,138456.0
8336,138456,174894.0
8337,174894,146918.0
8338,146918,1173633.0
8339,1173633,306056.0
8340,306056,417748.0
8341,417748,621972.0
8342,621972,55792.0
8343,55792,477810.0
8344,477810,322602.0
8345,322602,273464.0
8346,273464,511747.0
8347,511747,931301.0
8348,931301,638314.0
8349,638314,73260.0
8350,73260,330166.0
8351,330166,401670.0
8352,401670,494868.0
8353,494868,225712.0
8354,225712,526131.0
8355,526131,354556.0
8356,354556,77260.0
8357,77260,714356.0
8358,714356,501736.0
8359,501736,171915.0
8360,171915,396103.0
8361,396103,367945.0
8362,367945,30956.0
8363,30956,376472.0
8364,376472,830057.0
8365,830057,292155.0
8366,292155,41286.0
8367,41286,583638.0
8368,583638,484096.0
8369,484096,512126.0
8370,512126,848657.0
8371,848657,299352.0
8372,299352,239991.0
8373,239991,39174.0
8374,39174,672144.0
8375,672144,489428.0
8376,489428,171112.0
8377,171112,242525.0
8378,242525,56021.0
8379,56021,1164521.0
8380,1164521,362905.0
8381,362905,405525.0
8382,405525,442233.0
8383,442233,270569.0
8384,270569,301024.0
8385,301024,486624.0
8386,486624,402099.0
8387,402099,812776.0
8388,812776,371060.0
8389,371060,119324.0
8390,119324,694749.0
8391,694749,292906.0
8392,292906,224720.0
8393,224720,668196.0
8394,668196,33796.0
8395,33796,939492.0
8396,939492,284756.0
8397,284756,104399.0
8398,104399,781393.0
8399,781393,55288.0
8400,55288,178940.0
8401,178940,549918.0
8402,549918,257976.0
8403,257976,822076.0
8404,822076,382290.0
8405,382290,833539.0
8406,833539,129065.0
8407,129065,911439.0
8408,911439,402750.0
8409,402750,571281.0
8410,571281,1135566.0
8411,1135566,973749.0
8412,973749,488861.0
8413,488861,561730.0
8414,561730,215388.0
8415,215388,94141.0
8416,94141,180135.0
8417,180135,1086572.0
8418,1086572,225489.0
8419,225489,137451.0
8420,137451,716439.0
8421,716439,782363.0
8422,782363,539428.0
8423,539428,208644.0
8424,208644,349925.0
8425,349925,597423.0
8426,597423,355879.0
8427,355879,480552.0
8428,480552,632393.0
8429,632393,33911.0
8430,33911,39174.0
8431,39174,647678.0
8432,647678,403683.0
8433,403683,908472.0
8434,908472,520723.0
8435,520723,840339.0
8436,840339,388493.0
8437,388493,379541.0
8438,379541,977523.0
8439,977523,370144.0
8440,370144,414467.0
8441,414467,41466.0
8442,41466,742616.0
8443,742616,192824.0
8444,192824,408267.0
8445,408267,9558.0
8446,9558,551334.0
8447,551334,650899.0
8448,650899,600606.0
8449,600606,257155.0
8450,257155,386233.0
8451,386233,586113.0
8452,586113,679997.0
8453,679997,363718.0
8454,363718,100020.0
8455,100020,202225.0
8456,202225,344079.0
8457,344079,375415.0
8458,375415,64491.0
8459,64491,459078.0
8460,459078,151756.0
8461,151756,123087.0
8462,123087,271461.0
8463,271461,305447.0
8464,305447,435385.0
8465,435385,456074.0
8466,456074,70418.0
8467,70418,111726.0
8468,111726,301183.0
8469,301183,32700.0
8470,32700,360770.0
8471,360770,286040.0
8472,286040,58214.0
8473,58214,562995.0
8474,562995,80067.0
8475,80067,710835.0
8476,710835,306056.0
8477,306056,609270.0
8478,609270,57764.0
8479,57764,425825.0
8480,425825,948745.0
8481,948745,7358.0
8482,7358,654652.0
8483,654652,447594.0
8484,447594,434457.0
8485,434457,268893.0
8486,268893,702966.0
8487,702966,230520.0
8488,230520,229101.0
8489,229101,42778.0
8490,42778,425347.0
8491,425347,196126.0
8492,196126,489196.0
8493,489196,738968.0
8494,738968,562957.0
8495,562957,43410.0
8496,43410,519822.0
8497,519822,6325.0
8498,6325,124311.0
8499,124311,356993.0
8500,356993,907717.0
8501,907717,108622.0
8502,108622,116954.0
8503,116954,128210.0
8504,128210,555738.0
8505,555738,214824.0
8506,214824,360819.0
8507,360819,42778.0
8508,42778,66778.0
8509,66778,354342.0
8510,354342,561024.0
8511,561024,285505.0
8512,285505,228635.0
8513,228635,598877.0
8514,598877,341353.0
8515,341353,533583.0
8516,533583,303514.0
8517,303514,19144.0
8518,19144,247798.0
8519,247798,854415.0
8520,854415,213017.0
8521,213017,719750.0
8522,719750,702596.0
8523,702596,104754.0
8524,104754,110140.0
8525,110140,159809.0
8526,159809,502381.0
8527,502381,138515.0
8528,138515,159438.0
8529,159438,134512.0
8530,134512,871733.0
8531,871733,262208.0
8532,262208,881808.0
8533,881808,777290.0
8534,777290,120484.0
8535,120484,28563.0
8536,28563,987926.0
8537,987926,965001.0
8538,965001,271399.0
8539,271399,452435.0
8540,452435,348702.0
8541,348702,301268.0
8542,301268,285742.0
8543,285742,713851.0
8544,713851,147882.0
8545,147882,136226.0
8546,136226,876762.0
8547,876762,110812.0
8548,110812,229332.0
8549,229332,514614.0
8550,514614,189423.0
8551,189423,608558.0
8552,608558,149457.0
8553,149457,262857.0
8554,262857,126254.0
8555,126254,511906.0
8556,511906,71517.0
8557,71517,668450.0
8558,668450,607552.0
8559,607552,235520.0
8560,235520,484786.0
8561,484786,150094.0
8562,150094,838340.0
8563,838340,908092.0
8564,908092,99057.0
8565,99057,49810.0
8566,49810,279465.0
8567,279465,453075.0
8568,453075,134152.0
8569,134152,1048728.0
8570,1048728,850033.0
8571,850033,199276.0
8572,199276,604978.0
8573,604978,304775.0
8574,304775,82572.0
8575,82572,755924.0
8576,755924,586144.0
8577,586144,633326.0
8578,633326,1302458.0
8579,1302458,424380.0
8580,424380,612904.0
8581,612904,95184.0
8582,95184,249944.0
8583,249944,262088.0
8584,262088,196155.0
8585,196155,512460.0
8586,512460,475920.0
8587,475920,869638.0
8588,869638,481484.0
8589,481484,226992.0
8590,226992,68424.0
8591,68424,465574.0
8592,465574,548720.0
8593,548720,270253.0
8594,270253,165905.0
8595,165905,19078.0
8596,19078,53378.0
8597,53378,56428.0
8598,56428,547319.0
8599,547319,611824.0
8600,611824,138972.0
8601,138972,220073.0
8602,220073,718387.0
8603,718387,577557.0
8604,577557,676150.0
8605,676150,639614.0
8606,639614,120175.0
8607,120175,40786.0
8608,40786,476455.0
8609,476455,95390.0
8610,95390,1185581.0
8611,1185581,464250.0
8612,464250,415204.0
8613,415204,381241.0
8614,381241,463641.0
8615,463641,105658.0
8616,105658,739472.0
8617,739472,740346.0
8618,740346,947978.0
8619,947978,170393.0
8620,170393,591140.0
8621,591140,782680.0
8622,782680,539072.0
8623,539072,1443307.0
8624,1443307,852867.0
8625,852867,800381.0
8626,800381,964212.0
8627,964212,350299.0
8628,350299,272586.0
8629,272586,408085.0
8630,408085,359270.0
8631,359270,384674.0
8632,384674,687198.0
8633,687198,485358.0
8634,485358,25842.0
8635,25842,605618.0
8636,605618,599754.0
8637,599754,144759.0
8638,144759,12972.0
8639,12972,111756.0
8640,111756,590833.0
8641,590833,496197.0
8642,496197,465458.0
8643,465458,160530.0
8644,160530,380736.0
8645,380736,188416.0
8646,188416,838623.0
8647,838623,474725.0
8648,474725,680562.0
8649,680562,190932.0
8650,190932,1022160.0
8651,1022160,256055.0
8652,256055,571434.0
8653,571434,264145.0
8654,264145,729128.0
8655,729128,249984.0
8656,249984,791845.0
8657,791845,285512.0
8658,285512,448775.0
8659,448775,370697.0
8660,370697,299222.0
8661,299222,871915.0
8662,871915,245101.0
8663,245101,571578.0
8664,571578,38182.0
8665,38182,541718.0
8666,541718,387937.0
8667,387937,308741.0
8668,308741,480525.0
8669,480525,1005681.0
8670,1005681,284482.0
8671,284482,61242.0
8672,61242,484413.0
8673,484413,131104.0
8674,131104,97586.0
8675,97586,878171.0
8676,878171,146520.0
8677,146520,329820.0
8678,329820,38620.0
8679,38620,757533.0
8680,757533,173864.0
8681,173864,333044.0
8682,333044,989509.0
8683,989509,449539.0
8684,449539,572413.0
8685,572413,525583.0
8686,525583,702981.0
8687,702981,453358.0
8688,453358,863989.0
8689,863989,34203.0
8690,34203,284100.0
8691,284100,556109.0
8692,556109,476890.0
8693,476890,554619.0
8694,554619,856410.0
8695,856410,300391.0
8696,300391,45561.0
8697,45561,435794.0
8698,435794,445441.0
8699,445441,868736.0
8700,868736,144618.0
8701,144618,189177.0
8702,189177,823136.0
8703,823136,663070.0
8704,663070,669742.0
8705,669742,608915.0
8706,608915,569863.0
8707,569863,282433.0
8708,282433,912454.0
8709,912454,294587.0
8710,294587,49819.0
8711,49819,413265.0
8712,413265,92850.0
8714,92850,372910.0
8715,372910,436118.0
8716,436118,15187.0
8717,15187,675241.0
8718,675241,41466.0
8719,41466,471128.0
8720,471128,395279.0
8721,395279,835473.0
8722,835473,333827.0
8723,333827,47230.0
8724,47230,993060.0
8725,993060,916080.0
8726,916080,649912.0
8727,649912,744606.0
8728,744606,746094.0
8729,746094,308032.0
8730,308032,38630.0
8731,38630,475920.0
8732,475920,906974.0
8733,906974,493089.0
8734,493089,390313.0
8735,390313,680734.0
8736,680734,503026.0
8737,503026,826523.0
8738,826523,746992.0
8739,746992,321731.0
8740,321731,1669910.0
8741,1669910,177326.0
8742,177326,909539.0
8743,909539,294731.0
8744,294731,435715.0
8745,435715,793019.0
8746,793019,754179.0
8747,754179,492398.0
8748,492398,705355.0
8749,705355,916667.0
8750,916667,130905.0
8751,130905,768690.0
8752,768690,108622.0
8753,108622,378140.0
8754,378140,449707.0
8755,449707,234900.0
8756,234900,499493.0
8757,499493,917920.0
8758,917920,41844.0
8759,41844,857528.0
8760,857528,398323.0
8761,398323,926160.0
8762,926160,29232.0
8763,29232,649981.0
8764,649981,724629.0
8765,724629,415737.0
8766,415737,319528.0
8767,319528,844969.0
8768,844969,643528.0
8769,643528,395197.0
8770,395197,451652.0
8771,451652,537591.0
8772,537591,586318.0
8773,586318,800994.0
8774,800994,50130.0
8775,50130,401382.0
8776,401382,633477.0
8777,633477,445639.0
8778,445639,625291.0
8780,625291,298482.0
8781,298482,317512.0
8782,317512,139276.0
8783,139276,550972.0
8784,550972,682292.0
8785,682292,1256124.0
8786,1256124,1025216.0
8787,1025216,202568.0
8788,202568,178567.0
8789,178567,48312.0
8790,48312,260850.0
8791,260850,42378.0
8792,42378,123837.0
8793,123837,497705.0
8794,497705,334766.0
8795,334766,412760.0
8796,412760,61291.0
8797,61291,1175883.0
8798,1175883,520553.0
8799,520553,12900.0
8800,12900,708766.0
8801,708766,470913.0
8802,470913,522535.0
8803,522535,954159.0
8804,954159,412073.0
8805,412073,220165.0
8806,220165,692822.0
8807,692822,361948.0
8808,361948,246224.0
8809,246224,721524.0
8810,721524,557717.0
8811,557717,641958.0
8812,641958,564655.0
8813,564655,273074.0
8814,273074,429404.0
8815,429404,292359.0
8816,292359,81723.0
8817,81723,524027.0
8818,524027,455202.0
8819,455202,426164.0
8820,426164,627159.0
8821,627159,1316800.0
8822,1316800,921655.0
8823,921655,250920.0
8824,250920,125384.0
8825,125384,423447.0
8826,423447,191370.0
8827,191370,27703.0
8828,27703,59928.0
8829,59928,107020.0
8830,107020,790004.0
8831,790004,602187.0
8832,602187,25300.0
8833,25300,290798.0
8834,290798,400341.0
8835,400341,835108.0
8836,835108,151322.0
8837,151322,221334.0
8838,221334,445122.0
8839,445122,276985.0
8840,276985,401973.0
8841,401973,616791.0
8842,616791,187338.0
8843,187338,445287.0
8844,445287,217309.0
8845,217309,1079679.0
8846,1079679,950890.0
8847,950890,342377.0
8848,342377,856631.0
8849,856631,33538.0
8850,33538,465552.0
8851,465552,69515.0
8852,69515,531897.0
8853,531897,460934.0
8854,460934,517583.0
8855,517583,281548.0
8856,281548,957585.0
8857,957585,578396.0
8858,578396,830128.0
8859,830128,793124.0
8860,793124,55878.0
8861,55878,558359.0
8863,558359,419828.0
8864,419828,402233.0
8865,402233,1154960.0
8866,1154960,1244291.0
8867,1244291,221515.0
8868,221515,237150.0
8869,237150,244990.0
8870,244990,295083.0
8871,295083,54216.0
8872,54216,1174619.0
8873,1174619,302379.0
8874,302379,337223.0
8875,337223,624063.0
8876,624063,1366520.0
8877,1366520,99845.0
8878,99845,672032.0
8879,672032,532911.0
8880,532911,549783.0
8881,549783,453930.0
8882,453930,400545.0
8883,400545,670289.0
8884,670289,431466.0
8885,431466,791444.0
8887,791444,76312.0
8888,76312,323926.0
8889,323926,692553.0
8890,692553,209216.0
8891,209216,49810.0
8892,49810,317701.0
8893,317701,371626.0
8894,371626,953074.0
8895,953074,221059.0
8896,221059,368130.0
8897,368130,20004.0
8898,20004,565118.0
8899,565118,939985.0
8900,939985,9175.0
8901,9175,401342.0
8902,401342,839084.0
8903,839084,235314.0
8904,235314,563410.0
8905,563410,262962.0
8906,262962,276788.0
8907,276788,250030.0
8908,250030,251399.0
8909,251399,730296.0
8910,730296,617972.0
8911,617972,479840.0
8912,479840,629967.0
8913,629967,757608.0
8914,757608,12650.0
8915,12650,222871.0
8916,222871,306281.0
8917,306281,253535.0
8918,253535,447760.0
8919,447760,57025.0
8920,57025,437631.0
8921,437631,386456.0
8922,386456,568918.0
8923,568918,661225.0
8924,661225,326578.0
8925,326578,330999.0
8926,330999,93669.0
8927,93669,123634.0
8928,123634,85746.0
8929,85746,1113206.0
8930,1113206,628818.0
8931,628818,1164729.0
8932,1164729,221823.0
8933,221823,7358.0
8934,7358,769986.0
8935,769986,742643.0
8936,742643,871795.0
8937,871795,203829.0
8938,203829,530033.0
8939,530033,295006.0
8940,295006,306128.0
8941,306128,319818.0
8942,319818,447613.0
8943,447613,489032.0
8944,489032,498056.0
8945,498056,306300.0
8946,306300,746052.0
8947,746052,596844.0
8948,596844,1253222.0
8949,1253222,598972.0
8950,598972,467689.0
8951,467689,351241.0
8952,351241,518275.0
8953,518275,517253.0
8954,517253,83331.0
8955,83331,401790.0
8956,401790,150141.0
8957,150141,416659.0
8958,416659,203108.0
8959,203108,149092.0
8960,149092,425155.0
8961,425155,167711.0
8962,167711,437556.0
8963,437556,516203.0
8964,516203,302258.0
8965,302258,52304.0
8966,52304,48312.0
8967,48312,814398.0
8968,814398,129210.0
8969,129210,703644.0
8970,703644,102400.0
8971,102400,427392.0
8972,427392,771732.0
8973,771732,272077.0
8974,272077,146994.0
8975,146994,582618.0
8976,582618,1076507.0
8977,1076507,215268.0
8978,215268,282846.0
8979,282846,650292.0
8980,650292,201043.0
8981,201043,1024383.0
8982,1024383,229542.0
8983,229542,294189.0
8984,294189,856263.0
8986,856263,78402.0
8987,78402,266202.0
8988,266202,465428.0
8989,465428,139096.0
8991,139096,823704.0
8992,823704,646020.0
8993,646020,385098.0
8994,385098,810534.0
8995,810534,78300.0
8996,78300,430332.0
8997,430332,1102052.0
8998,1102052,487084.0
8999,487084,642289.0
9000,642289,788556.0
9001,788556,435425.0
9002,435425,456321.0
9003,456321,372096.0
9004,372096,642655.0
9005,642655,201224.0
9006,201224,250235.0
9007,250235,1019982.0
9008,1019982,192493.0
9009,192493,366349.0
9010,366349,772770.0
9011,772770,519596.0
9012,519596,1078195.0
9013,1078195,130452.0
9014,130452,460375.0
9015,460375,163930.0
9016,163930,212389.0
9017,212389,512904.0
9018,512904,586172.0
9019,586172,960262.0
9020,960262,604881.0
9021,604881,360402.0
9022,360402,590377.0
9023,590377,385366.0
9024,385366,860532.0
9025,860532,825313.0
9026,825313,469713.0
9027,469713,394470.0
9028,394470,163382.0
9029,163382,718733.0
9030,718733,75195.0
9031,75195,164992.0
9032,164992,445798.0
9033,445798,785096.0
9034,785096,39848.0
9035,39848,198028.0
9036,198028,1340702.0
9037,1340702,93442.0
9038,93442,173474.0
9039,173474,416747.0
9040,416747,584252.0
9041,584252,537824.0
9042,537824,396215.0
9043,396215,105935.0
9044,105935,264993.0
9045,264993,534340.0
9046,534340,171271.0
9047,171271,754415.0
9048,754415,1055004.0
9049,1055004,130242.0
9050,130242,370316.0
9051,370316,439575.0
9052,439575,644799.0
9053,644799,938326.0
9054,938326,351572.0
9055,351572,329089.0
9056,329089,405565.0
9057,405565,154630.0
9058,154630,252015.0
9059,252015,332604.0
9060,332604,604306.0
9061,604306,1040810.0
9062,1040810,512710.0
9063,512710,156912.0
9064,156912,500536.0
9065,500536,78300.0
9066,78300,232014.0
9067,232014,204399.0
9068,204399,416810.0
9069,416810,381864.0
9070,381864,268201.0
9071,268201,148540.0
9072,148540,52367.0
9073,52367,627458.0
9074,627458,600150.0
9075,600150,225539.0
9076,225539,531466.0
9077,531466,540210.0
9078,540210,1094646.0
9079,1094646,183150.0
9080,183150,34918.0
9081,34918,530679.0
9082,530679,1290819.0
9083,1290819,543392.0
9084,543392,514309.0
9085,514309,254437.0
9086,254437,1170179.0
9087,1170179,394229.0
9088,394229,258593.0
9089,258593,351804.0
9090,351804,335865.0
9091,335865,329820.0
9092,329820,335162.0
9093,335162,495680.0
9094,495680,125325.0
9095,125325,263718.0
9096,263718,229231.0
9097,229231,449025.0
9098,449025,657639.0
9099,657639,1210322.0
9100,1210322,220301.0
9101,220301,629127.0
9102,629127,103709.0
9103,103709,885961.0
9104,885961,653550.0
9105,653550,934151.0
9106,934151,554801.0
9107,554801,619809.0
9108,619809,672629.0
9109,672629,340665.0
9110,340665,861825.0
9111,861825,137341.0
9112,137341,560745.0
9113,560745,697358.0
9114,697358,666746.0
9115,666746,925177.0
9116,925177,597978.0
9117,597978,479896.0
9118,479896,789979.0
9119,789979,883392.0
9120,883392,771324.0
9121,771324,826143.0
9122,826143,467412.0
9123,467412,619016.0
9124,619016,526123.0
9125,526123,836998.0
9126,836998,529094.0
9127,529094,496234.0
9128,496234,268824.0
9129,268824,627136.0
9130,627136,217215.0
9131,217215,671753.0
9132,671753,642393.0
9133,642393,584343.0
9134,584343,65964.0
9135,65964,501683.0
9136,501683,233009.0
9137,233009,83106.0
9138,83106,328199.0
9139,328199,786024.0
9140,786024,49810.0
9141,49810,692958.0
9142,692958,280017.0
9143,280017,298610.0
9144,298610,514347.0
9145,514347,148256.0
9146,148256,653741.0
9147,653741,261642.0
9148,261642,30192.0
9149,30192,445973.0
9150,445973,77238.0
9151,77238,430275.0
9152,430275,642032.0
9153,642032,29886.0
9154,29886,176426.0
9155,176426,560822.0
9156,560822,876335.0
9157,876335,1040086.0
9158,1040086,326466.0
9159,326466,50955.0
9160,50955,478140.0
9161,478140,1028668.0
9162,1028668,442131.0
9163,442131,938215.0
9164,938215,576798.0
9165,576798,24159.0
9166,24159,706658.0
9167,706658,729494.0
9168,729494,477664.0
9169,477664,756239.0
9170,756239,134948.0
9171,134948,440736.0
9172,440736,14470.0
9173,14470,1223823.0
9174,1223823,76514.0
9175,76514,554598.0
9176,554598,253420.0
9177,253420,197765.0
9178,197765,3186.0
9179,3186,301776.0
9180,301776,802031.0
9181,802031,317931.0
9182,317931,409778.0
9183,409778,365730.0
9184,365730,538297.0
9185,538297,281815.0
9186,281815,118322.0
9187,118322,929085.0
9188,929085,581885.0
9189,581885,366492.0
9190,366492,276429.0
9191,276429,842675.0
9192,842675,656256.0
9193,656256,1108653.0
9194,1108653,717781.0
9195,717781,587100.0
9196,587100,231900.0
9197,231900,840559.0
9198,840559,80334.0
9199,80334,764168.0
9200,764168,336352.0
9201,336352,364150.0
9202,364150,355293.0
9203,355293,222058.0
9204,222058,14716.0
9205,14716,38948.0
9206,38948,226466.0
9208,226466,217191.0
9209,217191,157925.0
9210,157925,329330.0
9211,329330,247959.0
9212,247959,793571.0
9213,793571,953824.0
9214,953824,386500.0
9215,386500,126536.0
9216,126536,788661.0
9217,788661,681059.0
9218,681059,214690.0
9219,214690,1251081.0
9220,1251081,698609.0
9221,698609,583416.0
9222,583416,514934.0
9223,514934,412182.0
9224,412182,622609.0
9225,622609,435894.0
9226,435894,395421.0
9227,395421,264416.0
9228,264416,411455.0
9229,411455,377757.0
9230,377757,311384.0
9231,311384,14470.0
9232,14470,362995.0
9233,362995,90363.0
9234,90363,105658.0
9235,105658,499276.0
9236,499276,236246.0
9237,236246,85556.0
9238,85556,127118.0
9239,127118,507755.0
9240,507755,483978.0
9241,483978,270403.0
9242,270403,156912.0
9243,156912,8600.0
9244,8600,1317750.0
9245,1317750,590115.0
9246,590115,608118.0
9247,608118,262093.0
9248,262093,936937.0
9249,936937,783742.0
9251,783742,30956.0
9252,30956,101148.0
9253,101148,55406.0
9254,55406,682170.0
9255,682170,700511.0
9256,700511,691255.0
9257,691255,833226.0
9258,833226,87461.0
9259,87461,793344.0
9260,793344,104355.0
9261,104355,572851.0
9262,572851,355427.0
9263,355427,334834.0
9264,334834,460720.0
9265,460720,422236.0
9266,422236,435665.0
9267,435665,612112.0
9268,612112,575962.0
9269,575962,414935.0
9270,414935,41466.0
9271,41466,446562.0
9272,446562,628762.0
9273,628762,829960.0
9274,829960,993151.0
9275,993151,123324.0
9276,123324,75935.0
9277,75935,467514.0
9278,467514,286398.0
9279,286398,413298.0
9280,413298,178374.0
9281,178374,537782.0
9282,537782,225416.0
9283,225416,492230.0
9284,492230,765228.0
9285,765228,293334.0
9286,293334,429027.0
9287,429027,588267.0
9288,588267,538730.0
9289,538730,316738.0
9290,316738,861300.0
9291,861300,56021.0
9292,56021,377284.0
9293,377284,135762.0
9294,135762,375858.0
9295,375858,314516.0
9296,314516,133445.0
9297,133445,211316.0
9298,211316,201744.0
9299,201744,695457.0
9300,695457,402694.0
9301,402694,394492.0
9302,394492,631343.0
9303,631343,487408.0
9304,487408,527943.0
9305,527943,36630.0
9306,36630,177185.0
9307,177185,545773.0
9308,545773,1096923.0
9309,1096923,465153.0
9310,465153,810327.0
9311,810327,206535.0
9312,206535,453361.0
9313,453361,121560.0
9314,121560,28382.0
9315,28382,140565.0
9316,140565,459340.0
9317,459340,434854.0
9318,434854,649587.0
9319,649587,8053.0
9320,8053,578221.0
9321,578221,583257.0
9322,583257,185700.0
9323,185700,146523.0
9324,146523,78237.0
9325,78237,102422.0
9326,102422,124011.0
9327,124011,969656.0
9328,969656,322014.0
9329,322014,136812.0
9330,136812,364719.0
9331,364719,479083.0
9332,479083,460712.0
9333,460712,205724.0
9334,205724,148406.0
9335,148406,147882.0
9336,147882,216587.0
9337,216587,459104.0
9338,459104,214770.0
9339,214770,867266.0
9340,867266,638716.0
9341,638716,879436.0
9342,879436,159683.0
9343,159683,115594.0
9344,115594,21025.0
9345,21025,522473.0
9346,522473,1002539.0
9347,1002539,567919.0
9348,567919,759440.0
9349,759440,60012.0
9350,60012,1312483.0
9351,1312483,303434.0
9352,303434,700119.0
9353,700119,575705.0
9354,575705,808302.0
9355,808302,662366.0
9356,662366,225755.0
9357,225755,632542.0
9358,632542,98118.0
9359,98118,662838.0
9360,662838,640907.0
9361,640907,76364.0
9362,76364,772251.0
9363,772251,204285.0
9364,204285,845367.0
9365,845367,274066.0
9366,274066,239382.0
9367,239382,784028.0
9368,784028,276971.0
9369,276971,178578.0
9370,178578,110812.0
9371,110812,282452.0
9372,282452,241030.0
9373,241030,724166.0
9374,724166,117436.0
9375,117436,156930.0
9376,156930,116349.0
9377,116349,494118.0
9378,494118,169555.0
9379,169555,190257.0
9380,190257,93669.0
9381,93669,525092.0
9382,525092,40662.0
9383,40662,264158.0
9384,264158,374356.0
9385,374356,448117.0
9386,448117,123837.0
9387,123837,313200.0
9388,313200,51431.0
9389,51431,968113.0
9390,968113,10900.0
9391,10900,252562.0
9392,252562,69110.0
9393,69110,716656.0
9394,716656,570786.0
9395,570786,269959.0
9396,269959,80023.0
9397,80023,148326.0
9398,148326,462253.0
9399,462253,131598.0
9400,131598,483992.0
9401,483992,727723.0
9402,727723,391506.0
9403,391506,1107430.0
9404,1107430,58275.0
9405,58275,891935.0
9406,891935,160861.0
9407,160861,68133.0
9408,68133,265970.0
9409,265970,19474.0
9410,19474,1079442.0
9411,1079442,381541.0
9412,381541,353925.0
9413,353925,445004.0
9414,445004,212442.0
9415,212442,380980.0
9416,380980,313200.0
9417,313200,409470.0
9418,409470,546230.0
9419,546230,455561.0
9420,455561,827741.0
9421,827741,908086.0
9422,908086,629012.0
9423,629012,341657.0
9424,341657,421557.0
9425,421557,299112.0
9426,299112,411455.0
9427,411455,401386.0
9428,401386,474306.0
9429,474306,604150.0
9430,604150,693475.0
9431,693475,99322.0
9432,99322,570813.0
9433,570813,1151261.0
9434,1151261,255945.0
9435,255945,637166.0
9436,637166,601435.0
9437,601435,931972.0
9438,931972,264388.0
9439,264388,381864.0
9440,381864,619404.0
9441,619404,794262.0
9442,794262,708799.0
9443,708799,525224.0
9444,525224,228845.0
9445,228845,406768.0
9446,406768,645655.0
9447,645655,834555.0
9448,834555,455969.0
9449,455969,360677.0
9450,360677,770035.0
9451,770035,623625.0
9452,623625,1090185.0
9453,1090185,634820.0
9454,634820,140745.0
9455,140745,224084.0
9456,224084,712213.0
9457,712213,948121.0
9458,948121,582324.0
9459,582324,152694.0
9460,152694,191648.0
9461,191648,689678.0
9462,689678,456697.0
9463,456697,94208.0
9464,94208,611421.0
9465,611421,630396.0
9466,630396,677243.0
9467,677243,355414.0
9468,355414,371480.0
9469,371480,539265.0
9470,539265,34918.0
9471,34918,162900.0
9472,162900,573234.0
9473,573234,47104.0
9474,47104,473144.0
9475,473144,375829.0
9476,375829,247527.0
9477,247527,213531.0
9478,213531,282833.0
9479,282833,639341.0
9480,639341,348071.0
9481,348071,308402.0
9482,308402,877963.0
9483,877963,899263.0
9484,899263,522325.0
9485,522325,579464.0
9486,579464,322806.0
9487,322806,772983.0
9488,772983,403585.0
9489,403585,76364.0
9490,76364,582009.0
9491,582009,505898.0
9492,505898,201945.0
9493,201945,326800.0
9494,326800,575944.0
9495,575944,886240.0
9496,886240,1386081.0
9497,1386081,308381.0
9498,308381,871881.0
9499,871881,421519.0
9500,421519,679202.0
9501,679202,167553.0
9502,167553,293947.0
9503,293947,191440.0
9504,191440,974369.0
9505,974369,188236.0
9506,188236,1006726.0
9507,1006726,1244239.0
9508,1244239,23930.0
9509,23930,853771.0
9510,853771,877145.0
9511,877145,267221.0
9512,267221,95562.0
9513,95562,604056.0
9514,604056,106756.0
9515,106756,313923.0
9516,313923,490315.0
9517,490315,152107.0
9518,152107,632058.0
9519,632058,319294.0
9520,319294,27644.0
9521,27644,68406.0
9522,68406,89887.0
9523,89887,1096448.0
9524,1096448,563467.0
9525,563467,419253.0
9526,419253,992092.0
9527,992092,388380.0
9528,388380,323606.0
9529,323606,271458.0
9530,271458,97742.0
9531,97742,525850.0
9532,525850,579974.0
9533,579974,698483.0
9535,698483,182934.0
9536,182934,915790.0
9537,915790,147699.0
9538,147699,350476.0
9539,350476,199867.0
9540,199867,153649.0
9541,153649,278192.0
9542,278192,237650.0
9543,237650,107694.0
9544,107694,299581.0
9545,299581,138326.0
9546,138326,1178020.0
9547,1178020,106756.0
9548,106756,172955.0
9549,172955,503824.0
9550,503824,363302.0
9551,363302,527715.0
9552,527715,446638.0
9553,446638,531209.0
9554,531209,398892.0
9555,398892,100260.0
9556,100260,650581.0
9557,650581,276544.0
9558,276544,530266.0
9559,530266,90363.0
9560,90363,50604.0
9561,50604,506465.0
9562,506465,268705.0
9563,268705,477657.0
9564,477657,134554.0
9565,134554,106053.0
9566,106053,49819.0
9567,49819,304391.0
9568,304391,618575.0
9569,618575,552067.0
9570,552067,324023.0
9571,324023,271555.0
9572,271555,382620.0
9573,382620,620176.0
9574,620176,749809.0
9575,749809,453675.0
9576,453675,611503.0
9577,611503,161541.0
9578,161541,622641.0
9579,622641,753375.0
9580,753375,493688.0
9581,493688,628856.0
9582,628856,248026.0
9583,248026,376472.0
9584,376472,450978.0
9585,450978,394635.0
9586,394635,514644.0
9587,514644,485399.0
9588,485399,174773.0
9589,174773,317958.0
9590,317958,717095.0
9591,717095,368494.0
9592,368494,983786.0
9593,983786,267737.0
9594,267737,224273.0
9595,224273,563539.0
9596,563539,68867.0
9597,68867,174894.0
9598,174894,101733.0
9599,101733,538212.0
9600,538212,285578.0
9601,285578,20643.0
9602,20643,309971.0
9603,309971,356267.0
9604,356267,373589.0
9605,373589,926736.0
9606,926736,438563.0
9607,438563,520601.0
9608,520601,1015590.0
9609,1015590,387764.0
9610,387764,241030.0
9611,241030,803786.0
9612,803786,797058.0
9613,797058,386641.0
9614,386641,232906.0
9615,232906,250046.0
9616,250046,814533.0
9617,814533,614089.0
9618,614089,752223.0
9619,752223,173102.0
9620,173102,386781.0
9621,386781,233627.0
9622,233627,382914.0
9623,382914,591632.0
9624,591632,712790.0
9625,712790,239342.0
9626,239342,384737.0
9627,384737,67256.0
9628,67256,671682.0
9629,671682,673667.0
9630,673667,807665.0
9631,807665,68133.0
9632,68133,433479.0
9633,433479,277365.0
9634,277365,312300.0
9635,312300,668623.0
9636,668623,69548.0
9638,69548,388003.0
9639,388003,838006.0
9640,838006,67770.0
9641,67770,67076.0
9642,67076,295163.0
9643,295163,627765.0
9644,627765,301955.0
9645,301955,208644.0
9646,208644,466920.0
9647,466920,373963.0
9648,373963,65317.0
9649,65317,515603.0
9650,515603,410188.0
9651,410188,539735.0
9652,539735,500542.0
9653,500542,661203.0
9654,661203,528454.0
9655,528454,923553.0
9656,923553,884355.0
9657,884355,458279.0
9658,458279,419739.0
9659,419739,250473.0
9660,250473,334734.0
9661,334734,50574.0
9662,50574,120349.0
9663,120349,40265.0
9664,40265,477613.0
9665,477613,544405.0
9666,544405,543488.0
9667,543488,112856.0
9668,112856,176403.0
9669,176403,466299.0
9670,466299,282140.0
9671,282140,95272.0
9672,95272,489649.0
9673,489649,354680.0
9674,354680,304075.0
9675,304075,132598.0
9676,132598,501232.0
9677,501232,638462.0
9678,638462,40265.0
9679,40265,504370.0
9680,504370,739689.0
9681,739689,134571.0
9682,134571,242597.0
9683,242597,587068.0
9684,587068,841176.0
9685,841176,131928.0
9686,131928,533193.0
9687,533193,1094158.0
9688,1094158,555987.0
9689,555987,413264.0
9690,413264,633256.0
9691,633256,7358.0
9692,7358,558895.0
9693,558895,184453.0
9694,184453,581608.0
9695,581608,53378.0
9696,53378,65964.0
9697,65964,941405.0
9698,941405,115890.0
9699,115890,263222.0
9700,263222,200536.0
9701,200536,697357.0
9702,697357,718143.0
9703,718143,611327.0
9704,611327,607073.0
9705,607073,277950.0
9706,277950,266042.0
9707,266042,361356.0
9708,361356,948719.0
9709,948719,480698.0
9710,480698,46500.0
9711,46500,158487.0
9712,158487,1186416.0
9713,1186416,365760.0
9714,365760,1001016.0
9715,1001016,42082.0
9716,42082,563272.0
9717,563272,875596.0
9718,875596,910002.0
9719,910002,673650.0
9720,673650,825534.0
9721,825534,308346.0
9722,308346,521762.0
9723,521762,367872.0
9724,367872,298737.0
9725,298737,284326.0
9726,284326,545783.0
9727,545783,357067.0
9728,357067,611732.0
9729,611732,679429.0
9730,679429,204399.0
9731,204399,681538.0
9732,681538,279913.0
9733,279913,257654.0
9734,257654,330237.0
9735,330237,526352.0
9736,526352,160053.0
9737,160053,17200.0
9738,17200,1058024.0
9739,1058024,511137.0
9740,511137,466739.0
9741,466739,369705.0
9742,369705,510346.0
9743,510346,656905.0
9744,656905,516906.0
9745,516906,771265.0
9746,771265,411476.0
9747,411476,446212.0
9748,446212,472904.0
9749,472904,731537.0
9750,731537,970492.0
9751,970492,676780.0
9752,676780,338295.0
9753,338295,328180.0
9754,328180,271461.0
9755,271461,38916.0
9756,38916,1129680.0
9757,1129680,584855.0
9758,584855,254464.0
9759,254464,425635.0
9760,425635,747996.0
9761,747996,943102.0
9762,943102,30961.0
9763,30961,794504.0
9764,794504,135966.0
9765,135966,511371.0
9766,511371,787772.0
9767,787772,263638.0
9768,263638,537477.0
9769,537477,503528.0
9770,503528,354213.0
9771,354213,575756.0
9772,575756,76120.0
9773,76120,750819.0
9774,750819,301247.0
9775,301247,285660.0
9776,285660,441065.0
9777,441065,83484.0
9778,83484,68539.0
9779,68539,467892.0
9780,467892,562024.0
9781,562024,173011.0
9782,173011,821199.0
9783,821199,584110.0
9784,584110,296915.0
9785,296915,313660.0
9786,313660,511150.0
9787,511150,342913.0
9788,342913,187660.0
9789,187660,677201.0
9790,677201,1105117.0
9791,1105117,437037.0
9794,437037,318876.0
9795,318876,485119.0
9796,485119,559327.0
9797,559327,637309.0
9798,637309,38156.0
9799,38156,339690.0
9800,339690,139526.0
9801,139526,877348.0
9802,877348,784096.0
9803,784096,782760.0
9804,782760,353735.0
9805,353735,587866.0
9806,587866,902043.0
9807,902043,883697.0
9808,883697,718730.0
9809,718730,314121.0
9810,314121,330350.0
9811,330350,967959.0
9812,967959,127198.0
9813,127198,338689.0
9814,338689,583980.0
9815,583980,143334.0
9816,143334,421058.0
9817,421058,82558.0
9818,82558,625065.0
9819,625065,71359.0
9821,71359,378674.0
9822,378674,656221.0
9823,656221,835646.0
9824,835646,303836.0
9825,303836,341072.0
9826,341072,55406.0
9827,55406,388463.0
9828,388463,295940.0
9829,295940,162943.0
9830,162943,310855.0
9831,310855,344364.0
9832,344364,263718.0
9833,263718,814438.0
9834,814438,650890.0
9835,650890,131388.0
9836,131388,483419.0
9837,483419,417720.0
9838,417720,355812.0
9839,355812,697619.0
9840,697619,317601.0
9841,317601,26134.0
9842,26134,524913.0
9843,524913,469070.0
9844,469070,683215.0
9845,683215,217244.0
9846,217244,328058.0
9847,328058,527629.0
9848,527629,584730.0
9849,584730,73080.0
9850,73080,112546.0
9851,112546,668913.0
9852,668913,767517.0
9853,767517,30121.0
9854,30121,183724.0
9855,183724,33628.0
9856,33628,140163.0
9857,140163,27108.0
9858,27108,160454.0
9859,160454,425117.0
9860,425117,963561.0
9861,963561,536391.0
9862,536391,555972.0
9863,555972,586112.0
9864,586112,835240.0
9865,835240,223830.0
9866,223830,562989.0
9867,562989,497495.0
9868,497495,281477.0
9869,281477,786858.0
9870,786858,75195.0
9871,75195,421600.0
9872,421600,887395.0
9873,887395,116596.0
9874,116596,710926.0
9875,710926,122712.0
9876,122712,204912.0
9877,204912,208875.0
9878,208875,107647.0
9879,107647,694859.0
9880,694859,506845.0
9881,506845,650618.0
9882,650618,71517.0
9883,71517,159894.0
9884,159894,323756.0
9885,323756,381921.0
9886,381921,530701.0
9887,530701,439428.0
9888,439428,1154461.0
9889,1154461,344978.0
9890,344978,9937.0
9891,9937,180838.0
9892,180838,842869.0
9893,842869,969716.0
9894,969716,98118.0
9895,98118,207505.0
9896,207505,500618.0
9897,500618,651244.0
9898,651244,57090.0
9899,57090,199209.0
9900,199209,160668.0
9901,160668,518329.0
9902,518329,421331.0
9903,421331,546927.0
9904,546927,612444.0
9905,612444,812805.0
9906,812805,157766.0
9907,157766,490220.0
9908,490220,1071728.0
9909,1071728,51211.0
9910,51211,631702.0
9911,631702,50574.0
9912,50574,600285.0
9913,600285,372055.0
9914,372055,591375.0
9915,591375,16898.0
9916,16898,158487.0
9917,158487,201375.0
9918,201375,272606.0
9919,272606,503551.0
9920,503551,91232.0
9921,91232,532634.0
9922,532634,220165.0
9923,220165,120809.0
9924,120809,513929.0
9925,513929,777431.0
9926,777431,18350.0
9927,18350,125936.0
9928,125936,168176.0
9929,168176,831463.0
9930,831463,825507.0
9931,825507,942014.0
9932,942014,302903.0
9933,302903,919692.0
9934,919692,199388.0
9935,199388,508846.0
9936,508846,921982.0
9937,921982,697861.0
9938,697861,542409.0
9939,542409,1236527.0
9940,1236527,310049.0
9941,310049,384310.0
9942,384310,489217.0
9943,489217,16985.0
9944,16985,79585.0
9945,79585,862998.0
9946,862998,167133.0
9947,167133,152914.0
9948,152914,670135.0
9949,670135,695308.0
9950,695308,704601.0
9951,704601,1049083.0
9952,1049083,634266.0
9953,634266,369820.0
9954,369820,221632.0
9955,221632,81723.0
9956,81723,382298.0
9957,382298,239127.0
9958,239127,185947.0
9959,185947,407342.0
9960,407342,611804.0
9961,611804,719891.0
9962,719891,45616.0
9963,45616,401803.0
9964,401803,65552.0
9965,65552,412015.0
9966,412015,691999.0
9967,691999,32212.0
9968,32212,417930.0
9969,417930,28563.0
9970,28563,80221.0
9971,80221,198616.0
9972,198616,345958.0
9973,345958,1165726.0
9974,1165726,492112.0
9975,492112,209468.0
9976,209468,670613.0
9977,670613,994329.0
9978,994329,357200.0
9979,357200,585615.0
9980,585615,40304.0
9981,40304,183150.0
9982,183150,41844.0
9983,41844,780571.0
9984,780571,540480.0
9985,540480,15478.0
9986,15478,291270.0
9987,291270,624562.0
9988,624562,326547.0
9989,326547,612682.0
9990,612682,670202.0
9991,670202,970941.0
9992,970941,881885.0
9993,881885,193150.0
9994,193150,286398.0
9995,286398,522896.0
9996,522896,615176.0
9997,615176,303219.0
9998,303219,534390.0
9999,534390,269349.0
10000,269349,
