order_id,order_total,previous_order
5001,214935,
5002,53378,214935.0
5003,581273,53378.0
5004,930645,581273.0
5005,205530,930645.0
5006,123634,205530.0
5008,273680,123634.0
5009,918180,273680.0
5010,536276,918180.0
5011,653338,536276.0
5012,427018,653338.0
5013,33911,427018.0
5014,861475,33911.0
5015,589959,861475.0
5016,235119,589959.0
5017,1027818,235119.0
5018,994066,1027818.0
5019,94684,994066.0
5020,127344,94684.0
5021,47605,127344.0
5022,353292,47605.0
5023,877258,353292.0
5024,675217,877258.0
5025,569679,675217.0
5026,285551,569679.0
5027,420440,285551.0
5028,311047,420440.0
5029,26176,311047.0
5030,460159,26176.0
5031,452717,460159.0
5032,408455,452717.0
5033,1194696,408455.0
5034,330828,1194696.0
5035,525242,330828.0
5036,356993,525242.0
5037,1092230,356993.0
5038,386659,1092230.0
5039,261412,386659.0
5040,472866,261412.0
5042,193639,472866.0
5043,797522,193639.0
5044,1445572,797522.0
5045,612967,1445572.0
5046,544457,612967.0
5047,9175,544457.0
5048,38916,9175.0
5049,666852,38916.0
5050,500322,666852.0
5051,618509,500322.0
5052,31445,618509.0
5053,516933,31445.0
5054,506214,516933.0
5056,783840,506214.0
5057,348770,783840.0
5058,220865,348770.0
5059,352147,220865.0
5060,64860,352147.0
5061,759021,64860.0
5062,486941,759021.0
5063,190490,486941.0
5064,838787,190490.0
5065,125325,838787.0
5066,869599,125325.0
5067,75195,869599.0
5068,711543,75195.0
5069,150960,711543.0
5070,1065275,150960.0
5071,396209,1065275.0
5072,665856,396209.0
5073,443610,665856.0
5074,335186,443610.0
5075,99090,335186.0
5076,252672,99090.0
5077,74480,252672.0
5078,1017975,74480.0
5079,336037,1017975.0
5080,378089,336037.0
5081,486163,378089.0
5082,505790,486163.0
5083,345794,505790.0
5084,81920,345794.0
5085,782829,81920.0
5086,281085,782829.0
5087,117522,281085.0
5088,962506,117522.0
5089,305038,962506.0
5090,56733,305038.0
5091,887268,56733.0
5092,374117,887268.0
5093,129886,374117.0
5094,648166,129886.0
5095,610131,648166.0
5096,439160,610131.0
5097,156886,439160.0
5098,613873,156886.0
5099,898347,613873.0
5100,635958,898347.0
5101,584878,635958.0
5102,580037,584878.0
5103,561693,580037.0
5104,291035,561693.0
5105,898130,291035.0
5106,460086,898130.0
5107,340665,460086.0
5108,48871,340665.0
5109,125340,48871.0
5110,392809,125340.0
5111,571129,392809.0
5112,1242159,571129.0
5113,223260,1242159.0
5114,579065,223260.0
5115,350476,579065.0
5116,545412,350476.0
5117,521840,545412.0
5118,154811,521840.0
5119,184068,154811.0
5120,785669,184068.0
5121,146613,785669.0
5122,496956,146613.0
5123,468034,496956.0
5124,861926,468034.0
5125,544592,861926.0
5126,210904,544592.0
5127,39383,210904.0
5128,901019,39383.0
5129,329437,901019.0
5130,516551,329437.0
5131,478195,516551.0
5132,745181,478195.0
5133,821863,745181.0
5134,211255,821863.0
5135,440614,211255.0
5136,120484,440614.0
5137,646126,120484.0
5138,251924,646126.0
5139,800062,251924.0
5140,569264,800062.0
5141,42082,569264.0
5142,152091,42082.0
5143,711942,152091.0
5144,163891,711942.0
5145,732037,163891.0
5146,337772,732037.0
5147,607399,337772.0
5148,393253,607399.0
5149,165233,393253.0
5150,857319,165233.0
5151,69811,857319.0
5152,369997,69811.0
5153,188589,369997.0
5154,627995,188589.0
5155,865146,627995.0
5156,334853,865146.0
5157,439631,334853.0
5158,551008,439631.0
5159,721198,551008.0
5160,649593,721198.0
5161,72397,649593.0
5162,437586,72397.0
5163,223116,437586.0
5164,451581,223116.0
5165,152892,451581.0
5166,185439,152892.0
5167,1268204,185439.0
5168,465579,1268204.0
5169,760512,465579.0
5170,100507,760512.0
5171,583391,100507.0
5172,503265,583391.0
5173,476846,503265.0
5174,489781,476846.0
5175,637323,489781.0
5176,410300,637323.0
5177,141312,410300.0
5178,120484,141312.0
5179,1255154,120484.0
5180,497966,1255154.0
5181,208911,497966.0
5182,690983,208911.0
5183,174217,690983.0
5184,858080,174217.0
5185,1038440,858080.0
5186,263856,1038440.0
5187,228531,263856.0
5188,534461,228531.0
5189,590584,534461.0
5190,962385,590584.0
5191,177916,962385.0
5192,364481,177916.0
5193,1002806,364481.0
5194,543279,1002806.0
5195,98118,543279.0
5196,576959,98118.0
5197,289617,576959.0
5198,606337,289617.0
5199,210721,606337.0
5200,675207,210721.0
5201,357621,675207.0
5202,237329,357621.0
5203,331948,237329.0
5204,132099,331948.0
5205,618038,132099.0
5207,160236,618038.0
5208,488650,160236.0
5210,218492,488650.0
5211,321822,218492.0
5212,21500,321822.0
5213,195870,21500.0
5214,68424,195870.0
5215,199530,68424.0
5216,777826,199530.0
5218,481295,777826.0
5219,198424,481295.0
5220,633560,198424.0
5221,259155,633560.0
5222,641323,259155.0
5223,38916,641323.0
5224,834354,38916.0
5225,132879,834354.0
5226,23217,132879.0
5227,520155,23217.0
5228,714650,520155.0
5229,710474,714650.0
5230,875056,710474.0
5231,558190,875056.0
5232,109918,558190.0
5233,438793,109918.0
5234,693059,438793.0
5235,430364,693059.0
5236,593474,430364.0
5237,1085620,593474.0
5238,279871,1085620.0
5240,95562,279871.0
5241,147178,95562.0
5242,184396,147178.0
5243,289704,184396.0
5244,495600,289704.0
5245,515143,495600.0
5246,188718,515143.0
5247,587142,188718.0
5248,141312,587142.0
5249,200006,141312.0
5250,87027,200006.0
5251,461835,87027.0
5252,387018,461835.0
5253,165960,387018.0
5254,837637,165960.0
5255,153863,837637.0
5256,1432250,153863.0
5257,174590,1432250.0
5258,563323,174590.0
5259,767531,563323.0
5260,498644,767531.0
5261,347900,498644.0
5262,616562,347900.0
5263,714485,616562.0
5264,862554,714485.0
5265,570101,862554.0
5266,512771,570101.0
5267,481422,512771.0
5268,306056,481422.0
5270,550114,306056.0
5271,507828,550114.0
5272,243526,507828.0
5273,452435,243526.0
5274,538511,452435.0
5275,383548,538511.0
5276,440698,383548.0
5277,407741,440698.0
5278,359332,407741.0
5279,319106,359332.0
5280,39748,319106.0
5281,232502,39748.0
5282,369820,232502.0
5283,359651,369820.0
5284,594529,359651.0
5285,368409,594529.0
5286,305144,368409.0
5287,171681,305144.0
5288,154520,171681.0
5289,247554,154520.0
5290,146613,247554.0
5291,392846,146613.0
5292,305557,392846.0
5293,609940,305557.0
5294,154041,609940.0
5295,414119,154041.0
5296,69110,414119.0
5297,723010,69110.0
5298,221221,723010.0
5299,154995,221221.0
5300,376143,154995.0
5301,407518,376143.0
5302,585342,407518.0
5303,388514,585342.0
5304,50707,388514.0
5305,1039280,50707.0
5306,203592,1039280.0
5307,488755,203592.0
5308,461567,488755.0
5309,385530,461567.0
5310,262208,385530.0
5311,318127,262208.0
5312,792846,318127.0
5313,294042,792846.0
5314,378189,294042.0
5315,14716,378189.0
5316,170349,14716.0
5317,545819,170349.0
5318,746979,545819.0
5319,463426,746979.0
5320,651793,463426.0
5321,104704,651793.0
5322,276859,104704.0
5323,99638,276859.0
5324,651634,99638.0
5325,383872,651634.0
5326,102458,383872.0
5327,952772,102458.0
5328,292705,952772.0
5329,818251,292705.0
5330,237057,818251.0
5331,1190121,237057.0
5332,1031567,1190121.0
5333,562123,1031567.0
5334,1041447,562123.0
5335,393804,1041447.0
5336,21800,393804.0
5337,398768,21800.0
5338,422478,398768.0
5339,573468,422478.0
5340,295661,573468.0
5341,648109,295661.0
5342,525742,648109.0
5343,820040,525742.0
5344,176862,820040.0
5346,134152,176862.0
5347,120912,134152.0
5348,692041,120912.0
5349,140836,692041.0
5350,634220,140836.0
5351,860633,634220.0
5352,302407,860633.0
5353,150840,302407.0
5354,957812,150840.0
5355,338515,957812.0
5356,450613,338515.0
5357,81920,450613.0
5358,161541,81920.0
5359,807314,161541.0
5361,116590,807314.0
5362,471648,116590.0
5363,816363,471648.0
5364,222226,816363.0
5365,420221,222226.0
5366,330612,420221.0
5367,780866,330612.0
5368,189499,780866.0
5369,278295,189499.0
5370,235498,278295.0
5371,393784,235498.0
5372,783850,393784.0
5373,53378,783850.0
5374,383141,53378.0
5375,198849,383141.0
5376,1226244,198849.0
5377,596928,1226244.0
5378,321762,596928.0
5379,748263,321762.0
5380,381420,748263.0
5381,130880,381420.0
5382,136218,130880.0
5383,100614,136218.0
5384,666658,100614.0
5385,283693,666658.0
5386,8600,283693.0
5387,397698,8600.0
5388,553584,397698.0
5389,287088,553584.0
5390,120504,287088.0
5391,49924,120504.0
5392,15930,49924.0
5393,186559,15930.0
5394,532545,186559.0
5395,42378,532545.0
5396,663989,42378.0
5397,53946,663989.0
5398,365553,53946.0
5399,441922,365553.0
5400,303136,441922.0
5401,279508,303136.0
5402,190490,279508.0
5403,470452,190490.0
5404,616083,470452.0
5405,9572,616083.0
5406,146045,9572.0
5407,126694,146045.0
5408,113142,126694.0
5409,1417062,113142.0
5410,715506,1417062.0
5411,621139,715506.0
5412,796387,621139.0
5413,899371,796387.0
5414,787647,899371.0
5415,665062,787647.0
5416,335202,665062.0
5417,380200,335202.0
5418,391517,380200.0
5419,723708,391517.0
5420,185104,723708.0
5421,337719,185104.0
5422,196587,337719.0
5423,548106,196587.0
5424,695183,548106.0
5425,82653,695183.0
5426,1069099,82653.0
5427,422466,1069099.0
5428,142586,422466.0
5429,493103,142586.0
5430,540990,493103.0
5431,1176739,540990.0
5432,292560,1176739.0
5433,350476,292560.0
5434,541137,350476.0
5435,593237,541137.0
5436,626445,593237.0
5437,638140,626445.0
5438,291834,638140.0
5439,561524,291834.0
5440,579465,561524.0
5441,726280,579465.0
5442,491974,726280.0
5443,115299,491974.0
5444,711883,115299.0
5445,840654,711883.0
5446,1099306,840654.0
5447,543352,1099306.0
5448,966318,543352.0
5449,456184,966318.0
5450,20480,456184.0
5451,403589,20480.0
5452,62613,403589.0
5453,222684,62613.0
5454,296816,222684.0
5455,532718,296816.0
5456,1020659,532718.0
5457,211866,1020659.0
5458,626322,211866.0
5459,78402,626322.0
5460,257476,78402.0
5462,994544,257476.0
5463,387385,994544.0
5464,268031,387385.0
5465,74271,268031.0
5466,993943,74271.0
5467,202828,993943.0
5468,417148,202828.0
5469,819116,417148.0
5470,873180,819116.0
5471,97996,873180.0
5472,350959,97996.0
5473,61440,350959.0
5474,231411,61440.0
5475,286214,231411.0
5476,271461,286214.0
5477,412826,271461.0
5478,477983,412826.0
5479,427909,477983.0
5480,195364,427909.0
5481,133499,195364.0
5482,10900,133499.0
5483,803503,10900.0
5484,1081281,803503.0
5485,116676,1081281.0
5486,295012,116676.0
5487,131337,295012.0
5488,536561,131337.0
5489,456643,536561.0
5490,793108,456643.0
5491,144345,793108.0
5492,1491527,144345.0
5493,417496,1491527.0
5494,759708,417496.0
5495,560646,759708.0
5496,945333,560646.0
5497,86234,945333.0
5498,138303,86234.0
5499,100614,138303.0
5500,138548,100614.0
5501,610846,138548.0
5502,940763,610846.0
5503,552074,940763.0
5504,791311,552074.0
5505,294053,791311.0
5506,34203,294053.0
5507,509551,34203.0
5508,242831,509551.0
5509,180974,242831.0
5510,985692,180974.0
5511,87951,985692.0
5512,1275991,87951.0
5513,847062,1275991.0
5514,479445,847062.0
5515,114169,479445.0
5516,811074,114169.0
5517,457713,811074.0
5518,97682,457713.0
5519,332323,97682.0
5520,532791,332323.0
5521,750281,532791.0
5522,374332,750281.0
5523,323306,374332.0
5524,951264,323306.0
5525,285802,951264.0
5526,781708,285802.0
5527,1124123,781708.0
5528,336620,1124123.0
5529,542874,336620.0
5530,296945,542874.0
5531,246787,296945.0
5532,333324,246787.0
5533,373054,333324.0
5534,589686,373054.0
5535,1371676,589686.0
5536,697109,1371676.0
5537,330080,697109.0
5538,18350,330080.0
5539,448883,18350.0
5540,161838,448883.0
5541,100884,161838.0
5542,382248,100884.0
5543,402278,382248.0
5544,264145,402278.0
5545,451427,264145.0
5546,8053,451427.0
5547,445055,8053.0
5548,509853,445055.0
5549,640443,509853.0
5550,302067,640443.0
5551,376107,302067.0
5552,609551,376107.0
5553,31625,609551.0
5554,598108,31625.0
5555,413632,598108.0
5557,707084,413632.0
5558,618124,707084.0
5559,229641,618124.0
5560,304574,229641.0
5561,947648,304574.0
5562,979103,947648.0
5563,691752,979103.0
5564,106024,691752.0
5565,446629,106024.0
5566,558588,446629.0
5567,313200,558588.0
5568,58295,313200.0
5569,97197,58295.0
5570,573338,97197.0
5571,864078,573338.0
5572,604250,864078.0
5573,840901,604250.0
5574,618451,840901.0
5575,214824,618451.0
5576,268619,214824.0
5577,603510,268619.0
5578,443162,603510.0
5579,422477,443162.0
5580,816611,422477.0
5581,97996,816611.0
5582,302478,97996.0
5583,126709,302478.0
5584,860063,126709.0
5585,202296,860063.0
5586,514343,202296.0
5587,612721,514343.0
5588,572381,612721.0
5589,299138,572381.0
5590,171606,299138.0
5591,140163,171606.0
5592,577839,140163.0
5593,859896,577839.0
5594,690307,859896.0
5595,554520,690307.0
5596,53706,554520.0
5597,101965,53706.0
5598,339207,101965.0
5599,90487,339207.0
5600,1191064,90487.0
5601,470671,1191064.0
5602,83106,470671.0
5603,254901,83106.0
5604,588182,254901.0
5605,329161,588182.0
5606,18350,329161.0
5607,55288,18350.0
5608,697964,55288.0
5609,233192,697964.0
5610,408798,233192.0
5611,710302,408798.0
5612,1043212,710302.0
5613,268530,1043212.0
5614,277666,268530.0
5615,310905,277666.0
5616,236446,310905.0
5618,266185,236446.0
5619,544620,266185.0
5620,704740,544620.0
5621,177378,704740.0
5622,230166,177378.0
5623,175238,230166.0
5624,774528,175238.0
5625,124819,774528.0
5626,563905,124819.0
5627,526678,563905.0
5628,299125,526678.0
5629,206927,299125.0
5630,653064,206927.0
5631,262857,653064.0
5632,355058,262857.0
5633,59928,355058.0
5634,382220,59928.0
5635,790530,382220.0
5636,362141,790530.0
5637,169555,362141.0
5638,75195,169555.0
5639,51888,75195.0
5641,547983,51888.0
5642,241375,547983.0
5643,164367,241375.0
5644,363851,164367.0
5645,204088,363851.0
5646,736761,204088.0
5647,68301,736761.0
5648,553525,68301.0
5649,73941,553525.0
5650,711294,73941.0
5651,900294,711294.0
5652,56428,900294.0
5653,542548,56428.0
5654,285552,542548.0
5655,400831,285552.0
5656,841344,400831.0
5657,425823,841344.0
5658,419214,425823.0
5659,954308,419214.0
5660,668850,954308.0
5661,1002698,668850.0
5662,278550,1002698.0
5663,841848,278550.0
5664,318579,841848.0
5665,19144,318579.0
5666,603812,19144.0
5667,263718,603812.0
5668,336510,263718.0
5669,383689,336510.0
5670,180900,383689.0
5671,459243,180900.0
5672,336352,459243.0
5673,149336,336352.0
5674,571394,149336.0
5675,694195,571394.0
5676,217889,694195.0
5677,94663,217889.0
5678,561193,94663.0
5679,55678,561193.0
5680,427662,55678.0
5681,272203,427662.0
5682,337350,272203.0
5683,187338,337350.0
5684,234933,187338.0
5685,773150,234933.0
5686,480397,773150.0
5687,267550,480397.0
5688,275005,267550.0
5689,474763,275005.0
5690,570896,474763.0
5691,802928,570896.0
5692,467370,802928.0
5693,554983,467370.0
5694,610817,554983.0
5695,718422,610817.0
5696,779706,718422.0
5697,150115,779706.0
5698,339852,150115.0
5699,99014,339852.0
5700,297120,99014.0
5701,946556,297120.0
5702,225024,946556.0
5703,443618,225024.0
5704,568137,443618.0
5705,308608,568137.0
5706,82572,308608.0
5707,73080,82572.0
5708,677447,73080.0
5709,263933,677447.0
5710,523258,263933.0
5711,911899,523258.0
5712,174768,911899.0
5713,247959,174768.0
5714,100614,247959.0
5715,105550,100614.0
5716,292536,105550.0
5717,477135,292536.0
5718,115471,477135.0
5719,413106,115471.0
5720,100614,413106.0
5721,216153,100614.0
5722,359208,216153.0
5723,241030,359208.0
5724,163227,241030.0
5725,814325,163227.0
5726,629692,814325.0
5727,311253,629692.0
5728,207274,311253.0
5729,266547,207274.0
5730,82558,266547.0
5731,202255,82558.0
5732,647957,202255.0
5733,1051290,647957.0
5734,99014,1051290.0
5735,767268,99014.0
5736,1181208,767268.0
5737,126246,1181208.0
5738,828114,126246.0
5739,87619,828114.0
5740,596510,87619.0
5741,73941,596510.0
5742,646025,73941.0
5743,1150444,646025.0
5744,75644,1150444.0
5745,229998,75644.0
5746,271461,229998.0
5747,528615,271461.0
5748,827300,528615.0
5749,172373,827300.0
5750,443160,172373.0
5751,679151,443160.0
5752,729432,679151.0
5753,169568,729432.0
5754,438765,169568.0
5755,733094,438765.0
5756,162377,733094.0
5757,760903,162377.0
5758,202618,760903.0
5759,163382,202618.0
5760,464964,163382.0
5761,739904,464964.0
5762,356378,739904.0
5763,722399,356378.0
5764,1256853,722399.0
5765,176166,1256853.0
5766,69838,176166.0
5767,502774,69838.0
5768,966161,502774.0
5769,97996,966161.0
5770,246873,97996.0
5771,471478,246873.0
5772,266519,471478.0
5773,192136,266519.0
5774,203867,192136.0
5775,525743,203867.0
5776,78402,525743.0
5777,589079,78402.0
5778,810516,589079.0
5779,717048,810516.0
5780,75195,717048.0
5781,294356,75195.0
5782,12744,294356.0
5783,573229,12744.0
5784,269260,573229.0
5785,46721,269260.0
5786,817079,46721.0
5787,97394,817079.0
5788,397458,97394.0
5789,281077,397458.0
5790,230206,281077.0
5791,77260,230206.0
5792,352852,77260.0
5793,81572,352852.0
5794,8600,81572.0
5795,716913,8600.0
5796,340521,716913.0
5797,3186,340521.0
5799,38084,3186.0
5800,705842,38084.0
5801,478292,705842.0
5802,760820,478292.0
5803,346697,760820.0
5804,396644,346697.0
5805,673837,396644.0
5806,434255,673837.0
5807,708481,434255.0
5808,293430,708481.0
5809,876697,293430.0
5811,90576,876697.0
5812,356682,90576.0
5813,9175,356682.0
5814,229397,9175.0
5815,211963,229397.0
5816,901334,211963.0
5817,433255,901334.0
5818,419958,433255.0
5819,929209,419958.0
5820,1643813,929209.0
5821,97996,1643813.0
5822,258960,97996.0
5823,347462,258960.0
5824,411455,347462.0
5825,130880,411455.0
5826,346628,130880.0
5827,347861,346628.0
5828,338419,347861.0
5829,378940,338419.0
5830,359389,378940.0
5831,881605,359389.0
5832,688321,881605.0
5833,76120,688321.0
5834,775994,76120.0
5835,787102,775994.0
5836,217215,787102.0
5837,1106966,217215.0
5838,45616,1106966.0
5839,494742,45616.0
5840,465024,494742.0
5841,854148,465024.0
5842,184068,854148.0
5843,254801,184068.0
5844,369712,254801.0
5845,562037,369712.0
5846,208040,562037.0
5847,367692,208040.0
5848,249812,367692.0
5849,1036236,249812.0
5850,532543,1036236.0
5851,4300,532543.0
5852,149457,4300.0
5853,583332,149457.0
5854,201945,583332.0
5855,816378,201945.0
5857,204240,816378.0
5858,551043,204240.0
5859,492220,551043.0
5860,332597,492220.0
5861,329164,332597.0
5862,423734,329164.0
5863,219536,423734.0
5864,362700,219536.0
5865,204698,362700.0
5866,655988,204698.0
5867,357588,655988.0
5868,304694,357588.0
5869,764273,304694.0
5870,403871,764273.0
5871,146324,403871.0
5872,579401,146324.0
5873,219548,579401.0
5874,385708,219548.0
5875,191118,385708.0
5876,266057,191118.0
5877,457924,266057.0
5878,336264,457924.0
5879,699103,336264.0
5880,215797,699103.0
5881,234032,215797.0
5882,570790,234032.0
5883,986154,570790.0
5884,235748,986154.0
5885,185451,235748.0
5886,438824,185451.0
5887,448805,438824.0
5888,633016,448805.0
5889,252764,633016.0
5890,183427,252764.0
5891,534454,183427.0
5892,44699,534454.0
5893,617824,44699.0
5894,476512,617824.0
5895,557192,476512.0
5896,959471,557192.0
5897,355256,959471.0
5898,522050,355256.0
5899,696456,522050.0
5900,405062,696456.0
5901,213295,405062.0
5902,286245,213295.0
5903,906051,286245.0
5904,166586,906051.0
5905,385605,166586.0
5906,992755,385605.0
5907,190368,992755.0
5908,270668,190368.0
5909,77260,270668.0
5910,57090,77260.0
5911,691316,57090.0
5912,685280,691316.0
5913,297986,685280.0
5914,53706,297986.0
5915,478508,53706.0
5916,607838,478508.0
5917,385508,607838.0
5918,228656,385508.0
5919,157794,228656.0
5920,517460,157794.0
5921,43443,517460.0
5922,247535,43443.0
5923,617195,247535.0
5924,43600,617195.0
5925,236950,43600.0
5926,20871,236950.0
5927,279315,20871.0
5928,12650,279315.0
5929,657982,12650.0
5930,623418,657982.0
5931,114462,623418.0
5932,214824,114462.0
5933,457831,214824.0
5934,459875,457831.0
5935,267550,459875.0
5936,143034,267550.0
5937,337030,143034.0
5938,204220,337030.0
5939,581409,204220.0
5940,1506330,581409.0
5941,305669,1506330.0
5942,651298,305669.0
5943,345335,651298.0
5944,357585,345335.0
5945,160530,357585.0
5946,215784,160530.0
5947,793741,215784.0
5948,1025692,793741.0
5949,751555,1025692.0
5950,959867,751555.0
5951,452270,959867.0
5952,693856,452270.0
5953,283305,693856.0
5954,499738,283305.0
5955,256662,499738.0
5956,600990,256662.0
5957,425860,600990.0
5958,376472,425860.0
5959,515978,376472.0
5960,108178,515978.0
5961,510436,108178.0
5962,1119455,510436.0
5963,811954,1119455.0
5964,160530,811954.0
5965,1144391,160530.0
5966,228390,1144391.0
5967,257872,228390.0
5968,257748,257872.0
5969,509660,257748.0
5970,351340,509660.0
5971,30956,351340.0
5972,61817,30956.0
5973,252246,61817.0
5974,252491,252246.0
5975,416804,252491.0
5976,247318,416804.0
5977,585401,247318.0
5978,643099,585401.0
5979,524203,643099.0
5980,14616,524203.0
5981,238980,14616.0
5982,27644,238980.0
5983,890220,27644.0
5984,307054,890220.0
5985,22808,307054.0
5986,963241,22808.0
5987,881055,963241.0
5988,150145,881055.0
5989,175584,150145.0
5990,1123701,175584.0
5992,625666,1123701.0
5993,863706,625666.0
5994,1040066,863706.0
5995,447043,1040066.0
5996,186670,447043.0
5997,113316,186670.0
5998,262208,113316.0
5999,192100,262208.0
6000,292261,192100.0
6001,534608,292261.0
6002,790676,534608.0
6003,38620,790676.0
6004,980703,38620.0
6005,175902,980703.0
6006,373371,175902.0
6007,92850,373371.0
6008,552882,92850.0
6009,258939,552882.0
6010,690025,258939.0
6011,956481,690025.0
6012,339685,956481.0
6013,115890,339685.0
6014,980890,115890.0
6015,527028,980890.0
6016,104704,527028.0
6017,309499,104704.0
6018,155603,309499.0
6019,168325,155603.0
6020,574412,168325.0
6021,239805,574412.0
6022,393760,239805.0
6023,391240,393760.0
6024,572516,391240.0
6025,581451,572516.0
6026,670282,581451.0
6027,366026,670282.0
6028,864097,366026.0
6029,52829,864097.0
6030,521992,52829.0
6031,516786,521992.0
6032,797886,516786.0
6033,803573,797886.0
6034,46721,803573.0
6035,885058,46721.0
6036,121904,885058.0
6037,860266,121904.0
6038,472774,860266.0
6039,458856,472774.0
6040,432290,458856.0
6041,636871,432290.0
6042,272368,636871.0
6043,346259,272368.0
6044,689850,346259.0
6045,345771,689850.0
6046,57157,345771.0
6047,205724,57157.0
6048,164626,205724.0
6049,1010838,164626.0
6050,1029697,1010838.0
6051,169763,1029697.0
6052,462113,169763.0
6053,884754,462113.0
6054,599429,884754.0
6055,1616922,599429.0
6056,423160,1616922.0
6057,205598,423160.0
6058,215939,205598.0
6059,83331,215939.0
6060,537805,83331.0
6061,120484,537805.0
6062,391368,120484.0
6063,326892,391368.0
6064,1205361,326892.0
6065,371246,1205361.0
6066,286039,371246.0
6067,255363,286039.0
6068,912537,255363.0
6069,375303,912537.0
6070,336516,375303.0
6071,408942,336516.0
6072,543413,408942.0
6073,767750,543413.0
6074,168804,767750.0
6075,376656,168804.0
6076,157367,376656.0
6077,283590,157367.0
6078,856858,283590.0
6079,713803,856858.0
6080,19078,713803.0
6081,415125,19078.0
6082,195582,415125.0
6083,162734,195582.0
6084,592461,162734.0
6085,934945,592461.0
6086,250235,934945.0
6087,421954,250235.0
6088,759277,421954.0
6089,519992,759277.0
6090,907457,519992.0
6091,176557,907457.0
6092,610747,176557.0
6093,411312,610747.0
6094,38182,411312.0
6095,234532,38182.0
6096,881938,234532.0
6097,612012,881938.0
6098,702867,612012.0
6099,830815,702867.0
6100,322177,830815.0
6101,265789,322177.0
6102,319428,265789.0
6103,656556,319428.0
6104,810010,656556.0
6105,416465,810010.0
6106,212008,416465.0
6107,182735,212008.0
6108,104584,182735.0
6109,156912,104584.0
6110,702877,156912.0
6111,473800,702877.0
6112,693245,473800.0
6113,372035,693245.0
6114,684086,372035.0
6115,709988,684086.0
6116,247036,709988.0
6117,320289,247036.0
6118,252309,320289.0
6119,149805,252309.0
6120,347740,149805.0
6121,475765,347740.0
6122,268874,475765.0
6123,111043,268874.0
6124,387755,111043.0
6125,249735,387755.0
6126,783135,249735.0
6127,15187,783135.0
6128,758432,15187.0
6129,101965,758432.0
6130,458881,101965.0
6131,774651,458881.0
6132,364763,774651.0
6133,873928,364763.0
6134,151506,873928.0
6135,471862,151506.0
6136,620900,471862.0
6137,251280,620900.0
6138,301359,251280.0
6139,369552,301359.0
6140,166662,369552.0
6141,39848,166662.0
6142,706195,39848.0
6143,852617,706195.0
6144,477330,852617.0
6145,539778,477330.0
6146,102609,539778.0
6147,655137,102609.0
6148,441065,655137.0
6149,50063,441065.0
6150,401063,50063.0
6151,630477,401063.0
6152,523887,630477.0
6153,769040,523887.0
6154,298771,769040.0
6155,649128,298771.0
6156,522935,649128.0
6157,527549,522935.0
6158,811872,527549.0
6159,874349,811872.0
6160,303966,874349.0
6161,1274019,303966.0
6162,509381,1274019.0
6163,985473,509381.0
6164,663959,985473.0
6165,565393,663959.0
6166,473328,565393.0
6167,100094,473328.0
6168,592228,100094.0
6169,625304,592228.0
6170,573477,625304.0
6171,399582,573477.0
6172,383515,399582.0
6173,389294,383515.0
6174,405951,389294.0
6175,362082,405951.0
6176,744331,362082.0
6177,383086,744331.0
6178,729623,383086.0
6179,397192,729623.0
6180,1052365,397192.0
6181,474639,1052365.0
6182,20414,474639.0
6183,542359,20414.0
6184,458162,542359.0
6185,309275,458162.0
6186,175807,309275.0
6187,710090,175807.0
6188,171473,710090.0
6189,329273,171473.0
6190,69740,329273.0
6191,493569,69740.0
6192,489767,493569.0
6193,550571,489767.0
6194,609332,550571.0
6195,901377,609332.0
6196,30374,901377.0
6197,25842,30374.0
6198,186670,25842.0
6199,136793,186670.0
6200,319960,136793.0
6201,355866,319960.0
6202,357800,355866.0
6203,152888,357800.0
6204,434158,152888.0
6205,813137,434158.0
6206,606521,813137.0
6207,267550,606521.0
6208,424976,267550.0
6209,104734,424976.0
6210,650511,104734.0
6211,321792,650511.0
6212,450120,321792.0
6213,442703,450120.0
6214,506640,442703.0
6215,243847,506640.0
6216,57090,243847.0
6217,55792,57090.0
6218,436315,55792.0
6219,394428,436315.0
6220,520535,394428.0
6221,587718,520535.0
6222,490315,587718.0
6223,784841,490315.0
6224,65552,784841.0
6225,405472,65552.0
6226,381853,405472.0
6227,766708,381853.0
6228,459152,766708.0
6229,664195,459152.0
6230,679303,664195.0
6231,522756,679303.0
6232,652996,522756.0
6233,236161,652996.0
6234,391569,236161.0
6235,39174,391569.0
6236,686756,39174.0
6237,707233,686756.0
6238,651369,707233.0
6239,504090,651369.0
6240,330310,504090.0
6241,991655,330310.0
6242,232203,991655.0
6243,191124,232203.0
6244,822013,191124.0
6245,872097,822013.0
6246,352182,872097.0
6247,101965,352182.0
6248,139672,101965.0
6249,99690,139672.0
6250,774871,99690.0
6251,24159,774871.0
6252,334054,24159.0
6253,438323,334054.0
6254,393368,438323.0
6255,1128231,393368.0
6256,712068,1128231.0
6257,580718,712068.0
6258,678465,580718.0
6259,673716,678465.0
6260,416278,673716.0
6261,509918,416278.0
6262,698492,509918.0
6263,568199,698492.0
6264,434444,568199.0
6265,414337,434444.0
6266,579378,414337.0
6267,383224,579378.0
6268,974193,383224.0
6269,155863,974193.0
6270,393797,155863.0
6271,991927,393797.0
6272,174376,991927.0
6273,114258,174376.0
6274,819734,114258.0
6275,715834,819734.0
6276,87619,715834.0
6277,245853,87619.0
6278,432116,245853.0
6279,43410,432116.0
6280,317548,43410.0
6281,807189,317548.0
6282,100260,807189.0
6283,112856,100260.0
6284,339580,112856.0
6285,619029,339580.0
6286,747006,619029.0
6287,198057,747006.0
6288,475920,198057.0
6289,136199,475920.0
6290,27703,136199.0
6291,393298,27703.0
6292,83331,393298.0
6293,674134,83331.0
6294,564699,674134.0
6295,550132,564699.0
6296,394466,550132.0
6297,84387,394466.0
6298,1165972,84387.0
6299,384108,1165972.0
6300,761400,384108.0
6301,152888,761400.0
6302,613711,152888.0
6303,405899,613711.0
6304,613354,405899.0
6305,286287,613354.0
6306,871291,286287.0
6307,804149,871291.0
6308,552651,804149.0
6309,413667,552651.0
6310,1056507,413667.0
6311,231122,1056507.0
6312,185700,231122.0
6313,112178,185700.0
6314,912989,112178.0
6315,829213,912989.0
6316,175238,829213.0
6317,299408,175238.0
6318,259181,299408.0
6319,52158,259181.0
6320,878640,52158.0
6321,192892,878640.0
6322,1044740,192892.0
6323,166586,1044740.0
6324,331830,166586.0
6325,589021,331830.0
6326,512664,589021.0
6327,629459,512664.0
6328,73384,629459.0
6329,269890,73384.0
6330,514730,269890.0
6331,535180,514730.0
6332,330612,535180.0
6333,645088,330612.0
6334,101148,645088.0
6335,381448,101148.0
6336,603381,381448.0
6337,92424,603381.0
6338,162060,92424.0
6339,242924,162060.0
6340,637974,242924.0
6341,214946,637974.0
6342,676914,214946.0
6343,678159,676914.0
6344,289925,678159.0
6345,43600,289925.0
6346,353960,43600.0
6347,158487,353960.0
6348,330048,158487.0
6349,626068,330048.0
6350,287862,626068.0
6351,67822,287862.0
6352,374198,67822.0
6353,269283,374198.0
6354,275796,269283.0
6355,581387,275796.0
6356,447287,581387.0
6357,145276,447287.0
6358,620410,145276.0
6359,225712,620410.0
6360,337336,225712.0
6361,929683,337336.0
6362,56021,929683.0
6363,182000,56021.0
6364,586236,182000.0
6365,536281,586236.0
6366,767424,536281.0
6367,176606,767424.0
6368,873329,176606.0
6369,459243,873329.0
6370,839878,459243.0
6371,894209,839878.0
6372,1184364,894209.0
6373,237328,1184364.0
6374,1200613,237328.0
6375,289588,1200613.0
6376,882118,289588.0
6377,631163,882118.0
6378,32700,631163.0
6379,438426,32700.0
6380,809907,438426.0
6382,161216,809907.0
6383,411015,161216.0
6384,690445,411015.0
6385,418878,690445.0
6386,484005,418878.0
6387,282278,484005.0
6388,624565,282278.0
6389,260211,624565.0
6390,1139527,260211.0
6391,279557,1139527.0
6392,129210,279557.0
6393,48841,129210.0
6394,485776,48841.0
6395,697943,485776.0
6396,1035572,697943.0
6397,964575,1035572.0
6398,304445,964575.0
6399,778181,304445.0
6400,159011,778181.0
6401,144960,159011.0
6402,215557,144960.0
6403,604208,215557.0
6404,114040,604208.0
6405,160530,114040.0
6406,692696,160530.0
6407,534295,692696.0
6408,1224337,534295.0
6409,791938,1224337.0
6410,542779,791938.0
6411,56021,542779.0
6412,366537,56021.0
6413,598630,366537.0
6414,185451,598630.0
6415,317418,185451.0
6416,137940,317418.0
6417,167899,137940.0
6418,346304,167899.0
6419,249938,346304.0
6420,840962,249938.0
6421,652130,840962.0
6422,539615,652130.0
6423,473096,539615.0
6424,830582,473096.0
6425,169555,830582.0
6426,30192,169555.0
6427,400781,30192.0
6428,607495,400781.0
6429,408788,607495.0
6430,537836,408788.0
6431,1143615,537836.0
6432,548516,1143615.0
6433,139672,548516.0
6434,276446,139672.0
6435,349468,276446.0
6436,255667,349468.0
6437,728520,255667.0
6438,375082,728520.0
6439,28940,375082.0
6440,151722,28940.0
6441,548152,151722.0
6442,88951,548152.0
6443,1164699,88951.0
6444,785379,1164699.0
6445,376036,785379.0
6446,76120,376036.0
6447,785589,76120.0
6448,49530,785589.0
6449,73080,49530.0
6450,18350,73080.0
6451,252264,18350.0
6452,97370,252264.0
6453,548886,97370.0
6454,263958,548886.0
6455,471229,263958.0
6456,299786,471229.0
6457,1069860,299786.0
6458,557267,1069860.0
6459,548746,557267.0
6460,564654,548746.0
6461,563177,564654.0
6462,784955,563177.0
6463,257748,784955.0
6464,219734,257748.0
6465,618321,219734.0
6466,751438,618321.0
6467,988086,751438.0
6468,468515,988086.0
6469,1051580,468515.0
6470,573012,1051580.0
6471,305250,573012.0
6472,301904,305250.0
6473,115890,301904.0
6474,408156,115890.0
6475,37240,408156.0
6476,388545,37240.0
6477,427416,388545.0
6479,361948,427416.0
6480,602876,361948.0
6481,436372,602876.0
6482,814903,436372.0
6483,42778,814903.0
6484,772141,42778.0
6485,103368,772141.0
6486,152888,103368.0
6487,384091,152888.0
6488,168140,384091.0
6489,437127,168140.0
6490,1156388,437127.0
6491,362648,1156388.0
6492,332484,362648.0
6493,557287,332484.0
6494,1047703,557287.0
6495,639576,1047703.0
6496,367945,639576.0
6497,729775,367945.0
6498,271461,729775.0
6499,266541,271461.0
6500,160619,266541.0
6501,600781,160619.0
6502,518486,600781.0
6503,971523,518486.0
6504,303794,971523.0
6505,123830,303794.0
6506,31445,123830.0
6507,601819,31445.0
6508,464324,601819.0
6509,98118,464324.0
6510,146123,98118.0
6511,735681,146123.0
6512,794598,735681.0
6513,445356,794598.0
6514,1204393,445356.0
6515,344597,1204393.0
6516,37334,344597.0
6517,14716,37334.0
6518,321676,14716.0
6519,653102,321676.0
6520,134152,653102.0
6521,948251,134152.0
6522,63778,948251.0
6523,438362,63778.0
6524,103368,438362.0
6525,53510,103368.0
6526,39848,53510.0
6527,267550,39848.0
6528,334552,267550.0
6529,685677,334552.0
6530,564389,685677.0
6531,599677,564389.0
6532,647475,599677.0
6533,443382,647475.0
6534,536949,443382.0
6535,719214,536949.0
6536,274435,719214.0
6537,77260,274435.0
6538,265304,77260.0
6539,939837,265304.0
6540,65964,939837.0
6541,252729,65964.0
6542,405565,252729.0
6543,320575,405565.0
6544,378308,320575.0
6545,171278,378308.0
6546,198886,171278.0
6547,254721,198886.0
6548,45561,254721.0
6549,647035,45561.0
6550,498945,647035.0
6551,881873,498945.0
6552,716736,881873.0
6553,506859,716736.0
6554,150684,506859.0
6555,414392,150684.0
6556,1261338,414392.0
6557,519831,1261338.0
6558,437804,519831.0
6559,828239,437804.0
6560,897009,828239.0
6561,823754,897009.0
6562,20871,823754.0
6563,252704,20871.0
6564,192071,252704.0
6565,201575,192071.0
6566,616049,201575.0
6567,567845,616049.0
6568,267166,567845.0
6569,176426,267166.0
6570,875572,176426.0
6571,637243,875572.0
6572,1065593,637243.0
6573,912677,1065593.0
6574,500567,912677.0
6575,339234,500567.0
6576,630836,339234.0
6577,637333,630836.0
6578,462217,637333.0
6579,146994,462217.0
6580,173862,146994.0
6581,942002,173862.0
6582,282354,942002.0
6583,37822,282354.0
6584,16898,37822.0
6585,185432,16898.0
6586,424892,185432.0
6587,865853,424892.0
6588,415488,865853.0
6589,276978,415488.0
6590,268071,276978.0
6591,630107,268071.0
6592,528735,630107.0
6593,273898,528735.0
6594,196517,273898.0
6595,479201,196517.0
6596,546826,479201.0
6597,935064,546826.0
6598,444309,935064.0
6599,27644,444309.0
6600,689222,27644.0
6601,304583,689222.0
6602,551103,304583.0
6603,144936,551103.0
6604,108048,144936.0
6605,508258,108048.0
6606,653757,508258.0
6607,170090,653757.0
6608,294829,170090.0
6609,1083450,294829.0
6610,425998,1083450.0
6611,83106,425998.0
6612,78590,83106.0
6613,1096579,78590.0
6614,174590,1096579.0
6615,416430,174590.0
6616,751680,416430.0
6617,250465,751680.0
6618,321613,250465.0
6619,671972,321613.0
6620,90576,671972.0
6621,517235,90576.0
6622,403239,517235.0
6623,84939,403239.0
6624,447269,84939.0
6625,508679,447269.0
6626,838670,508679.0
6627,890962,838670.0
6628,665553,890962.0
6629,982548,665553.0
6630,567806,982548.0
6631,937759,567806.0
6632,192622,937759.0
6633,329726,192622.0
6634,1196477,329726.0
6635,879843,1196477.0
6636,125325,879843.0
6637,1047713,125325.0
6638,335192,1047713.0
6639,451003,335192.0
6640,142500,451003.0
6641,583642,142500.0
6642,506093,583642.0
6643,161541,506093.0
6644,1031663,161541.0
6645,394470,1031663.0
6646,469140,394470.0
6647,280284,469140.0
6648,130934,280284.0
6649,16106,130934.0
6650,783453,16106.0
6651,67940,783453.0
6652,244640,67940.0
6653,149336,244640.0
6654,689077,149336.0
6655,77260,689077.0
6656,804156,77260.0
6657,262208,804156.0
6658,782519,262208.0
6659,559329,782519.0
6660,539715,559329.0
6661,887195,539715.0
6662,688020,887195.0
6663,317823,688020.0
6664,885328,317823.0
6665,924815,885328.0
6666,658518,924815.0
6667,78402,658518.0
6668,94900,78402.0
6669,651498,94900.0
6670,457639,651498.0
6671,425997,457639.0
6672,650355,425997.0
6673,48841,650355.0
6674,360216,48841.0
6675,167690,360216.0
6676,65313,167690.0
6677,206412,65313.0
6678,186827,206412.0
6679,195257,186827.0
6680,291942,195257.0
6681,614231,291942.0
6682,322377,614231.0
6683,544774,322377.0
6684,569606,544774.0
6685,339852,569606.0
6686,107020,339852.0
6687,1044461,107020.0
6688,83109,1044461.0
6689,282166,83109.0
6690,371398,282166.0
6691,142134,371398.0
6692,822753,142134.0
6693,92765,822753.0
6694,842866,92765.0
6695,121714,842866.0
6696,283989,121714.0
6697,820263,283989.0
6698,430356,820263.0
6699,336930,430356.0
6700,166662,336930.0
6701,645423,166662.0
6702,197926,645423.0
6703,42082,197926.0
6704,149457,42082.0
6705,634541,149457.0
6706,268326,634541.0
6707,493545,268326.0
6708,468309,493545.0
6709,426856,468309.0
6710,487877,426856.0
6711,336352,487877.0
6712,288909,336352.0
6713,1127304,288909.0
6714,520657,1127304.0
6715,603259,520657.0
6716,617356,603259.0
6717,140745,617356.0
6718,264639,140745.0
6719,217911,264639.0
6720,590241,217911.0
6721,647677,590241.0
6722,62890,647677.0
6723,870391,62890.0
6724,444410,870391.0
6725,267667,444410.0
6726,494547,267667.0
6727,367208,494547.0
6728,471861,367208.0
6729,565408,471861.0
6730,7724,565408.0
6731,352848,7724.0
6732,69110,352848.0
6733,325866,69110.0
6734,655126,325866.0
6735,202828,655126.0
6736,215875,202828.0
6737,260301,215875.0
6738,220146,260301.0
6739,655310,220146.0
6740,543013,655310.0
6741,584775,543013.0
6742,575771,584775.0
6743,535215,575771.0
6744,106480,535215.0
6745,448805,106480.0
6746,349279,448805.0
6747,541085,349279.0
6748,100260,541085.0
6749,84046,100260.0
6750,175812,84046.0
6751,913169,175812.0
6752,45875,913169.0
6753,798519,45875.0
6754,351654,798519.0
6755,693128,351654.0
6756,185655,693128.0
6757,185968,185655.0
6758,243233,185968.0
6759,220976,243233.0
6760,211432,220976.0
6761,731598,211432.0
6762,312062,731598.0
6763,278936,312062.0
6764,38948,278936.0
6765,199263,38948.0
6766,298844,199263.0
6767,914755,298844.0
6768,134073,914755.0
6769,19091,134073.0
6770,812979,19091.0
6771,408436,812979.0
6772,67592,408436.0
6773,9558,67592.0
6774,269283,9558.0
6775,264665,269283.0
6776,290718,264665.0
6777,685259,290718.0
6778,467690,685259.0
6779,490085,467690.0
6780,228608,490085.0
6781,262978,228608.0
6782,372772,262978.0
6783,382386,372772.0
6784,294356,382386.0
6785,516081,294356.0
6786,848581,516081.0
6787,636722,848581.0
6788,401670,636722.0
6789,157553,401670.0
6790,339699,157553.0
6791,355913,339699.0
6792,295400,355913.0
6793,277773,295400.0
6795,696172,277773.0
6796,410135,696172.0
6797,312360,410135.0
6798,294189,312360.0
6799,1172755,294189.0
6800,149457,1172755.0
6801,621619,149457.0
6802,360908,621619.0
6803,288105,360908.0
6804,404225,288105.0
6805,1026223,404225.0
6806,220497,1026223.0
6807,645470,220497.0
6808,736485,645470.0
6809,101965,736485.0
6810,781438,101965.0
6811,485342,781438.0
6812,397884,485342.0
6813,731346,397884.0
6814,408655,731346.0
6815,377995,408655.0
6816,633951,377995.0
6817,78402,633951.0
6818,206362,78402.0
6819,1012471,206362.0
6820,127076,1012471.0
6821,305105,127076.0
6822,28563,305105.0
6823,604907,28563.0
6824,146128,604907.0
6825,33911,146128.0
6826,980112,33911.0
6827,176430,980112.0
6828,525745,176430.0
6829,925765,525745.0
6830,328463,925765.0
6831,41742,328463.0
6832,403678,41742.0
6833,265868,403678.0
6834,497125,265868.0
6835,395664,497125.0
6836,143508,395664.0
6837,954415,143508.0
6838,308703,954415.0
6839,582805,308703.0
6840,601397,582805.0
6841,315467,601397.0
6842,37822,315467.0
6843,862643,37822.0
6844,47342,862643.0
6845,582714,47342.0
6846,813556,582714.0
6847,203020,813556.0
6848,439644,203020.0
6849,745040,439644.0
6850,581961,745040.0
6851,345624,581961.0
6852,103368,345624.0
6853,478324,103368.0
6854,718305,478324.0
6855,330902,718305.0
6856,303534,330902.0
6857,401327,303534.0
6858,184908,401327.0
6859,139502,184908.0
6860,148289,139502.0
6861,938118,148289.0
6862,472841,938118.0
6863,102069,472841.0
6864,656761,102069.0
6865,38630,656761.0
6866,13948,38630.0
6867,124717,13948.0
6868,572246,124717.0
6869,65552,572246.0
6870,632386,65552.0
6871,552848,632386.0
6872,41844,552848.0
6873,701272,41844.0
6874,165306,701272.0
6875,506246,165306.0
6876,554512,506246.0
6877,460690,554512.0
6878,1668810,460690.0
6879,99701,1668810.0
6880,491840,99701.0
6881,259916,491840.0
6882,49685,259916.0
6883,9937,49685.0
6884,268073,9937.0
6885,28940,268073.0
6886,441065,28940.0
6887,61356,441065.0
6888,1186973,61356.0
6889,390776,1186973.0
6890,94663,390776.0
6891,503533,94663.0
6892,111786,503533.0
6893,107706,111786.0
6894,37334,107706.0
6895,83109,37334.0
6896,305250,83109.0
6897,207193,305250.0
6898,407381,207193.0
6899,545789,407381.0
6900,396071,545789.0
6901,782586,396071.0
6902,97370,782586.0
6903,250830,97370.0
6904,483555,250830.0
6905,146613,483555.0
6906,195484,146613.0
6907,256055,195484.0
6908,784121,256055.0
6909,731806,784121.0
6910,350467,731806.0
6911,490746,350467.0
6912,745417,490746.0
6913,424580,745417.0
6914,416655,424580.0
6915,581273,416655.0
6916,557215,581273.0
6917,174894,557215.0
6918,9937,174894.0
6919,884581,9937.0
6920,286680,884581.0
6921,132390,286680.0
6922,810145,132390.0
6923,269235,810145.0
6924,262857,269235.0
6925,403304,262857.0
6926,32700,403304.0
6927,135955,32700.0
6928,283465,135955.0
6929,187460,283465.0
6930,845839,187460.0
6931,749323,845839.0
6932,363869,749323.0
6933,187679,363869.0
6934,798036,187679.0
6935,209433,798036.0
6936,346101,209433.0
6937,386931,346101.0
6938,94335,386931.0
6939,566729,94335.0
6940,802818,566729.0
6941,84756,802818.0
6942,436007,84756.0
6943,433158,436007.0
6944,343612,433158.0
6945,471560,343612.0
6946,394470,471560.0
6947,86941,394470.0
6948,116596,86941.0
6949,303168,116596.0
6950,947700,303168.0
6951,83106,947700.0
6952,1110012,83106.0
6953,362803,1110012.0
6954,694296,362803.0
6955,350043,694296.0
6956,421564,350043.0
6957,365766,421564.0
6958,848856,365766.0
6959,195500,848856.0
6960,354914,195500.0
6961,257155,354914.0
6962,639087,257155.0
6963,754750,639087.0
6964,730480,754750.0
6965,318610,730480.0
6966,434199,318610.0
6967,545172,434199.0
6968,744930,545172.0
6969,252375,744930.0
6970,996365,252375.0
6971,540949,996365.0
6972,201520,540949.0
6973,130689,201520.0
6974,698524,130689.0
6975,215784,698524.0
6976,1030505,215784.0
6977,542774,1030505.0
6978,263718,542774.0
6979,263327,263718.0
6980,42378,263327.0
6981,318070,42378.0
6982,615736,318070.0
6983,163332,615736.0
6984,83741,163332.0
6985,479490,83741.0
6986,828818,479490.0
6987,402266,828818.0
6988,901346,402266.0
6989,192544,901346.0
6990,77526,192544.0
6991,393381,77526.0
6992,577551,393381.0
6993,669378,577551.0
6994,274722,669378.0
6995,57012,274722.0
6996,240550,57012.0
6997,325053,240550.0
6998,187840,325053.0
6999,599582,187840.0
7001,238481,599582.0
7002,732223,238481.0
7003,158487,732223.0
7004,194730,158487.0
7006,945321,194730.0
7007,755285,945321.0
7008,65412,755285.0
7009,222925,65412.0
7010,554800,222925.0
7011,109964,554800.0
7012,44444,109964.0
7013,74480,44444.0
7014,1125641,74480.0
7015,38916,1125641.0
7016,20393,38916.0
7017,360099,20393.0
7018,727173,360099.0
7019,112066,727173.0
7020,355926,112066.0
7021,146316,355926.0
7022,366038,146316.0
7023,405381,366038.0
7024,366800,405381.0
7025,408472,366800.0
7026,95245,408472.0
7027,411757,95245.0
7028,80067,411757.0
7029,49507,80067.0
7030,789974,49507.0
7031,291911,789974.0
7032,220833,291911.0
7033,174642,220833.0
7034,652391,174642.0
7035,1178688,652391.0
7036,282856,1178688.0
7037,941618,282856.0
7038,274391,941618.0
7039,60242,274391.0
7040,52047,60242.0
7041,103368,52047.0
7042,565313,103368.0
7043,1338595,565313.0
7044,212701,1338595.0
7045,7739,212701.0
7046,187660,7739.0
7047,522233,187660.0
7048,519917,522233.0
7049,703669,519917.0
7050,591225,703669.0
7051,503549,591225.0
7052,580958,503549.0
7053,402797,580958.0
7054,319854,402797.0
7055,278550,319854.0
7056,329890,278550.0
7057,535159,329890.0
7058,333841,535159.0
7059,545877,333841.0
7060,1275800,545877.0
7061,101323,1275800.0
7062,662470,101323.0
7063,806569,662470.0
7064,116498,806569.0
7065,291937,116498.0
7066,608379,291937.0
7067,1442141,608379.0
7068,259342,1442141.0
7069,176024,259342.0
7070,9175,176024.0
7071,299024,9175.0
7072,147882,299024.0
7073,384176,147882.0
7074,569365,384176.0
7075,119420,569365.0
7076,505685,119420.0
7077,122712,505685.0
7078,379274,122712.0
7079,103491,379274.0
7080,604362,103491.0
7081,8600,604362.0
7082,646838,8600.0
7083,215673,646838.0
7084,391240,215673.0
7085,535728,391240.0
7086,67584,535728.0
7087,815244,67584.0
7088,929687,815244.0
7089,1230224,929687.0
7090,697822,1230224.0
7091,279878,697822.0
7092,400554,279878.0
7093,67414,400554.0
7094,62613,67414.0
7096,301030,62613.0
7097,375885,301030.0
7098,76514,375885.0
7099,273078,76514.0
7100,542215,273078.0
7101,483223,542215.0
7102,76514,483223.0
7103,779235,76514.0
7104,471829,779235.0
7105,350486,471829.0
7106,650475,350486.0
7107,421759,650475.0
7108,259014,421759.0
7109,15448,259014.0
7110,107694,15448.0
7111,343268,107694.0
7113,310500,343268.0
7114,688671,310500.0
7115,621351,688671.0
7116,427618,621351.0
7117,259800,427618.0
7118,361948,259800.0
7119,528892,361948.0
7120,249095,528892.0
7121,217580,249095.0
7122,274137,217580.0
7123,619690,274137.0
7124,371105,619690.0
7125,336485,371105.0
7126,883179,336485.0
7127,180034,883179.0
7128,564777,180034.0
7129,443358,564777.0
7130,64860,443358.0
7131,34743,64860.0
7132,549196,34743.0
7133,560345,549196.0
7134,41844,560345.0
7135,854603,41844.0
7136,1099190,854603.0
7137,581645,1099190.0
7138,717408,581645.0
7139,507871,717408.0
7140,318973,507871.0
7141,477810,318973.0
7142,629829,477810.0
7143,774350,629829.0
7144,400614,774350.0
7145,751190,400614.0
7146,273117,751190.0
7147,543745,273117.0
7148,462416,543745.0
7149,1128639,462416.0
7150,367945,1128639.0
7151,642395,367945.0
7152,49819,642395.0
7153,492500,49819.0
7154,377258,492500.0
7155,618336,377258.0
7156,659493,618336.0
7157,1032313,659493.0
7158,420194,1032313.0
7159,693740,420194.0
7160,342670,693740.0
7161,233544,342670.0
7162,31445,233544.0
7163,248872,31445.0
7164,554796,248872.0
7165,796556,554796.0
7166,264997,796556.0
7167,911108,264997.0
7168,892452,911108.0
7169,649487,892452.0
7170,76514,649487.0
7171,40662,76514.0
7172,1203766,40662.0
7173,394504,1203766.0
7174,289074,394504.0
7175,348066,289074.0
7176,82653,348066.0
7177,580438,82653.0
7178,752420,580438.0
7179,658023,752420.0
7180,327725,658023.0
7181,791496,327725.0
7182,492790,791496.0
7183,189326,492790.0
7184,260211,189326.0
7185,279244,260211.0
7186,577735,279244.0
7187,26176,577735.0
7188,840249,26176.0
7189,695138,840249.0
7190,385446,695138.0
7191,350476,385446.0
7192,67256,350476.0
7193,553424,67256.0
7194,700543,553424.0
7195,298556,700543.0
7196,758719,298556.0
7197,268370,758719.0
7198,100260,268370.0
7199,462275,100260.0
7200,470747,462275.0
7201,174894,470747.0
7202,546677,174894.0
7203,9962,546677.0
7204,1027962,9962.0
7205,490315,1027962.0
7206,277425,490315.0
7207,496349,277425.0
7208,417415,496349.0
7209,578436,417415.0
7210,574810,578436.0
7211,276025,574810.0
7212,736778,276025.0
7213,756226,736778.0
7214,249624,756226.0
7215,680725,249624.0
7216,489578,680725.0
7217,462505,489578.0
7218,483860,462505.0
7219,295876,483860.0
7220,607698,295876.0
7221,204356,607698.0
7222,72397,204356.0
7223,715232,72397.0
7224,547967,715232.0
7225,147178,547967.0
7226,374859,147178.0
7227,321115,374859.0
7228,3679,321115.0
7229,393784,3679.0
7230,755149,393784.0
7231,415314,755149.0
7232,1011376,415314.0
7233,537227,1011376.0
7234,368516,537227.0
7235,751223,368516.0
7236,982240,751223.0
7237,422697,982240.0
7238,230608,422697.0
7239,19924,230608.0
7240,112042,19924.0
7241,941548,112042.0
7242,116428,941548.0
7243,1038219,116428.0
7244,242753,1038219.0
7245,200640,242753.0
7246,692893,200640.0
7247,539581,692893.0
7248,221589,539581.0
7249,495014,221589.0
7250,601544,495014.0
7251,438417,601544.0
7252,144577,438417.0
7253,428821,144577.0
7254,190234,428821.0
7255,601861,190234.0
7256,575032,601861.0
7257,1112882,575032.0
7258,669082,1112882.0
7259,890965,669082.0
7260,942060,890965.0
7261,333324,942060.0
7262,340665,333324.0
7263,38695,340665.0
7264,627645,38695.0
7265,838129,627645.0
7266,518244,838129.0
7267,771929,518244.0
7268,367945,771929.0
7269,456848,367945.0
7270,703458,456848.0
7271,174323,703458.0
7272,1023394,174323.0
7273,259569,1023394.0
7274,124622,259569.0
7275,78237,124622.0
7276,1434520,78237.0
7277,1263479,1434520.0
7278,417226,1263479.0
7279,446082,417226.0
7280,518645,446082.0
7281,508655,518645.0
7282,125780,508655.0
7283,279789,125780.0
7284,191695,279789.0
7285,481305,191695.0
7286,1157330,481305.0
7287,1186267,1157330.0
7288,502588,1186267.0
7289,758867,502588.0
7290,613154,758867.0
7291,940777,613154.0
7292,683157,940777.0
7293,555088,683157.0
7294,825600,555088.0
7295,55863,825600.0
7296,279628,55863.0
7297,195503,279628.0
7298,249409,195503.0
7299,154520,249409.0
7300,916342,154520.0
7301,491005,916342.0
7302,71517,491005.0
7303,582984,71517.0
7304,772669,582984.0
7305,372012,772669.0
7306,480517,372012.0
7307,486402,480517.0
7308,90576,486402.0
7309,1043119,90576.0
7310,181679,1043119.0
7311,794395,181679.0
7312,93830,794395.0
7313,116590,93830.0
7314,746665,116590.0
7315,50604,746665.0
7316,291475,50604.0
7317,1204213,291475.0
7318,340665,1204213.0
7319,291248,340665.0
7320,286555,291248.0
7321,969849,286555.0
7322,804604,969849.0
7323,424033,804604.0
7324,563028,424033.0
7325,208184,563028.0
7326,869061,208184.0
7327,215784,869061.0
7328,509128,215784.0
7329,445887,509128.0
7330,286398,445887.0
7331,606918,286398.0
7332,122712,606918.0
7333,176426,122712.0
7334,116428,176426.0
7335,881462,116428.0
7336,411486,881462.0
7337,739210,411486.0
7338,617710,739210.0
7339,495603,617710.0
7340,799526,495603.0
7341,515306,799526.0
7342,346948,515306.0
7343,219096,346948.0
7344,546639,219096.0
7345,573433,546639.0
7346,1137478,573433.0
7347,1035976,1137478.0
7348,73080,1035976.0
7349,107748,73080.0
7350,1028179,107748.0
7351,180146,1028179.0
7352,632432,180146.0
7353,280373,632432.0
7354,445142,280373.0
7355,415530,445142.0
7356,77733,415530.0
7357,36630,77733.0
7358,131104,36630.0
7359,94663,131104.0
7360,383716,94663.0
7361,877681,383716.0
7362,349449,877681.0
7363,609418,349449.0
7364,987616,609418.0
7365,303281,987616.0
7366,897188,303281.0
7367,956698,897188.0
7368,732741,956698.0
7369,162909,732741.0
7370,1327255,162909.0
7371,473639,1327255.0
7372,840883,473639.0
7373,568972,840883.0
7374,352090,568972.0
7375,754544,352090.0
7376,131032,754544.0
7377,263853,131032.0
7378,732699,263853.0
7379,780260,732699.0
7380,674902,780260.0
7381,541432,674902.0
7382,864980,541432.0
7383,257748,864980.0
7384,26689,257748.0
7385,816395,26689.0
7386,42082,816395.0
7387,36700,42082.0
7388,434726,36700.0
7389,844724,434726.0
7390,162764,844724.0
7391,875136,162764.0
7392,258660,875136.0
7393,526042,258660.0
7394,825107,526042.0
7395,344158,825107.0
7396,545429,344158.0
7397,621711,545429.0
7398,357190,621711.0
7399,313917,357190.0
7400,223844,313917.0
7401,85144,223844.0
7402,25300,85144.0
7403,318709,25300.0
7404,155039,318709.0
7405,275268,155039.0
7406,793387,275268.0
7407,942675,793387.0
7408,1547687,942675.0
7409,513867,1547687.0
7410,313007,513867.0
7411,284396,313007.0
7412,179522,284396.0
7413,1248635,179522.0
7414,270778,1248635.0
7415,81572,270778.0
7416,310290,81572.0
7417,67816,310290.0
7418,525902,67816.0
7419,298800,525902.0
7420,214824,298800.0
7421,42929,214824.0
7422,147094,42929.0
7423,276028,147094.0
7424,196870,276028.0
7425,246772,196870.0
7426,661457,246772.0
7427,279360,661457.0
7428,722703,279360.0
7429,324513,722703.0
7430,399583,324513.0
7431,276193,399583.0
7432,671753,276193.0
7433,631125,671753.0
7434,476668,631125.0
7435,550993,476668.0
7437,874558,550993.0
7438,706989,874558.0
7439,711529,706989.0
7440,427982,711529.0
7441,502184,427982.0
7442,351624,502184.0
7443,322505,351624.0
7444,660988,322505.0
7445,583441,660988.0
7446,262860,583441.0
7447,51888,262860.0
7448,723598,51888.0
7449,361526,723598.0
7450,548819,361526.0
7451,23217,548819.0
7452,233660,23217.0
7453,98446,233660.0
7454,77608,98446.0
7455,339269,77608.0
7456,530120,339269.0
7457,859471,530120.0
7458,30956,859471.0
7459,295894,30956.0
7460,116384,295894.0
7461,1015906,116384.0
7462,1198403,1015906.0
7463,30374,1198403.0
7464,449287,30374.0
7465,448805,449287.0
7466,466488,448805.0
7467,349146,466488.0
7468,705760,349146.0
7469,632998,705760.0
7470,430790,632998.0
7471,153495,430790.0
7472,414627,153495.0
7473,470126,414627.0
7474,1094171,470126.0
7475,20871,1094171.0
7476,390246,20871.0
7477,424364,390246.0
7478,494991,424364.0
7479,547125,494991.0
7480,349690,547125.0
7481,554521,349690.0
7482,41466,554521.0
7483,386454,41466.0
7484,202467,386454.0
7485,286686,202467.0
7486,121207,286686.0
7487,738016,121207.0
7488,1370155,738016.0
7489,903120,1370155.0
7490,581559,903120.0
7491,777107,581559.0
7492,272560,777107.0
7493,574538,272560.0
7494,643298,574538.0
7495,775171,643298.0
7496,70418,775171.0
7497,286398,70418.0
7498,541135,286398.0
7499,705508,541135.0
7500,255227,705508.0
7501,279244,255227.0
7502,95303,279244.0
7503,72350,95303.0
7504,174590,72350.0
7505,436473,174590.0
7506,512719,436473.0
7507,379820,512719.0
7508,701267,379820.0
7509,82291,701267.0
7510,215658,82291.0
7511,69548,215658.0
7512,650540,69548.0
7513,172288,650540.0
7514,150605,172288.0
7515,966117,150605.0
7516,897727,966117.0
7517,448539,897727.0
7518,90576,448539.0
7519,489984,90576.0
7520,50707,489984.0
7521,38948,50707.0
7522,55860,38948.0
7523,267550,55860.0
7524,417127,267550.0
7525,349615,417127.0
7526,30896,349615.0
7527,284891,30896.0
7528,1052375,284891.0
7529,110812,1052375.0
7530,231576,110812.0
7531,933817,231576.0
7532,9175,933817.0
7533,539544,9175.0
7534,167589,539544.0
7535,385424,167589.0
7536,79719,385424.0
7537,906294,79719.0
7538,446527,906294.0
7539,694467,446527.0
7540,261683,694467.0
7541,1196210,261683.0
7542,110363,1196210.0
7543,195262,110363.0
7544,355324,195262.0
7545,339725,355324.0
7546,279925,339725.0
7547,919356,279925.0
7548,203165,919356.0
7549,279357,203165.0
7550,257705,279357.0
7551,594630,257705.0
7552,41466,594630.0
7553,909289,41466.0
7554,306056,909289.0
7555,518670,306056.0
7556,115890,518670.0
7557,301051,115890.0
7558,428240,301051.0
7559,79964,428240.0
7560,424758,79964.0
7561,758990,424758.0
7562,277655,758990.0
7563,159744,277655.0
7564,164525,159744.0
7565,511489,164525.0
7566,468113,511489.0
7567,1000056,468113.0
7568,412091,1000056.0
7569,560981,412091.0
7570,908263,560981.0
7571,269235,908263.0
7572,899161,269235.0
7573,678585,899161.0
7574,1026590,678585.0
7575,467870,1026590.0
7576,151722,467870.0
7577,348132,151722.0
7578,84490,348132.0
7579,459162,84490.0
7580,710588,459162.0
7581,168592,710588.0
7582,720795,168592.0
7583,1101502,720795.0
7584,629147,1101502.0
7585,243007,629147.0
7586,480390,243007.0
7587,454092,480390.0
7588,347158,454092.0
7589,240550,347158.0
7590,160668,240550.0
7591,524248,160668.0
7592,587375,524248.0
7593,357806,587375.0
7594,789161,357806.0
7595,442065,789161.0
7596,12744,442065.0
7597,192800,12744.0
7598,1139811,192800.0
7599,357557,1139811.0
7600,91162,357557.0
7601,500122,91162.0
7602,994333,500122.0
7603,219829,994333.0
7604,875453,219829.0
7605,703362,875453.0
7606,115890,703362.0
7607,25842,115890.0
7608,792619,25842.0
7609,179588,792619.0
7610,811820,179588.0
7611,270396,811820.0
7612,371342,270396.0
7613,1343831,371342.0
7614,850694,1343831.0
7615,1202774,850694.0
7616,1066998,1202774.0
7617,393540,1066998.0
7618,466954,393540.0
7619,207327,466954.0
7620,702535,207327.0
7621,585834,702535.0
7622,328169,585834.0
7623,690674,328169.0
7624,322185,690674.0
7625,97682,322185.0
7626,675595,97682.0
7627,623734,675595.0
7628,726877,623734.0
7629,439530,726877.0
7630,98118,439530.0
7631,410003,98118.0
7632,894724,410003.0
7633,425397,894724.0
7634,789019,425397.0
7635,38182,789019.0
7636,484229,38182.0
7637,558587,484229.0
7638,410932,558587.0
7639,269730,410932.0
7640,151949,269730.0
7641,664885,151949.0
7642,387144,664885.0
7643,505615,387144.0
7644,172653,505615.0
7645,206395,172653.0
7646,334183,206395.0
7647,313607,334183.0
7648,561245,313607.0
7649,1081223,561245.0
7650,516922,1081223.0
7651,316962,516922.0
7652,375207,316962.0
7653,245424,375207.0
7654,187660,245424.0
7655,169799,187660.0
7656,577975,169799.0
7657,567757,577975.0
7658,597498,567757.0
7659,488695,597498.0
7660,369391,488695.0
7661,239293,369391.0
7662,111726,239293.0
7663,743812,111726.0
7664,224181,743812.0
7665,796990,224181.0
7666,183150,796990.0
7667,100260,183150.0
7669,69836,100260.0
7670,1061127,69836.0
7671,602804,1061127.0
7672,580699,602804.0
7673,640221,580699.0
7674,270335,640221.0
7675,1015977,270335.0
7676,782242,1015977.0
7677,242624,782242.0
7678,322185,242624.0
7679,727904,322185.0
7680,646666,727904.0
7681,512394,646666.0
7682,536298,512394.0
7683,555183,536298.0
7684,967302,555183.0
7685,163446,967302.0
7686,461098,163446.0
7687,844449,461098.0
7688,346398,844449.0
7689,823965,346398.0
7690,752575,823965.0
7691,796604,752575.0
7692,264275,796604.0
7693,791158,264275.0
7694,689711,791158.0
7695,770432,689711.0
7696,705945,770432.0
7697,482490,705945.0
7698,248737,482490.0
7699,480204,248737.0
7700,579253,480204.0
7701,1050634,579253.0
7702,267461,1050634.0
7703,495167,267461.0
7704,383233,495167.0
7705,773678,383233.0
7706,415227,773678.0
7707,713256,415227.0
7708,875128,713256.0
7709,832109,875128.0
7710,712401,832109.0
7711,200120,712401.0
7712,888656,200120.0
7713,105634,888656.0
7714,319438,105634.0
7715,86737,319438.0
7716,188236,86737.0
7717,318709,188236.0
7718,221823,318709.0
7719,384833,221823.0
7720,965706,384833.0
7721,93100,965706.0
7722,702181,93100.0
7723,94839,702181.0
7724,553653,94839.0
7725,943470,553653.0
7726,397862,943470.0
7727,139606,397862.0
7728,149457,139606.0
7729,839454,149457.0
7730,774241,839454.0
7731,463497,774241.0
7732,321874,463497.0
7733,123424,321874.0
7734,547881,123424.0
7735,757477,547881.0
7736,268177,757477.0
7737,36700,268177.0
7738,748575,36700.0
7739,680759,748575.0
7740,266492,680759.0
7741,622373,266492.0
7742,882982,622373.0
7743,301912,882982.0
7744,152130,301912.0
7745,836993,152130.0
7746,586128,836993.0
7747,846764,586128.0
7748,191826,846764.0
7749,404371,191826.0
7750,581175,404371.0
7751,479123,581175.0
7752,854292,479123.0
7753,106760,854292.0
7754,828054,106760.0
7755,965776,828054.0
7756,536861,965776.0
7757,545551,536861.0
7758,492405,545551.0
7759,536251,492405.0
7760,350928,536251.0
7761,736828,350928.0
7762,121358,736828.0
7763,123042,121358.0
7764,398595,123042.0
7765,406123,398595.0
7766,134630,406123.0
7767,113962,134630.0
7768,369900,113962.0
7769,90998,369900.0
7770,262857,90998.0
7771,227245,262857.0
7772,571941,227245.0
7773,106756,571941.0
7774,452435,106756.0
7775,753397,452435.0
7776,52268,753397.0
7777,924076,52268.0
7778,626279,924076.0
7779,553122,626279.0
7780,771970,553122.0
7781,757420,771970.0
7782,555198,757420.0
7783,193349,555198.0
7784,605106,193349.0
7785,641275,605106.0
7786,107748,641275.0
7787,186187,107748.0
7788,111786,186187.0
7789,38697,111786.0
7790,498613,38697.0
7791,943944,498613.0
7792,97682,943944.0
7793,915095,97682.0
7794,33796,915095.0
7795,319846,33796.0
7796,369460,319846.0
7797,778746,369460.0
7798,185530,778746.0
7799,605195,185530.0
7800,38084,605195.0
7801,325604,38084.0
7802,363053,325604.0
7803,528781,363053.0
7804,154520,528781.0
7805,302309,154520.0
7806,483431,302309.0
7807,210542,483431.0
7808,121601,210542.0
7809,383820,121601.0
7810,728943,383820.0
7811,753224,728943.0
7812,221358,753224.0
7813,600977,221358.0
7814,202319,600977.0
7815,165265,202319.0
7816,506408,165265.0
7817,373856,506408.0
7818,864475,373856.0
7819,510598,864475.0
7820,213073,510598.0
7821,136868,213073.0
7822,249095,136868.0
7823,425009,249095.0
7824,76444,425009.0
7825,264639,76444.0
7826,544913,264639.0
7827,596315,544913.0
7828,52829,596315.0
7829,334784,52829.0
7830,115765,334784.0
7831,552200,115765.0
7832,450771,552200.0
7833,745953,450771.0
7834,573616,745953.0
7835,37995,573616.0
7836,42572,37995.0
7837,33796,42572.0
7838,551999,33796.0
7839,583287,551999.0
7840,269283,583287.0
7841,1012942,269283.0
7842,39782,1012942.0
7843,495970,39782.0
7844,795544,495970.0
7845,584201,795544.0
7846,7358,584201.0
7847,606142,7358.0
7848,566001,606142.0
7849,892107,566001.0
7850,124204,892107.0
7851,367758,124204.0
7852,506285,367758.0
7853,526272,506285.0
7854,415784,526272.0
7855,453250,415784.0
7856,680640,453250.0
7857,211890,680640.0
7858,527936,211890.0
7859,724832,527936.0
7860,890493,724832.0
7861,728364,890493.0
7862,643769,728364.0
7863,827415,643769.0
7864,328892,827415.0
7865,166586,328892.0
7866,736671,166586.0
7867,192568,736671.0
7868,1022280,192568.0
7869,469682,1022280.0
7870,271555,469682.0
7871,169555,271555.0
7872,134152,169555.0
7873,92850,134152.0
7874,865257,92850.0
7875,549438,865257.0
7876,172773,549438.0
7877,547325,172773.0
7878,334564,547325.0
7879,55406,334564.0
7880,292793,55406.0
7881,445468,292793.0
7882,660707,445468.0
7883,528525,660707.0
7884,1069483,528525.0
7885,272789,1069483.0
7886,625447,272789.0
7887,425365,625447.0
7888,745428,425365.0
7889,707204,745428.0
7890,75906,707204.0
7891,456363,75906.0
7892,552778,456363.0
7893,862340,552778.0
7894,87951,862340.0
7895,662028,87951.0
7896,743806,662028.0
7897,425481,743806.0
7898,425236,425481.0
7899,749390,425236.0
7900,151917,749390.0
7901,578551,151917.0
7902,631555,578551.0
7903,416655,631555.0
7904,55860,416655.0
7905,547437,55860.0
7906,700979,547437.0
7907,424500,700979.0
7908,490862,424500.0
7909,331678,490862.0
7910,758521,331678.0
7911,461048,758521.0
7912,224084,461048.0
7913,364084,224084.0
7914,627305,364084.0
7915,435695,627305.0
7916,100020,435695.0
7917,731101,100020.0
7918,291070,731101.0
7919,643164,291070.0
7920,19091,643164.0
7921,13554,19091.0
7922,1435909,13554.0
7923,429186,1435909.0
7924,71832,429186.0
7925,636886,71832.0
7926,1092146,636886.0
7927,393461,1092146.0
7928,578697,393461.0
7929,777378,578697.0
7930,126246,777378.0
7931,517973,126246.0
7932,690632,517973.0
7933,499235,690632.0
7934,377017,499235.0
7935,335223,377017.0
7936,430820,335223.0
7937,279282,430820.0
7938,176132,279282.0
7939,159627,176132.0
7940,58298,159627.0
7941,38630,58298.0
7942,868777,38630.0
7943,799779,868777.0
7944,815612,799779.0
7945,771531,815612.0
7946,287558,771531.0
7948,821665,287558.0
7949,40265,821665.0
7950,519241,40265.0
7951,51431,519241.0
7952,560198,51431.0
7953,204844,560198.0
7954,295773,204844.0
7955,819542,295773.0
7956,1022782,819542.0
7957,472176,1022782.0
7958,333202,472176.0
7959,398585,333202.0
7960,367945,398585.0
7961,229222,367945.0
7962,752290,229222.0
7963,811563,752290.0
7964,357842,811563.0
7965,321532,357842.0
7966,815293,321532.0
7967,403979,815293.0
7968,716515,403979.0
7969,247005,716515.0
7970,849311,247005.0
7971,762897,849311.0
7972,446313,762897.0
7973,134512,446313.0
7974,169077,134512.0
7975,13554,169077.0
7976,549478,13554.0
7977,852520,549478.0
7978,427002,852520.0
7979,367270,427002.0
7981,519034,367270.0
7982,397229,519034.0
7983,131928,397229.0
7984,619252,131928.0
7985,456157,619252.0
7986,761235,456157.0
7987,692234,761235.0
7988,394781,692234.0
7989,727642,394781.0
7990,95466,727642.0
7991,67770,95466.0
7992,133445,67770.0
7993,50707,133445.0
7994,101206,50707.0
7995,136405,101206.0
7996,472326,136405.0
7997,45561,472326.0
7998,247959,45561.0
7999,202296,247959.0
8000,545038,202296.0
8001,595305,545038.0
8002,476809,595305.0
8003,677558,476809.0
8004,1169247,677558.0
8005,41742,1169247.0
8006,175210,41742.0
8007,297649,175210.0
8008,1154081,297649.0
8009,273524,1154081.0
8010,425352,273524.0
8011,239157,425352.0
8012,444315,239157.0
8013,579225,444315.0
8014,484073,579225.0
8015,552445,484073.0
8016,791363,552445.0
8017,120492,791363.0
8018,597290,120492.0
8019,698510,597290.0
8020,917879,698510.0
8021,521191,917879.0
8022,523891,521191.0
8023,313175,523891.0
8024,439755,313175.0
8025,34743,439755.0
8026,820927,34743.0
8027,458762,820927.0
8028,628666,458762.0
8029,215228,628666.0
8030,211890,215228.0
8031,260560,211890.0
8032,503756,260560.0
8033,183412,503756.0
8034,24159,183412.0
8035,796910,24159.0
8036,292899,796910.0
8037,588822,292899.0
8038,254435,588822.0
8039,615776,254435.0
8040,366821,615776.0
8041,163278,366821.0
8042,417130,163278.0
8043,652706,417130.0
8044,242781,652706.0
8045,460605,242781.0
8046,506195,460605.0
8047,337755,506195.0
8048,350660,337755.0
8049,753723,350660.0
8050,701349,753723.0
8051,419751,701349.0
8052,659293,419751.0
8053,468358,659293.0
8054,611643,468358.0
8055,938185,611643.0
8056,420221,938185.0
8057,29232,420221.0
8058,1125896,29232.0
8059,512180,1125896.0
8060,330029,512180.0
8061,807756,330029.0
8062,113179,807756.0
8063,45561,113179.0
8064,720841,45561.0
8065,309842,720841.0
8066,295340,309842.0
8067,717300,295340.0
8068,84164,717300.0
8069,992298,84164.0
8070,152010,992298.0
8071,838661,152010.0
8072,93669,838661.0
8073,337353,93669.0
8074,203176,337353.0
8075,490043,203176.0
8076,27896,490043.0
8077,281672,27896.0
8078,880300,281672.0
8079,94335,880300.0
8081,431390,94335.0
8082,159641,431390.0
8083,432654,159641.0
8084,487619,432654.0
8085,451521,487619.0
8086,591728,451521.0
8087,322487,591728.0
8088,284900,322487.0
8089,642947,284900.0
8090,549074,642947.0
8091,571868,549074.0
8092,14470,571868.0
8093,681441,14470.0
8094,729777,681441.0
8095,408015,729777.0
8096,509413,408015.0
8097,420717,509413.0
8098,273240,420717.0
8099,286927,273240.0
8100,538974,286927.0
8101,630779,538974.0
8102,72764,630779.0
8103,153287,72764.0
8104,210602,153287.0
8105,306335,210602.0
8106,419134,306335.0
8107,342455,419134.0
8108,478611,342455.0
8109,156696,478611.0
8110,317174,156696.0
8111,231253,317174.0
8112,605414,231253.0
8113,354404,605414.0
8114,4786,354404.0
8115,717286,4786.0
8116,572125,717286.0
8117,459930,572125.0
8118,363073,459930.0
8119,411494,363073.0
8120,635967,411494.0
8121,49507,635967.0
8122,187660,49507.0
8123,905378,187660.0
8124,73038,905378.0
8125,725623,73038.0
8126,223572,725623.0
8127,50047,223572.0
8128,714943,50047.0
8129,62613,714943.0
8130,160530,62613.0
8131,246192,160530.0
8132,298770,246192.0
8133,67256,298770.0
8134,398443,67256.0
8135,110283,398443.0
8136,674514,110283.0
8137,241002,674514.0
8138,507480,241002.0
8139,752208,507480.0
8140,673558,752208.0
8141,101651,673558.0
8142,145421,101651.0
8143,23217,145421.0
8144,721775,23217.0
8145,251091,721775.0
8146,327808,251091.0
8147,293933,327808.0
8148,1010198,293933.0
8149,280749,1010198.0
8150,301755,280749.0
8151,765120,301755.0
8152,206589,765120.0
8153,390687,206589.0
8154,101733,390687.0
8155,351972,101733.0
8156,267072,351972.0
8157,354928,267072.0
8158,894274,354928.0
8159,336392,894274.0
8160,252870,336392.0
8161,327580,252870.0
8162,70789,327580.0
8163,179784,70789.0
8164,366060,179784.0
8165,384013,366060.0
8166,553230,384013.0
8167,457405,553230.0
8168,268530,457405.0
8169,206862,268530.0
8170,1032943,206862.0
8171,309843,1032943.0
8172,693646,309843.0
8173,760280,693646.0
8174,517230,760280.0
8175,429913,517230.0
8176,449607,429913.0
8178,606216,449607.0
8179,1036177,606216.0
8180,85556,1036177.0
8181,853723,85556.0
8182,777639,853723.0
8183,504202,777639.0
8184,174590,504202.0
8185,57551,174590.0
8186,967356,57551.0
8187,361342,967356.0
8188,689915,361342.0
8189,790385,689915.0
8190,252222,790385.0
8191,382254,252222.0
8192,320984,382254.0
8193,715199,320984.0
8194,40828,715199.0
8195,621042,40828.0
8196,75935,621042.0
8197,282773,75935.0
8198,1069877,282773.0
8199,672586,1069877.0
8200,678925,672586.0
8201,220491,678925.0
8202,1026455,220491.0
8203,38695,1026455.0
8204,327823,38695.0
8205,94335,327823.0
8206,82558,94335.0
8207,775225,82558.0
8208,536173,775225.0
8209,75909,536173.0
8210,214546,75909.0
8211,876373,214546.0
8212,426636,876373.0
8213,367749,426636.0
8214,292194,367749.0
8215,301983,292194.0
8216,104608,301983.0
8217,1141367,104608.0
8218,1266349,1141367.0
8219,707752,1266349.0
8220,490532,707752.0
8221,336783,490532.0
8222,80579,336783.0
8223,150141,80579.0
8224,125325,150141.0
8225,150053,125325.0
8226,90072,150053.0
8227,383166,90072.0
8228,281007,383166.0
8229,624235,281007.0
8230,343289,624235.0
8231,430821,343289.0
8232,871120,430821.0
8233,454941,871120.0
8234,778522,454941.0
8235,58214,778522.0
8236,677262,58214.0
8237,458675,677262.0
8238,423302,458675.0
8239,359720,423302.0
8240,303948,359720.0
8241,122116,303948.0
8242,485918,122116.0
8243,614337,485918.0
8244,289588,614337.0
8245,281980,289588.0
8246,777329,281980.0
8247,634009,777329.0
8248,579787,634009.0
8249,897958,579787.0
8250,524863,897958.0
8251,245073,524863.0
8252,253395,245073.0
8253,612719,253395.0
8254,101728,612719.0
8255,788414,101728.0
8256,457259,788414.0
8257,459927,457259.0
8258,189218,459927.0
8259,164582,189218.0
8260,208336,164582.0
8261,305776,208336.0
8262,166662,305776.0
8263,429658,166662.0
8264,503580,429658.0
8265,574416,503580.0
8266,159432,574416.0
8267,514780,159432.0
8268,480602,514780.0
8269,1076292,480602.0
8270,413265,1076292.0
8271,361948,413265.0
8272,49654,361948.0
8273,738977,49654.0
8274,516715,738977.0
8275,692728,516715.0
8276,356664,692728.0
8277,249988,356664.0
8278,378528,249988.0
8279,184415,378528.0
8280,375640,184415.0
8281,748919,375640.0
8282,294744,748919.0
8283,615795,294744.0
8284,237076,615795.0
8285,567915,237076.0
8286,329820,567915.0
8287,536187,329820.0
8288,358589,536187.0
8289,210410,358589.0
8290,50641,210410.0
8291,577604,50641.0
8292,521395,577604.0
8293,1269587,521395.0
8294,481434,1269587.0
8295,200703,481434.0
8296,835482,200703.0
8297,501406,835482.0
8298,38224,501406.0
8299,525159,38224.0
8300,383466,525159.0
8301,593191,383466.0
8302,482645,593191.0
8303,285668,482645.0
8304,223452,285668.0
8305,334645,223452.0
8306,65412,334645.0
8307,98780,65412.0
8308,484528,98780.0
8309,144936,484528.0
8310,272058,144936.0
8311,468345,272058.0
8312,941696,468345.0
8313,467880,941696.0
8314,176946,467880.0
8315,102400,176946.0
8316,187338,102400.0
8317,395151,187338.0
8318,451850,395151.0
8319,99308,451850.0
8320,184981,99308.0
8321,516457,184981.0
8322,273316,516457.0
8323,189779,273316.0
8324,837109,189779.0
8325,222770,837109.0
8326,396402,222770.0
8327,540909,396402.0
8328,1274294,540909.0
8329,260211,1274294.0
8330,745648,260211.0
8331,403014,745648.0
8332,77896,403014.0
8333,1064191,77896.0
8334,331228,1064191.0
8335,392252,331228.0
8336,138456,392252.0
8337,174894,138456.0
8338,146918,174894.0
8339,1173633,146918.0
8340,306056,1173633.0
8341,417748,306056.0
8342,621972,417748.0
8343,55792,621972.0
8344,477810,55792.0
8345,322602,477810.0
8346,273464,322602.0
8347,511747,273464.0
8348,931301,511747.0
8349,638314,931301.0
8350,73260,638314.0
8351,330166,73260.0
8352,401670,330166.0
8353,494868,401670.0
8354,225712,494868.0
8355,526131,225712.0
8356,354556,526131.0
8357,77260,354556.0
8358,714356,77260.0
8359,501736,714356.0
8360,171915,501736.0
8361,396103,171915.0
8362,367945,396103.0
8363,30956,367945.0
8364,376472,30956.0
8365,830057,376472.0
8366,292155,830057.0
8367,41286,292155.0
8368,583638,41286.0
8369,484096,583638.0
8370,512126,484096.0
8371,848657,512126.0
8372,299352,848657.0
8373,239991,299352.0
8374,39174,239991.0
8375,672144,39174.0
8376,489428,672144.0
8377,171112,489428.0
8378,242525,171112.0
8379,56021,242525.0
8380,1164521,56021.0
8381,362905,1164521.0
8382,405525,362905.0
8383,442233,405525.0
8384,270569,442233.0
8385,301024,270569.0
8386,486624,301024.0
8387,402099,486624.0
8388,812776,402099.0
8389,371060,812776.0
8390,119324,371060.0
8391,694749,119324.0
8392,292906,694749.0
8393,224720,292906.0
8394,668196,224720.0
8395,33796,668196.0
8396,939492,33796.0
8397,284756,939492.0
8398,104399,284756.0
8399,781393,104399.0
8400,55288,781393.0
8401,178940,55288.0
8402,549918,178940.0
8403,257976,549918.0
8404,822076,257976.0
8405,382290,822076.0
8406,833539,382290.0
8407,129065,833539.0
8408,911439,129065.0
8409,402750,911439.0
8410,571281,402750.0
8411,1135566,571281.0
8412,973749,1135566.0
8413,488861,973749.0
8414,561730,488861.0
8415,215388,561730.0
8416,94141,215388.0
8417,180135,94141.0
8418,1086572,180135.0
8419,225489,1086572.0
8420,137451,225489.0
8421,716439,137451.0
8422,782363,716439.0
8423,539428,782363.0
8424,208644,539428.0
8425,349925,208644.0
8426,597423,349925.0
8427,355879,597423.0
8428,480552,355879.0
8429,632393,480552.0
8430,33911,632393.0
8431,39174,33911.0
8432,647678,39174.0
8433,403683,647678.0
8434,908472,403683.0
8435,520723,908472.0
8436,840339,520723.0
8437,388493,840339.0
8438,379541,388493.0
8439,977523,379541.0
8440,370144,977523.0
8441,414467,370144.0
8442,41466,414467.0
8443,742616,41466.0
8444,192824,742616.0
8445,408267,192824.0
8446,9558,408267.0
8447,551334,9558.0
8448,650899,551334.0
8449,600606,650899.0
8450,257155,600606.0
8451,386233,257155.0
8452,586113,386233.0
8453,679997,586113.0
8454,363718,679997.0
8455,100020,363718.0
8456,202225,100020.0
8457,344079,202225.0
8458,375415,344079.0
8459,64491,375415.0
8460,459078,64491.0
8461,151756,459078.0
8462,123087,151756.0
8463,271461,123087.0
8464,305447,271461.0
8465,435385,305447.0
8466,456074,435385.0
8467,70418,456074.0
8468,111726,70418.0
8469,301183,111726.0
8470,32700,301183.0
8471,360770,32700.0
8472,286040,360770.0
8473,58214,286040.0
8474,562995,58214.0
8475,80067,562995.0
8476,710835,80067.0
8477,306056,710835.0
8478,609270,306056.0
8479,57764,609270.0
8480,425825,57764.0
8481,948745,425825.0
8482,7358,948745.0
8483,654652,7358.0
8484,447594,654652.0
8485,434457,447594.0
8486,268893,434457.0
8487,702966,268893.0
8488,230520,702966.0
8489,229101,230520.0
8490,42778,229101.0
8491,425347,42778.0
8492,196126,425347.0
8493,489196,196126.0
8494,738968,489196.0
8495,562957,738968.0
8496,43410,562957.0
8497,519822,43410.0
8498,6325,519822.0
8499,124311,6325.0
8500,356993,124311.0
8501,907717,356993.0
8502,108622,907717.0
8503,116954,108622.0
8504,128210,116954.0
8505,555738,128210.0
8506,214824,555738.0
8507,360819,214824.0
8508,42778,360819.0
8509,66778,42778.0
8510,354342,66778.0
8511,561024,354342.0
8512,285505,561024.0
8513,228635,285505.0
8514,598877,228635.0
8515,341353,598877.0
8516,533583,341353.0
8517,303514,533583.0
8518,19144,303514.0
8519,247798,19144.0
8520,854415,247798.0
8521,213017,854415.0
8522,719750,213017.0
8523,702596,719750.0
8524,104754,702596.0
8525,110140,104754.0
8526,159809,110140.0
8527,502381,159809.0
8528,138515,502381.0
8529,159438,138515.0
8530,134512,159438.0
8531,871733,134512.0
8532,262208,871733.0
8533,881808,262208.0
8534,777290,881808.0
8535,120484,777290.0
8536,28563,120484.0
8537,987926,28563.0
8538,965001,987926.0
8539,271399,965001.0
8540,452435,271399.0
8541,348702,452435.0
8542,301268,348702.0
8543,285742,301268.0
8544,713851,285742.0
8545,147882,713851.0
8546,136226,147882.0
8547,876762,136226.0
8548,110812,876762.0
8549,229332,110812.0
8550,514614,229332.0
8551,189423,514614.0
8552,608558,189423.0
8553,149457,608558.0
8554,262857,149457.0
8555,126254,262857.0
8556,511906,126254.0
8557,71517,511906.0
8558,668450,71517.0
8559,607552,668450.0
8560,235520,607552.0
8561,484786,235520.0
8562,150094,484786.0
8563,838340,150094.0
8564,908092,838340.0
8565,99057,908092.0
8566,49810,99057.0
8567,279465,49810.0
8568,453075,279465.0
8569,134152,453075.0
8570,1048728,134152.0
8571,850033,1048728.0
8572,199276,850033.0
8573,604978,199276.0
8574,304775,604978.0
8575,82572,304775.0
8576,755924,82572.0
8577,586144,755924.0
8578,633326,586144.0
8579,1302458,633326.0
8580,424380,1302458.0
8581,612904,424380.0
8582,95184,612904.0
8583,249944,95184.0
8584,262088,249944.0
8585,196155,262088.0
8586,512460,196155.0
8587,475920,512460.0
8588,869638,475920.0
8589,481484,869638.0
8590,226992,481484.0
8591,68424,226992.0
8592,465574,68424.0
8593,548720,465574.0
8594,270253,548720.0
8595,165905,270253.0
8596,19078,165905.0
8597,53378,19078.0
8598,56428,53378.0
8599,547319,56428.0
8600,611824,547319.0
8601,138972,611824.0
8602,220073,138972.0
8603,718387,220073.0
8604,577557,718387.0
8605,676150,577557.0
8606,639614,676150.0
8607,120175,639614.0
8608,40786,120175.0
8609,476455,40786.0
8610,95390,476455.0
8611,1185581,95390.0
8612,464250,1185581.0
8613,415204,464250.0
8614,381241,415204.0
8615,463641,381241.0
8616,105658,463641.0
8617,739472,105658.0
8618,740346,739472.0
8619,947978,740346.0
8620,170393,947978.0
8621,591140,170393.0
8622,782680,591140.0
8623,539072,782680.0
8624,1443307,539072.0
8625,852867,1443307.0
8626,800381,852867.0
8627,964212,800381.0
8628,350299,964212.0
8629,272586,350299.0
8630,408085,272586.0
8631,359270,408085.0
8632,384674,359270.0
8633,687198,384674.0
8634,485358,687198.0
8635,25842,485358.0
8636,605618,25842.0
8637,599754,605618.0
8638,144759,599754.0
8639,12972,144759.0
8640,111756,12972.0
8641,590833,111756.0
8642,496197,590833.0
8643,465458,496197.0
8644,160530,465458.0
8645,380736,160530.0
8646,188416,380736.0
8647,838623,188416.0
8648,474725,838623.0
8649,680562,474725.0
8650,190932,680562.0
8651,1022160,190932.0
8652,256055,1022160.0
8653,571434,256055.0
8654,264145,571434.0
8655,729128,264145.0
8656,249984,729128.0
8657,791845,249984.0
8658,285512,791845.0
8659,448775,285512.0
8660,370697,448775.0
8661,299222,370697.0
8662,871915,299222.0
8663,245101,871915.0
8664,571578,245101.0
8665,38182,571578.0
8666,541718,38182.0
8667,387937,541718.0
8668,308741,387937.0
8669,480525,308741.0
8670,1005681,480525.0
8671,284482,1005681.0
8672,61242,284482.0
8673,484413,61242.0
8674,131104,484413.0
8675,97586,131104.0
8676,878171,97586.0
8677,146520,878171.0
8678,329820,146520.0
8679,38620,329820.0
8680,757533,38620.0
8681,173864,757533.0
8682,333044,173864.0
8683,989509,333044.0
8684,449539,989509.0
8685,572413,449539.0
8686,525583,572413.0
8687,702981,525583.0
8688,453358,702981.0
8689,863989,453358.0
8690,34203,863989.0
8691,284100,34203.0
8692,556109,284100.0
8693,476890,556109.0
8694,554619,476890.0
8695,856410,554619.0
8696,300391,856410.0
8697,45561,300391.0
8698,435794,45561.0
8699,445441,435794.0
8700,868736,445441.0
8701,144618,868736.0
8702,189177,144618.0
8703,823136,189177.0
8704,663070,823136.0
8705,669742,663070.0
8706,608915,669742.0
8707,569863,608915.0
8708,282433,569863.0
8709,912454,282433.0
8710,294587,912454.0
8711,49819,294587.0
8712,413265,49819.0
8714,92850,413265.0
8715,372910,92850.0
8716,436118,372910.0
8717,15187,436118.0
8718,675241,15187.0
8719,41466,675241.0
8720,471128,41466.0
8721,395279,471128.0
8722,835473,395279.0
8723,333827,835473.0
8724,47230,333827.0
8725,993060,47230.0
8726,916080,993060.0
8727,649912,916080.0
8728,744606,649912.0
8729,746094,744606.0
8730,308032,746094.0
8731,38630,308032.0
8732,475920,38630.0
8733,906974,475920.0
8734,493089,906974.0
8735,390313,493089.0
8736,680734,390313.0
8737,503026,680734.0
8738,826523,503026.0
8739,746992,826523.0
8740,321731,746992.0
8741,1669910,321731.0
8742,177326,1669910.0
8743,909539,177326.0
8744,294731,909539.0
8745,435715,294731.0
8746,793019,435715.0
8747,754179,793019.0
8748,492398,754179.0
8749,705355,492398.0
8750,916667,705355.0
8751,130905,916667.0
8752,768690,130905.0
8753,108622,768690.0
8754,378140,108622.0
8755,449707,378140.0
8756,234900,449707.0
8757,499493,234900.0
8758,917920,499493.0
8759,41844,917920.0
8760,857528,41844.0
8761,398323,857528.0
8762,926160,398323.0
8763,29232,926160.0
8764,649981,29232.0
8765,724629,649981.0
8766,415737,724629.0
8767,319528,415737.0
8768,844969,319528.0
8769,643528,844969.0
8770,395197,643528.0
8771,451652,395197.0
8772,537591,451652.0
8773,586318,537591.0
8774,800994,586318.0
8775,50130,800994.0
8776,401382,50130.0
8777,633477,401382.0
8778,445639,633477.0
8780,625291,445639.0
8781,298482,625291.0
8782,317512,298482.0
8783,139276,317512.0
8784,550972,139276.0
8785,682292,550972.0
8786,1256124,682292.0
8787,1025216,1256124.0
8788,202568,1025216.0
8789,178567,202568.0
8790,48312,178567.0
8791,260850,48312.0
8792,42378,260850.0
8793,123837,42378.0
8794,497705,123837.0
8795,334766,497705.0
8796,412760,334766.0
8797,61291,412760.0
8798,1175883,61291.0
8799,520553,1175883.0
8800,12900,520553.0
8801,708766,12900.0
8802,470913,708766.0
8803,522535,470913.0
8804,954159,522535.0
8805,412073,954159.0
8806,220165,412073.0
8807,692822,220165.0
8808,361948,692822.0
8809,246224,361948.0
8810,721524,246224.0
8811,557717,721524.0
8812,641958,557717.0
8813,564655,641958.0
8814,273074,564655.0
8815,429404,273074.0
8816,292359,429404.0
8817,81723,292359.0
8818,524027,81723.0
8819,455202,524027.0
8820,426164,455202.0
8821,627159,426164.0
8822,1316800,627159.0
8823,921655,1316800.0
8824,250920,921655.0
8825,125384,250920.0
8826,423447,125384.0
8827,191370,423447.0
8828,27703,191370.0
8829,59928,27703.0
8830,107020,59928.0
8831,790004,107020.0
8832,602187,790004.0
8833,25300,602187.0
8834,290798,25300.0
8835,400341,290798.0
8836,835108,400341.0
8837,151322,835108.0
8838,221334,151322.0
8839,445122,221334.0
8840,276985,445122.0
8841,401973,276985.0
8842,616791,401973.0
8843,187338,616791.0
8844,445287,187338.0
8845,217309,445287.0
8846,1079679,217309.0
8847,950890,1079679.0
8848,342377,950890.0
8849,856631,342377.0
8850,33538,856631.0
8851,465552,33538.0
8852,69515,465552.0
8853,531897,69515.0
8854,460934,531897.0
8855,517583,460934.0
8856,281548,517583.0
8857,957585,281548.0
8858,578396,957585.0
8859,830128,578396.0
8860,793124,830128.0
8861,55878,793124.0
8863,558359,55878.0
8864,419828,558359.0
8865,402233,419828.0
8866,1154960,402233.0
8867,1244291,1154960.0
8868,221515,1244291.0
8869,237150,221515.0
8870,244990,237150.0
8871,295083,244990.0
8872,54216,295083.0
8873,1174619,54216.0
8874,302379,1174619.0
8875,337223,302379.0
8876,624063,337223.0
8877,1366520,624063.0
8878,99845,1366520.0
8879,672032,99845.0
8880,532911,672032.0
8881,549783,532911.0
8882,453930,549783.0
8883,400545,453930.0
8884,670289,400545.0
8885,431466,670289.0
8887,791444,431466.0
8888,76312,791444.0
8889,323926,76312.0
8890,692553,323926.0
8891,209216,692553.0
8892,49810,209216.0
8893,317701,49810.0
8894,371626,317701.0
8895,953074,371626.0
8896,221059,953074.0
8897,368130,221059.0
8898,20004,368130.0
8899,565118,20004.0
8900,939985,565118.0
8901,9175,939985.0
8902,401342,9175.0
8903,839084,401342.0
8904,235314,839084.0
8905,563410,235314.0
8906,262962,563410.0
8907,276788,262962.0
8908,250030,276788.0
8909,251399,250030.0
8910,730296,251399.0
8911,617972,730296.0
8912,479840,617972.0
8913,629967,479840.0
8914,757608,629967.0
8915,12650,757608.0
8916,222871,12650.0
8917,306281,222871.0
8918,253535,306281.0
8919,447760,253535.0
8920,57025,447760.0
8921,437631,57025.0
8922,386456,437631.0
8923,568918,386456.0
8924,661225,568918.0
8925,326578,661225.0
8926,330999,326578.0
8927,93669,330999.0
8928,123634,93669.0
8929,85746,123634.0
8930,1113206,85746.0
8931,628818,1113206.0
8932,1164729,628818.0
8933,221823,1164729.0
8934,7358,221823.0
8935,769986,7358.0
8936,742643,769986.0
8937,871795,742643.0
8938,203829,871795.0
8939,530033,203829.0
8940,295006,530033.0
8941,306128,295006.0
8942,319818,306128.0
8943,447613,319818.0
8944,489032,447613.0
8945,498056,489032.0
8946,306300,498056.0
8947,746052,306300.0
8948,596844,746052.0
8949,1253222,596844.0
8950,598972,1253222.0
8951,467689,598972.0
8952,351241,467689.0
8953,518275,351241.0
8954,517253,518275.0
8955,83331,517253.0
8956,401790,83331.0
8957,150141,401790.0
8958,416659,150141.0
8959,203108,416659.0
8960,149092,203108.0
8961,425155,149092.0
8962,167711,425155.0
8963,437556,167711.0
8964,516203,437556.0
8965,302258,516203.0
8966,52304,302258.0
8967,48312,52304.0
8968,814398,48312.0
8969,129210,814398.0
8970,703644,129210.0
8971,102400,703644.0
8972,427392,102400.0
8973,771732,427392.0
8974,272077,771732.0
8975,146994,272077.0
8976,582618,146994.0
8977,1076507,582618.0
8978,215268,1076507.0
8979,282846,215268.0
8980,650292,282846.0
8981,201043,650292.0
8982,1024383,201043.0
8983,229542,1024383.0
8984,294189,229542.0
8986,856263,294189.0
8987,78402,856263.0
8988,266202,78402.0
8989,465428,266202.0
8991,139096,465428.0
8992,823704,139096.0
8993,646020,823704.0
8994,385098,646020.0
8995,810534,385098.0
8996,78300,810534.0
8997,430332,78300.0
8998,1102052,430332.0
8999,487084,1102052.0
9000,642289,487084.0
9001,788556,642289.0
9002,435425,788556.0
9003,456321,435425.0
9004,372096,456321.0
9005,642655,372096.0
9006,201224,642655.0
9007,250235,201224.0
9008,1019982,250235.0
9009,192493,1019982.0
9010,366349,192493.0
9011,772770,366349.0
9012,519596,772770.0
9013,1078195,519596.0
9014,130452,1078195.0
9015,460375,130452.0
9016,163930,460375.0
9017,212389,163930.0
9018,512904,212389.0
9019,586172,512904.0
9020,960262,586172.0
9021,604881,960262.0
9022,360402,604881.0
9023,590377,360402.0
9024,385366,590377.0
9025,860532,385366.0
9026,825313,860532.0
9027,469713,825313.0
9028,394470,469713.0
9029,163382,394470.0
9030,718733,163382.0
9031,75195,718733.0
9032,164992,75195.0
9033,445798,164992.0
9034,785096,445798.0
9035,39848,785096.0
9036,198028,39848.0
9037,1340702,198028.0
9038,93442,1340702.0
9039,173474,93442.0
9040,416747,173474.0
9041,584252,416747.0
9042,537824,584252.0
9043,396215,537824.0
9044,105935,396215.0
9045,264993,105935.0
9046,534340,264993.0
9047,171271,534340.0
9048,754415,171271.0
9049,1055004,754415.0
9050,130242,1055004.0
9051,370316,130242.0
9052,439575,370316.0
9053,644799,439575.0
9054,938326,644799.0
9055,351572,938326.0
9056,329089,351572.0
9057,405565,329089.0
9058,154630,405565.0
9059,252015,154630.0
9060,332604,252015.0
9061,604306,332604.0
9062,1040810,604306.0
9063,512710,1040810.0
9064,156912,512710.0
9065,500536,156912.0
9066,78300,500536.0
9067,232014,78300.0
9068,204399,232014.0
9069,416810,204399.0
9070,381864,416810.0
9071,268201,381864.0
9072,148540,268201.0
9073,52367,148540.0
9074,627458,52367.0
9075,600150,627458.0
9076,225539,600150.0
9077,531466,225539.0
9078,540210,531466.0
9079,1094646,540210.0
9080,183150,1094646.0
9081,34918,183150.0
9082,530679,34918.0
9083,1290819,530679.0
9084,543392,1290819.0
9085,514309,543392.0
9086,254437,514309.0
9087,1170179,254437.0
9088,394229,1170179.0
9089,258593,394229.0
9090,351804,258593.0
9091,335865,351804.0
9092,329820,335865.0
9093,335162,329820.0
9094,495680,335162.0
9095,125325,495680.0
9096,263718,125325.0
9097,229231,263718.0
9098,449025,229231.0
9099,657639,449025.0
9100,1210322,657639.0
9101,220301,1210322.0
9102,629127,220301.0
9103,103709,629127.0
9104,885961,103709.0
9105,653550,885961.0
9106,934151,653550.0
9107,554801,934151.0
9108,619809,554801.0
9109,672629,619809.0
9110,340665,672629.0
9111,861825,340665.0
9112,137341,861825.0
9113,560745,137341.0
9114,697358,560745.0
9115,666746,697358.0
9116,925177,666746.0
9117,597978,925177.0
9118,479896,597978.0
9119,789979,479896.0
9120,883392,789979.0
9121,771324,883392.0
9122,826143,771324.0
9123,467412,826143.0
9124,619016,467412.0
9125,526123,619016.0
9126,836998,526123.0
9127,529094,836998.0
9128,496234,529094.0
9129,268824,496234.0
9130,627136,268824.0
9131,217215,627136.0
9132,671753,217215.0
9133,642393,671753.0
9134,584343,642393.0
9135,65964,584343.0
9136,501683,65964.0
9137,233009,501683.0
9138,83106,233009.0
9139,328199,83106.0
9140,786024,328199.0
9141,49810,786024.0
9142,692958,49810.0
9143,280017,692958.0
9144,298610,280017.0
9145,514347,298610.0
9146,148256,514347.0
9147,653741,148256.0
9148,261642,653741.0
9149,30192,261642.0
9150,445973,30192.0
9151,77238,445973.0
9152,430275,77238.0
9153,642032,430275.0
9154,29886,642032.0
9155,176426,29886.0
9156,560822,176426.0
9157,876335,560822.0
9158,1040086,876335.0
9159,326466,1040086.0
9160,50955,326466.0
9161,478140,50955.0
9162,1028668,478140.0
9163,442131,1028668.0
9164,938215,442131.0
9165,576798,938215.0
9166,24159,576798.0
9167,706658,24159.0
9168,729494,706658.0
9169,477664,729494.0
9170,756239,477664.0
9171,134948,756239.0
9172,440736,134948.0
9173,14470,440736.0
9174,1223823,14470.0
9175,76514,1223823.0
9176,554598,76514.0
9177,253420,554598.0
9178,197765,253420.0
9179,3186,197765.0
9180,301776,3186.0
9181,802031,301776.0
9182,317931,802031.0
9183,409778,317931.0
9184,365730,409778.0
9185,538297,365730.0
9186,281815,538297.0
9187,118322,281815.0
9188,929085,118322.0
9189,581885,929085.0
9190,366492,581885.0
9191,276429,366492.0
9192,842675,276429.0
9193,656256,842675.0
9194,1108653,656256.0
9195,717781,1108653.0
9196,587100,717781.0
9197,231900,587100.0
9198,840559,231900.0
9199,80334,840559.0
9200,764168,80334.0
9201,336352,764168.0
9202,364150,336352.0
9203,355293,364150.0
9204,222058,355293.0
9205,14716,222058.0
9206,38948,14716.0
9208,226466,38948.0
9209,217191,226466.0
9210,157925,217191.0
9211,329330,157925.0
9212,247959,329330.0
9213,793571,247959.0
9214,953824,793571.0
9215,386500,953824.0
9216,126536,386500.0
9217,788661,126536.0
9218,681059,788661.0
9219,214690,681059.0
9220,1251081,214690.0
9221,698609,1251081.0
9222,583416,698609.0
9223,514934,583416.0
9224,412182,514934.0
9225,622609,412182.0
9226,435894,622609.0
9227,395421,435894.0
9228,264416,395421.0
9229,411455,264416.0
9230,377757,411455.0
9231,311384,377757.0
9232,14470,311384.0
9233,362995,14470.0
9234,90363,362995.0
9235,105658,90363.0
9236,499276,105658.0
9237,236246,499276.0
9238,85556,236246.0
9239,127118,85556.0
9240,507755,127118.0
9241,483978,507755.0
9242,270403,483978.0
9243,156912,270403.0
9244,8600,156912.0
9245,1317750,8600.0
9246,590115,1317750.0
9247,608118,590115.0
9248,262093,608118.0
9249,936937,262093.0
9251,783742,936937.0
9252,30956,783742.0
9253,101148,30956.0
9254,55406,101148.0
9255,682170,55406.0
9256,700511,682170.0
9257,691255,700511.0
9258,833226,691255.0
9259,87461,833226.0
9260,793344,87461.0
9261,104355,793344.0
9262,572851,104355.0
9263,355427,572851.0
9264,334834,355427.0
9265,460720,334834.0
9266,422236,460720.0
9267,435665,422236.0
9268,612112,435665.0
9269,575962,612112.0
9270,414935,575962.0
9271,41466,414935.0
9272,446562,41466.0
9273,628762,446562.0
9274,829960,628762.0
9275,993151,829960.0
9276,123324,993151.0
9277,75935,123324.0
9278,467514,75935.0
9279,286398,467514.0
9280,413298,286398.0
9281,178374,413298.0
9282,537782,178374.0
9283,225416,537782.0
9284,492230,225416.0
9285,765228,492230.0
9286,293334,765228.0
9287,429027,293334.0
9288,588267,429027.0
9289,538730,588267.0
9290,316738,538730.0
9291,861300,316738.0
9292,56021,861300.0
9293,377284,56021.0
9294,135762,377284.0
9295,375858,135762.0
9296,314516,375858.0
9297,133445,314516.0
9298,211316,133445.0
9299,201744,211316.0
9300,695457,201744.0
9301,402694,695457.0
9302,394492,402694.0
9303,631343,394492.0
9304,487408,631343.0
9305,527943,487408.0
9306,36630,527943.0
9307,177185,36630.0
9308,545773,177185.0
9309,1096923,545773.0
9310,465153,1096923.0
9311,810327,465153.0
9312,206535,810327.0
9313,453361,206535.0
9314,121560,453361.0
9315,28382,121560.0
9316,140565,28382.0
9317,459340,140565.0
9318,434854,459340.0
9319,649587,434854.0
9320,8053,649587.0
9321,578221,8053.0
9322,583257,578221.0
9323,185700,583257.0
9324,146523,185700.0
9325,78237,146523.0
9326,102422,78237.0
9327,124011,102422.0
9328,969656,124011.0
9329,322014,969656.0
9330,136812,322014.0
9331,364719,136812.0
9332,479083,364719.0
9333,460712,479083.0
9334,205724,460712.0
9335,148406,205724.0
9336,147882,148406.0
9337,216587,147882.0
9338,459104,216587.0
9339,214770,459104.0
9340,867266,214770.0
9341,638716,867266.0
9342,879436,638716.0
9343,159683,879436.0
9344,115594,159683.0
9345,21025,115594.0
9346,522473,21025.0
9347,1002539,522473.0
9348,567919,1002539.0
9349,759440,567919.0
9350,60012,759440.0
9351,1312483,60012.0
9352,303434,1312483.0
9353,700119,303434.0
9354,575705,700119.0
9355,808302,575705.0
9356,662366,808302.0
9357,225755,662366.0
9358,632542,225755.0
9359,98118,632542.0
9360,662838,98118.0
9361,640907,662838.0
9362,76364,640907.0
9363,772251,76364.0
9364,204285,772251.0
9365,845367,204285.0
9366,274066,845367.0
9367,239382,274066.0
9368,784028,239382.0
9369,276971,784028.0
9370,178578,276971.0
9371,110812,178578.0
9372,282452,110812.0
9373,241030,282452.0
9374,724166,241030.0
9375,117436,724166.0
9376,156930,117436.0
9377,116349,156930.0
9378,494118,116349.0
9379,169555,494118.0
9380,190257,169555.0
9381,93669,190257.0
9382,525092,93669.0
9383,40662,525092.0
9384,264158,40662.0
9385,374356,264158.0
9386,448117,374356.0
9387,123837,448117.0
9388,313200,123837.0
9389,51431,313200.0
9390,968113,51431.0
9391,10900,968113.0
9392,252562,10900.0
9393,69110,252562.0
9394,716656,69110.0
9395,570786,716656.0
9396,269959,570786.0
9397,80023,269959.0
9398,148326,80023.0
9399,462253,148326.0
9400,131598,462253.0
9401,483992,131598.0
9402,727723,483992.0
9403,391506,727723.0
9404,1107430,391506.0
9405,58275,1107430.0
9406,891935,58275.0
9407,160861,891935.0
9408,68133,160861.0
9409,265970,68133.0
9410,19474,265970.0
9411,1079442,19474.0
9412,381541,1079442.0
9413,353925,381541.0
9414,445004,353925.0
9415,212442,445004.0
9416,380980,212442.0
9417,313200,380980.0
9418,409470,313200.0
9419,546230,409470.0
9420,455561,546230.0
9421,827741,455561.0
9422,908086,827741.0
9423,629012,908086.0
9424,341657,629012.0
9425,421557,341657.0
9426,299112,421557.0
9427,411455,299112.0
9428,401386,411455.0
9429,474306,401386.0
9430,604150,474306.0
9431,693475,604150.0
9432,99322,693475.0
9433,570813,99322.0
9434,1151261,570813.0
9435,255945,1151261.0
9436,637166,255945.0
9437,601435,637166.0
9438,931972,601435.0
9439,264388,931972.0
9440,381864,264388.0
9441,619404,381864.0
9442,794262,619404.0
9443,708799,794262.0
9444,525224,708799.0
9445,228845,525224.0
9446,406768,228845.0
9447,645655,406768.0
9448,834555,645655.0
9449,455969,834555.0
9450,360677,455969.0
9451,770035,360677.0
9452,623625,770035.0
9453,1090185,623625.0
9454,634820,1090185.0
9455,140745,634820.0
9456,224084,140745.0
9457,712213,224084.0
9458,948121,712213.0
9459,582324,948121.0
9460,152694,582324.0
9461,191648,152694.0
9462,689678,191648.0
9463,456697,689678.0
9464,94208,456697.0
9465,611421,94208.0
9466,630396,611421.0
9467,677243,630396.0
9468,355414,677243.0
9469,371480,355414.0
9470,539265,371480.0
9471,34918,539265.0
9472,162900,34918.0
9473,573234,162900.0
9474,47104,573234.0
9475,473144,47104.0
9476,375829,473144.0
9477,247527,375829.0
9478,213531,247527.0
9479,282833,213531.0
9480,639341,282833.0
9481,348071,639341.0
9482,308402,348071.0
9483,877963,308402.0
9484,899263,877963.0
9485,522325,899263.0
9486,579464,522325.0
9487,322806,579464.0
9488,772983,322806.0
9489,403585,772983.0
9490,76364,403585.0
9491,582009,76364.0
9492,505898,582009.0
9493,201945,505898.0
9494,326800,201945.0
9495,575944,326800.0
9496,886240,575944.0
9497,1386081,886240.0
9498,308381,1386081.0
9499,871881,308381.0
9500,421519,871881.0
9501,679202,421519.0
9502,167553,679202.0
9503,293947,167553.0
9504,191440,293947.0
9505,974369,191440.0
9506,188236,974369.0
9507,1006726,188236.0
9508,1244239,1006726.0
9509,23930,1244239.0
9510,853771,23930.0
9511,877145,853771.0
9512,267221,877145.0
9513,95562,267221.0
9514,604056,95562.0
9515,106756,604056.0
9516,313923,106756.0
9517,490315,313923.0
9518,152107,490315.0
9519,632058,152107.0
9520,319294,632058.0
9521,27644,319294.0
9522,68406,27644.0
9523,89887,68406.0
9524,1096448,89887.0
9525,563467,1096448.0
9526,419253,563467.0
9527,992092,419253.0
9528,388380,992092.0
9529,323606,388380.0
9530,271458,323606.0
9531,97742,271458.0
9532,525850,97742.0
9533,579974,525850.0
9535,698483,579974.0
9536,182934,698483.0
9537,915790,182934.0
9538,147699,915790.0
9539,350476,147699.0
9540,199867,350476.0
9541,153649,199867.0
9542,278192,153649.0
9543,237650,278192.0
9544,107694,237650.0
9545,299581,107694.0
9546,138326,299581.0
9547,1178020,138326.0
9548,106756,1178020.0
9549,172955,106756.0
9550,503824,172955.0
9551,363302,503824.0
9552,527715,363302.0
9553,446638,527715.0
9554,531209,446638.0
9555,398892,531209.0
9556,100260,398892.0
9557,650581,100260.0
9558,276544,650581.0
9559,530266,276544.0
9560,90363,530266.0
9561,50604,90363.0
9562,506465,50604.0
9563,268705,506465.0
9564,477657,268705.0
9565,134554,477657.0
9566,106053,134554.0
9567,49819,106053.0
9568,304391,49819.0
9569,618575,304391.0
9570,552067,618575.0
9571,324023,552067.0
9572,271555,324023.0
9573,382620,271555.0
9574,620176,382620.0
9575,749809,620176.0
9576,453675,749809.0
9577,611503,453675.0
9578,161541,611503.0
9579,622641,161541.0
9580,753375,622641.0
9581,493688,753375.0
9582,628856,493688.0
9583,248026,628856.0
9584,376472,248026.0
9585,450978,376472.0
9586,394635,450978.0
9587,514644,394635.0
9588,485399,514644.0
9589,174773,485399.0
9590,317958,174773.0
9591,717095,317958.0
9592,368494,717095.0
9593,983786,368494.0
9594,267737,983786.0
9595,224273,267737.0
9596,563539,224273.0
9597,68867,563539.0
9598,174894,68867.0
9599,101733,174894.0
9600,538212,101733.0
9601,285578,538212.0
9602,20643,285578.0
9603,309971,20643.0
9604,356267,309971.0
9605,373589,356267.0
9606,926736,373589.0
9607,438563,926736.0
9608,520601,438563.0
9609,1015590,520601.0
9610,387764,1015590.0
9611,241030,387764.0
9612,803786,241030.0
9613,797058,803786.0
9614,386641,797058.0
9615,232906,386641.0
9616,250046,232906.0
9617,814533,250046.0
9618,614089,814533.0
9619,752223,614089.0
9620,173102,752223.0
9621,386781,173102.0
9622,233627,386781.0
9623,382914,233627.0
9624,591632,382914.0
9625,712790,591632.0
9626,239342,712790.0
9627,384737,239342.0
9628,67256,384737.0
9629,671682,67256.0
9630,673667,671682.0
9631,807665,673667.0
9632,68133,807665.0
9633,433479,68133.0
9634,277365,433479.0
9635,312300,277365.0
9636,668623,312300.0
9638,69548,668623.0
9639,388003,69548.0
9640,838006,388003.0
9641,67770,838006.0
9642,67076,67770.0
9643,295163,67076.0
9644,627765,295163.0
9645,301955,627765.0
9646,208644,301955.0
9647,466920,208644.0
9648,373963,466920.0
9649,65317,373963.0
9650,515603,65317.0
9651,410188,515603.0
9652,539735,410188.0
9653,500542,539735.0
9654,661203,500542.0
9655,528454,661203.0
9656,923553,528454.0
9657,884355,923553.0
9658,458279,884355.0
9659,419739,458279.0
9660,250473,419739.0
9661,334734,250473.0
9662,50574,334734.0
9663,120349,50574.0
9664,40265,120349.0
9665,477613,40265.0
9666,544405,477613.0
9667,543488,544405.0
9668,112856,543488.0
9669,176403,112856.0
9670,466299,176403.0
9671,282140,466299.0
9672,95272,282140.0
9673,489649,95272.0
9674,354680,489649.0
9675,304075,354680.0
9676,132598,304075.0
9677,501232,132598.0
9678,638462,501232.0
9679,40265,638462.0
9680,504370,40265.0
9681,739689,504370.0
9682,134571,739689.0
9683,242597,134571.0
9684,587068,242597.0
9685,841176,587068.0
9686,131928,841176.0
9687,533193,131928.0
9688,1094158,533193.0
9689,555987,1094158.0
9690,413264,555987.0
9691,633256,413264.0
9692,7358,633256.0
9693,558895,7358.0
9694,184453,558895.0
9695,581608,184453.0
9696,53378,581608.0
9697,65964,53378.0
9698,941405,65964.0
9699,115890,941405.0
9700,263222,115890.0
9701,200536,263222.0
9702,697357,200536.0
9703,718143,697357.0
9704,611327,718143.0
9705,607073,611327.0
9706,277950,607073.0
9707,266042,277950.0
9708,361356,266042.0
9709,948719,361356.0
9710,480698,948719.0
9711,46500,480698.0
9712,158487,46500.0
9713,1186416,158487.0
9714,365760,1186416.0
9715,1001016,365760.0
9716,42082,1001016.0
9717,563272,42082.0
9718,875596,563272.0
9719,910002,875596.0
9720,673650,910002.0
9721,825534,673650.0
9722,308346,825534.0
9723,521762,308346.0
9724,367872,521762.0
9725,298737,367872.0
9726,284326,298737.0
9727,545783,284326.0
9728,357067,545783.0
9729,611732,357067.0
9730,679429,611732.0
9731,204399,679429.0
9732,681538,204399.0
9733,279913,681538.0
9734,257654,279913.0
9735,330237,257654.0
9736,526352,330237.0
9737,160053,526352.0
9738,17200,160053.0
9739,1058024,17200.0
9740,511137,1058024.0
9741,466739,511137.0
9742,369705,466739.0
9743,510346,369705.0
9744,656905,510346.0
9745,516906,656905.0
9746,771265,516906.0
9747,411476,771265.0
9748,446212,411476.0
9749,472904,446212.0
9750,731537,472904.0
9751,970492,731537.0
9752,676780,970492.0
9753,338295,676780.0
9754,328180,338295.0
9755,271461,328180.0
9756,38916,271461.0
9757,1129680,38916.0
9758,584855,1129680.0
9759,254464,584855.0
9760,425635,254464.0
9761,747996,425635.0
9762,943102,747996.0
9763,30961,943102.0
9764,794504,30961.0
9765,135966,794504.0
9766,511371,135966.0
9767,787772,511371.0
9768,263638,787772.0
9769,537477,263638.0
9770,503528,537477.0
9771,354213,503528.0
9772,575756,354213.0
9773,76120,575756.0
9774,750819,76120.0
9775,301247,750819.0
9776,285660,301247.0
9777,441065,285660.0
9778,83484,441065.0
9779,68539,83484.0
9780,467892,68539.0
9781,562024,467892.0
9782,173011,562024.0
9783,821199,173011.0
9784,584110,821199.0
9785,296915,584110.0
9786,313660,296915.0
9787,511150,313660.0
9788,342913,511150.0
9789,187660,342913.0
9790,677201,187660.0
9791,1105117,677201.0
9794,437037,1105117.0
9795,318876,437037.0
9796,485119,318876.0
9797,559327,485119.0
9798,637309,559327.0
9799,38156,637309.0
9800,339690,38156.0
9801,139526,339690.0
9802,877348,139526.0
9803,784096,877348.0
9804,782760,784096.0
9805,353735,782760.0
9806,587866,353735.0
9807,902043,587866.0
9808,883697,902043.0
9809,718730,883697.0
9810,314121,718730.0
9811,330350,314121.0
9812,967959,330350.0
9813,127198,967959.0
9814,338689,127198.0
9815,583980,338689.0
9816,143334,583980.0
9817,421058,143334.0
9818,82558,421058.0
9819,625065,82558.0
9821,71359,625065.0
9822,378674,71359.0
9823,656221,378674.0
9824,835646,656221.0
9825,303836,835646.0
9826,341072,303836.0
9827,55406,341072.0
9828,388463,55406.0
9829,295940,388463.0
9830,162943,295940.0
9831,310855,162943.0
9832,344364,310855.0
9833,263718,344364.0
9834,814438,263718.0
9835,650890,814438.0
9836,131388,650890.0
9837,483419,131388.0
9838,417720,483419.0
9839,355812,417720.0
9840,697619,355812.0
9841,317601,697619.0
9842,26134,317601.0
9843,524913,26134.0
9844,469070,524913.0
9845,683215,469070.0
9846,217244,683215.0
9847,328058,217244.0
9848,527629,328058.0
9849,584730,527629.0
9850,73080,584730.0
9851,112546,73080.0
9852,668913,112546.0
9853,767517,668913.0
9854,30121,767517.0
9855,183724,30121.0
9856,33628,183724.0
9857,140163,33628.0
9858,27108,140163.0
9859,160454,27108.0
9860,425117,160454.0
9861,963561,425117.0
9862,536391,963561.0
9863,555972,536391.0
9864,586112,555972.0
9865,835240,586112.0
9866,223830,835240.0
9867,562989,223830.0
9868,497495,562989.0
9869,281477,497495.0
9870,786858,281477.0
9871,75195,786858.0
9872,421600,75195.0
9873,887395,421600.0
9874,116596,887395.0
9875,710926,116596.0
9876,122712,710926.0
9877,204912,122712.0
9878,208875,204912.0
9879,107647,208875.0
9880,694859,107647.0
9881,506845,694859.0
9882,650618,506845.0
9883,71517,650618.0
9884,159894,71517.0
9885,323756,159894.0
9886,381921,323756.0
9887,530701,381921.0
9888,439428,530701.0
9889,1154461,439428.0
9890,344978,1154461.0
9891,9937,344978.0
9892,180838,9937.0
9893,842869,180838.0
9894,969716,842869.0
9895,98118,969716.0
9896,207505,98118.0
9897,500618,207505.0
9898,651244,500618.0
9899,57090,651244.0
9900,199209,57090.0
9901,160668,199209.0
9902,518329,160668.0
9903,421331,518329.0
9904,546927,421331.0
9905,612444,546927.0
9906,812805,612444.0
9907,157766,812805.0
9908,490220,157766.0
9909,1071728,490220.0
9910,51211,1071728.0
9911,631702,51211.0
9912,50574,631702.0
9913,600285,50574.0
9914,372055,600285.0
9915,591375,372055.0
9916,16898,591375.0
9917,158487,16898.0
9918,201375,158487.0
9919,272606,201375.0
9920,503551,272606.0
9921,91232,503551.0
9922,532634,91232.0
9923,220165,532634.0
9924,120809,220165.0
9925,513929,120809.0
9926,777431,513929.0
9927,18350,777431.0
9928,125936,18350.0
9929,168176,125936.0
9930,831463,168176.0
9931,825507,831463.0
9932,942014,825507.0
9933,302903,942014.0
9934,919692,302903.0
9935,199388,919692.0
9936,508846,199388.0
9937,921982,508846.0
9938,697861,921982.0
9939,542409,697861.0
9940,1236527,542409.0
9941,310049,1236527.0
9942,384310,310049.0
9943,489217,384310.0
9944,16985,489217.0
9945,79585,16985.0
9946,862998,79585.0
9947,167133,862998.0
9948,152914,167133.0
9949,670135,152914.0
9950,695308,670135.0
9951,704601,695308.0
9952,1049083,704601.0
9953,634266,1049083.0
9954,369820,634266.0
9955,221632,369820.0
9956,81723,221632.0
9957,382298,81723.0
9958,239127,382298.0
9959,185947,239127.0
9960,407342,185947.0
9961,611804,407342.0
9962,719891,611804.0
9963,45616,719891.0
9964,401803,45616.0
9965,65552,401803.0
9966,412015,65552.0
9967,691999,412015.0
9968,32212,691999.0
9969,417930,32212.0
9970,28563,417930.0
9971,80221,28563.0
9972,198616,80221.0
9973,345958,198616.0
9974,1165726,345958.0
9975,492112,1165726.0
9976,209468,492112.0
9977,670613,209468.0
9978,994329,670613.0
9979,357200,994329.0
9980,585615,357200.0
9981,40304,585615.0
9982,183150,40304.0
9983,41844,183150.0
9984,780571,41844.0
9985,540480,780571.0
9986,15478,540480.0
9987,291270,15478.0
9988,624562,291270.0
9989,326547,624562.0
9990,612682,326547.0
9991,670202,612682.0
9992,970941,670202.0
9993,881885,970941.0
9994,193150,881885.0
9995,286398,193150.0
9996,522896,286398.0
9997,615176,522896.0
9998,303219,615176.0
9999,534390,303219.0
10000,269349,534390.0
