order_item_id,order_id,product_id,quantity,unit_price
1,5001,8,1.0,49819
2,5001,87,4.0,41279
3,5002,10,2.0,26689
4,5003,150,5.0,30192
5,5003,1,3.0,50707
6,5003,112,4.0,69548
7,5004,44,4.0,82291
8,5004,6,4.0,21286
9,5004,98,5.0,83293
10,5004,143,3.0,20414
11,5004,114,1.0,38630
12,5005,10,2.0,26689
13,5005,47,1.0,53706
14,5005,62,1.0,98446
15,5006,83,2.0,61817
16,5007,21,1.0,81691
17,5007,88,5.0,4300
18,5007,49,5.0,92850
19,5007,29,2.0,7739
20,5007,27,2.0,65552
21,5008,113,4.0,14616
22,5008,136,3.0,53946
23,5008,10,2.0,26689
24,5009,2,5.0,48841
25,5009,1,5.0,50707
26,5009,60,5.0,84088
27,5010,97,5.0,3679
28,5010,2,2.0,48841
29,5010,19,5.0,72397
30,5010,122,1.0,58214
31,5011,45,3.0,48206
32,5011,141,5.0,19091
33,5011,66,5.0,82653
34,5012,74,1.0,16985
35,5012,11,5.0,10900
36,5012,80,2.0,89761
37,5012,61,5.0,26079
38,5012,102,2.0,22808
39,5013,67,1.0,33911
40,5014,80,4.0,89761
41,5014,140,5.0,83331
42,5014,129,4.0,14470
43,5014,17,2.0,13948
44,5015,20,4.0,44033
45,5015,14,5.0,55863
46,5015,125,4.0,33628
47,5016,1,1.0,50707
48,5016,84,2.0,87906
49,5016,88,2.0,4300
50,5017,140,4.0,83331
51,5017,148,2.0,55893
52,5017,30,1.0,51211
53,5017,78,4.0,42378
54,5017,19,5.0,72397
55,5018,35,4.0,58295
56,5018,124,5.0,78300
57,5018,52,5.0,58298
58,5018,109,4.0,19474
59,5019,46,4.0,23671
60,5020,102,1.0,22808
61,5020,5,4.0,26134
62,5021,104,5.0,9521
63,5022,35,5.0,58295
64,5022,83,1.0,61817
65,5023,120,5.0,3186
66,5023,80,3.0,89761
67,5023,132,4.0,42778
68,5023,53,5.0,50574
69,5023,105,3.0,56021
70,5024,66,5.0,82653
71,5024,44,2.0,82291
72,5024,109,5.0,19474
73,5025,96,5.0,8053
74,5025,72,5.0,20480
75,5025,61,3.0,26079
76,5025,65,5.0,25065
77,5025,14,4.0,55863
78,5026,26,4.0,18911
79,5026,105,3.0,56021
80,5026,17,3.0,13948
81,5027,60,5.0,84088
82,5028,17,4.0,13948
83,5028,69,5.0,48871
84,5028,11,1.0,10900
85,5029,119,1.0,26176
86,5030,126,1.0,20393
87,5030,142,4.0,40304
88,5030,49,3.0,92850
89,5031,49,3.0,92850
90,5031,39,1.0,54311
91,5031,51,2.0,59928
92,5032,21,5.0,81691
93,5033,102,5.0,22808
94,5033,116,3.0,42082
95,5033,37,5.0,95562
96,5033,122,5.0,58214
97,5033,41,2.0,92765
98,5034,36,2.0,53847
99,5034,54,3.0,9962
100,5034,40,4.0,48312
101,5035,67,2.0,33911
102,5035,113,1.0,14616
103,5035,31,5.0,7724
104,5035,76,3.0,56428
105,5035,124,3.0,78300
106,5036,97,2.0,3679
107,5036,72,4.0,20480
108,5036,23,1.0,18620
109,5036,8,5.0,49819
110,5037,38,5.0,76444
111,5037,28,2.0,90487
112,5037,45,5.0,48206
113,5037,131,3.0,76514
114,5037,113,4.0,14616
115,5038,35,5.0,58295
116,5038,7,1.0,95184
117,5039,105,3.0,56021
118,5039,141,4.0,19091
119,5039,74,1.0,16985
120,5040,61,5.0,26079
121,5040,54,5.0,9962
122,5040,116,3.0,42082
123,5040,52,2.0,58298
124,5040,8,1.0,49819
125,5041,138,4.0,52367
126,5041,36,1.0,53847
127,5042,139,5.0,34743
128,5042,54,2.0,9962
129,5043,44,2.0,82291
130,5043,5,5.0,26134
131,5043,22,1.0,78894
132,5043,52,2.0,58298
133,5043,92,5.0,61356
134,5044,62,4.0,98446
135,5044,82,3.0,87619
136,5044,24,2.0,43443
137,5044,79,5.0,81723
138,5044,13,3.0,97810
139,5045,92,5.0,61356
140,5045,103,5.0,31445
141,5045,86,3.0,49654
142,5046,75,4.0,35916
143,5046,146,5.0,52304
144,5046,17,1.0,13948
145,5046,65,5.0,25065
146,5047,56,1.0,9175
147,5048,117,3.0,12972
148,5049,106,2.0,95466
149,5049,7,5.0,95184
150,5050,56,2.0,9175
151,5050,20,4.0,44033
152,5050,146,4.0,52304
153,5050,40,2.0,48312
154,5051,28,4.0,90487
155,5051,46,4.0,23671
156,5051,139,1.0,34743
157,5051,78,3.0,42378
158,5052,103,,31445
159,5053,101,3.0,86737
160,5053,40,3.0,48312
161,5053,148,2.0,55893
162,5054,6,5.0,21286
163,5054,5,4.0,26134
164,5054,106,2.0,95466
165,5054,61,4.0,26079
166,99999,148,4.0,55893
167,5056,48,4.0,68133
168,5056,62,5.0,98446
169,5056,81,1.0,19078
170,5057,24,1.0,43443
171,5057,44,2.0,82291
172,5057,108,3.0,46915
173,5058,27,2.0,65552
174,5058,80,1.0,89761
175,5059,77,3.0,6325
176,5059,98,4.0,83293
177,5060,117,5.0,12972
178,5061,139,3.0,34743
179,5061,19,4.0,72397
180,5061,149,1.0,95245
181,5061,56,5.0,9175
182,5061,105,4.0,56021
183,5062,52,3.0,58298
184,5062,73,2.0,87951
185,5062,45,1.0,48206
186,5062,125,1.0,33628
187,5062,39,1.0,54311
188,5063,149,2.0,95245
189,5064,47,4.0,53706
190,5064,63,3.0,33538
191,5064,80,2.0,89761
192,5064,35,5.0,58295
193,5064,119,2.0,26176
194,5065,65,5.0,25065
195,5066,6,2.0,21286
196,5066,109,3.0,19474
197,5066,25,1.0,16898
198,5066,79,4.0,81723
199,5066,107,5.0,84963
200,5067,65,3.0,25065
201,5068,39,4.0,54311
202,5068,26,1.0,18911
203,5068,95,4.0,51431
204,5068,114,5.0,38630
205,5068,131,1.0,76514
206,5069,150,5.0,30192
207,5070,64,4.0,69811
208,5070,114,1.0,38630
209,5070,66,5.0,82653
210,5070,145,1.0,70418
211,5070,84,3.0,87906
212,5071,138,2.0,52367
213,5071,35,5.0,58295
214,5072,101,3.0,86737
215,5072,141,1.0,19091
216,5072,12,4.0,52829
217,5072,82,2.0,87619
218,5073,66,4.0,82653
219,5073,86,1.0,49654
220,5073,77,2.0,6325
221,5073,25,3.0,16898
222,5074,40,3.0,48312
223,5074,145,1.0,70418
224,5074,114,2.0,38630
225,5074,6,2.0,21286
226,5075,63,1.0,33538
227,5075,27,1.0,65552
228,5076,42,1.0,47104
229,5076,45,4.0,48206
230,5076,120,4.0,3186
231,5077,23,4.0,18620
232,5078,87,4.0,41279
233,5078,2,4.0,48841
234,5078,49,3.0,92850
235,5078,64,3.0,69811
236,5078,78,4.0,42378
237,5079,139,4.0,34743
238,5079,29,1.0,7739
239,5079,135,2.0,94663
240,5080,148,3.0,55893
241,5080,116,5.0,42082
242,5081,57,2.0,92455
243,5081,9999,3.0,58214
244,5081,94,3.0,67315
245,5081,86,2.0,49654
246,5082,4,4.0,46721
247,5082,64,1.0,69811
248,5082,8,5.0,49819
249,5083,50,3.0,37334
250,5083,75,3.0,35916
251,5083,148,1.0,55893
252,5083,96,5.0,8053
253,5083,54,3.0,9962
254,5084,72,4.0,20480
255,5085,70,5.0,55878
256,5085,72,2.0,20480
257,5085,36,5.0,53847
258,5085,2,3.0,48841
259,5085,4,1.0,46721
260,5086,79,3.0,81723
261,5086,75,1.0,35916
262,5087,58,3.0,39174
263,5088,66,3.0,82653
264,5088,14,4.0,55863
265,5088,114,4.0,38630
266,5088,94,5.0,67315
267,5089,100,3.0,71517
268,5089,28,1.0,90487
269,5090,26,3.0,18911
270,5091,148,3.0,55893
271,5091,113,3.0,14616
272,5091,89,5.0,83106
273,5091,101,3.0,86737
274,5092,70,4.0,55878
275,5092,110,5.0,30121
276,5093,8,1.0,49819
277,5093,10,3.0,26689
278,5093,9999,3.0,26176
279,5094,12,4.0,52829
280,5094,122,3.0,58214
281,5094,27,4.0,65552
282,5095,108,5.0,46915
283,5095,31,5.0,7724
284,5095,47,5.0,53706
285,5095,99,2.0,34203
286,5096,86,2.0,49654
287,5096,107,4.0,84963
288,5097,65,3.0,25065
289,5097,21,1.0,81691
290,5098,122,2.0,58214
291,5098,48,4.0,68133
292,5098,148,3.0,55893
293,5098,81,3.0,19078
294,5099,5,2.0,26134
295,5099,117,4.0,12972
296,5099,28,5.0,90487
297,5099,149,3.0,95245
298,5099,105,1.0,56021
299,5100,43,3.0,88213
300,5100,21,3.0,81691
301,5100,116,3.0,42082
302,5101,22,3.0,78894
303,5101,58,4.0,39174
304,5101,47,2.0,53706
305,5101,60,1.0,84088
306,5102,21,2.0,81691
307,5102,140,5.0,83331
308,5103,55,5.0,34918
309,5103,136,1.0,53946
310,5103,78,3.0,42378
311,5103,110,1.0,30121
312,5103,73,2.0,87951
313,5104,12,4.0,52829
314,5104,18,1.0,79719
315,5105,135,5.0,94663
316,5105,107,5.0,84963
317,5106,65,4.0,25065
318,5106,67,1.0,33911
319,5106,55,1.0,34918
320,5106,128,2.0,80334
321,5106,24,3.0,43443
322,5107,48,5.0,68133
323,5108,69,1.0,48871
324,5109,3,1.0,13554
325,5109,148,2.0,55893
326,5110,108,1.0,46915
327,5110,111,4.0,73941
328,5110,65,2.0,25065
329,5111,61,1.0,26079
330,5111,113,4.0,14616
331,5111,131,3.0,76514
332,5111,3,4.0,13554
333,5111,1,4.0,50707
334,5112,79,4.0,81723
335,5112,66,5.0,82653
336,5112,14,4.0,55863
337,5112,49,3.0,92850
338,5113,112,2.0,69548
339,5113,116,2.0,42082
340,5114,120,1.0,3186
341,5114,111,3.0,73941
342,5114,39,4.0,54311
343,5114,99,4.0,34203
344,5115,82,4.0,87619
345,5116,116,5.0,42082
346,5116,4,2.0,46721
347,5116,40,5.0,48312
348,5117,131,4.0,76514
349,5117,136,4.0,53946
350,5118,116,1.0,42082
351,5118,69,1.0,48871
352,5118,6,3.0,21286
353,5119,92,3.0,61356
354,5120,21,4.0,81691
355,5120,108,4.0,46915
356,5120,78,4.0,42378
357,5120,67,3.0,33911
358,5121,69,3.0,48871
359,5122,110,4.0,30121
360,5122,127,4.0,94118
361,5123,83,2.0,61817
362,5123,91,2.0,98063
363,5123,74,4.0,16985
364,5123,128,1.0,80334
365,5124,134,5.0,65964
366,5124,90,4.0,49507
367,5124,131,3.0,76514
368,5124,5,4.0,26134
369,5125,119,5.0,26176
370,5125,127,4.0,94118
371,5125,23,2.0,18620
372,5126,139,2.0,34743
373,5126,103,2.0,31445
374,5126,119,3.0,26176
375,5127,16,3.0,9937
376,5127,71,2.0,4786
377,5128,136,5.0,53946
378,5128,47,4.0,53706
379,5128,98,5.0,83293
380,5129,138,3.0,52367
381,5129,69,1.0,48871
382,5129,79,1.0,81723
383,5129,9,2.0,20871
384,5130,83,4.0,61817
385,5130,80,3.0,89761
386,5131,17,5.0,13948
387,5131,21,5.0,81691
388,5132,57,2.0,92455
389,5132,7,3.0,95184
390,5132,119,3.0,26176
391,5132,6,5.0,21286
392,5132,80,1.0,89761
393,5133,17,5.0,13948
394,5133,105,2.0,56021
395,5133,124,1.0,78300
396,5133,132,2.0,42778
397,5133,149,5.0,95245
398,5134,150,4.0,30192
399,5134,28,1.0,90487
400,5135,25,4.0,16898
401,5135,19,5.0,72397
402,5135,97,3.0,3679
403,5136,110,4.0,30121
404,5137,17,3.0,13948
405,5137,103,4.0,31445
406,5137,143,3.0,20414
407,5137,92,3.0,61356
408,5137,52,4.0,58298
409,5138,45,2.0,48206
410,5138,52,2.0,58298
411,5138,117,3.0,12972
412,5139,11,3.0,10900
413,5139,121,2.0,32706
414,5139,144,5.0,93669
415,5139,4,5.0,46721
416,5140,139,4.0,34743
417,5140,117,4.0,12972
418,5140,73,2.0,87951
419,5140,75,2.0,35916
420,5140,5,5.0,26134
421,5141,116,1.0,42082
422,5142,87,1.0,41279
423,5142,130,4.0,27703
424,5143,25,3.0,16898
425,5143,27,4.0,65552
426,5143,7,3.0,95184
427,5143,74,5.0,16985
428,5143,104,3.0,9521
429,5144,6,2.0,21286
430,5144,103,2.0,31445
431,5144,69,1.0,48871
432,5144,120,3.0,3186
433,5145,58,5.0,39174
434,5145,144,5.0,93669
435,5145,67,2.0,33911
436,5146,72,4.0,20480
437,5146,128,2.0,80334
438,5146,7,1.0,95184
439,5147,76,5.0,56428
440,5147,1,3.0,50707
441,5147,43,1.0,88213
442,5147,74,5.0,16985
443,5148,149,3.0,95245
444,5148,16,4.0,9937
445,5148,3,5.0,13554
446,5149,69,3.0,48871
447,5149,23,1.0,18620
448,5150,139,4.0,34743
449,5150,134,3.0,65964
450,5150,108,5.0,46915
451,5150,52,2.0,58298
452,5150,76,3.0,56428
453,5151,64,1.0,69811
454,5152,97,2.0,3679
455,5152,46,5.0,23671
456,5152,105,2.0,56021
457,5152,141,4.0,19091
458,5152,70,1.0,55878
459,5153,9,3.0,20871
460,5153,76,1.0,56428
461,5153,112,1.0,69548
462,5154,94,5.0,67315
463,5154,104,3.0,9521
464,5154,82,3.0,87619
465,5155,132,1.0,42778
466,5155,145,3.0,70418
467,5155,48,2.0,68133
468,5155,27,3.0,65552
469,5155,112,4.0,69548
470,5156,138,4.0,52367
471,5156,131,1.0,76514
472,5156,69,1.0,48871
473,5157,150,3.0,30192
474,5157,64,5.0,69811
475,5158,126,5.0,20393
476,5158,130,5.0,27703
477,5158,137,3.0,73589
478,5158,80,1.0,89761
479,5159,29,3.0,7739
480,5159,91,4.0,98063
481,5159,20,1.0,44033
482,5159,119,1.0,26176
483,5159,42,5.0,47104
484,5160,55,4.0,34918
485,5160,9,1.0,20871
486,5160,13,5.0,97810
487,5161,19,1.0,72397
488,5162,75,1.0,35916
489,5162,128,5.0,80334
490,5163,23,2.0,18620
491,5163,13,1.0,97810
492,5163,20,2.0,44033
493,5164,103,5.0,31445
494,5164,137,4.0,73589
495,5165,68,2.0,25842
496,5165,115,4.0,25302
497,5166,2,3.0,48841
498,5166,117,3.0,12972
499,5167,143,3.0,20414
500,5167,43,3.0,88213
501,5167,67,4.0,33911
502,5167,106,4.0,95466
503,5167,107,5.0,84963
504,5168,19,1.0,72397
505,5168,136,3.0,53946
506,5168,111,3.0,73941
507,5168,104,1.0,9521
508,5169,24,2.0,43443
509,5169,70,3.0,55878
510,5169,9,2.0,20871
511,5169,49,5.0,92850
512,5170,110,2.0,30121
513,5170,96,5.0,8053
514,5171,101,3.0,86737
515,5171,143,1.0,20414
516,5171,148,1.0,55893
517,5171,44,3.0,82291
518,5172,10,5.0,26689
519,5172,57,4.0,92455
520,5173,103,3.0,31445
521,5173,138,5.0,52367
522,5173,71,1.0,4786
523,5173,114,3.0,38630
524,5174,61,1.0,26079
525,5174,85,1.0,48998
526,5174,150,5.0,30192
527,5174,39,1.0,54311
528,5174,64,3.0,69811
529,5175,96,1.0,8053
530,5175,8,2.0,49819
531,5175,51,5.0,59928
532,5175,59,3.0,20643
533,5175,105,3.0,56021
534,5176,2,3.0,48841
535,5176,107,1.0,84963
536,5176,146,1.0,52304
537,5176,115,5.0,25302
538,5177,42,3.0,47104
539,5178,110,4.0,30121
540,5179,45,5.0,48206
541,5179,140,4.0,83331
542,5179,87,5.0,41279
543,5179,7,4.0,95184
544,5179,144,1.0,93669
545,5180,68,3.0,25842
546,5180,60,5.0,84088
547,5181,71,1.0,4786
548,5181,150,1.0,30192
549,5181,1,1.0,50707
550,5181,135,1.0,94663
551,5181,104,3.0,9521
552,5182,147,2.0,53510
553,5182,37,4.0,95562
554,5182,103,4.0,31445
555,5182,32,5.0,15187
556,5183,72,2.0,20480
557,5183,66,1.0,82653
558,5183,115,2.0,25302
559,5184,18,3.0,79719
560,5184,72,1.0,20480
561,5184,69,5.0,48871
562,5184,9,3.0,20871
563,5184,35,5.0,58295
564,5185,111,5.0,73941
565,5185,64,4.0,69811
566,5185,10,3.0,26689
567,5185,116,5.0,42082
568,5185,90,2.0,49507
569,5186,134,4.0,65964
570,5187,9,4.0,20871
571,5187,58,3.0,39174
572,5187,56,3.0,9175
573,5188,96,2.0,8053
574,5188,94,4.0,67315
575,5188,8,5.0,49819
576,5189,78,3.0,42378
577,5189,34,5.0,36630
578,5189,122,3.0,58214
579,5189,12,2.0,52829
580,5190,110,3.0,30121
581,5190,127,5.0,94118
582,5190,21,4.0,81691
583,5190,50,2.0,37334
584,5191,109,4.0,19474
585,5191,33,5.0,20004
586,5192,62,2.0,98446
587,5192,14,3.0,55863
588,5193,80,5.0,89761
589,5193,48,3.0,68133
590,5193,107,1.0,84963
591,5193,43,3.0,88213
592,5194,130,3.0,27703
593,5194,106,3.0,95466
594,5194,24,4.0,43443
595,5195,121,3.0,32706
596,5196,73,2.0,87951
597,5196,104,4.0,9521
598,5196,15,3.0,48998
599,5196,1,3.0,50707
600,5196,6,3.0,21286
601,5197,116,1.0,42082
602,5197,90,5.0,49507
603,5198,46,1.0,23671
604,5198,106,5.0,95466
605,5198,55,1.0,34918
606,5198,145,1.0,70418
607,5199,72,1.0,20480
608,5199,71,5.0,4786
609,5199,61,5.0,26079
610,5199,75,1.0,35916
611,5200,130,2.0,27703
612,5200,92,1.0,61356
613,5200,106,2.0,95466
614,5200,47,3.0,53706
615,5200,87,5.0,41279
616,5201,7,1.0,95184
617,5201,125,4.0,33628
618,5201,45,1.0,48206
619,5201,18,1.0,79719
620,5202,17,5.0,13948
621,5202,14,3.0,55863
622,5203,28,1.0,90487
623,5203,119,3.0,26176
624,5203,39,3.0,54311
625,5204,20,3.0,44033
626,5205,142,1.0,40304
627,5205,58,5.0,39174
628,5205,106,4.0,95466
629,5206,70,3.0,55878
630,5206,45,1.0,48206
631,5206,8,2.0,49819
632,5206,139,4.0,34743
633,5207,126,2.0,20393
634,5207,97,4.0,3679
635,5207,138,2.0,52367
636,5208,38,5.0,76444
637,5208,6,5.0,21286
638,5209,147,2.0,53510
639,5210,50,5.0,37334
640,5210,81,1.0,19078
641,5210,120,4.0,3186
642,5211,78,2.0,42378
643,5211,70,4.0,55878
644,5211,3,1.0,13554
645,5212,88,5.0,4300
646,5213,58,5.0,39174
647,5214,102,3.0,22808
648,5215,6,5.0,21286
649,5215,23,5.0,18620
650,5216,114,2.0,38630
651,5216,112,2.0,69548
652,5216,124,4.0,78300
653,5216,86,5.0,49654
654,5217,58,3.0,39174
655,5217,66,3.0,82653
656,5217,132,1.0,42778
657,5217,122,3.0,58214
658,5217,74,2.0,16985
659,5218,87,2.0,41279
660,5218,133,4.0,19030
661,5218,122,4.0,58214
662,5218,80,1.0,89761
663,5219,34,2.0,36630
664,5219,42,2.0,47104
665,5219,29,4.0,7739
666,5220,59,3.0,20643
667,5220,106,2.0,95466
668,5220,94,3.0,67315
669,5220,29,1.0,7739
670,5220,99,5.0,34203
671,5221,39,1.0,54311
672,5221,30,4.0,51211
673,5222,13,2.0,97810
674,5222,77,5.0,6325
675,5222,123,4.0,50047
676,5222,132,5.0,42778
677,5223,117,3.0,12972
678,5224,48,5.0,68133
679,5224,120,2.0,3186
680,5224,73,1.0,87951
681,5224,95,3.0,51431
682,5224,21,3.0,81691
683,5225,61,4.0,26079
684,5225,104,3.0,9521
685,5226,29,3.0,7739
686,5227,57,5.0,92455
687,5227,129,4.0,14470
688,5228,36,5.0,53847
689,5228,20,4.0,44033
690,5228,80,3.0,89761
691,5229,44,1.0,82291
692,5229,148,2.0,55893
693,5229,80,5.0,89761
694,5229,25,4.0,16898
695,5230,7,5.0,95184
696,5230,107,1.0,84963
697,5230,67,5.0,33911
698,5230,45,3.0,48206
699,5231,15,5.0,48998
700,5231,124,4.0,78300
701,5232,129,1.0,14470
702,5232,47,1.0,53706
703,5232,9,2.0,20871
704,5233,127,4.0,94118
705,5233,26,1.0,18911
706,5233,129,3.0,14470
707,5234,106,3.0,95466
708,5234,16,5.0,9937
709,5234,150,,30192
710,5234,92,5.0,61356
711,5234,33,1.0,20004
712,5235,45,5.0,48206
713,5235,53,2.0,50574
714,5235,55,2.0,34918
715,5235,56,2.0,9175
716,5236,97,1.0,3679
717,5236,14,3.0,55863
718,5236,29,1.0,7739
719,5236,121,2.0,32706
720,5236,64,5.0,69811
721,5237,62,3.0,98446
722,5237,113,3.0,14616
723,5237,51,3.0,59928
724,5237,49,5.0,92850
725,5237,72,5.0,20480
726,5238,51,2.0,59928
727,5238,64,2.0,69811
728,5238,126,1.0,20393
729,5239,50,2.0,37334
730,5240,37,1.0,95562
731,5241,137,2.0,73589
732,5242,129,1.0,14470
733,5242,107,2.0,84963
734,5243,34,4.0,36630
735,5243,143,3.0,20414
736,5243,14,1.0,55863
737,5243,61,1.0,26079
738,5244,116,3.0,42082
739,5244,123,2.0,50047
740,5244,94,4.0,67315
741,5245,139,4.0,34743
742,5245,54,3.0,9962
743,5245,126,1.0,20393
744,5245,132,5.0,42778
745,5245,50,3.0,37334
746,5246,34,4.0,36630
747,5246,77,4.0,6325
748,5246,25,1.0,16898
749,5247,23,3.0,18620
750,5247,22,5.0,78894
751,5247,99,4.0,34203
752,5248,42,3.0,47104
753,5249,150,2.0,30192
754,5249,64,2.0,69811
755,5250,32,3.0,15187
756,5250,118,3.0,13822
757,5251,55,4.0,34918
758,5251,40,2.0,48312
759,5251,87,5.0,41279
760,5251,71,4.0,4786
761,5252,125,2.0,33628
762,5252,29,3.0,7739
763,5252,47,3.0,53706
764,5252,46,1.0,23671
765,5252,70,2.0,55878
766,5253,45,2.0,48206
767,5253,112,1.0,69548
768,5254,28,3.0,90487
769,5254,147,1.0,53510
770,5254,41,5.0,92765
771,5254,2,1.0,48841
772,5255,139,2.0,34743
773,5255,26,3.0,18911
774,5255,118,2.0,13822
775,5256,132,4.0,42778
776,5256,137,5.0,73589
777,5256,107,5.0,84963
778,5256,28,4.0,90487
779,5256,6,5.0,21286
780,5257,55,5.0,34918
781,5258,131,2.0,76514
782,5258,74,2.0,16985
783,5258,134,3.0,65964
784,5258,39,2.0,54311
785,5258,64,1.0,69811
786,5259,118,1.0,13822
787,5259,79,3.0,81723
788,5259,58,5.0,39174
789,5259,141,5.0,19091
790,5259,24,5.0,43443
791,5260,85,1.0,48998
792,5260,45,4.0,48206
793,5260,4,5.0,46721
794,5260,29,3.0,7739
795,5261,17,3.0,13948
796,5261,131,4.0,76514
797,5262,34,2.0,36630
798,5262,64,4.0,69811
799,5262,119,3.0,26176
800,5262,87,4.0,41279
801,5262,143,1.0,20414
802,5263,93,4.0,64437
803,5263,75,2.0,35916
804,5263,132,5.0,42778
805,5263,99,5.0,34203
806,5264,148,5.0,55893
807,5264,98,5.0,83293
808,5264,71,1.0,4786
809,5264,136,3.0,53946
810,5265,61,2.0,26079
811,5265,103,3.0,31445
812,5265,29,3.0,7739
813,5265,85,4.0,48998
814,5265,48,3.0,68133
815,5266,21,5.0,81691
816,5266,61,4.0,26079
817,5267,100,5.0,71517
818,5267,87,3.0,41279
819,5268,131,4.0,76514
820,5269,110,4.0,30121
821,5269,69,2.0,48871
822,5270,140,4.0,83331
823,5270,68,2.0,25842
824,5270,32,3.0,15187
825,5270,26,2.0,18911
826,5270,79,1.0,81723
827,5271,91,2.0,98063
828,5271,82,1.0,87619
829,5271,138,2.0,52367
830,5271,24,1.0,43443
831,5271,115,3.0,25302
832,5272,64,1.0,69811
833,5272,139,5.0,34743
834,5273,28,5.0,90487
835,5274,85,5.0,48998
836,5274,60,1.0,84088
837,5274,64,3.0,69811
838,5275,7,3.0,95184
839,5275,85,2.0,48998
840,5276,33,2.0,20004
841,5276,54,2.0,9962
842,5276,78,4.0,42378
843,5276,145,3.0,70418
844,5277,42,3.0,47104
845,5277,65,2.0,25065
846,5277,78,1.0,42378
847,5277,11,2.0,10900
848,5277,1,3.0,50707
849,5278,110,2.0,30121
850,5278,112,1.0,69548
851,5278,131,3.0,76514
852,5279,102,2.0,22808
853,5279,87,2.0,41279
854,5279,106,2.0,95466
855,5280,16,4.0,9937
856,5281,25,1.0,16898
857,5281,61,2.0,26079
858,5281,79,2.0,81723
859,99999,9,2.0,20871
860,5282,57,4.0,92455
861,5283,32,3.0,15187
862,5283,61,1.0,26079
863,5283,117,3.0,12972
864,5283,8,5.0,49819
865,5284,58,5.0,39174
866,5284,108,4.0,46915
867,5284,14,3.0,55863
868,5284,129,3.0,14470
869,5285,101,1.0,86737
870,5285,145,4.0,70418
871,99999,44,1.0,82291
872,5286,136,4.0,53946
873,5286,31,4.0,7724
874,5286,113,4.0,14616
875,5287,61,5.0,26079
876,5287,59,2.0,20643
877,5288,114,4.0,38630
878,5289,51,3.0,59928
879,5289,3,5.0,13554
880,5290,69,3.0,48871
881,5291,47,4.0,53706
882,5291,78,1.0,42378
883,5291,67,4.0,33911
884,5292,32,1.0,15187
885,5292,85,2.0,48998
886,5292,90,1.0,49507
887,5292,87,3.0,41279
888,5292,133,1.0,19030
889,5293,48,1.0,68133
890,5293,102,4.0,22808
891,5293,98,2.0,83293
892,5293,135,3.0,94663
893,5294,29,3.0,7739
894,5294,121,4.0,32706
895,5295,111,4.0,73941
896,5295,46,5.0,23671
897,5296,118,5.0,13822
898,5297,110,5.0,30121
899,5297,41,3.0,92765
900,5297,121,3.0,32706
901,5297,85,4.0,48998
902,5298,72,4.0,20480
903,5298,120,3.0,3186
904,5298,77,5.0,6325
905,5298,121,3.0,32706
906,5299,53,2.0,50574
907,5299,36,1.0,53847
908,5300,59,4.0,20643
909,5300,139,5.0,34743
910,5300,51,2.0,59928
911,5301,38,2.0,76444
912,5301,118,3.0,13822
913,5301,45,2.0,48206
914,5301,106,1.0,95466
915,5301,6,1.0,21286
916,5302,75,4.0,35916
917,5302,128,5.0,80334
918,5302,33,2.0,20004
919,5303,53,5.0,50574
920,5303,67,4.0,33911
921,5304,1,1.0,50707
922,5305,39,1.0,54311
923,5305,35,4.0,58295
924,5305,63,5.0,33538
925,5305,100,2.0,71517
926,5305,43,5.0,88213
927,5306,51,1.0,59928
928,5306,75,4.0,35916
929,5307,135,1.0,94663
930,5307,25,2.0,16898
931,5307,30,1.0,51211
932,5307,83,5.0,61817
933,5308,141,3.0,19091
934,5308,110,5.0,30121
935,5308,90,1.0,49507
936,5308,5,3.0,26134
937,5308,103,4.0,31445
938,5309,41,4.0,92765
939,5309,129,1.0,14470
940,5310,27,4.0,65552
941,5311,37,2.0,95562
942,5311,91,1.0,98063
943,5311,129,2.0,14470
944,5312,4,5.0,46721
945,5312,103,2.0,31445
946,5312,76,5.0,56428
947,5312,119,5.0,26176
948,5312,140,1.0,83331
949,5313,53,1.0,50574
950,5313,125,4.0,33628
951,5313,129,2.0,14470
952,5313,33,4.0,20004
953,5314,16,3.0,9937
954,5314,57,3.0,92455
955,5314,46,3.0,23671
956,5315,97,4.0,3679
957,5316,32,1.0,15187
958,5316,56,2.0,9175
959,5316,99,4.0,34203
960,5317,43,5.0,88213
961,5317,55,3.0,34918
962,5318,92,4.0,61356
963,5318,23,5.0,18620
964,5318,21,5.0,81691
965,5319,46,1.0,23671
966,5319,73,5.0,87951
967,5320,100,2.0,71517
968,5320,86,2.0,49654
969,5320,14,3.0,55863
970,5320,46,4.0,23671
971,5320,137,2.0,73589
972,5321,119,4.0,26176
973,5322,126,5.0,20393
974,5322,52,3.0,58298
975,5323,8,2.0,49819
976,5324,119,4.0,26176
977,5324,129,4.0,14470
978,5324,13,5.0,97810
979,5325,85,5.0,48998
980,5325,88,4.0,4300
981,5325,72,3.0,20480
982,5325,110,2.0,30121
983,5326,119,3.0,26176
984,5326,71,5.0,4786
985,5327,16,4.0,9937
986,5327,19,4.0,72397
987,5327,109,3.0,19474
988,5327,34,5.0,36630
989,5327,106,4.0,95466
990,5328,26,4.0,18911
991,5328,133,1.0,19030
992,5328,121,2.0,32706
993,5328,123,1.0,50047
994,5328,59,4.0,20643
995,5329,68,1.0,25842
996,5329,142,1.0,40304
997,5329,27,3.0,65552
998,5329,85,3.0,48998
999,5329,21,5.0,81691
1000,5330,141,3.0,19091
1001,5330,51,3.0,59928
1002,5331,134,4.0,65964
1003,5331,31,5.0,7724
1004,5331,18,5.0,79719
1005,5331,13,5.0,97810
1006,5332,103,4.0,31445
1007,5332,135,3.0,94663
1008,5332,92,1.0,61356
1009,5332,84,5.0,87906
1010,5332,142,3.0,40304
1011,5333,118,1.0,13822
1012,5333,148,4.0,55893
1013,5333,10,1.0,26689
1014,5333,53,2.0,50574
1015,5333,62,2.0,98446
1016,5334,100,3.0,71517
1017,5334,93,1.0,64437
1018,5334,146,4.0,52304
1019,5334,66,1.0,82653
1020,5334,127,5.0,94118
1021,5335,42,3.0,47104
1022,5335,95,4.0,51431
1023,5335,25,2.0,16898
1024,5335,117,1.0,12972
1025,5336,11,2.0,10900
1026,5337,126,2.0,20393
1027,5337,35,1.0,58295
1028,5337,69,2.0,48871
1029,5337,94,3.0,67315
1030,5338,7,4.0,95184
1031,5338,9,2.0,20871
1032,5339,130,1.0,27703
1033,5339,80,4.0,89761
1034,5339,124,2.0,78300
1035,5339,110,1.0,30121
1036,5340,62,1.0,98446
1037,5340,134,1.0,65964
1038,5340,76,2.0,56428
1039,5340,97,5.0,3679
1040,5341,117,5.0,12972
1041,5341,88,4.0,4300
1042,5341,79,4.0,81723
1043,5341,18,3.0,79719
1044,5342,132,1.0,42778
1045,5342,141,3.0,19091
1046,5342,37,4.0,95562
1047,5342,24,1.0,43443
1048,5343,93,1.0,64437
1049,5343,130,5.0,27703
1050,5343,57,4.0,92455
1051,5343,83,4.0,61817
1052,5344,117,5.0,12972
1053,5344,50,3.0,37334
1054,5345,120,5.0,3186
1055,5345,130,1.0,27703
1056,5345,105,2.0,56021
1057,5346,63,4.0,33538
1058,5347,142,3.0,40304
1059,5348,146,1.0,52304
1060,5348,106,2.0,95466
1061,5348,80,5.0,89761
1062,5349,145,2.0,70418
1063,5350,107,3.0,84963
1064,5350,96,5.0,8053
1065,5350,42,4.0,47104
1066,5350,129,5.0,14470
1067,5350,124,1.0,78300
1068,5351,36,4.0,53847
1069,5351,69,1.0,48871
1070,5351,13,5.0,97810
1071,5351,136,1.0,53946
1072,5351,10,2.0,26689
1073,5352,97,3.0,3679
1074,5352,141,2.0,19091
1075,5352,147,4.0,53510
1076,5352,33,1.0,20004
1077,5352,71,4.0,4786
1078,5353,40,2.0,48312
1079,5353,3,4.0,13554
1080,5354,63,3.0,33538
1081,5354,30,2.0,51211
1082,5354,136,5.0,53946
1083,5354,53,3.0,50574
1084,5354,140,4.0,83331
1085,5355,16,4.0,9937
1086,5355,12,1.0,52829
1087,5355,148,2.0,55893
1088,5355,63,4.0,33538
1089,5356,130,1.0,27703
1090,5356,27,5.0,65552
1091,5356,133,5.0,19030
1092,5357,72,4.0,20480
1093,5358,36,3.0,53847
1094,5359,22,5.0,78894
1095,5359,71,3.0,4786
1096,5359,35,4.0,58295
1097,5359,66,2.0,82653
1098,5360,68,3.0,25842
1099,5360,44,1.0,82291
1100,5360,100,5.0,71517
1101,5360,142,1.0,40304
1102,5360,62,1.0,98446
1103,5361,35,2.0,58295
1104,5362,9,4.0,20871
1105,5362,40,1.0,48312
1106,5362,107,4.0,84963
1107,5363,129,4.0,14470
1108,5363,107,3.0,84963
1109,5363,32,1.0,15187
1110,5363,46,2.0,23671
1111,5363,43,5.0,88213
1112,5364,30,1.0,51211
1113,5364,99,5.0,34203
1114,5365,24,3.0,43443
1115,5365,115,5.0,25302
1116,5365,21,2.0,81691
1117,5366,66,4.0,82653
1118,5367,49,2.0,92850
1119,5367,143,4.0,20414
1120,5367,16,5.0,9937
1121,5367,41,5.0,92765
1122,5368,5,4.0,26134
1123,5368,107,1.0,84963
1124,5369,41,3.0,92765
1125,5370,123,1.0,50047
1126,5370,83,3.0,61817
1127,5371,62,4.0,98446
1128,5372,36,5.0,53847
1129,5372,7,5.0,95184
1130,5372,29,5.0,7739
1131,5373,10,2.0,26689
1132,5374,135,3.0,94663
1133,5374,29,3.0,7739
1134,5374,32,5.0,15187
1135,5375,39,3.0,54311
1136,5375,75,1.0,35916
1137,5376,59,5.0,20643
1138,5376,25,3.0,16898
1139,5376,34,5.0,36630
1140,5376,66,5.0,82653
1141,5376,7,5.0,95184
1142,5377,84,2.0,87906
1143,5377,25,3.0,16898
1144,5377,78,5.0,42378
1145,5377,61,4.0,26079
1146,5377,3,4.0,13554
1147,5378,146,5.0,52304
1148,5378,110,2.0,30121
1149,5379,66,1.0,82653
1150,5379,20,1.0,44033
1151,5379,79,5.0,81723
1152,5379,115,1.0,25302
1153,5379,108,4.0,46915
1154,5380,100,3.0,71517
1155,5380,102,5.0,22808
1156,5380,12,1.0,52829
1157,5381,119,5.0,26176
1158,5382,84,1.0,87906
1159,5382,40,1.0,48312
1160,5383,63,3.0,33538
1161,5384,23,4.0,18620
1162,5384,120,3.0,3186
1163,5384,125,1.0,33628
1164,5384,127,5.0,94118
1165,5384,5,3.0,26134
1166,5385,74,1.0,16985
1167,5385,150,3.0,30192
1168,5385,20,4.0,44033
1169,5386,88,2.0,4300
1170,5387,29,2.0,7739
1171,5387,38,5.0,76444
1172,5388,31,3.0,7724
1173,5388,141,2.0,19091
1174,5388,62,5.0,98446
1175,5389,54,1.0,9962
1176,5389,52,2.0,58298
1177,5389,147,3.0,53510
1178,5390,108,1.0,46915
1179,5390,137,1.0,73589
1180,5391,29,1.0,7739
1181,5391,71,1.0,4786
1182,5391,74,1.0,16985
1183,5391,143,1.0,20414
1184,5392,120,5.0,3186
1185,5393,142,2.0,40304
1186,5393,125,2.0,33628
1187,5393,29,5.0,7739
1188,5394,140,5.0,83331
1189,5394,114,3.0,38630
1190,5395,78,1.0,42378
1191,5396,26,4.0,18911
1192,5396,121,5.0,32706
1193,5396,107,5.0,84963
1194,5397,136,1.0,53946
1195,5398,71,3.0,4786
1196,5398,123,2.0,50047
1197,5398,53,2.0,50574
1198,5398,137,1.0,73589
1199,5398,141,4.0,19091
1200,5399,119,2.0,26176
1201,5399,9,3.0,20871
1202,5399,66,2.0,82653
1203,5399,97,2.0,3679
1204,5399,95,3.0,51431
1205,5400,124,3.0,78300
1206,5400,54,2.0,9962
1207,5400,40,1.0,48312
1208,5401,108,1.0,46915
1209,5401,95,3.0,51431
1210,5401,124,1.0,78300
1211,5402,149,2.0,95245
1212,5403,3,5.0,13554
1213,5403,47,5.0,53706
1214,5403,63,4.0,33538
1215,5404,87,5.0,41279
1216,5404,141,4.0,19091
1217,5404,140,4.0,83331
1218,5405,71,2.0,4786
1219,5406,87,1.0,41279
1220,5406,149,1.0,95245
1221,5406,104,1.0,9521
1222,5407,53,1.0,50574
1223,5407,133,4.0,19030
1224,5408,16,3.0,9937
1225,5408,140,1.0,83331
1226,5409,123,2.0,50047
1227,5409,149,5.0,95245
1228,5409,28,5.0,90487
1229,5409,45,4.0,48206
1230,5409,69,4.0,48871
1231,5410,66,3.0,82653
1232,5410,108,4.0,46915
1233,5410,114,5.0,38630
1234,5410,101,1.0,86737
1235,5411,74,2.0,16985
1236,5411,48,5.0,68133
1237,5411,107,1.0,84963
1238,5411,36,3.0,53847
1239,5412,103,5.0,31445
1240,5412,40,1.0,48312
1241,5412,76,4.0,56428
1242,5412,104,3.0,9521
1243,5412,94,5.0,67315
1244,5413,82,5.0,87619
1245,5413,37,3.0,95562
1246,5413,55,5.0,34918
1247,5414,138,5.0,52367
1248,5414,15,4.0,48998
1249,5414,134,5.0,65964
1250,5415,129,2.0,14470
1251,5415,122,4.0,58214
1252,5415,106,2.0,95466
1253,5415,12,3.0,52829
1254,5415,36,1.0,53847
1255,5416,70,4.0,55878
1256,5416,132,2.0,42778
1257,5416,5,1.0,26134
1258,5417,58,2.0,39174
1259,5417,110,4.0,30121
1260,5417,123,2.0,50047
1261,5417,17,2.0,13948
1262,5417,10,2.0,26689
1263,5418,88,4.0,4300
1264,5418,120,2.0,3186
1265,5418,137,5.0,73589
1266,5419,78,1.0,42378
1267,5419,34,5.0,36630
1268,5419,140,5.0,83331
1269,5419,129,5.0,14470
1270,5419,56,1.0,9175
1271,5420,101,1.0,86737
1272,5420,31,3.0,7724
1273,5420,65,3.0,25065
1274,5421,43,3.0,88213
1275,5421,113,5.0,14616
1276,5422,133,3.0,19030
1277,5422,18,1.0,79719
1278,5422,120,5.0,3186
1279,5422,113,3.0,14616
1280,5423,48,4.0,68133
1281,5423,45,5.0,48206
1282,5423,11,2.0,10900
1283,5423,120,4.0,3186
1284,5424,82,5.0,87619
1285,5424,134,1.0,65964
1286,5424,37,2.0,95562
1287,5425,66,1.0,82653
1288,5426,69,2.0,48871
1289,5426,47,2.0,53706
1290,5426,128,5.0,80334
1291,5426,57,5.0,92455
1292,5427,101,1.0,86737
1293,5427,54,1.0,9962
1294,5427,44,3.0,82291
1295,5427,22,1.0,78894
1296,5428,16,2.0,9937
1297,5428,92,2.0,61356
1298,5429,106,3.0,95466
1299,5429,135,1.0,94663
1300,5429,105,2.0,56021
1301,5430,116,2.0,42082
1302,5430,72,5.0,20480
1303,5430,122,3.0,58214
1304,5430,51,3.0,59928
1305,5431,30,5.0,51211
1306,5431,38,5.0,76444
1307,5431,112,3.0,69548
1308,5431,134,5.0,65964
1309,5432,122,2.0,58214
1310,5432,20,4.0,44033
1311,5433,82,4.0,87619
1312,5434,135,5.0,94663
1313,5434,67,2.0,33911
1314,5435,150,3.0,30192
1315,5435,99,1.0,34203
1316,5435,96,3.0,8053
1317,5435,118,2.0,13822
1318,5435,140,5.0,83331
1319,5436,64,5.0,69811
1320,5436,75,5.0,35916
1321,5436,13,1.0,97810
1322,5437,62,4.0,98446
1323,5437,55,3.0,34918
1324,5437,3,5.0,13554
1325,5437,75,2.0,35916
1326,5438,52,2.0,58298
1327,5438,82,2.0,87619
1328,5439,53,2.0,50574
1329,5439,84,2.0,87906
1330,5439,17,5.0,13948
1331,5439,47,4.0,53706
1332,5440,33,3.0,20004
1333,5440,1,3.0,50707
1334,5440,19,3.0,72397
1335,5440,123,3.0,50047
1336,5441,88,2.0,4300
1337,5441,124,1.0,78300
1338,5441,140,4.0,83331
1339,5441,131,4.0,76514
1340,5442,46,1.0,23671
1341,5442,85,3.0,48998
1342,5442,57,3.0,92455
1343,5442,96,5.0,8053
1344,5442,97,1.0,3679
1345,5443,74,5.0,16985
1346,5443,32,2.0,15187
1347,5444,60,5.0,84088
1348,5444,52,1.0,58298
1349,5444,17,1.0,13948
1350,5444,78,4.0,42378
1351,5444,16,5.0,9937
1352,5445,79,2.0,81723
1353,5445,135,5.0,94663
1354,5445,24,4.0,43443
1355,5445,110,1.0,30121
1356,5446,146,5.0,52304
1357,5446,37,4.0,95562
1358,5446,92,1.0,61356
1359,5446,53,5.0,50574
1360,5446,42,3.0,47104
1361,5447,51,2.0,59928
1362,5447,76,1.0,56428
1363,5447,59,5.0,20643
1364,5447,73,3.0,87951
1365,5448,136,4.0,53946
1366,5448,108,4.0,46915
1367,5448,112,3.0,69548
1368,5448,41,3.0,92765
1369,5448,32,5.0,15187
1370,5449,145,4.0,70418
1371,5449,120,2.0,3186
1372,5449,125,5.0,33628
1373,5450,72,1.0,20480
1374,5451,75,2.0,35916
1375,5451,93,5.0,64437
1376,5451,71,2.0,4786
1377,5452,9,3.0,20871
1378,5453,31,4.0,7724
1379,5453,150,5.0,30192
1380,5453,143,2.0,20414
1381,5454,117,1.0,12972
1382,5454,71,4.0,4786
1383,5454,136,3.0,53946
1384,5454,95,2.0,51431
1385,5455,76,5.0,56428
1386,5455,137,3.0,73589
1387,5455,16,3.0,9937
1388,5456,122,2.0,58214
1389,5456,30,3.0,51211
1390,5456,36,4.0,53847
1391,5456,106,5.0,95466
1392,5456,129,4.0,14470
1393,5457,109,1.0,19474
1394,5457,24,4.0,43443
1395,5457,23,1.0,18620
1396,5458,42,1.0,47104
1397,5458,147,4.0,53510
1398,5458,141,3.0,19091
1399,5458,92,3.0,61356
1400,5458,87,3.0,41279
1401,5459,5,3.0,26134
1402,5460,109,4.0,19474
1403,5460,75,5.0,35916
1404,99999,45,3.0,48206
1405,5462,93,4.0,64437
1406,5462,48,2.0,68133
1407,5462,115,1.0,25302
1408,5462,86,2.0,49654
1409,5462,7,5.0,95184
1410,5463,124,1.0,78300
1411,5463,83,5.0,61817
1412,5464,4,3.0,46721
1413,5464,51,1.0,59928
1414,5464,74,4.0,16985
1415,5465,59,1.0,20643
1416,5465,104,3.0,9521
1417,5465,65,1.0,25065
1418,5466,87,3.0,41279
1419,5466,67,4.0,33911
1420,5466,55,1.0,34918
1421,5466,112,5.0,69548
1422,5466,73,4.0,87951
1423,5467,1,4.0,50707
1424,5468,148,3.0,55893
1425,5468,79,3.0,81723
1426,5468,88,1.0,4300
1427,5469,35,5.0,58295
1428,5469,146,2.0,52304
1429,5469,139,5.0,34743
1430,5469,89,3.0,83106
1431,5470,76,4.0,56428
1432,5470,130,5.0,27703
1433,5470,7,2.0,95184
1434,5470,136,1.0,53946
1435,5470,43,3.0,88213
1436,5471,9999,1.0,72397
1437,5471,85,2.0,48998
1438,5472,118,1.0,13822
1439,5472,132,2.0,42778
1440,5472,96,5.0,8053
1441,5472,12,4.0,52829
1442,5473,72,3.0,20480
1443,99999,34,1.0,36630
1444,5474,136,1.0,53946
1445,5474,74,3.0,16985
1446,5474,115,5.0,25302
1447,5475,51,3.0,59928
1448,5475,6,5.0,21286
1449,5476,28,3.0,90487
1450,5477,57,2.0,92455
1451,5477,113,3.0,14616
1452,5477,92,3.0,61356
1453,5478,69,4.0,48871
1454,5478,88,4.0,4300
1455,5478,119,5.0,26176
1456,5478,149,1.0,95245
1457,5478,58,1.0,39174
1458,5479,55,3.0,34918
1459,5479,27,2.0,65552
1460,5479,117,4.0,12972
1461,5479,4,3.0,46721
1462,5480,2,4.0,48841
1463,5481,76,2.0,56428
1464,5481,59,1.0,20643
1465,5482,11,1.0,10900
1466,5483,40,4.0,48312
1467,5483,19,5.0,72397
1468,5483,86,5.0,49654
1469,5484,95,3.0,51431
1470,5484,41,5.0,92765
1471,5484,71,3.0,4786
1472,5484,80,5.0,89761
1473,5485,81,5.0,19078
1474,5485,9999,1.0,20871
1475,5485,6,1.0,21286
1476,5486,17,1.0,13948
1477,5486,25,2.0,16898
1478,5486,83,4.0,61817
1479,5487,3,2.0,13554
1480,5487,139,3.0,34743
1481,5488,150,3.0,30192
1482,5488,140,3.0,83331
1483,5488,85,4.0,48998
1484,5489,69,3.0,48871
1485,5489,101,3.0,86737
1486,5489,8,1.0,49819
1487,5490,34,2.0,36630
1488,5490,136,3.0,53946
1489,5490,14,4.0,55863
1490,5490,79,2.0,81723
1491,5490,132,4.0,42778
1492,5491,11,1.0,10900
1493,5491,10,5.0,26689
1494,5492,105,5.0,56021
1495,5492,144,5.0,93669
1496,5492,79,2.0,81723
1497,5492,60,2.0,84088
1498,5492,44,5.0,82291
1499,5493,110,5.0,30121
1500,5493,134,1.0,65964
1501,5493,14,1.0,55863
1502,5493,8,1.0,49819
1503,5493,149,1.0,95245
1504,5494,125,1.0,33628
1505,5494,108,4.0,46915
1506,5494,85,5.0,48998
1507,5494,13,3.0,97810
1508,5495,42,5.0,47104
1509,5495,75,5.0,35916
1510,5495,103,3.0,31445
1511,5495,30,1.0,51211
1512,5496,106,5.0,95466
1513,5496,22,2.0,78894
1514,5496,80,1.0,89761
1515,5496,69,2.0,48871
1516,5496,92,2.0,61356
1517,5497,32,2.0,15187
1518,5497,23,3.0,18620
1519,5498,10,2.0,26689
1520,5498,74,5.0,16985
1521,5499,63,3.0,33538
1522,5500,31,1.0,7724
1523,5500,121,4.0,32706
1524,5501,99,1.0,34203
1525,5501,8,5.0,49819
1526,5501,13,2.0,97810
1527,5501,134,2.0,65964
1528,5502,37,1.0,95562
1529,5502,149,5.0,95245
1530,5502,140,1.0,83331
1531,5502,92,2.0,61356
1532,5502,39,3.0,54311
1533,5503,132,1.0,42778
1534,5503,66,1.0,82653
1535,5503,86,2.0,49654
1536,5503,83,4.0,61817
1537,5503,10,3.0,26689
1538,5504,69,4.0,48871
1539,5504,7,4.0,95184
1540,5504,108,1.0,46915
1541,5504,60,2.0,84088
1542,5505,17,1.0,13948
1543,5505,105,5.0,56021
1544,5506,99,1.0,34203
1545,5507,118,3.0,13822
1546,5507,109,5.0,19474
1547,5507,141,1.0,19091
1548,5507,84,4.0,87906
1549,5508,1,1.0,50707
1550,5508,144,2.0,93669
1551,5508,71,1.0,4786
1552,5509,28,2.0,90487
1553,5510,89,4.0,83106
1554,5510,48,4.0,68133
1555,5510,7,4.0,95184
1556,5511,73,1.0,87951
1557,5512,7,4.0,95184
1558,5512,62,5.0,98446
1559,5512,49,4.0,92850
1560,5512,77,5.0,6325
1561,5513,111,5.0,73941
1562,5513,148,5.0,55893
1563,5513,134,3.0,65964
1564,5514,112,1.0,69548
1565,5514,138,5.0,52367
1566,5514,46,4.0,23671
1567,5514,10,2.0,26689
1568,5515,91,1.0,98063
1569,5515,96,2.0,8053
1570,5516,74,4.0,16985
1571,5516,48,2.0,68133
1572,5516,8,1.0,49819
1573,5516,18,1.0,79719
1574,5516,106,5.0,95466
1575,5517,125,3.0,33628
1576,5517,70,2.0,55878
1577,5517,21,3.0,81691
1578,5518,2,2.0,48841
1579,5519,40,2.0,48312
1580,5519,86,3.0,49654
1581,99999,90,1.0,49507
1582,5519,101,1.0,86737
1583,5520,24,5.0,43443
1584,5520,22,4.0,78894
1585,5521,26,3.0,18911
1586,5521,121,5.0,32706
1587,5521,60,5.0,84088
1588,5521,141,1.0,19091
1589,5521,28,1.0,90487
1590,5522,87,4.0,41279
1591,5522,146,4.0,52304
1592,5523,32,2.0,15187
1593,5523,36,2.0,53847
1594,5523,102,2.0,22808
1595,5523,64,2.0,69811
1596,5524,1,5.0,50707
1597,5524,54,4.0,9962
1598,5524,137,3.0,73589
1599,5524,44,2.0,82291
1600,5524,48,4.0,68133
1601,5525,143,3.0,20414
1602,5525,129,2.0,14470
1603,5525,13,2.0,97810
1604,5526,62,2.0,98446
1605,5526,84,4.0,87906
1606,5526,52,4.0,58298
1607,5527,102,3.0,22808
1608,5527,66,5.0,82653
1609,5527,114,5.0,38630
1610,5527,76,4.0,56428
1611,5527,148,4.0,55893
1612,5528,50,3.0,37334
1613,5528,133,4.0,19030
1614,5528,77,4.0,6325
1615,5528,134,1.0,65964
1616,5528,81,3.0,19078
1617,5529,96,1.0,8053
1618,5529,111,5.0,73941
1619,5529,87,4.0,41279
1620,5530,1,5.0,50707
1621,5530,129,3.0,14470
1622,5531,16,4.0,9937
1623,5531,141,3.0,19091
1624,5531,13,1.0,97810
1625,5531,97,4.0,3679
1626,5531,23,2.0,18620
1627,5532,140,4.0,83331
1628,5533,65,1.0,25065
1629,5533,15,2.0,48998
1630,5533,140,3.0,83331
1631,5534,39,3.0,54311
1632,5534,16,3.0,9937
1633,5534,33,3.0,20004
1634,5534,84,2.0,87906
1635,5534,47,3.0,53706
1636,5535,91,5.0,98063
1637,5535,13,5.0,97810
1638,5535,122,5.0,58214
1639,5535,54,5.0,9962
1640,5535,95,1.0,51431
1641,5536,134,3.0,65964
1642,5536,121,1.0,32706
1643,5536,20,5.0,44033
1644,5536,83,2.0,61817
1645,5536,92,2.0,61356
1646,5537,117,4.0,12972
1647,5537,112,4.0,69548
1648,5538,56,2.0,9175
1649,5539,52,3.0,58298
1650,5539,103,3.0,31445
1651,5539,33,4.0,20004
1652,5539,8,2.0,49819
1653,5540,136,3.0,53946
1654,5541,125,3.0,33628
1655,5542,37,4.0,95562
1656,5543,54,3.0,9962
1657,5543,134,5.0,65964
1658,5543,6,2.0,21286
1659,5544,12,5.0,52829
1660,5545,134,3.0,65964
1661,5545,1,5.0,50707
1662,5546,96,1.0,8053
1663,5547,85,3.0,48998
1664,5547,109,4.0,19474
1665,5547,20,5.0,44033
1666,5548,108,1.0,46915
1667,5548,34,2.0,36630
1668,5548,99,1.0,34203
1669,5548,149,3.0,95245
1670,5548,17,5.0,13948
1671,5549,91,1.0,98063
1672,5549,16,1.0,9937
1673,5549,144,3.0,93669
1674,5549,103,3.0,31445
1675,5549,138,3.0,52367
1676,5550,23,1.0,18620
1677,5550,83,3.0,61817
1678,5550,15,2.0,48998
1679,5551,20,1.0,44033
1680,5551,76,3.0,56428
1681,5551,120,2.0,3186
1682,5551,102,5.0,22808
1683,5551,78,1.0,42378
1684,5552,117,3.0,12972
1685,5552,98,5.0,83293
1686,5552,66,1.0,82653
1687,5552,100,1.0,71517
1688,5553,77,5.0,6325
1689,5554,58,4.0,39174
1690,5554,136,2.0,53946
1691,5554,141,2.0,19091
1692,5554,62,3.0,98446
1693,5555,6,2.0,21286
1694,5555,41,4.0,92765
1695,5556,55,5.0,34918
1696,5556,141,5.0,19091
1697,5557,86,2.0,49654
1698,5557,41,3.0,92765
1699,5557,3,4.0,13554
1700,5557,21,3.0,81691
1701,5557,150,1.0,30192
1702,5558,44,5.0,82291
1703,5558,86,4.0,49654
1704,5558,96,1.0,8053
1705,5559,65,5.0,25065
1706,5559,61,4.0,26079
1707,5560,56,5.0,9175
1708,5560,71,1.0,4786
1709,5560,88,5.0,4300
1710,5560,10,1.0,26689
1711,5560,95,4.0,51431
1712,5561,84,4.0,87906
1713,5561,21,4.0,81691
1714,5561,94,4.0,67315
1715,5562,6,4.0,21286
1716,5562,35,4.0,58295
1717,5562,51,3.0,59928
1718,5562,144,5.0,93669
1719,5562,77,2.0,6325
1720,5563,43,5.0,88213
1721,5563,58,3.0,39174
1722,5563,74,4.0,16985
1723,5563,16,1.0,9937
1724,5563,118,4.0,13822
1725,5564,63,2.0,33538
1726,5564,109,2.0,19474
1727,5565,97,4.0,3679
1728,5565,98,5.0,83293
1729,5565,31,2.0,7724
1730,5566,45,5.0,48206
1731,5566,119,3.0,26176
1732,5566,55,3.0,34918
1733,5566,6,3.0,21286
1734,5566,145,1.0,70418
1735,5567,124,4.0,78300
1736,5568,35,1.0,58295
1737,5569,63,2.0,33538
1738,5569,110,1.0,30121
1739,5570,90,5.0,49507
1740,5570,141,3.0,19091
1741,5570,47,5.0,53706
1742,5571,17,4.0,13948
1743,5571,106,5.0,95466
1744,5571,1,2.0,50707
1745,5571,131,3.0,76514
1746,5572,59,2.0,20643
1747,5572,23,1.0,18620
1748,5572,102,3.0,22808
1749,5572,7,5.0,95184
1750,5573,3,5.0,13554
1751,5573,66,1.0,82653
1752,5573,2,3.0,48841
1753,5573,21,4.0,81691
1754,5573,19,3.0,72397
1755,5574,49,1.0,92850
1756,5574,102,1.0,22808
1757,5574,28,4.0,90487
1758,5574,125,2.0,33628
1759,5574,137,1.0,73589
1760,5575,47,4.0,53706
1761,5576,77,2.0,6325
1762,5576,105,3.0,56021
1763,5576,84,1.0,87906
1764,5577,32,4.0,15187
1765,5577,54,5.0,9962
1766,5577,124,2.0,78300
1767,5577,60,4.0,84088
1768,5578,93,1.0,64437
1769,5578,133,2.0,19030
1770,5578,48,5.0,68133
1771,5579,103,1.0,31445
1772,5579,32,1.0,15187
1773,5579,91,3.0,98063
1774,5579,143,4.0,20414
1775,5580,116,1.0,42082
1776,5580,124,3.0,78300
1777,5580,44,5.0,82291
1778,5580,72,1.0,20480
1779,5580,36,2.0,53847
1780,5581,85,2.0,48998
1781,5582,75,3.0,35916
1782,5582,41,1.0,92765
1783,5582,126,5.0,20393
1784,5583,130,3.0,27703
1785,5583,11,4.0,10900
1786,5584,140,1.0,83331
1787,5584,123,3.0,50047
1788,5584,115,2.0,25302
1789,5584,79,4.0,81723
1790,5584,8,5.0,49819
1791,5585,53,4.0,50574
1792,5586,83,5.0,61817
1793,5586,110,4.0,30121
1794,5586,5,3.0,26134
1795,5586,120,2.0,3186
1796,5587,146,3.0,52304
1797,5587,137,1.0,73589
1798,5587,38,5.0,76444
1799,5588,13,5.0,97810
1800,5588,140,1.0,83331
1801,5589,98,1.0,83293
1802,5589,72,2.0,20480
1803,5589,35,3.0,58295
1804,5590,25,3.0,16898
1805,5590,142,3.0,40304
1806,5591,4,3.0,46721
1807,5592,58,1.0,39174
1808,5592,52,5.0,58298
1809,5592,106,2.0,95466
1810,5592,139,1.0,34743
1811,5592,88,5.0,4300
1812,5593,137,3.0,73589
1813,5593,59,3.0,20643
1814,5593,124,5.0,78300
1815,5593,49,2.0,92850
1816,5594,111,2.0,73941
1817,5594,118,5.0,13822
1818,5594,135,5.0,94663
1819,5595,76,1.0,56428
1820,5595,56,5.0,9175
1821,5595,134,2.0,65964
1822,5595,48,3.0,68133
1823,5595,114,3.0,38630
1824,5596,47,1.0,53706
1825,5597,126,5.0,20393
1826,5598,111,4.0,73941
1827,5598,24,1.0,43443
1828,5599,28,1.0,90487
1829,5600,48,4.0,68133
1830,5600,43,4.0,88213
1831,5600,21,5.0,81691
1832,5600,103,5.0,31445
1833,5601,134,4.0,65964
1834,5601,119,5.0,26176
1835,5601,32,5.0,15187
1836,5602,89,1.0,83106
1837,5603,35,3.0,58295
1838,5603,33,4.0,20004
1839,5604,109,5.0,19474
1840,5604,76,3.0,56428
1841,5604,58,1.0,39174
1842,5604,127,3.0,94118
1843,5605,3,1.0,13554
1844,5605,69,4.0,48871
1845,5605,53,2.0,50574
1846,5605,77,3.0,6325
1847,5606,56,2.0,9175
1848,5607,118,4.0,13822
1849,5608,131,4.0,76514
1850,5608,94,3.0,67315
1851,5608,61,3.0,26079
1852,5608,14,2.0,55863
1853,5609,52,4.0,58298
1854,5610,22,1.0,78894
1855,5610,50,4.0,37334
1856,5610,135,1.0,94663
1857,5610,138,1.0,52367
1858,5610,63,1.0,33538
1859,5611,28,4.0,90487
1860,5611,113,5.0,14616
1861,5611,116,1.0,42082
1862,5611,52,4.0,58298
1863,5612,86,3.0,49654
1864,5612,22,5.0,78894
1865,5612,144,4.0,93669
1866,5612,85,2.0,48998
1867,5612,3,2.0,13554
1868,5613,47,5.0,53706
1869,5614,116,5.0,42082
1870,5614,125,2.0,33628
1871,5615,96,4.0,8053
1872,5615,47,2.0,53706
1873,5615,112,1.0,69548
1874,5615,67,3.0,33911
1875,5616,20,2.0,44033
1876,5616,110,4.0,30121
1877,5616,17,2.0,13948
1878,99999,94,3.0,67315
1879,5618,77,2.0,6325
1880,5618,1,5.0,50707
1881,5619,51,2.0,59928
1882,5619,65,3.0,25065
1883,5619,36,5.0,53847
1884,5619,128,1.0,80334
1885,5620,93,3.0,64437
1886,5620,87,3.0,41279
1887,5620,15,1.0,48998
1888,5620,42,1.0,47104
1889,5620,52,5.0,58298
1890,5621,139,2.0,34743
1891,5621,136,2.0,53946
1892,5622,6,3.0,21286
1893,5622,5,2.0,26134
1894,5622,102,5.0,22808
1895,5623,82,2.0,87619
1896,5624,75,4.0,35916
1897,5624,17,1.0,13948
1898,5624,135,5.0,94663
1899,5624,61,1.0,26079
1900,5624,58,3.0,39174
1901,5625,53,2.0,50574
1902,5625,46,1.0,23671
1903,5626,67,4.0,33911
1904,5626,136,2.0,53946
1905,5626,2,4.0,48841
1906,5626,65,3.0,25065
1907,5626,54,5.0,9962
1908,5627,70,3.0,55878
1909,5627,80,4.0,89761
1910,5628,70,3.0,55878
1911,5628,144,1.0,93669
1912,5628,26,2.0,18911
1913,5629,83,2.0,61817
1914,5629,98,1.0,83293
1915,5630,14,3.0,55863
1916,5630,32,5.0,15187
1917,5630,113,2.0,14616
1918,5630,35,2.0,58295
1919,5630,84,3.0,87906
1920,5631,82,3.0,87619
1921,5632,49,1.0,92850
1922,5632,27,4.0,65552
1923,5633,51,1.0,59928
1924,5634,38,5.0,76444
1925,5635,93,5.0,64437
1926,5635,144,5.0,93669
1927,5636,63,4.0,33538
1928,5636,9,5.0,20871
1929,5636,83,2.0,61817
1930,5637,67,5.0,33911
1931,5638,65,3.0,25065
1932,5639,117,4.0,12972
1933,5640,99,2.0,34203
1934,5640,72,3.0,20480
1935,5641,135,5.0,94663
1936,5641,50,2.0,37334
1937,5642,98,2.0,83293
1938,5642,117,1.0,12972
1939,5642,83,1.0,61817
1940,5643,26,5.0,18911
1941,5643,31,4.0,7724
1942,5643,117,3.0,12972
1943,5644,114,2.0,38630
1944,5644,145,3.0,70418
1945,5644,93,1.0,64437
1946,5644,11,1.0,10900
1947,5645,102,4.0,22808
1948,5645,76,2.0,56428
1949,5646,73,3.0,87951
1950,5646,150,5.0,30192
1951,5646,120,2.0,3186
1952,5646,22,4.0,78894
1953,5647,59,3.0,20643
1954,5647,120,2.0,3186
1955,5648,99,5.0,34203
1956,5648,96,2.0,8053
1957,5648,23,2.0,18620
1958,5648,44,4.0,82291
1959,5649,111,1.0,73941
1960,5650,13,5.0,97810
1961,5650,39,1.0,54311
1962,5650,121,2.0,32706
1963,5650,143,3.0,20414
1964,5650,87,1.0,41279
1965,5651,137,5.0,73589
1966,5651,54,1.0,9962
1967,5651,45,4.0,48206
1968,5651,21,3.0,81691
1969,5651,25,5.0,16898
1970,5652,76,1.0,56428
1971,5653,67,3.0,33911
1972,5653,31,1.0,7724
1973,5653,100,3.0,71517
1974,5653,86,4.0,49654
1975,5653,54,2.0,9962
1976,5654,7,3.0,95184
1977,5655,88,5.0,4300
1978,5655,29,1.0,7739
1979,5655,85,2.0,48998
1980,5655,12,1.0,52829
1981,5655,137,3.0,73589
1982,5656,51,3.0,59928
1983,5656,100,5.0,71517
1984,5656,90,1.0,49507
1985,5656,148,4.0,55893
1986,5656,31,4.0,7724
1987,5657,132,3.0,42778
1988,5657,139,5.0,34743
1989,5657,6,4.0,21286
1990,5657,114,1.0,38630
1991,5658,36,4.0,53847
1992,5658,23,2.0,18620
1993,5658,98,2.0,83293
1994,5659,46,3.0,23671
1995,5659,96,5.0,8053
1996,5659,27,1.0,65552
1997,5659,28,4.0,90487
1998,5659,89,5.0,83106
1999,5660,91,5.0,98063
2000,5660,45,1.0,48206
2001,5660,24,3.0,43443
2002,5661,18,5.0,79719
2003,5661,115,1.0,25302
2004,5661,73,3.0,87951
2005,5661,92,3.0,61356
2006,5661,119,5.0,26176
2007,5662,49,3.0,92850
2008,5663,57,2.0,92455
2009,5663,107,2.0,84963
2010,5663,129,3.0,14470
2011,5663,52,4.0,58298
2012,5663,116,5.0,42082
2013,5664,61,3.0,26079
2014,5664,43,1.0,88213
2015,5664,11,2.0,10900
2016,5664,24,3.0,43443
2017,5665,71,4.0,4786
2018,5666,26,5.0,18911
2019,5666,42,3.0,47104
2020,5666,137,5.0,73589
2021,5667,84,3.0,87906
2022,5668,120,1.0,3186
2023,5668,140,4.0,83331
2024,5669,16,3.0,9937
2025,5669,147,3.0,53510
2026,5669,95,2.0,51431
2027,5669,146,1.0,52304
2028,5669,141,2.0,19091
2029,5670,141,4.0,19091
2030,5670,5,4.0,26134
2031,5671,61,1.0,26079
2032,5671,89,1.0,83106
2033,5671,48,4.0,68133
2034,5671,68,3.0,25842
2035,5672,60,4.0,84088
2036,5673,50,4.0,37334
2037,5674,3,5.0,13554
2038,5674,121,2.0,32706
2039,5674,1,2.0,50707
2040,5674,82,3.0,87619
2041,5674,111,1.0,73941
2042,5675,106,3.0,95466
2043,5675,133,1.0,19030
2044,5675,55,2.0,34918
2045,5675,111,1.0,73941
2046,5675,15,5.0,48998
2047,5676,104,3.0,9521
2048,5676,135,2.0,94663
2049,5677,135,1.0,94663
2050,5678,137,5.0,73589
2051,5678,40,4.0,48312
2052,5679,120,5.0,3186
2053,5679,16,4.0,9937
2054,5680,58,4.0,39174
2055,5680,55,3.0,34918
2056,5680,89,2.0,83106
2057,5681,80,1.0,89761
2058,5681,68,1.0,25842
2059,5681,124,2.0,78300
2060,5682,68,1.0,25842
2061,5682,119,5.0,26176
2062,5682,61,4.0,26079
2063,5682,81,4.0,19078
2064,5683,144,2.0,93669
2065,5684,51,2.0,59928
2066,5684,102,4.0,22808
2067,5684,29,1.0,7739
2068,5684,96,2.0,8053
2069,5685,57,2.0,92455
2070,5685,18,4.0,79719
2071,5685,145,1.0,70418
2072,5685,86,2.0,49654
2073,5685,8,2.0,49819
2074,5686,21,4.0,81691
2075,5686,30,3.0,51211
2076,5687,147,5.0,53510
2077,5688,143,5.0,20414
2078,5688,59,4.0,20643
2079,5688,110,3.0,30121
2080,5689,24,2.0,43443
2081,5689,123,1.0,50047
2082,5689,73,1.0,87951
2083,5689,98,3.0,83293
2084,5690,22,5.0,78894
2085,5690,43,2.0,88213
2086,5691,131,2.0,76514
2087,5691,39,4.0,54311
2088,5691,9,2.0,20871
2089,5691,111,4.0,73941
2090,5691,133,5.0,19030
2091,5692,117,5.0,12972
2092,5692,66,3.0,82653
2093,5692,84,1.0,87906
2094,5692,4,1.0,46721
2095,5692,54,2.0,9962
2096,5693,59,5.0,20643
2097,5693,112,1.0,69548
2098,5693,38,5.0,76444
2099,5694,130,1.0,27703
2100,5694,26,4.0,18911
2101,5694,147,4.0,53510
2102,5694,13,3.0,97810
2103,5695,49,3.0,92850
2104,5695,33,5.0,20004
2105,5695,107,4.0,84963
2106,5696,20,2.0,44033
2107,5696,73,5.0,87951
2108,5696,85,4.0,48998
2109,5696,148,1.0,55893
2110,5697,102,3.0,22808
2111,5697,21,1.0,81691
2112,5698,107,4.0,84963
2113,5699,90,2.0,49507
2114,5700,145,4.0,70418
2115,5700,31,2.0,7724
2116,5701,21,2.0,81691
2117,5701,119,2.0,26176
2118,5701,60,4.0,84088
2119,5701,22,5.0,78894
2120,5702,52,3.0,58298
2121,5702,65,2.0,25065
2122,5703,45,5.0,48206
2123,5703,35,3.0,58295
2124,5703,130,1.0,27703
2125,5704,54,1.0,9962
2126,5704,13,1.0,97810
2127,5704,73,3.0,87951
2128,5704,78,2.0,42378
2129,5704,70,2.0,55878
2130,5705,112,2.0,69548
2131,5705,78,4.0,42378
2132,5706,59,4.0,20643
2133,5707,113,5.0,14616
2134,5708,51,2.0,59928
2135,5708,32,4.0,15187
2136,5708,44,4.0,82291
2137,5708,148,3.0,55893
2138,5709,64,3.0,69811
2139,5709,11,5.0,10900
2140,5710,6,2.0,21286
2141,5710,99,1.0,34203
2142,5710,38,2.0,76444
2143,5710,65,1.0,25065
2144,5710,47,5.0,53706
2145,5711,111,5.0,73941
2146,5711,79,5.0,81723
2147,5711,117,3.0,12972
2148,5711,135,1.0,94663
2149,5712,118,5.0,13822
2150,5712,12,2.0,52829
2151,5713,66,3.0,82653
2152,5714,63,3.0,33538
2153,5715,32,1.0,15187
2154,5715,110,3.0,30121
2155,5716,48,4.0,68133
2156,5716,33,1.0,20004
2157,5717,66,4.0,82653
2158,5717,2,3.0,48841
2159,5718,134,1.0,65964
2160,5718,90,,49507
2161,5719,16,3.0,9937
2162,5719,69,3.0,48871
2163,5719,22,3.0,78894
2164,5720,63,3.0,33538
2165,5721,32,3.0,15187
2166,5721,33,3.0,20004
2167,5721,16,4.0,9937
2168,5721,36,1.0,53847
2169,5721,74,1.0,16985
2170,5722,144,2.0,93669
2171,5722,23,2.0,18620
2172,5722,94,2.0,67315
2173,5723,45,5.0,48206
2174,5724,9,3.0,20871
2175,5724,63,3.0,33538
2176,5725,57,4.0,92455
2177,5725,112,2.0,69548
2178,5725,148,5.0,55893
2179,5725,117,2.0,12972
2180,5726,9999,4.0,48871
2181,5726,21,2.0,81691
2182,5726,41,2.0,92765
2183,5726,144,2.0,93669
2184,5726,4,2.0,46721
2185,5727,25,2.0,16898
2186,5727,24,5.0,43443
2187,5727,110,2.0,30121
2188,5728,129,5.0,14470
2189,5728,56,1.0,9175
2190,5728,95,1.0,51431
2191,5728,118,4.0,13822
2192,5728,133,1.0,19030
2193,5729,16,3.0,9937
2194,5729,26,2.0,18911
2195,5729,65,5.0,25065
2196,5729,137,1.0,73589
2197,5730,87,2.0,41279
2198,5731,104,2.0,9521
2199,5731,110,3.0,30121
2200,5731,49,1.0,92850
2201,5732,122,4.0,58214
2202,5732,91,3.0,98063
2203,5732,142,3.0,40304
2204,5733,30,3.0,51211
2205,5733,96,2.0,8053
2206,5733,21,5.0,81691
2207,5733,127,4.0,94118
2208,5733,40,2.0,48312
2209,5734,90,2.0,49507
2210,5735,38,1.0,76444
2211,5735,136,3.0,53946
2212,5735,13,5.0,97810
2213,5735,31,1.0,7724
2214,5735,96,4.0,8053
2215,5736,63,5.0,33538
2216,5736,44,5.0,82291
2217,5736,110,1.0,30121
2218,5736,82,3.0,87619
2219,5736,83,5.0,61817
2220,5737,116,3.0,42082
2221,5738,33,5.0,20004
2222,5738,141,3.0,19091
2223,5738,49,2.0,92850
2224,5738,106,2.0,95466
2225,5738,91,3.0,98063
2226,5739,82,1.0,87619
2227,5740,68,1.0,25842
2228,5740,85,4.0,48998
2229,5740,144,4.0,93669
2230,5741,111,1.0,73941
2231,5742,69,5.0,48871
2232,5742,128,5.0,80334
2233,5743,64,5.0,69811
2234,5743,38,1.0,76444
2235,5743,62,5.0,98446
2236,5743,48,1.0,68133
2237,5743,44,2.0,82291
2238,5744,26,4.0,18911
2239,5745,6,5.0,21286
2240,5745,8,2.0,49819
2241,5745,71,5.0,4786
2242,5746,28,3.0,90487
2243,5747,129,1.0,14470
2244,5747,66,3.0,82653
2245,5747,72,1.0,20480
2246,5747,142,4.0,40304
2247,5747,25,5.0,16898
2248,5748,59,3.0,20643
2249,5748,79,1.0,81723
2250,5748,82,4.0,87619
2251,5748,98,4.0,83293
2252,5749,121,1.0,32706
2253,5749,134,2.0,65964
2254,5749,29,1.0,7739
2255,5750,117,1.0,12972
2256,5750,105,2.0,56021
2257,5750,111,1.0,73941
2258,5750,2,5.0,48841
2259,5751,41,1.0,92765
2260,5751,98,4.0,83293
2261,5751,139,3.0,34743
2262,5751,108,1.0,46915
2263,5751,143,5.0,20414
2264,5752,136,5.0,53946
2265,5752,14,1.0,55863
2266,5752,18,4.0,79719
2267,5752,107,1.0,84963
2268,5753,112,1.0,69548
2269,5753,33,5.0,20004
2270,5754,131,3.0,76514
2271,5754,24,3.0,43443
2272,5754,22,1.0,78894
2273,5755,150,2.0,30192
2274,5755,84,5.0,87906
2275,5755,35,4.0,58295
2276,5756,48,1.0,68133
2277,5756,24,2.0,43443
2278,5756,97,2.0,3679
2279,5757,125,3.0,33628
2280,5757,128,5.0,80334
2281,5757,91,1.0,98063
2282,5757,5,1.0,26134
2283,5757,63,4.0,33538
2284,5758,150,3.0,30192
2285,5758,105,2.0,56021
2286,5759,21,2.0,81691
2287,5760,2,4.0,48841
2288,5760,146,4.0,52304
2289,5760,150,2.0,30192
2290,5761,66,2.0,82653
2291,5761,102,2.0,22808
2292,5761,62,1.0,98446
2293,5761,82,3.0,87619
2294,5761,148,3.0,55893
2295,5762,121,2.0,32706
2296,5762,88,4.0,4300
2297,5762,58,5.0,39174
2298,5762,109,4.0,19474
2299,5763,11,4.0,10900
2300,5763,147,5.0,53510
2301,5763,120,4.0,3186
2302,5763,91,3.0,98063
2303,5763,61,4.0,26079
2304,5764,74,1.0,16985
2305,5764,41,4.0,92765
2306,5764,39,4.0,54311
2307,5764,28,2.0,90487
2308,5764,127,5.0,94118
2309,5765,65,4.0,25065
2310,5765,115,3.0,25302
2311,5766,25,3.0,16898
2312,5766,71,4.0,4786
2313,5767,109,1.0,19474
2314,5767,44,3.0,82291
2315,5767,136,4.0,53946
2316,5767,59,1.0,20643
2317,5768,22,5.0,78894
2318,5768,106,1.0,95466
2319,5768,149,5.0,95245
2320,5769,15,2.0,48998
2321,5770,44,3.0,82291
2322,5771,116,1.0,42082
2323,5771,143,4.0,20414
2324,5771,112,5.0,69548
2325,5772,56,4.0,9175
2326,5772,47,2.0,53706
2327,5772,1,1.0,50707
2328,5772,88,4.0,4300
2329,5772,11,5.0,10900
2330,5773,102,2.0,22808
2331,5773,34,4.0,36630
2332,5774,39,2.0,54311
2333,5774,149,1.0,95245
2334,5775,44,1.0,82291
2335,5775,92,4.0,61356
2336,5775,90,4.0,49507
2337,5776,5,3.0,26134
2338,5777,86,4.0,49654
2339,5777,59,1.0,20643
2340,5777,57,4.0,92455
2341,5778,24,3.0,43443
2342,5778,42,3.0,47104
2343,5778,45,5.0,48206
2344,5778,57,3.0,92455
2345,5778,72,1.0,20480
2346,5779,33,3.0,20004
2347,5779,39,5.0,54311
2348,5779,100,5.0,71517
2349,5779,17,2.0,13948
2350,5780,65,3.0,25065
2351,5781,137,4.0,73589
2352,5782,120,4.0,3186
2353,5783,122,5.0,58214
2354,5783,114,2.0,38630
2355,5783,105,1.0,56021
2356,5783,118,3.0,13822
2357,5783,47,2.0,53706
2358,5784,94,4.0,67315
2359,5785,4,1.0,46721
2360,5786,91,5.0,98063
2361,5786,21,4.0,81691
2362,5787,133,3.0,19030
2363,5787,142,1.0,40304
2364,5788,111,2.0,73941
2365,5788,58,5.0,39174
2366,5788,47,1.0,53706
2367,5789,29,4.0,7739
2368,5789,40,1.0,48312
2369,5789,69,4.0,48871
2370,5789,77,1.0,6325
2371,5790,83,1.0,61817
2372,5790,118,2.0,13822
2373,5790,108,3.0,46915
2374,5791,114,2.0,38630
2375,5792,43,4.0,88213
2376,5793,126,4.0,20393
2377,5794,88,2.0,4300
2378,5795,13,1.0,97810
2379,5795,74,,16985
2380,5795,141,4.0,19091
2381,5795,41,5.0,92765
2382,5795,59,3.0,20643
2383,5796,129,5.0,14470
2384,5796,125,5.0,33628
2385,5796,149,1.0,95245
2386,5796,71,1.0,4786
2387,5797,120,1.0,3186
2388,5798,84,4.0,87906
2389,5798,115,4.0,25302
2390,5798,9,4.0,20871
2391,5798,51,2.0,59928
2392,5799,104,4.0,9521
2393,5800,149,4.0,95245
2394,5800,86,4.0,49654
2395,5800,116,3.0,42082
2396,5801,5,5.0,26134
2397,5801,19,2.0,72397
2398,5801,1,4.0,50707
2399,5802,97,1.0,3679
2400,5802,146,4.0,52304
2401,5802,20,5.0,44033
2402,5802,27,5.0,65552
2403,5803,102,3.0,22808
2404,5803,13,2.0,97810
2405,5803,66,1.0,82653
2406,5804,90,4.0,49507
2407,5804,86,4.0,49654
2408,5805,98,5.0,83293
2409,5805,129,2.0,14470
2410,5805,124,2.0,78300
2411,5805,75,2.0,35916
2412,5806,140,4.0,83331
2413,5806,46,1.0,23671
2414,5806,114,2.0,38630
2415,5807,108,2.0,46915
2416,5807,126,3.0,20393
2417,5807,119,2.0,26176
2418,5807,51,3.0,59928
2419,5807,128,4.0,80334
2420,5808,13,3.0,97810
2421,5809,141,1.0,19091
2422,5809,149,5.0,95245
2423,5809,142,4.0,40304
2424,5809,20,5.0,44033
2425,5810,4,5.0,46721
2426,5810,94,2.0,67315
2427,5810,2,1.0,48841
2428,5810,93,5.0,64437
2429,5810,111,2.0,73941
2430,5811,150,3.0,30192
2431,5812,59,5.0,20643
2432,5812,137,3.0,73589
2433,5812,11,3.0,10900
2434,5813,56,1.0,9175
2435,5814,48,1.0,68133
2436,5814,4,2.0,46721
2437,5814,67,2.0,33911
2438,5815,117,3.0,12972
2439,5815,141,3.0,19091
2440,5815,134,1.0,65964
2441,5815,54,5.0,9962
2442,5816,65,5.0,25065
2443,5816,35,5.0,58295
2444,5816,30,5.0,51211
2445,5816,140,2.0,83331
2446,5816,83,1.0,61817
2447,5817,11,2.0,10900
2448,5817,44,5.0,82291
2449,5818,90,1.0,49507
2450,5818,98,3.0,83293
2451,5818,117,3.0,12972
2452,5818,143,4.0,20414
2453,5819,123,4.0,50047
2454,5819,79,4.0,81723
2455,5819,100,1.0,71517
2456,5819,66,4.0,82653
2457,5820,19,5.0,72397
2458,5820,124,4.0,78300
2459,5820,144,5.0,93669
2460,5820,62,5.0,98446
2461,5820,96,1.0,8053
2462,5821,15,2.0,48998
2463,5822,35,2.0,58295
2464,5822,113,5.0,14616
2465,5822,117,3.0,12972
2466,5822,32,2.0,15187
2467,5823,102,5.0,22808
2468,5823,141,3.0,19091
2469,5823,89,2.0,83106
2470,5823,16,1.0,9937
2471,5824,44,5.0,82291
2472,5825,119,5.0,26176
2473,5826,92,5.0,61356
2474,5826,54,4.0,9962
2475,5827,5,5.0,26134
2476,5827,19,3.0,72397
2477,5828,65,1.0,25065
2478,5828,13,3.0,97810
2479,5828,54,2.0,9962
2480,5829,86,5.0,49654
2481,5829,5,5.0,26134
2482,5830,31,1.0,7724
2483,5830,88,1.0,4300
2484,5830,69,1.0,48871
2485,5830,36,4.0,53847
2486,5830,89,1.0,83106
2487,5831,62,5.0,98446
2488,5831,64,1.0,69811
2489,5831,13,3.0,97810
2490,5831,5,1.0,26134
2491,5832,114,5.0,38630
2492,5832,63,5.0,33538
2493,5832,142,2.0,40304
2494,5832,44,3.0,82291
2495,5833,133,4.0,19030
2496,5834,137,3.0,73589
2497,5834,81,5.0,19078
2498,5834,147,5.0,53510
2499,5834,48,2.0,68133
2500,5834,105,1.0,56021
2501,5835,142,5.0,40304
2502,5835,9,1.0,20871
2503,5835,93,3.0,64437
2504,5835,49,4.0,92850
2505,5836,24,5.0,43443
2506,5837,41,5.0,92765
2507,5837,150,4.0,30192
2508,5837,123,4.0,50047
2509,5837,93,5.0,64437
2510,5838,102,2.0,22808
2511,5839,89,3.0,83106
2512,5839,92,4.0,61356
2513,5840,6,5.0,21286
2514,5840,121,3.0,32706
2515,5840,63,4.0,33538
2516,5840,54,5.0,9962
2517,5840,131,1.0,76514
2518,5841,51,5.0,59928
2519,5841,92,5.0,61356
2520,5841,34,4.0,36630
2521,5841,115,4.0,25302
2522,5842,92,3.0,61356
2523,5843,119,4.0,26176
2524,5843,21,1.0,81691
2525,5843,99,2.0,34203
2526,5844,28,2.0,90487
2527,5844,99,2.0,34203
2528,5844,10,3.0,26689
2529,5844,96,5.0,8053
2530,5845,116,4.0,42082
2531,5845,58,2.0,39174
2532,5845,20,3.0,44033
2533,5845,27,2.0,65552
2534,5845,61,2.0,26079
2535,5846,76,2.0,56428
2536,5846,7,1.0,95184
2537,5847,59,5.0,20643
2538,5847,141,4.0,19091
2539,5847,129,1.0,14470
2540,5847,46,5.0,23671
2541,5847,118,4.0,13822
2542,5848,38,3.0,76444
2543,5848,72,1.0,20480
2544,5849,21,4.0,81691
2545,5849,52,2.0,58298
2546,5849,13,4.0,97810
2547,5849,41,2.0,92765
2548,5849,96,2.0,8053
2549,5850,99,2.0,34203
2550,5850,69,5.0,48871
2551,5850,150,4.0,30192
2552,5850,90,2.0,49507
2553,5851,88,1.0,4300
2554,5852,8,3.0,49819
2555,5853,75,3.0,35916
2556,5853,84,1.0,87906
2557,5853,134,5.0,65964
2558,5853,72,2.0,20480
2559,5853,25,1.0,16898
2560,5854,94,3.0,67315
2561,5855,22,3.0,78894
2562,5855,50,5.0,37334
2563,5855,144,4.0,93669
2564,5855,56,2.0,9175
2565,5856,56,3.0,9175
2566,5856,36,2.0,53847
2567,5856,150,5.0,30192
2568,5857,10,2.0,26689
2569,5857,115,4.0,25302
2570,5857,86,1.0,49654
2571,5858,141,5.0,19091
2572,5858,112,1.0,69548
2573,5858,96,3.0,8053
2574,5858,65,3.0,25065
2575,5858,37,3.0,95562
2576,5859,50,1.0,37334
2577,5859,34,3.0,36630
2578,5859,142,3.0,40304
2579,5859,105,4.0,56021
2580,5860,122,3.0,58214
2581,5860,115,5.0,25302
2582,5860,103,1.0,31445
2583,5861,44,4.0,82291
2584,5862,20,1.0,44033
2585,5862,18,1.0,79719
2586,5862,109,3.0,19474
2587,5862,40,5.0,48312
2588,5863,81,2.0,19078
2589,5863,78,2.0,42378
2590,5863,40,2.0,48312
2591,5864,136,3.0,53946
2592,5864,39,1.0,54311
2593,5864,135,1.0,94663
2594,5864,117,4.0,12972
2595,5865,141,4.0,19091
2596,5865,132,3.0,42778
2597,5866,15,3.0,48998
2598,5866,4,4.0,46721
2599,5866,87,4.0,41279
2600,5866,34,3.0,36630
2601,5866,42,1.0,47104
2602,5867,140,1.0,83331
2603,5867,25,2.0,16898
2604,5867,139,3.0,34743
2605,5867,93,2.0,64437
2606,5867,97,2.0,3679
2607,5868,5,1.0,26134
2608,5868,96,3.0,8053
2609,5868,118,1.0,13822
2610,5868,97,3.0,3679
2611,5868,131,3.0,76514
2612,5869,112,5.0,69548
2613,5869,119,3.0,26176
2614,5869,12,3.0,52829
2615,5869,26,5.0,18911
2616,5869,107,1.0,84963
2617,5870,31,3.0,7724
2618,5870,138,1.0,52367
2619,5870,109,3.0,19474
2620,5870,116,3.0,42082
2621,5870,75,4.0,35916
2622,5871,115,3.0,25302
2623,5871,145,1.0,70418
2624,5872,121,3.0,32706
2625,5872,125,3.0,33628
2626,5872,90,3.0,49507
2627,5872,114,1.0,38630
2628,5872,40,4.0,48312
2629,5873,100,2.0,71517
2630,5873,131,1.0,76514
2631,5874,101,1.0,86737
2632,5874,48,2.0,68133
2633,5874,94,1.0,67315
2634,5874,81,5.0,19078
2635,5875,74,3.0,16985
2636,5875,4,3.0,46721
2637,5876,138,1.0,52367
2638,5876,98,2.0,83293
2639,5876,42,1.0,47104
2640,5877,120,2.0,3186
2641,5877,22,4.0,78894
2642,5877,117,4.0,12972
2643,5877,60,1.0,84088
2644,5878,26,1.0,18911
2645,5878,74,5.0,16985
2646,5878,111,1.0,73941
2647,5878,12,3.0,52829
2648,5879,73,3.0,87951
2649,5879,148,1.0,55893
2650,5879,90,4.0,49507
2651,5879,8,2.0,49819
2652,5879,21,1.0,81691
2653,5880,139,5.0,34743
2654,5880,116,1.0,42082
2655,5881,102,4.0,22808
2656,5881,110,2.0,30121
2657,5881,87,2.0,41279
2658,5882,35,5.0,58295
2659,5882,14,5.0,55863
2660,5883,111,4.0,73941
2661,5883,70,3.0,55878
2662,5883,21,1.0,81691
2663,5883,43,5.0,88213
2664,5884,129,1.0,14470
2665,5884,143,4.0,20414
2666,5884,64,2.0,69811
2667,5885,83,3.0,61817
2668,5886,126,1.0,20393
2669,5886,88,1.0,4300
2670,5886,107,2.0,84963
2671,5886,2,5.0,48841
2672,5887,80,5.0,89761
2673,5888,86,3.0,49654
2674,5888,76,3.0,56428
2675,5888,150,3.0,30192
2676,5888,137,1.0,73589
2677,5888,110,5.0,30121
2678,5889,121,2.0,32706
2679,5889,25,5.0,16898
2680,5889,95,2.0,51431
2681,5890,74,2.0,16985
2682,5890,8,3.0,49819
2683,5891,123,1.0,50047
2684,5891,10,5.0,26689
2685,5891,33,2.0,20004
2686,5891,12,4.0,52829
2687,5891,8,2.0,49819
2688,5892,23,1.0,18620
2689,5892,61,1.0,26079
2690,5893,98,3.0,83293
2691,5893,137,5.0,73589
2692,5894,74,2.0,16985
2693,5894,145,2.0,70418
2694,5894,146,3.0,52304
2695,5894,19,2.0,72397
2696,5895,89,4.0,83106
2697,5895,116,5.0,42082
2698,5895,71,3.0,4786
2699,5896,114,5.0,38630
2700,5896,21,1.0,81691
2701,5896,127,5.0,94118
2702,5896,147,4.0,53510
2703,5897,139,3.0,34743
2704,5897,104,3.0,9521
2705,5897,146,3.0,52304
2706,5897,27,1.0,65552
2707,5898,104,3.0,9521
2708,5898,94,5.0,67315
2709,5898,146,3.0,52304
2710,5899,141,2.0,19091
2711,5899,22,5.0,78894
2712,5899,142,1.0,40304
2713,5899,3,4.0,13554
2714,5899,76,3.0,56428
2715,5900,13,4.0,97810
2716,5900,118,1.0,13822
2717,5901,102,2.0,22808
2718,5901,148,3.0,55893
2719,5902,94,4.0,67315
2720,5902,74,1.0,16985
2721,5903,90,5.0,49507
2722,5903,104,3.0,9521
2723,5903,8,5.0,49819
2724,5903,7,2.0,95184
2725,5903,149,2.0,95245
2726,5904,98,2.0,83293
2727,5905,30,5.0,51211
2728,5905,56,4.0,9175
2729,5905,49,1.0,92850
2730,5906,18,2.0,79719
2731,5906,91,4.0,98063
2732,5906,43,5.0,88213
2733,5907,7,2.0,95184
2734,5908,29,4.0,7739
2735,5908,51,4.0,59928
2736,5909,114,2.0,38630
2737,5910,133,3.0,19030
2738,5911,61,1.0,26079
2739,5911,86,3.0,49654
2740,5911,78,5.0,42378
2741,5911,5,5.0,26134
2742,5911,139,5.0,34743
2743,5912,79,1.0,81723
2744,5912,44,5.0,82291
2745,5912,63,4.0,33538
2746,5912,17,3.0,13948
2747,5912,96,2.0,8053
2748,5913,47,1.0,53706
2749,5913,55,4.0,34918
2750,5913,146,2.0,52304
2751,5914,47,1.0,53706
2752,5915,55,2.0,34918
2753,5915,17,3.0,13948
2754,5915,124,3.0,78300
2755,5915,134,2.0,65964
2756,5916,35,2.0,58295
2757,5916,50,5.0,37334
2758,5916,27,2.0,65552
2759,5916,101,2.0,86737
2760,5917,76,5.0,56428
2761,5917,68,4.0,25842
2762,5918,147,4.0,53510
2763,5918,113,1.0,14616
2764,5919,5,2.0,26134
2765,5919,42,1.0,47104
2766,5919,109,3.0,19474
2767,5920,110,2.0,30121
2768,5920,131,3.0,76514
2769,5920,114,3.0,38630
2770,5920,148,2.0,55893
2771,5921,24,1.0,43443
2772,5922,90,5.0,49507
2773,5923,75,2.0,35916
2774,5923,21,2.0,81691
2775,5923,30,2.0,51211
2776,5923,53,5.0,50574
2777,5923,10,1.0,26689
2778,5924,11,4.0,10900
2779,5925,101,2.0,86737
2780,5925,31,3.0,7724
2781,5925,142,1.0,40304
2782,5926,9,1.0,20871
2783,5927,14,5.0,55863
2784,5928,77,2.0,6325
2785,5929,142,1.0,40304
2786,5929,88,2.0,4300
2787,5929,84,5.0,87906
2788,5929,94,2.0,67315
2789,5929,55,1.0,34918
2790,5930,126,2.0,20393
2791,5930,127,5.0,94118
2792,5930,105,2.0,56021
2793,5931,32,2.0,15187
2794,5931,60,1.0,84088
2795,5932,47,4.0,53706
2796,5933,107,1.0,84963
2797,5933,41,2.0,92765
2798,5933,93,2.0,64437
2799,5933,113,4.0,14616
2800,5934,29,2.0,7739
2801,5934,90,2.0,49507
2802,5934,65,2.0,25065
2803,5934,147,5.0,53510
2804,5934,130,1.0,27703
2805,5935,147,5.0,53510
2806,5936,100,2.0,71517
2807,5937,94,4.0,67315
2808,5937,3,5.0,13554
2809,5938,78,1.0,42378
2810,5938,81,3.0,19078
2811,5938,146,2.0,52304
2812,5939,120,1.0,3186
2813,5939,94,3.0,67315
2814,5939,47,5.0,53706
2815,5939,75,3.0,35916
2816,5940,57,4.0,92455
2817,5940,55,3.0,34918
2818,5940,107,2.0,84963
2819,5940,13,4.0,97810
2820,5940,127,5.0,94118
2821,5941,117,2.0,12972
2822,5941,45,5.0,48206
2823,5941,29,5.0,7739
2824,5942,56,2.0,9175
2825,5942,131,4.0,76514
2826,5942,79,4.0,81723
2827,5943,120,1.0,3186
2828,5943,54,4.0,9962
2829,5943,12,5.0,52829
2830,5943,81,2.0,19078
2831,5944,100,5.0,71517
2832,5945,147,3.0,53510
2833,5946,136,4.0,53946
2834,5947,142,4.0,40304
2835,5947,118,4.0,13822
2836,5947,28,3.0,90487
2837,5947,38,4.0,76444
2838,5948,37,5.0,95562
2839,5948,35,4.0,58295
2840,5948,140,1.0,83331
2841,5948,144,2.0,93669
2842,5948,20,1.0,44033
2843,5949,15,2.0,48998
2844,5949,2,3.0,48841
2845,5949,49,2.0,92850
2846,5949,128,4.0,80334
2847,5950,3,4.0,13554
2848,5950,62,5.0,98446
2849,5950,57,2.0,92455
2850,5950,64,3.0,69811
2851,5950,81,1.0,19078
2852,5951,80,4.0,89761
2853,5951,54,4.0,9962
2854,5951,10,2.0,26689
2855,5952,104,5.0,9521
2856,5952,139,5.0,34743
2857,5952,124,1.0,78300
2858,5952,13,2.0,97810
2859,5952,86,4.0,49654
2860,5953,26,4.0,18911
2861,5953,33,4.0,20004
2862,5953,4,2.0,46721
2863,5953,99,1.0,34203
2864,5954,86,2.0,49654
2865,5954,54,3.0,9962
2866,5954,95,2.0,51431
2867,5954,8,4.0,49819
2868,5954,99,2.0,34203
2869,5955,40,3.0,48312
2870,5955,14,2.0,55863
2871,5956,29,5.0,7739
2872,5956,1,4.0,50707
2873,5956,139,4.0,34743
2874,5956,30,1.0,51211
2875,5956,76,3.0,56428
2876,5957,10,1.0,26689
2877,5957,137,1.0,73589
2878,5957,28,,90487
2879,5957,25,5.0,16898
2880,5957,110,5.0,30121
2881,5958,127,4.0,94118
2882,5959,148,3.0,55893
2883,5959,91,1.0,98063
2884,5959,3,1.0,13554
2885,5959,22,3.0,78894
2886,5960,55,1.0,34918
2887,5960,34,2.0,36630
2888,5961,116,2.0,42082
2889,5961,98,4.0,83293
2890,5961,23,5.0,18620
2891,5962,96,3.0,8053
2892,5962,18,4.0,79719
2893,5962,60,5.0,84088
2894,5962,98,4.0,83293
2895,5962,102,1.0,22808
2896,5963,56,5.0,9175
2897,5963,12,4.0,52829
2898,5963,79,5.0,81723
2899,5963,29,2.0,7739
2900,5963,5,5.0,26134
2901,5964,147,3.0,53510
2902,5965,124,4.0,78300
2903,5965,53,5.0,50574
2904,5965,107,3.0,84963
2905,5965,122,4.0,58214
2906,5965,150,3.0,30192
2907,5966,102,3.0,22808
2908,5966,103,4.0,31445
2909,5966,88,3.0,4300
2910,5966,6,1.0,21286
2911,5967,20,2.0,44033
2912,5967,122,2.0,58214
2913,5967,10,2.0,26689
2914,5968,93,4.0,64437
2915,5969,96,2.0,8053
2916,5969,79,4.0,81723
2917,5969,140,2.0,83331
2918,5970,59,4.0,20643
2919,5970,91,1.0,98063
2920,5970,21,1.0,81691
2921,5970,97,2.0,3679
2922,5970,143,4.0,20414
2923,5971,29,4.0,7739
2924,5972,83,1.0,61817
2925,5973,138,4.0,52367
2926,5973,132,1.0,42778
2927,5974,100,1.0,71517
2928,5974,28,2.0,90487
2929,5975,5,4.0,26134
2930,5975,54,1.0,9962
2931,5975,140,2.0,83331
2932,5975,67,4.0,33911
2933,5976,97,2.0,3679
2934,5976,131,1.0,76514
2935,5976,79,2.0,81723
2936,5977,94,3.0,67315
2937,5977,60,4.0,84088
2938,5977,42,1.0,47104
2939,5978,61,5.0,26079
2940,5978,78,1.0,42378
2941,5978,86,3.0,49654
2942,5978,45,5.0,48206
2943,5978,128,1.0,80334
2944,5979,91,2.0,98063
2945,5979,92,4.0,61356
2946,5979,66,1.0,82653
2947,5980,113,1.0,14616
2948,5981,55,4.0,34918
2949,5981,86,2.0,49654
2950,5982,118,2.0,13822
2951,5983,58,5.0,39174
2952,5983,79,5.0,81723
2953,5983,149,3.0,95245
2954,5984,99,3.0,34203
2955,5984,4,1.0,46721
2956,5984,23,2.0,18620
2957,5984,110,4.0,30121
2958,5985,102,1.0,22808
2959,5986,123,3.0,50047
2960,5986,67,4.0,33911
2961,5986,131,4.0,76514
2962,5986,49,4.0,92850
2963,5987,37,5.0,95562
2964,5987,100,2.0,71517
2965,5987,101,3.0,86737
2966,5988,80,1.0,89761
2967,5988,150,2.0,30192
2968,5989,81,3.0,19078
2969,5989,104,2.0,9521
2970,5989,86,2.0,49654
2971,5990,91,5.0,98063
2972,5990,128,2.0,80334
2973,5990,131,4.0,76514
2974,5990,140,2.0,83331
2975,5991,8,1.0,49819
2976,5991,62,4.0,98446
2977,5991,98,2.0,83293
2978,5992,28,4.0,90487
2979,5992,84,3.0,87906
2980,5993,81,3.0,19078
2981,5993,6,3.0,21286
2982,5993,80,3.0,89761
2983,5993,14,4.0,55863
2984,5993,98,3.0,83293
2985,5994,142,4.0,40304
2986,5994,127,4.0,94118
2987,5994,146,3.0,52304
2988,5994,19,4.0,72397
2989,5994,70,1.0,55878
2990,5995,35,5.0,58295
2991,5995,16,2.0,9937
2992,5995,81,5.0,19078
2993,5995,142,1.0,40304
2994,5996,50,5.0,37334
2995,5997,16,2.0,9937
2996,5997,4,2.0,46721
2997,5998,27,4.0,65552
2998,5999,118,4.0,13822
2999,5999,99,4.0,34203
3000,6000,24,1.0,43443
3001,6000,96,1.0,8053
3002,6000,108,3.0,46915
3003,6000,33,5.0,20004
3004,6001,78,1.0,42378
3005,6001,62,5.0,98446
3006,6002,103,3.0,31445
3007,6002,18,4.0,79719
3008,6002,146,4.0,52304
3009,6002,113,1.0,14616
3010,6002,30,3.0,51211
3011,6003,31,5.0,7724
3012,6004,112,4.0,69548
3013,6004,73,5.0,87951
3014,6004,51,1.0,59928
3015,6004,1,4.0,50707
3016,6005,73,2.0,87951
3017,6006,121,1.0,32706
3018,6006,48,5.0,68133
3019,6007,49,1.0,92850
3020,6008,8,4.0,49819
3021,6008,5,1.0,26134
3022,6008,126,2.0,20393
3023,6008,37,3.0,95562
3024,6009,82,2.0,87619
3025,6009,2,1.0,48841
3026,6009,120,3.0,3186
3027,6009,115,1.0,25302
3028,6010,127,5.0,94118
3029,6010,36,1.0,53847
3030,6010,55,1.0,34918
3031,6010,5,5.0,26134
3032,6011,76,5.0,56428
3033,6011,78,2.0,42378
3034,6011,137,4.0,73589
3035,6011,30,5.0,51211
3036,6011,58,1.0,39174
3037,6012,79,1.0,81723
3038,6012,34,4.0,36630
3039,6012,32,4.0,15187
3040,6012,25,3.0,16898
3041,6013,114,3.0,38630
3042,6014,135,1.0,94663
3043,6014,76,4.0,56428
3044,6014,38,5.0,76444
3045,6014,41,3.0,92765
3046,6015,141,5.0,19091
3047,6015,98,1.0,83293
3048,6015,77,1.0,6325
3049,6015,19,4.0,72397
3050,6015,138,1.0,52367
3051,6016,119,4.0,26176
3052,6017,29,2.0,7739
3053,6017,71,4.0,4786
3054,6017,13,2.0,97810
3055,6017,104,3.0,9521
3056,6017,25,3.0,16898
3057,6018,23,1.0,18620
3058,6018,9,1.0,20871
3059,6018,68,4.0,25842
3060,6018,120,4.0,3186
3061,6019,149,1.0,95245
3062,6019,113,5.0,14616
3063,6020,141,4.0,19091
3064,6020,114,4.0,38630
3065,6020,86,3.0,49654
3066,6020,122,3.0,58214
3067,6020,54,2.0,9962
3068,6021,130,3.0,27703
3069,6021,58,4.0,39174
3070,6022,111,4.0,73941
3071,6022,15,2.0,48998
3072,6023,13,4.0,97810
3073,6024,126,2.0,20393
3074,6024,60,2.0,84088
3075,6024,45,2.0,48206
3076,6024,21,1.0,81691
3077,6024,83,3.0,61817
3078,6025,45,5.0,48206
3079,6025,24,2.0,43443
3080,6025,1,5.0,50707
3081,6026,74,5.0,16985
3082,6026,105,2.0,56021
3083,6026,135,5.0,94663
3084,6027,101,4.0,86737
3085,6027,81,1.0,19078
3086,6028,53,5.0,50574
3087,6028,142,3.0,40304
3088,6028,91,5.0,98063
3089,6029,12,1.0,52829
3090,6030,76,5.0,56428
3091,6030,62,1.0,98446
3092,6030,46,2.0,23671
3093,6030,54,4.0,9962
3094,6030,3,4.0,13554
3095,6031,4,4.0,46721
3096,6031,27,2.0,65552
3097,6031,96,4.0,8053
3098,6031,98,2.0,83293
3099,6032,6,4.0,21286
3100,6032,19,3.0,72397
3101,6032,84,5.0,87906
3102,6032,105,1.0,56021
3103,6033,80,3.0,89761
3104,6033,119,4.0,26176
3105,6033,50,1.0,37334
3106,6033,91,4.0,98063
3107,6034,4,1.0,46721
3108,6035,139,4.0,34743
3109,6035,40,5.0,48312
3110,6035,141,5.0,19091
3111,6035,48,5.0,68133
3112,6035,99,2.0,34203
3113,6036,19,1.0,72397
3114,6036,90,1.0,49507
3115,6037,147,2.0,53510
3116,6037,13,4.0,97810
3117,6037,128,1.0,80334
3118,6037,145,4.0,70418
3119,6038,146,5.0,52304
3120,6038,145,3.0,70418
3121,6039,138,2.0,52367
3122,6039,3,4.0,13554
3123,6039,114,5.0,38630
3124,6039,10,4.0,26689
3125,6040,102,5.0,22808
3126,6040,34,2.0,36630
3127,6040,15,5.0,48998
3128,6041,97,2.0,3679
3129,6041,63,5.0,33538
3130,6041,51,3.0,59928
3131,6041,87,5.0,41279
3132,6041,26,4.0,18911
3133,6042,138,2.0,52367
3134,6042,70,3.0,55878
3135,6043,12,1.0,52829
3136,6043,13,3.0,97810
3137,6044,75,5.0,35916
3138,6044,96,1.0,8053
3139,6044,123,2.0,50047
3140,6044,8,5.0,49819
3141,6044,131,2.0,76514
3142,6045,113,2.0,14616
3143,6045,39,3.0,54311
3144,6045,85,1.0,48998
3145,6045,146,2.0,52304
3146,6046,141,2.0,19091
3147,6046,77,3.0,6325
3148,6047,95,4.0,51431
3149,6048,58,3.0,39174
3150,6048,42,1.0,47104
3151,6049,132,4.0,42778
3152,6049,7,3.0,95184
3153,6049,37,5.0,95562
3154,6049,141,4.0,19091
3155,6050,14,2.0,55863
3156,6050,113,3.0,14616
3157,6050,142,4.0,40304
3158,6050,22,3.0,78894
3159,6050,149,5.0,95245
3160,6051,33,5.0,20004
3161,6051,54,2.0,9962
3162,6051,8,1.0,49819
3163,6052,40,3.0,48312
3164,6052,7,3.0,95184
3165,6052,77,5.0,6325
3166,6053,96,1.0,8053
3167,6053,38,3.0,76444
3168,6053,13,4.0,97810
3169,6053,105,3.0,56021
3170,6053,20,2.0,44033
3171,6054,28,5.0,90487
3172,6054,85,3.0,48998
3173,6055,140,4.0,83331
3174,6055,125,4.0,33628
3175,6055,28,3.0,90487
3176,6055,82,5.0,87619
3177,6055,84,5.0,87906
3178,6056,15,2.0,48998
3179,6056,83,4.0,61817
3180,6056,109,4.0,19474
3181,6057,124,2.0,78300
3182,6057,15,1.0,48998
3183,6058,127,2.0,94118
3184,6058,130,1.0,27703
3185,6059,140,1.0,83331
3186,6060,112,3.0,69548
3187,6060,60,1.0,84088
3188,6060,21,3.0,81691
3189,6061,110,4.0,30121
3190,6062,85,4.0,48998
3191,6062,63,1.0,33538
3192,6062,136,3.0,53946
3193,6063,79,4.0,81723
3194,6064,84,4.0,87906
3195,6064,128,1.0,80334
3196,6064,44,5.0,82291
3197,6064,28,4.0,90487
3198,6065,44,4.0,82291
3199,6065,116,1.0,42082
3200,6066,55,4.0,34918
3201,6066,84,1.0,87906
3202,6066,88,3.0,4300
3203,6066,32,3.0,15187
3204,6067,96,3.0,8053
3205,6067,67,2.0,33911
3206,6067,21,2.0,81691
3207,6068,12,3.0,52829
3208,6068,118,3.0,13822
3209,6068,68,4.0,25842
3210,6068,28,4.0,90487
3211,6068,83,4.0,61817
3212,6069,97,2.0,3679
3213,6069,137,5.0,73589
3214,6070,94,4.0,67315
3215,6070,125,2.0,33628
3216,6071,49,1.0,92850
3217,6071,67,4.0,33911
3218,6071,25,4.0,16898
3219,6071,76,2.0,56428
3220,6072,133,5.0,19030
3221,6072,90,4.0,49507
3222,6072,123,5.0,50047
3223,6073,143,3.0,20414
3224,6073,100,4.0,71517
3225,6073,60,5.0,84088
3226,6074,56,2.0,9175
3227,6074,134,1.0,65964
3228,6074,25,5.0,16898
3229,6075,113,2.0,14616
3230,6075,47,5.0,53706
3231,6075,22,1.0,78894
3232,6076,97,5.0,3679
3233,6076,139,4.0,34743
3234,6077,93,4.0,64437
3235,6077,68,1.0,25842
3236,6078,106,4.0,95466
3237,6078,64,3.0,69811
3238,6078,77,5.0,6325
3239,6078,114,5.0,38630
3240,6078,126,2.0,20393
3241,6079,137,2.0,73589
3242,6079,65,1.0,25065
3243,6079,136,1.0,53946
3244,6079,108,2.0,46915
3245,6079,62,4.0,98446
3246,6080,81,1.0,19078
3247,6081,75,4.0,35916
3248,6081,28,3.0,90487
3249,6082,37,1.0,95562
3250,6082,33,5.0,20004
3251,6083,72,4.0,20480
3252,6083,47,1.0,53706
3253,6083,3,2.0,13554
3254,6084,125,2.0,33628
3255,6084,46,3.0,23671
3256,6084,2,4.0,48841
3257,6084,51,2.0,59928
3258,6084,139,4.0,34743
3259,6085,24,1.0,43443
3260,6085,70,2.0,55878
3261,6085,115,3.0,25302
3262,6085,144,4.0,93669
3263,6085,44,4.0,82291
3264,6086,123,5.0,50047
3265,6087,50,3.0,37334
3266,6087,77,3.0,6325
3267,6087,105,1.0,56021
3268,6087,113,2.0,14616
3269,6087,95,4.0,51431
3270,6088,130,4.0,27703
3271,6088,101,5.0,86737
3272,6088,4,4.0,46721
3273,6088,17,2.0,13948
3274,6089,102,1.0,22808
3275,6089,137,4.0,73589
3276,6089,1,4.0,50707
3277,6090,148,5.0,55893
3278,6090,146,3.0,52304
3279,6090,41,4.0,92765
3280,6090,33,5.0,20004
3281,6091,3,5.0,13554
3282,6091,66,1.0,82653
3283,6091,5,1.0,26134
3284,6092,16,4.0,9937
3285,6092,66,5.0,82653
3286,6092,145,2.0,70418
3287,6092,25,1.0,16898
3288,6093,83,1.0,61817
3289,6093,4,5.0,46721
3290,6093,114,3.0,38630
3291,6094,141,2.0,19091
3292,6095,63,4.0,33538
3293,6095,52,1.0,58298
3294,6095,116,1.0,42082
3295,6096,146,1.0,52304
3296,6096,127,5.0,94118
3297,6096,80,4.0,89761
3298,6097,16,4.0,9937
3299,6097,144,4.0,93669
3300,6097,110,4.0,30121
3301,6097,81,2.0,19078
3302,6097,109,2.0,19474
3303,6098,53,1.0,50574
3304,6098,5,2.0,26134
3305,6098,57,5.0,92455
3306,6098,33,2.0,20004
3307,6098,69,2.0,48871
3308,6099,52,1.0,58298
3309,6099,107,2.0,84963
3310,6099,135,2.0,94663
3311,6099,66,5.0,82653
3312,6100,21,1.0,81691
3313,6100,142,1.0,40304
3314,6100,27,1.0,65552
3315,6100,94,2.0,67315
3316,6101,107,3.0,84963
3317,6101,11,1.0,10900
3318,6102,120,3.0,3186
3319,6102,5,5.0,26134
3320,6102,24,3.0,43443
3321,6102,69,1.0,48871
3322,6103,70,2.0,55878
3323,6103,127,4.0,94118
3324,6103,116,4.0,42082
3325,6104,37,4.0,95562
3326,6104,27,2.0,65552
3327,6104,108,2.0,46915
3328,6104,1,4.0,50707
3329,6105,98,5.0,83293
3330,6106,141,4.0,19091
3331,6106,67,4.0,33911
3332,6107,13,1.0,97810
3333,6107,74,5.0,16985
3334,6108,26,4.0,18911
3335,6108,129,2.0,14470
3336,6109,146,3.0,52304
3337,6110,146,3.0,52304
3338,6110,98,2.0,83293
3339,6110,135,3.0,94663
3340,6110,81,5.0,19078
3341,6111,49,4.0,92850
3342,6111,72,5.0,20480
3343,6112,41,4.0,92765
3344,6112,93,5.0,64437
3345,6113,145,4.0,70418
3346,6113,110,3.0,30121
3347,6114,139,5.0,34743
3348,6114,25,3.0,16898
3349,6114,123,3.0,50047
3350,6114,13,3.0,97810
3351,6114,96,2.0,8053
3352,6115,85,3.0,48998
3353,6115,5,3.0,26134
3354,6115,27,3.0,65552
3355,6115,116,5.0,42082
3356,6115,68,3.0,25842
3357,6116,47,4.0,53706
3358,6116,96,4.0,8053
3359,6117,44,3.0,82291
3360,6117,6,3.0,21286
3361,6117,120,3.0,3186
3362,6118,16,2.0,9937
3363,6118,81,4.0,19078
3364,6118,65,4.0,25065
3365,6118,14,1.0,55863
3366,6119,136,1.0,53946
3367,6119,54,2.0,9962
3368,6119,32,5.0,15187
3369,6120,112,5.0,69548
3370,6121,11,3.0,10900
3371,6121,117,1.0,12972
3372,6121,40,5.0,48312
3373,6121,126,1.0,20393
3374,6121,125,5.0,33628
3375,6122,116,5.0,42082
3376,6122,113,4.0,14616
3377,6123,88,5.0,4300
3378,6123,130,1.0,27703
3379,6123,71,2.0,4786
3380,6123,5,2.0,26134
3381,6124,21,1.0,81691
3382,6124,61,1.0,26079
3383,6124,18,3.0,79719
3384,6124,143,2.0,20414
3385,6125,103,3.0,31445
3386,6125,50,2.0,37334
3387,6125,42,1.0,47104
3388,6125,125,1.0,33628
3389,6126,137,3.0,73589
3390,6126,49,5.0,92850
3391,6126,121,3.0,32706
3392,6127,32,1.0,15187
3393,6128,144,4.0,93669
3394,6128,146,2.0,52304
3395,6128,25,3.0,16898
3396,6128,145,3.0,70418
3397,6128,88,4.0,4300
3398,6129,126,5.0,20393
3399,6130,102,2.0,22808
3400,6130,66,5.0,82653
3401,6131,3,1.0,13554
3402,6131,72,5.0,20480
3403,6131,108,3.0,46915
3404,6131,89,5.0,83106
3405,6131,30,2.0,51211
3406,6132,33,3.0,20004
3407,6132,39,2.0,54311
3408,6132,125,3.0,33628
3409,6132,149,1.0,95245
3410,6133,82,5.0,87619
3411,6133,125,4.0,33628
3412,6133,27,2.0,65552
3413,6133,140,1.0,83331
3414,6133,24,2.0,43443
3415,6134,147,1.0,53510
3416,6134,15,2.0,48998
3417,6135,150,2.0,30192
3418,6135,11,3.0,10900
3419,6135,112,3.0,69548
3420,6135,47,1.0,53706
3421,6135,122,2.0,58214
3422,6136,131,4.0,76514
3423,6136,117,5.0,12972
3424,6136,116,4.0,42082
3425,6136,143,4.0,20414
3426,6137,23,2.0,18620
3427,6137,147,4.0,53510
3428,6138,74,5.0,16985
3429,6138,68,5.0,25842
3430,6138,141,1.0,19091
3431,6138,48,1.0,68133
3432,6139,61,5.0,26079
3433,6139,18,3.0,79719
3434,6140,140,2.0,83331
3435,6141,54,4.0,9962
3436,6142,39,2.0,54311
3437,6142,2,4.0,48841
3438,6142,70,3.0,55878
3439,6142,108,5.0,46915
3440,6143,131,2.0,76514
3441,6143,122,5.0,58214
3442,6143,65,3.0,25065
3443,6143,140,4.0,83331
3444,6144,106,5.0,95466
3445,6145,40,1.0,48312
3446,6145,32,2.0,15187
3447,6145,44,4.0,82291
3448,6145,134,2.0,65964
3449,6146,99,3.0,34203
3450,6147,6,1.0,21286
3451,6147,12,1.0,52829
3452,6147,94,2.0,67315
3453,6147,149,4.0,95245
3454,6147,121,2.0,32706
3455,6148,43,5.0,88213
3456,6149,88,5.0,4300
3457,6149,104,3.0,9521
3458,6150,95,5.0,51431
3459,6150,138,2.0,52367
3460,6150,58,1.0,39174
3461,6151,65,1.0,25065
3462,6151,81,1.0,19078
3463,6151,88,1.0,4300
3464,6151,119,4.0,26176
3465,6151,106,5.0,95466
3466,6152,106,1.0,95466
3467,6152,138,5.0,52367
3468,6152,98,2.0,83293
3469,6153,100,5.0,71517
3470,6153,44,5.0,82291
3471,6154,10,1.0,26689
3472,6154,15,1.0,48998
3473,6154,115,3.0,25302
3474,6154,137,2.0,73589
3475,6155,79,4.0,81723
3476,6155,139,5.0,34743
3477,6155,90,3.0,49507
3478,6156,124,3.0,78300
3479,6156,21,1.0,81691
3480,6156,49,1.0,92850
3481,6156,103,2.0,31445
3482,6156,115,2.0,25302
3483,6157,48,5.0,68133
3484,6157,4,4.0,46721
3485,6158,149,3.0,95245
3486,6158,96,5.0,8053
3487,6158,33,3.0,20004
3488,6158,124,2.0,78300
3489,6158,94,4.0,67315
3490,6159,112,2.0,69548
3491,6159,106,4.0,95466
3492,6159,85,3.0,48998
3493,6159,87,5.0,41279
3494,6160,44,3.0,82291
3495,6160,26,1.0,18911
3496,6160,141,2.0,19091
3497,6161,91,5.0,98063
3498,6161,145,4.0,70418
3499,6161,34,2.0,36630
3500,6161,14,5.0,55863
3501,6161,8,3.0,49819
3502,6162,147,1.0,53510
3503,6162,95,2.0,51431
3504,6162,57,3.0,92455
3505,6162,26,4.0,18911
3506,6163,38,5.0,76444
3507,6163,28,1.0,90487
3508,6163,73,1.0,87951
3509,6163,107,5.0,84963
3510,6164,136,4.0,53946
3511,6164,148,5.0,55893
3512,6164,117,2.0,12972
3513,6164,119,1.0,26176
3514,6164,35,2.0,58295
3515,6165,58,3.0,39174
3516,6165,108,4.0,46915
3517,6165,101,3.0,86737
3518,6166,65,1.0,25065
3519,6166,93,3.0,64437
3520,6166,85,5.0,48998
3521,6166,54,1.0,9962
3522,6167,123,2.0,50047
3523,6168,114,3.0,38630
3524,6168,136,1.0,53946
3525,6168,37,2.0,95562
3526,6168,11,2.0,10900
3527,6168,138,4.0,52367
3528,6169,107,3.0,84963
3529,6169,4,1.0,46721
3530,6169,84,2.0,87906
3531,6169,111,2.0,73941
3532,6170,57,4.0,92455
3533,6170,56,3.0,9175
3534,6170,20,4.0,44033
3535,6171,44,4.0,82291
3536,6171,145,1.0,70418
3537,6172,97,2.0,3679
3538,6172,74,4.0,16985
3539,6172,18,2.0,79719
3540,6172,138,1.0,52367
3541,6172,45,2.0,48206
3542,6173,18,4.0,79719
3543,6173,145,1.0,70418
3544,6174,42,3.0,47104
3545,6174,43,3.0,88213
3546,6175,72,4.0,20480
3547,6175,131,2.0,76514
3548,6175,78,3.0,42378
3549,6176,108,1.0,46915
3550,6176,85,4.0,48998
3551,6176,26,4.0,18911
3552,6176,132,5.0,42778
3553,6176,78,5.0,42378
3554,6177,72,5.0,20480
3555,6177,15,1.0,48998
3556,6177,101,2.0,86737
3557,6177,122,1.0,58214
3558,6178,77,5.0,6325
3559,6178,73,5.0,87951
3560,6178,120,4.0,3186
3561,6178,85,4.0,48998
3562,6178,90,1.0,49507
3563,6179,107,1.0,84963
3564,6179,141,1.0,19091
3565,6179,128,3.0,80334
3566,6179,96,4.0,8053
3567,6179,54,2.0,9962
3568,6180,111,3.0,73941
3569,6180,14,5.0,55863
3570,6180,30,2.0,51211
3571,6180,80,5.0,89761
3572,6181,139,1.0,34743
3573,6181,7,1.0,95184
3574,6181,142,5.0,40304
3575,6181,72,1.0,20480
3576,6181,92,2.0,61356
3577,6182,143,1.0,20414
3578,6183,50,3.0,37334
3579,6183,12,5.0,52829
3580,6183,89,2.0,83106
3581,6184,85,4.0,48998
3582,6184,71,4.0,4786
3583,6184,140,2.0,83331
3584,6184,141,4.0,19091
3585,6185,63,3.0,33538
3586,6185,12,1.0,52829
3587,6185,59,4.0,20643
3588,6185,34,2.0,36630
3589,6186,117,2.0,12972
3590,6186,65,3.0,25065
3591,6186,50,2.0,37334
3592,6187,136,4.0,53946
3593,6187,58,4.0,39174
3594,6187,55,3.0,34918
3595,6187,122,4.0,58214
3596,6188,67,3.0,33911
3597,6188,17,5.0,13948
3598,6189,131,4.0,76514
3599,6189,29,3.0,7739
3600,6190,17,5.0,13948
3601,6191,136,2.0,53946
3602,6191,18,3.0,79719
3603,6191,34,4.0,36630
3604,6192,59,3.0,20643
3605,6192,94,1.0,67315
3606,6192,95,5.0,51431
3607,6192,68,4.0,25842
3608,6193,137,1.0,73589
3609,6193,83,4.0,61817
3610,6193,37,1.0,95562
3611,6193,63,4.0,33538
3612,6194,140,2.0,83331
3613,6194,35,5.0,58295
3614,6194,17,2.0,13948
3615,6194,80,1.0,89761
3616,6194,63,1.0,33538
3617,6195,5,2.0,26134
3618,6195,89,2.0,83106
3619,6195,121,4.0,32706
3620,6195,28,5.0,90487
3621,6195,8,2.0,49819
3622,6196,32,2.0,15187
3623,6197,68,1.0,25842
3624,6198,50,5.0,37334
3625,6199,102,4.0,22808
3626,6199,32,3.0,15187
3627,6200,8,1.0,49819
3628,6200,60,2.0,84088
3629,6200,126,5.0,20393
3630,6201,54,5.0,9962
3631,6201,131,4.0,76514
3632,6202,75,4.0,35916
3633,6202,10,4.0,26689
3634,6202,101,1.0,86737
3635,6202,59,1.0,20643
3636,99999,97,1.0,3679
3637,6203,38,2.0,76444
3638,6204,95,1.0,51431
3639,6204,61,3.0,26079
3640,6204,74,3.0,16985
3641,6204,1,5.0,50707
3642,6205,92,3.0,61356
3643,6205,89,4.0,83106
3644,6205,75,4.0,35916
3645,6205,138,1.0,52367
3646,6205,63,3.0,33538
3647,6206,105,2.0,56021
3648,6206,5,1.0,26134
3649,6206,144,5.0,93669
3650,6207,147,5.0,53510
3651,6208,81,5.0,19078
3652,6208,112,2.0,69548
3653,6208,149,2.0,95245
3654,6209,138,2.0,52367
3655,6210,78,2.0,42378
3656,6210,110,5.0,30121
3657,6210,93,4.0,64437
3658,6210,86,1.0,49654
3659,6210,75,3.0,35916
3660,6211,31,5.0,7724
3661,6211,141,2.0,19091
3662,6211,85,5.0,48998
3663,6212,78,3.0,42378
3664,6212,67,2.0,33911
3665,6212,143,3.0,20414
3666,6212,72,4.0,20480
3667,6212,50,3.0,37334
3668,6213,88,2.0,4300
3669,6213,113,4.0,14616
3670,6213,116,2.0,42082
3671,6213,35,5.0,58295
3672,6214,76,2.0,56428
3673,6214,62,4.0,98446
3674,6215,11,4.0,10900
3675,6215,113,2.0,14616
3676,6215,99,5.0,34203
3677,6216,133,3.0,19030
3678,6217,17,4.0,13948
3679,6218,96,4.0,8053
3680,6218,119,4.0,26176
3681,6218,18,3.0,79719
3682,6218,110,2.0,30121
3683,6219,48,4.0,68133
3684,6219,109,1.0,19474
3685,6219,30,2.0,51211
3686,6220,34,3.0,36630
3687,6220,70,5.0,55878
3688,6220,46,3.0,23671
3689,6220,110,2.0,30121
3690,6221,22,5.0,78894
3691,6221,40,4.0,48312
3692,6222,91,5.0,98063
3693,6223,54,4.0,9962
3694,6223,43,5.0,88213
3695,6223,137,4.0,73589
3696,6223,71,2.0,4786
3697,6224,27,1.0,65552
3698,6225,24,2.0,43443
3699,6225,135,1.0,94663
3700,6225,75,2.0,35916
3701,6225,93,2.0,64437
3702,6225,29,3.0,7739
3703,6226,110,3.0,30121
3704,6226,52,5.0,58298
3705,6227,61,4.0,26079
3706,6227,119,3.0,26176
3707,6227,124,3.0,78300
3708,6227,134,5.0,65964
3709,6227,71,4.0,4786
3710,6228,102,3.0,22808
3711,6228,81,5.0,19078
3712,6228,62,3.0,98446
3713,6229,64,4.0,69811
3714,6229,102,3.0,22808
3715,6229,1,1.0,50707
3716,6229,88,1.0,4300
3717,6229,146,5.0,52304
3718,6230,122,4.0,58214
3719,6230,13,1.0,97810
3720,6230,110,3.0,30121
3721,6230,2,1.0,48841
3722,6230,64,3.0,69811
3723,6231,9,3.0,20871
3724,6231,34,3.0,36630
3725,6231,47,5.0,53706
3726,6231,79,1.0,81723
3727,6232,85,2.0,48998
3728,6232,142,4.0,40304
3729,6232,62,4.0,98446
3730,6233,132,2.0,42778
3731,6233,110,5.0,30121
3732,6234,35,5.0,58295
3733,6234,123,2.0,50047
3734,6235,58,1.0,39174
3735,6236,149,4.0,95245
3736,6236,38,4.0,76444
3737,6237,60,2.0,84088
3738,6237,149,1.0,95245
3739,6237,131,1.0,76514
3740,6237,36,5.0,53847
3741,6237,91,1.0,98063
3742,6238,46,5.0,23671
3743,6238,86,5.0,49654
3744,6238,96,5.0,8053
3745,6238,65,3.0,25065
3746,6238,76,3.0,56428
3747,6239,64,1.0,69811
3748,6239,105,4.0,56021
3749,6239,50,4.0,37334
3750,6239,96,3.0,8053
3751,6239,56,4.0,9175
3752,6240,84,3.0,87906
3753,6240,109,2.0,19474
3754,6240,118,2.0,13822
3755,6241,91,3.0,98063
3756,6241,136,3.0,53946
3757,6241,52,1.0,58298
3758,6241,106,5.0,95466
3759,6242,76,1.0,56428
3760,6242,23,2.0,18620
3761,6242,59,4.0,20643
3762,6242,68,1.0,25842
3763,6242,110,1.0,30121
3764,6243,37,2.0,95562
3765,6244,22,4.0,78894
3766,6244,2,1.0,48841
3767,6244,63,5.0,33538
3768,6244,10,4.0,26689
3769,6244,34,5.0,36630
3770,6245,1,4.0,50707
3771,6245,139,2.0,34743
3772,6245,127,2.0,94118
3773,6245,60,4.0,84088
3774,6245,65,3.0,25065
3775,6246,132,2.0,42778
3776,6246,92,3.0,61356
3777,6246,87,2.0,41279
3778,6247,126,5.0,20393
3779,6248,55,4.0,34918
3780,6249,88,1.0,4300
3781,6249,81,5.0,19078
3782,6250,1,4.0,50707
3783,6250,39,1.0,54311
3784,6250,52,5.0,58298
3785,6250,18,1.0,79719
3786,6250,2,3.0,48841
3787,6251,96,3.0,8053
3788,6252,30,4.0,51211
3789,6252,68,5.0,25842
3790,6253,13,1.0,97810
3791,6253,55,4.0,34918
3792,6253,36,1.0,53847
3793,6253,15,3.0,48998
3794,6254,41,3.0,92765
3795,6254,96,1.0,8053
3796,6254,147,2.0,53510
3797,6255,83,4.0,61817
3798,6255,73,3.0,87951
3799,6255,13,1.0,97810
3800,6255,144,5.0,93669
3801,6255,74,3.0,16985
3802,6256,14,1.0,55863
3803,6256,69,5.0,48871
3804,6256,9999,1.0,61356
3805,6256,83,4.0,61817
3806,6256,44,2.0,82291
3807,6257,91,3.0,98063
3808,6257,77,4.0,6325
3809,6257,48,1.0,68133
3810,6257,28,1.0,90487
3811,6257,99,3.0,34203
3812,6258,27,1.0,65552
3813,6258,7,5.0,95184
3814,6258,12,1.0,52829
3815,6258,116,2.0,42082
3816,6259,137,5.0,73589
3817,6259,62,1.0,98446
3818,6259,143,2.0,20414
3819,6259,126,4.0,20393
3820,6259,74,5.0,16985
3821,6260,106,2.0,95466
3822,6260,63,1.0,33538
3823,6260,7,1.0,95184
3824,6260,40,2.0,48312
3825,6261,76,3.0,56428
3826,6261,95,4.0,51431
3827,6261,119,2.0,26176
3828,6261,87,2.0,41279
3829,6262,33,5.0,20004
3830,6262,38,5.0,76444
3831,6262,132,1.0,42778
3832,6262,101,2.0,86737
3833,6263,43,5.0,88213
3834,6263,78,3.0,42378
3835,6264,77,2.0,6325
3836,6264,48,1.0,68133
3837,6264,104,5.0,9521
3838,6264,131,4.0,76514
3839,6265,119,2.0,26176
3840,6265,19,5.0,72397
3841,6266,63,3.0,33538
3842,6266,95,4.0,51431
3843,6266,74,1.0,16985
3844,6266,30,5.0,51211
3845,6267,32,1.0,15187
3846,6267,104,3.0,9521
3847,6267,126,3.0,20393
3848,6267,41,3.0,92765
3849,6268,103,5.0,31445
3850,6268,115,4.0,25302
3851,6268,80,5.0,89761
3852,6268,24,1.0,43443
3853,6268,70,4.0,55878
3854,6269,46,4.0,23671
3855,6269,126,3.0,20393
3856,6270,100,3.0,71517
3857,6270,138,1.0,52367
3858,6270,68,2.0,25842
3859,6270,65,3.0,25065
3860,6271,128,3.0,80334
3861,6271,121,5.0,32706
3862,6271,89,5.0,83106
3863,6271,147,1.0,53510
3864,6271,46,5.0,23671
3865,6272,105,1.0,56021
3866,6272,46,5.0,23671
3867,6273,12,2.0,52829
3868,6273,88,2.0,4300
3869,6274,3,1.0,13554
3870,6274,31,1.0,7724
3871,6274,32,5.0,15187
3872,6274,131,4.0,76514
3873,6274,98,5.0,83293
3874,6275,79,3.0,81723
3875,6275,125,2.0,33628
3876,6275,137,1.0,73589
3877,6275,134,5.0,65964
3878,6276,82,1.0,87619
3879,6277,14,1.0,55863
3880,6277,132,2.0,42778
3881,6277,124,1.0,78300
3882,6277,5,1.0,26134
3883,6278,129,4.0,14470
3884,6278,20,2.0,44033
3885,6278,112,3.0,69548
3886,6278,68,3.0,25842
3887,6279,129,3.0,14470
3888,6280,53,4.0,50574
3889,6280,55,1.0,34918
3890,6280,128,1.0,80334
3891,6281,121,2.0,32706
3892,6281,102,4.0,22808
3893,6281,98,1.0,83293
3894,6281,89,5.0,83106
3895,6281,53,3.0,50574
3896,6282,65,4.0,25065
3897,6283,76,2.0,56428
3898,6284,74,4.0,16985
3899,6284,104,2.0,9521
3900,6284,2,4.0,48841
3901,6284,81,3.0,19078
3902,6285,56,1.0,9175
3903,6285,67,5.0,33911
3904,6285,68,2.0,25842
3905,6285,50,5.0,37334
3906,6285,94,3.0,67315
3907,6286,98,3.0,83293
3908,6286,19,1.0,72397
3909,6286,66,4.0,82653
3910,6286,127,1.0,94118
3911,6287,2,2.0,48841
3912,6287,81,3.0,19078
3913,6287,29,3.0,7739
3914,6287,54,2.0,9962
3915,6288,7,5.0,95184
3916,6289,103,1.0,31445
3917,6289,55,3.0,34918
3918,6290,130,1.0,27703
3919,6291,36,3.0,53847
3920,6291,69,3.0,48871
3921,6291,6,4.0,21286
3922,6292,140,1.0,83331
3923,6293,39,4.0,54311
3924,6293,35,1.0,58295
3925,6293,18,5.0,79719
3926,6294,83,2.0,61817
3927,6294,43,5.0,88213
3928,6295,52,5.0,58298
3929,6295,112,3.0,69548
3930,6295,104,2.0,9521
3931,6295,29,4.0,7739
3932,6296,143,1.0,20414
3933,6296,139,2.0,34743
3934,6296,104,2.0,9521
3935,6296,57,2.0,92455
3936,6296,63,3.0,33538
3937,6297,26,2.0,18911
3938,6297,88,5.0,4300
3939,6297,65,1.0,25065
3940,6298,28,5.0,90487
3941,6298,147,3.0,53510
3942,6298,29,4.0,7739
3943,6298,47,1.0,53706
3944,6298,144,5.0,93669
3945,6299,116,3.0,42082
3946,6299,139,3.0,34743
3947,6299,30,3.0,51211
3948,6300,90,1.0,49507
3949,6300,94,3.0,67315
3950,6300,121,5.0,32706
3951,6300,30,5.0,51211
3952,6300,110,3.0,30121
3953,6301,38,2.0,76444
3954,6302,72,4.0,20480
3955,6302,40,1.0,48312
3956,6302,42,5.0,47104
3957,6302,66,3.0,82653
3958,6303,56,2.0,9175
3959,6303,102,2.0,22808
3960,6303,31,4.0,7724
3961,6303,149,3.0,95245
3962,6303,115,1.0,25302
3963,6304,95,2.0,51431
3964,6304,19,1.0,72397
3965,6304,82,5.0,87619
3966,6305,95,2.0,51431
3967,6305,140,1.0,83331
3968,6305,123,2.0,50047
3969,6306,100,3.0,71517
3970,6306,28,1.0,90487
3971,6306,137,2.0,73589
3972,6306,19,5.0,72397
3973,6306,133,3.0,19030
3974,6307,130,1.0,27703
3975,6307,109,1.0,19474
3976,6307,84,5.0,87906
3977,6307,147,3.0,53510
3978,6307,146,3.0,52304
3979,6308,81,1.0,19078
3980,6308,127,4.0,94118
3981,6308,138,3.0,52367
3982,6309,143,4.0,20414
3983,6309,88,1.0,4300
3984,6309,58,4.0,39174
3985,6309,99,5.0,34203
3986,6310,119,3.0,26176
3987,6310,13,4.0,97810
3988,6310,66,5.0,82653
3989,6310,101,2.0,86737
3990,6311,121,5.0,32706
3991,6311,25,4.0,16898
3992,6312,49,2.0,92850
3993,6313,114,2.0,38630
3994,6313,55,1.0,34918
3995,6314,98,4.0,83293
3996,6314,18,3.0,79719
3997,6314,8,4.0,49819
3998,6314,55,3.0,34918
3999,6314,34,1.0,36630
4000,6315,44,4.0,82291
4001,6315,73,1.0,87951
4002,6315,63,2.0,33538
4003,6315,15,3.0,48998
4004,6315,90,4.0,49507
4005,6316,82,2.0,87619
4006,6317,38,2.0,76444
4007,6317,34,4.0,36630
4008,6318,47,3.0,53706
4009,6318,91,1.0,98063
4010,6319,61,2.0,26079
4011,6320,55,2.0,34918
4012,6320,7,5.0,95184
4013,6320,29,5.0,7739
4014,6320,91,3.0,98063
4015,6321,69,2.0,48871
4016,6321,133,5.0,19030
4017,6322,102,5.0,22808
4018,6322,123,5.0,50047
4019,6322,49,2.0,92850
4020,6322,98,5.0,83293
4021,6322,124,1.0,78300
4022,6323,98,2.0,83293
4023,6324,58,3.0,39174
4024,6324,9,4.0,20871
4025,6324,121,4.0,32706
4026,6325,134,2.0,65964
4027,6325,24,3.0,43443
4028,6325,21,4.0,81691
4029,6326,131,3.0,76514
4030,6326,142,1.0,40304
4031,6326,90,1.0,49507
4032,6326,93,3.0,64437
4033,6327,16,3.0,9937
4034,6327,67,2.0,33911
4035,6327,39,4.0,54311
4036,6327,91,3.0,98063
4037,6327,126,1.0,20393
4038,6328,147,1.0,53510
4039,6328,16,2.0,9937
4040,6329,119,1.0,26176
4041,6329,148,2.0,55893
4042,6329,134,2.0,65964
4043,6330,134,5.0,65964
4044,6330,57,2.0,92455
4045,6331,104,5.0,9521
4046,6331,133,4.0,19030
4047,6331,44,5.0,82291
4048,6332,66,4.0,82653
4049,6333,30,4.0,51211
4050,6333,29,2.0,7739
4051,6333,41,4.0,92765
4052,6333,47,1.0,53706
4053,6334,53,2.0,50574
4054,6335,86,2.0,49654
4055,6335,76,5.0,56428
4056,6336,18,1.0,79719
4057,6336,149,2.0,95245
4058,6336,98,4.0,83293
4059,6337,9,3.0,20871
4060,6337,16,3.0,9937
4061,6338,29,4.0,7739
4062,6338,27,2.0,65552
4063,6339,79,2.0,81723
4064,6339,142,1.0,40304
4065,6339,58,1.0,39174
4066,6340,28,3.0,90487
4067,6340,125,5.0,33628
4068,6340,26,5.0,18911
4069,6340,72,3.0,20480
4070,6340,78,1.0,42378
4071,6341,142,1.0,40304
4072,6341,122,3.0,58214
4073,6342,19,4.0,72397
4074,6342,74,3.0,16985
4075,6342,37,3.0,95562
4076,6342,16,5.0,9937
4077,6343,139,1.0,34743
4078,6343,58,3.0,39174
4079,6343,25,1.0,16898
4080,6343,108,4.0,46915
4081,6343,128,4.0,80334
4082,6344,52,4.0,58298
4083,6344,26,3.0,18911
4084,6345,11,4.0,10900
4085,6346,150,4.0,30192
4086,6346,52,4.0,58298
4087,6347,12,3.0,52829
4088,6348,99,4.0,34203
4089,6348,121,1.0,32706
4090,6348,147,3.0,53510
4091,6349,89,5.0,83106
4092,6349,76,2.0,56428
4093,6349,2,2.0,48841
4094,6350,110,5.0,30121
4095,6350,117,5.0,12972
4096,6350,19,1.0,72397
4097,6351,67,2.0,33911
4098,6352,118,2.0,13822
4099,6352,89,1.0,83106
4100,6352,53,3.0,50574
4101,6352,14,2.0,55863
4102,6353,80,3.0,89761
4103,6354,136,4.0,53946
4104,6354,33,3.0,20004
4105,6355,124,4.0,78300
4106,6355,61,1.0,26079
4107,6355,68,3.0,25842
4108,6355,44,2.0,82291
4109,6356,9,2.0,20871
4110,6356,63,4.0,33538
4111,6356,138,5.0,52367
4112,6356,120,3.0,3186
4113,6357,72,2.0,20480
4114,6357,61,4.0,26079
4115,6358,121,3.0,32706
4116,6358,42,3.0,47104
4117,6358,149,4.0,95245
4118,6359,76,4.0,56428
4119,6360,77,1.0,6325
4120,6360,69,1.0,48871
4121,6360,76,5.0,56428
4122,6361,56,4.0,9175
4123,6361,44,5.0,82291
4124,6361,86,2.0,49654
4125,6361,38,5.0,76444
4126,6362,105,1.0,56021
4127,6363,78,1.0,42378
4128,6363,64,2.0,69811
4129,6364,9,4.0,20871
4130,6364,63,3.0,33538
4131,6364,43,2.0,88213
4132,6364,76,4.0,56428
4133,6365,65,4.0,25065
4134,6365,68,4.0,25842
4135,6365,36,3.0,53847
4136,6365,132,4.0,42778
4137,6366,57,2.0,92455
4138,6366,119,4.0,26176
4139,6366,37,5.0,95562
4140,6367,86,3.0,49654
4141,6367,118,2.0,13822
4142,6368,128,2.0,80334
4143,6368,134,4.0,65964
4144,6368,80,5.0,89761
4145,6369,98,5.0,83293
4146,6369,132,1.0,42778
4147,6370,45,3.0,48206
4148,6370,13,5.0,97810
4149,6370,50,3.0,37334
4150,6370,42,2.0,47104
4151,6371,78,3.0,42378
4152,6371,148,2.0,55893
4153,6371,62,4.0,98446
4154,6371,4,2.0,46721
4155,6371,105,3.0,56021
4156,6372,49,4.0,92850
4157,6372,124,5.0,78300
4158,6372,25,3.0,16898
4159,6372,20,5.0,44033
4160,6372,110,5.0,30121
4161,6373,35,2.0,58295
4162,6373,17,3.0,13948
4163,6373,22,1.0,78894
4164,6374,144,4.0,93669
4165,6374,101,5.0,86737
4166,6374,91,4.0,98063
4167,6375,19,4.0,72397
4168,6376,21,5.0,81691
4169,6376,86,2.0,49654
4170,6376,53,1.0,50574
4171,6376,60,3.0,84088
4172,6376,100,1.0,71517
4173,6377,145,1.0,70418
4174,6377,25,1.0,16898
4175,6377,137,5.0,73589
4176,6377,73,2.0,87951
4177,6378,11,3.0,10900
4178,6379,79,5.0,81723
4179,6379,16,3.0,9937
4180,6380,13,3.0,97810
4181,6380,84,2.0,87906
4182,6380,48,5.0,68133
4183,6381,143,5.0,20414
4184,6381,51,2.0,59928
4185,6381,123,1.0,50047
4186,6381,85,2.0,48998
4187,6382,142,4.0,40304
4188,6383,120,4.0,3186
4189,6383,79,1.0,81723
4190,6383,147,5.0,53510
4191,6383,85,1.0,48998
4192,6384,146,2.0,52304
4193,6384,46,5.0,23671
4194,6384,45,4.0,48206
4195,6384,118,3.0,13822
4196,6384,52,4.0,58298
4197,6385,69,3.0,48871
4198,6385,109,2.0,19474
4199,6385,40,3.0,48312
4200,6385,118,3.0,13822
4201,6385,108,1.0,46915
4202,6386,41,1.0,92765
4203,6386,13,4.0,97810
4204,6387,139,1.0,34743
4205,6387,90,5.0,49507
4206,6388,135,3.0,94663
4207,6388,103,2.0,31445
4208,6388,27,4.0,65552
4209,6388,29,2.0,7739
4210,6389,101,3.0,86737
4211,6390,147,5.0,53510
4212,6390,73,2.0,87951
4213,6390,21,5.0,81691
4214,6390,103,5.0,31445
4215,6390,61,5.0,26079
4216,6391,96,4.0,8053
4217,6391,58,3.0,39174
4218,6391,64,1.0,69811
4219,6391,33,3.0,20004
4220,6392,68,5.0,25842
4221,6393,2,1.0,48841
4222,6394,84,4.0,87906
4223,6394,63,4.0,33538
4224,6395,148,2.0,55893
4225,6395,45,3.0,48206
4226,6395,21,4.0,81691
4227,6395,78,1.0,42378
4228,6395,19,1.0,72397
4229,6396,144,4.0,93669
4230,6396,8,5.0,49819
4231,6396,3,4.0,13554
4232,6396,100,5.0,71517
4233,6397,122,5.0,58214
4234,6397,32,1.0,15187
4235,6397,146,4.0,52304
4236,6397,84,5.0,87906
4237,6397,71,2.0,4786
4238,6398,136,4.0,53946
4239,6398,96,1.0,8053
4240,6398,142,2.0,40304
4241,6399,66,3.0,82653
4242,6399,63,4.0,33538
4243,6399,37,4.0,95562
4244,6399,118,1.0,13822
4245,6400,99,2.0,34203
4246,6400,95,1.0,51431
4247,6400,58,1.0,39174
4248,6401,54,5.0,9962
4249,6401,133,5.0,19030
4250,6402,64,2.0,69811
4251,6402,32,5.0,15187
4252,6403,133,3.0,19030
4253,6403,41,5.0,92765
4254,6403,98,1.0,83293
4255,6404,102,5.0,22808
4256,6405,147,3.0,53510
4257,6406,47,1.0,53706
4258,6406,74,3.0,16985
4259,6406,21,5.0,81691
4260,6406,75,5.0,35916
4261,6407,68,2.0,25842
4262,6407,56,4.0,9175
4263,6407,11,5.0,10900
4264,6407,39,5.0,54311
4265,6407,51,2.0,59928
4266,6408,91,4.0,98063
4267,6408,106,3.0,95466
4268,6408,86,3.0,49654
4269,6408,8,3.0,49819
4270,6408,83,4.0,61817
4271,6409,7,2.0,95184
4272,6409,141,1.0,19091
4273,6409,86,1.0,49654
4274,6409,38,5.0,76444
4275,6409,110,5.0,30121
4276,6410,16,4.0,9937
4277,6410,114,5.0,38630
4278,6410,58,1.0,39174
4279,6410,42,4.0,47104
4280,6410,44,1.0,82291
4281,6411,105,1.0,56021
4282,6412,10,5.0,26689
4283,6412,6,3.0,21286
4284,6412,109,3.0,19474
4285,6412,130,4.0,27703
4286,6413,42,4.0,47104
4287,6413,54,3.0,9962
4288,6413,102,5.0,22808
4289,6413,145,1.0,70418
4290,6413,58,5.0,39174
4291,6414,83,3.0,61817
4292,6415,68,2.0,25842
4293,6415,94,2.0,67315
4294,6415,27,2.0,65552
4295,6416,78,1.0,42378
4296,6416,37,1.0,95562
4297,6417,6,1.0,21286
4298,6417,69,3.0,48871
4299,6418,91,1.0,98063
4300,6418,30,2.0,51211
4301,6418,88,3.0,4300
4302,6418,130,3.0,27703
4303,6418,54,5.0,9962
4304,6419,136,1.0,53946
4305,6419,85,4.0,48998
4306,6420,131,5.0,76514
4307,6420,72,4.0,20480
4308,6420,127,4.0,94118
4309,6421,18,5.0,79719
4310,6421,1,5.0,50707
4311,6422,34,4.0,36630
4312,6422,143,5.0,20414
4313,6422,115,4.0,25302
4314,6422,86,1.0,49654
4315,6422,4,3.0,46721
4316,6423,127,4.0,94118
4317,6423,40,2.0,48312
4318,6424,122,5.0,58214
4319,6424,145,4.0,70418
4320,6424,142,4.0,40304
4321,6424,40,2.0,48312
4322,6425,67,5.0,33911
4323,6426,150,1.0,30192
4324,6427,14,3.0,55863
4325,6427,52,4.0,58298
4326,6428,90,3.0,49507
4327,6428,118,4.0,13822
4328,6428,20,3.0,44033
4329,6428,56,5.0,9175
4330,6428,76,4.0,56428
4331,6429,142,2.0,40304
4332,6429,124,3.0,78300
4333,6429,132,2.0,42778
4334,6429,31,1.0,7724
4335,6430,6,4.0,21286
4336,6430,125,4.0,33628
4337,6430,77,3.0,6325
4338,6430,73,1.0,87951
4339,6430,145,3.0,70418
4340,6431,108,3.0,46915
4341,6431,51,5.0,59928
4342,6431,58,3.0,39174
4343,6431,43,4.0,88213
4344,6431,122,4.0,58214
4345,6432,62,2.0,98446
4346,6432,84,4.0,87906
4347,6433,55,4.0,34918
4348,6434,141,4.0,19091
4349,6434,19,2.0,72397
4350,6434,118,4.0,13822
4351,6435,99,1.0,34203
4352,6435,116,3.0,42082
4353,6435,127,1.0,94118
4354,6435,55,2.0,34918
4355,6435,65,1.0,25065
4356,6436,134,1.0,65964
4357,6436,47,2.0,53706
4358,6436,44,1.0,82291
4359,6437,78,2.0,42378
4360,6437,79,3.0,81723
4361,6437,18,5.0,79719
4362,6438,52,3.0,58298
4363,6438,123,4.0,50047
4364,6439,129,2.0,14470
4365,6440,53,3.0,50574
4366,6441,13,4.0,97810
4367,6441,146,3.0,52304
4368,6442,109,2.0,19474
4369,6442,143,2.0,20414
4370,6442,56,1.0,9175
4371,6443,89,4.0,83106
4372,6443,42,5.0,47104
4373,6443,97,2.0,3679
4374,6443,66,5.0,82653
4375,6443,20,4.0,44033
4376,6444,47,3.0,53706
4377,6444,63,3.0,33538
4378,6444,135,2.0,94663
4379,6444,105,5.0,56021
4380,6444,3,4.0,13554
4381,6445,74,3.0,16985
4382,6445,148,5.0,55893
4383,6445,102,2.0,22808
4384,6446,133,4.0,19030
4385,6447,148,2.0,55893
4386,6447,137,3.0,73589
4387,6447,140,1.0,83331
4388,6447,111,5.0,73941
4389,6448,34,,36630
4390,6448,88,3.0,4300
4391,6449,113,5.0,14616
4392,6450,56,2.0,9175
4393,6451,60,3.0,84088
4394,6452,109,5.0,19474
4395,6453,145,5.0,70418
4396,6453,16,4.0,9937
4397,6453,27,2.0,65552
4398,6453,117,2.0,12972
4399,6454,115,2.0,25302
4400,6454,129,5.0,14470
4401,6454,150,1.0,30192
4402,6454,130,4.0,27703
4403,6455,105,5.0,56021
4404,6455,37,2.0,95562
4405,6456,96,4.0,8053
4406,6456,87,5.0,41279
4407,6456,126,3.0,20393
4408,6457,108,1.0,46915
4409,6457,135,5.0,94663
4410,6457,43,3.0,88213
4411,6457,2,5.0,48841
4412,6457,126,2.0,20393
4413,6458,145,1.0,70418
4414,6458,79,1.0,81723
4415,6458,124,2.0,78300
4416,6458,6,4.0,21286
4417,6458,21,2.0,81691
4418,6459,145,5.0,70418
4419,6459,27,3.0,65552
4420,6460,7,4.0,95184
4421,6460,129,5.0,14470
4422,6460,116,1.0,42082
4423,6460,139,2.0,34743
4424,6461,18,5.0,79719
4425,6461,44,2.0,82291
4426,6462,103,2.0,31445
4427,6462,144,4.0,93669
4428,6462,97,3.0,3679
4429,6462,60,4.0,84088
4430,6463,93,4.0,64437
4431,6464,9,5.0,20871
4432,6464,54,2.0,9962
4433,6464,141,5.0,19091
4434,6465,100,4.0,71517
4435,6465,116,4.0,42082
4436,6465,97,3.0,3679
4437,6465,38,2.0,76444
4438,6466,80,2.0,89761
4439,6466,28,3.0,90487
4440,6466,138,5.0,52367
4441,6466,31,5.0,7724
4442,6467,21,5.0,81691
4443,6467,60,2.0,84088
4444,6467,44,5.0,82291
4445,6468,93,3.0,64437
4446,6468,55,5.0,34918
4447,6468,63,3.0,33538
4448,6469,37,3.0,95562
4449,6469,140,5.0,83331
4450,6469,39,1.0,54311
4451,6469,51,4.0,59928
4452,6469,3,4.0,13554
4453,6470,30,2.0,51211
4454,6470,127,5.0,94118
4455,6471,131,3.0,76514
4456,6471,77,3.0,6325
4457,6471,26,3.0,18911
4458,6472,25,5.0,16898
4459,6472,16,4.0,9937
4460,6472,123,3.0,50047
4461,6472,56,3.0,9175
4462,6473,114,3.0,38630
4463,6474,65,2.0,25065
4464,6474,138,3.0,52367
4465,6474,95,2.0,51431
4466,6474,91,1.0,98063
4467,6475,23,2.0,18620
4468,6476,101,3.0,86737
4469,6476,132,3.0,42778
4470,6477,14,2.0,55863
4471,6477,62,1.0,98446
4472,6477,39,4.0,54311
4473,6478,62,5.0,98446
4474,6478,70,2.0,55878
4475,6478,35,4.0,58295
4476,6478,52,3.0,58298
4477,6478,72,3.0,20480
4478,6479,28,4.0,90487
4479,6480,2,3.0,48841
4480,6480,8,1.0,49819
4481,6480,89,3.0,83106
4482,6480,26,4.0,18911
4483,6480,126,4.0,20393
4484,6481,33,5.0,20004
4485,6481,60,4.0,84088
4486,6482,101,5.0,86737
4487,6482,100,4.0,71517
4488,6482,133,5.0,19030
4489,6483,132,1.0,42778
4490,6484,99,4.0,34203
4491,6484,12,1.0,52829
4492,6484,56,3.0,9175
4493,6484,21,5.0,81691
4494,6484,34,4.0,36630
4495,6485,68,4.0,25842
4496,6486,38,2.0,76444
4497,6487,120,5.0,3186
4498,6487,24,1.0,43443
4499,6487,139,1.0,34743
4500,6487,147,4.0,53510
4501,6487,32,5.0,15187
4502,6488,125,5.0,33628
4503,6489,33,5.0,20004
4504,6489,39,5.0,54311
4505,6489,27,1.0,65552
4506,6490,66,4.0,82653
4507,6490,113,1.0,14616
4508,6490,61,2.0,26079
4509,6490,106,5.0,95466
4510,6490,145,4.0,70418
4511,6491,47,5.0,53706
4512,6491,127,1.0,94118
4513,6492,103,1.0,31445
4514,6492,101,3.0,86737
4515,6492,143,2.0,20414
4516,6493,38,1.0,76444
4517,6493,1,3.0,50707
4518,6493,95,3.0,51431
4519,6493,16,3.0,9937
4520,6493,45,3.0,48206
4521,6494,74,2.0,16985
4522,6494,55,4.0,34918
4523,6494,146,5.0,52304
4524,6494,66,5.0,82653
4525,6494,8,4.0,49819
4526,6495,121,3.0,32706
4527,6495,31,4.0,7724
4528,6495,136,1.0,53946
4529,6495,132,2.0,42778
4530,6495,41,4.0,92765
4531,6496,137,5.0,73589
4532,6497,116,5.0,42082
4533,6497,43,5.0,88213
4534,6497,124,1.0,78300
4535,6498,28,3.0,90487
4536,6499,29,3.0,7739
4537,6499,96,2.0,8053
4538,6499,74,2.0,16985
4539,6499,40,4.0,48312
4540,6500,108,3.0,46915
4541,6500,16,2.0,9937
4542,6501,103,3.0,31445
4543,6501,47,3.0,53706
4544,6501,42,4.0,47104
4545,6501,146,3.0,52304
4546,6502,38,5.0,76444
4547,6502,48,2.0,68133
4548,6503,66,4.0,82653
4549,6503,56,5.0,9175
4550,6503,55,3.0,34918
4551,6503,132,3.0,42778
4552,6503,28,4.0,90487
4553,6504,27,3.0,65552
4554,6504,11,2.0,10900
4555,6504,126,3.0,20393
4556,6504,96,3.0,8053
4557,6505,102,3.0,22808
4558,6505,130,2.0,27703
4559,6506,103,1.0,31445
4560,6507,28,5.0,90487
4561,6507,120,5.0,3186
4562,6507,133,3.0,19030
4563,6507,141,4.0,19091
4564,6508,35,2.0,58295
4565,6508,10,2.0,26689
4566,6508,137,4.0,73589
4567,6509,121,3.0,32706
4568,6510,81,4.0,19078
4569,6510,64,1.0,69811
4570,6511,99,1.0,34203
4571,6511,22,2.0,78894
4572,6511,7,5.0,95184
4573,6511,3,5.0,13554
4574,6512,69,2.0,48871
4575,6512,1,1.0,50707
4576,6512,141,5.0,19091
4577,6512,62,5.0,98446
4578,6512,113,4.0,14616
4579,6513,95,1.0,51431
4580,6513,38,1.0,76444
4581,6513,99,4.0,34203
4582,6513,32,5.0,15187
4583,6513,138,2.0,52367
4584,6514,28,2.0,90487
4585,6514,85,4.0,48998
4586,6514,147,5.0,53510
4587,6514,19,5.0,72397
4588,6514,134,3.0,65964
4589,6515,58,1.0,39174
4590,6515,2,2.0,48841
4591,6515,137,1.0,73589
4592,6515,63,4.0,33538
4593,6516,50,1.0,37334
4594,6517,97,4.0,3679
4595,6518,1,3.0,50707
4596,6518,67,5.0,33911
4597,6519,121,5.0,32706
4598,6519,82,4.0,87619
4599,6519,112,2.0,69548
4600,6520,63,4.0,33538
4601,6521,28,3.0,90487
4602,6521,132,5.0,42778
4603,6521,48,4.0,68133
4604,6521,7,2.0,95184
4605,6522,71,5.0,4786
4606,6522,54,4.0,9962
4607,6523,148,4.0,55893
4608,6523,134,3.0,65964
4609,6523,25,1.0,16898
4610,6524,68,4.0,25842
4611,6525,147,1.0,53510
4612,6526,54,4.0,9962
4613,6527,147,5.0,53510
4614,6528,50,5.0,37334
4615,6528,111,2.0,73941
4616,6529,142,4.0,40304
4617,6529,82,1.0,87619
4618,6529,129,5.0,14470
4619,6529,102,2.0,22808
4620,6529,18,4.0,79719
4621,6530,67,3.0,33911
4622,6530,3,1.0,13554
4623,6530,71,2.0,4786
4624,6530,84,5.0,87906
4625,6531,84,1.0,87906
4626,6531,51,4.0,59928
4627,6531,110,4.0,30121
4628,6531,65,1.0,25065
4629,6531,115,5.0,25302
4630,6532,73,2.0,87951
4631,6532,126,4.0,20393
4632,6532,62,3.0,98446
4633,6532,135,1.0,94663
4634,6533,58,4.0,39174
4635,6533,37,3.0,95562
4636,6534,79,5.0,81723
4637,6534,132,3.0,42778
4638,99999,97,3.0,3679
4639,6535,63,5.0,33538
4640,6535,73,4.0,87951
4641,6535,5,4.0,26134
4642,6535,7,1.0,95184
4643,6536,44,1.0,82291
4644,6536,48,2.0,68133
4645,6536,70,1.0,55878
4646,6537,114,2.0,38630
4647,6538,42,2.0,47104
4648,6538,1,3.0,50707
4649,6538,77,3.0,6325
4650,6539,2,2.0,48841
4651,6539,66,1.0,82653
4652,6539,83,5.0,61817
4653,6539,105,3.0,56021
4654,6539,127,3.0,94118
4655,6540,134,1.0,65964
4656,6541,29,1.0,7739
4657,6541,85,5.0,48998
4658,6542,15,1.0,48998
4659,6542,125,1.0,33628
4660,6542,147,4.0,53510
4661,6542,115,2.0,25302
4662,6542,35,1.0,58295
4663,6543,55,2.0,34918
4664,6543,31,4.0,7724
4665,6543,12,3.0,52829
4666,6543,92,1.0,61356
4667,6544,129,4.0,14470
4668,6544,95,2.0,51431
4669,6544,31,4.0,7724
4670,6544,50,5.0,37334
4671,6545,76,2.0,56428
4672,6545,109,3.0,19474
4673,6546,5,3.0,26134
4674,6546,110,4.0,30121
4675,6547,57,2.0,92455
4676,6547,64,1.0,69811
4677,6548,32,3.0,15187
4678,6549,130,5.0,27703
4679,6549,22,2.0,78894
4680,6549,1,2.0,50707
4681,6549,89,3.0,83106
4682,6550,53,2.0,50574
4683,6550,111,1.0,73941
4684,6550,32,3.0,15187
4685,6550,41,3.0,92765
4686,6551,20,5.0,44033
4687,6551,104,3.0,9521
4688,6551,103,5.0,31445
4689,6551,7,5.0,95184
4690,6552,60,5.0,84088
4691,6552,22,3.0,78894
4692,6552,120,1.0,3186
4693,6552,76,1.0,56428
4694,6553,55,4.0,34918
4695,6553,46,3.0,23671
4696,6553,118,2.0,13822
4697,6553,47,5.0,53706
4698,6554,46,3.0,23671
4699,6554,56,5.0,9175
4700,6554,25,2.0,16898
4701,6555,124,4.0,78300
4702,6555,50,1.0,37334
4703,6555,6,3.0,21286
4704,6556,123,4.0,50047
4705,6556,149,5.0,95245
4706,6556,21,3.0,81691
4707,6556,107,4.0,84963
4708,6557,138,3.0,52367
4709,6557,34,5.0,36630
4710,6557,75,5.0,35916
4711,6558,51,2.0,59928
4712,6558,33,3.0,20004
4713,6558,114,5.0,38630
4714,6558,56,5.0,9175
4715,6558,26,1.0,18911
4716,6559,76,2.0,56428
4717,6559,137,5.0,73589
4718,6559,142,4.0,40304
4719,6559,119,3.0,26176
4720,6559,36,2.0,53847
4721,6560,62,5.0,98446
4722,6560,111,4.0,73941
4723,6560,110,1.0,30121
4724,6560,22,1.0,78894
4725,6561,12,4.0,52829
4726,6561,50,5.0,37334
4727,6561,11,5.0,10900
4728,6561,134,4.0,65964
4729,6561,47,2.0,53706
4730,6562,9,1.0,20871
4731,6563,68,4.0,25842
4732,6563,50,4.0,37334
4733,6564,40,2.0,48312
4734,6564,100,1.0,71517
4735,6564,71,5.0,4786
4736,6565,34,4.0,36630
4737,6565,96,3.0,8053
4738,6565,31,4.0,7724
4739,6566,4,4.0,46721
4740,6566,53,5.0,50574
4741,6566,59,5.0,20643
4742,6566,113,5.0,14616
4743,6567,39,2.0,54311
4744,6567,86,3.0,49654
4745,6567,58,3.0,39174
4746,6567,137,2.0,73589
4747,6567,32,3.0,15187
4748,6568,117,3.0,12972
4749,6568,142,3.0,40304
4750,6568,102,4.0,22808
4751,6568,96,2.0,8053
4752,6569,43,2.0,88213
4753,6570,62,1.0,98446
4754,6570,143,4.0,20414
4755,6570,86,4.0,49654
4756,6570,121,5.0,32706
4757,6570,140,4.0,83331
4758,6571,88,4.0,4300
4759,6571,47,4.0,53706
4760,6571,97,3.0,3679
4761,6571,73,3.0,87951
4762,6571,24,3.0,43443
4763,6572,126,1.0,20393
4764,6572,57,5.0,92455
4765,6572,149,4.0,95245
4766,6572,94,3.0,67315
4767,6573,18,3.0,79719
4768,6573,94,1.0,67315
4769,6573,114,3.0,38630
4770,6573,91,5.0,98063
4771,6574,136,2.0,53946
4772,6574,121,3.0,32706
4773,6574,67,3.0,33911
4774,6574,45,4.0,48206
4775,6575,87,2.0,41279
4776,6575,149,1.0,95245
4777,6575,118,5.0,13822
4778,6575,107,1.0,84963
4779,6575,97,2.0,3679
4780,6576,125,4.0,33628
4781,6576,84,2.0,87906
4782,6576,1,4.0,50707
4783,6576,16,2.0,9937
4784,6576,13,1.0,97810
4785,6577,22,1.0,78894
4786,6577,21,5.0,81691
4787,6577,6,2.0,21286
4788,6577,47,2.0,53706
4789,6578,124,5.0,78300
4790,6578,56,2.0,9175
4791,6578,138,1.0,52367
4792,6579,15,3.0,48998
4793,6580,124,1.0,78300
4794,6580,37,1.0,95562
4795,6581,107,2.0,84963
4796,6581,62,5.0,98446
4797,6581,99,4.0,34203
4798,6581,100,2.0,71517
4799,6582,127,3.0,94118
4800,6583,26,2.0,18911
4801,6584,25,1.0,16898
4802,6585,26,1.0,18911
4803,6585,83,1.0,61817
4804,6585,119,4.0,26176
4805,6586,2,4.0,48841
4806,6586,108,2.0,46915
4807,6586,138,1.0,52367
4808,6586,140,1.0,83331
4809,6587,1,5.0,50707
4810,6587,80,3.0,89761
4811,6587,24,3.0,43443
4812,6587,51,2.0,59928
4813,6587,49,1.0,92850
4814,6588,70,4.0,55878
4815,6588,146,1.0,52304
4816,6588,55,4.0,34918
4817,6589,76,3.0,56428
4818,6589,36,2.0,53847
4819,6590,60,2.0,84088
4820,6590,96,2.0,8053
4821,6590,55,1.0,34918
4822,6590,69,1.0,48871
4823,6591,43,3.0,88213
4824,6591,25,4.0,16898
4825,6591,95,4.0,51431
4826,6591,146,1.0,52304
4827,6591,54,4.0,9962
4828,6592,99,2.0,34203
4829,6592,136,2.0,53946
4830,6592,53,4.0,50574
4831,6592,123,3.0,50047
4832,6593,86,2.0,49654
4833,6593,55,5.0,34918
4834,6594,80,1.0,89761
4835,6594,10,4.0,26689
4836,6595,97,1.0,3679
4837,6595,107,5.0,84963
4838,6595,1,1.0,50707
4839,6596,94,1.0,67315
4840,6596,59,3.0,20643
4841,6596,14,3.0,55863
4842,6596,140,3.0,83331
4843,6597,59,5.0,20643
4844,6597,13,2.0,97810
4845,6597,12,4.0,52829
4846,6597,130,5.0,27703
4847,6597,106,3.0,95466
4848,6598,39,2.0,54311
4849,6598,2,3.0,48841
4850,6598,119,2.0,26176
4851,6598,99,4.0,34203
4852,6599,118,2.0,13822
4853,6600,25,4.0,16898
4854,6600,23,1.0,18620
4855,6600,16,5.0,9937
4856,6600,52,5.0,58298
4857,6600,138,5.0,52367
4858,6601,64,3.0,69811
4859,6601,133,5.0,19030
4860,6602,79,4.0,81723
4861,6602,43,1.0,88213
4862,6602,25,4.0,16898
4863,6602,99,2.0,34203
4864,6603,40,3.0,48312
4865,6604,97,2.0,3679
4866,6604,11,4.0,10900
4867,6604,133,3.0,19030
4868,6605,21,4.0,81691
4869,6605,56,4.0,9175
4870,6605,19,2.0,72397
4871,6606,86,1.0,49654
4872,6606,12,3.0,52829
4873,6606,7,2.0,95184
4874,6606,112,1.0,69548
4875,6606,49,2.0,92850
4876,6607,76,2.0,56428
4877,6607,81,3.0,19078
4878,6608,20,2.0,44033
4879,6608,61,1.0,26079
4880,6608,1,3.0,50707
4881,6608,104,3.0,9521
4882,6609,95,5.0,51431
4883,6609,146,4.0,52304
4884,6609,27,3.0,65552
4885,6609,28,3.0,90487
4886,6609,86,3.0,49654
4887,6610,4,4.0,46721
4888,6610,111,2.0,73941
4889,6610,102,4.0,22808
4890,6611,89,1.0,83106
4891,6612,17,2.0,13948
4892,6612,25,3.0,16898
4893,6613,70,1.0,55878
4894,6613,135,3.0,94663
4895,6613,106,4.0,95466
4896,6613,3,2.0,13554
4897,6613,112,5.0,69548
4898,6614,55,5.0,34918
4899,6615,36,3.0,53847
4900,6615,107,3.0,84963
4901,6616,3,2.0,13554
4902,6616,65,2.0,25065
4903,6616,78,1.0,42378
4904,6616,89,4.0,83106
4905,6616,51,5.0,59928
4906,6617,94,1.0,67315
4907,6617,34,5.0,36630
4908,6618,74,5.0,16985
4909,6618,139,1.0,34743
4910,6618,94,3.0,67315
4911,6619,42,3.0,47104
4912,6619,136,1.0,53946
4913,6619,82,5.0,87619
4914,6619,3,1.0,13554
4915,6619,65,1.0,25065
4916,6620,150,3.0,30192
4917,6621,37,2.0,95562
4918,6621,70,5.0,55878
4919,6621,4,1.0,46721
4920,6622,124,1.0,78300
4921,6622,19,3.0,72397
4922,6622,75,3.0,35916
4923,6623,134,1.0,65964
4924,6623,77,3.0,6325
4925,6624,29,1.0,7739
4926,6624,84,5.0,87906
4927,6625,100,1.0,71517
4928,6625,149,4.0,95245
4929,6625,97,4.0,3679
4930,6625,118,3.0,13822
4931,6626,45,3.0,48206
4932,6626,116,5.0,42082
4933,6626,118,3.0,13822
4934,6626,37,4.0,95562
4935,6626,51,1.0,59928
4936,6627,35,1.0,58295
4937,6627,82,5.0,87619
4938,6627,66,3.0,82653
4939,6627,69,3.0,48871
4940,6628,93,4.0,64437
4941,6628,40,3.0,48312
4942,6628,34,5.0,36630
4943,6628,18,1.0,79719
4944,6629,72,1.0,20480
4945,6629,67,5.0,33911
4946,6629,12,3.0,52829
4947,6629,106,5.0,95466
4948,6629,58,4.0,39174
4949,6630,22,2.0,78894
4950,6630,51,5.0,59928
4951,6630,70,1.0,55878
4952,6630,11,5.0,10900
4953,6631,98,4.0,83293
4954,6631,102,5.0,22808
4955,6631,80,5.0,89761
4956,6631,9,2.0,20871
4957,6632,113,5.0,14616
4958,6632,32,1.0,15187
4959,6632,9,5.0,20871
4960,6633,41,3.0,92765
4961,6633,95,1.0,51431
4962,6634,62,2.0,98446
4963,6634,100,5.0,71517
4964,6634,44,1.0,82291
4965,6634,149,5.0,95245
4966,6634,9,4.0,20871
4967,6635,47,3.0,53706
4968,6635,85,5.0,48998
4969,6635,131,4.0,76514
4970,6635,148,3.0,55893
4971,6636,65,5.0,25065
4972,6637,41,5.0,92765
4973,6637,147,3.0,53510
4974,6637,78,1.0,42378
4975,6637,149,4.0,95245
4976,6638,83,3.0,61817
4977,6638,103,3.0,31445
4978,6638,130,2.0,27703
4979,6639,85,2.0,48998
4980,6639,107,3.0,84963
4981,6639,121,3.0,32706
4982,6640,59,4.0,20643
4983,6640,51,1.0,59928
4984,6641,48,2.0,68133
4985,6641,114,5.0,38630
4986,6641,6,3.0,21286
4987,6641,7,2.0,95184
4988,6642,98,2.0,83293
4989,6642,88,5.0,4300
4990,6642,26,5.0,18911
4991,6642,14,4.0,55863
4992,6643,36,3.0,53847
4993,6644,128,4.0,80334
4994,6644,53,5.0,50574
4995,6644,85,2.0,48998
4996,6644,39,5.0,54311
4997,6644,84,1.0,87906
4998,6645,22,5.0,78894
4999,6646,95,2.0,51431
5000,6646,134,4.0,65964
5001,6646,30,2.0,51211
5002,6647,42,3.0,47104
5003,6647,139,4.0,34743
5004,6648,104,4.0,9521
5005,6648,49,1.0,92850
5006,6649,96,2.0,8053
5007,6650,99,2.0,34203
5008,6650,119,2.0,26176
5009,6650,91,4.0,98063
5010,6650,130,5.0,27703
5011,6650,134,2.0,65964
5012,6651,74,4.0,16985
5013,6652,81,4.0,19078
5014,6652,116,4.0,42082
5015,6653,50,4.0,37334
5016,6654,49,4.0,92850
5017,6654,3,2.0,13554
5018,6654,84,3.0,87906
5019,6654,31,3.0,7724
5020,6654,97,1.0,3679
5021,6655,114,2.0,38630
5022,6656,94,5.0,67315
5023,6656,52,1.0,58298
5024,6656,76,3.0,56428
5025,6656,9,5.0,20871
5026,6656,67,4.0,33911
5027,6657,27,4.0,65552
5028,6658,63,4.0,33538
5029,6658,46,4.0,23671
5030,6658,35,5.0,58295
5031,6658,27,4.0,65552
5032,6659,122,5.0,58214
5033,6659,55,5.0,34918
5034,6659,144,1.0,93669
5035,6660,142,5.0,40304
5036,6660,135,3.0,94663
5037,6660,88,5.0,4300
5038,6660,121,1.0,32706
5039,6661,7,4.0,95184
5040,6661,119,1.0,26176
5041,6661,144,3.0,93669
5042,6661,8,4.0,49819
5043,6662,39,5.0,54311
5044,6662,98,5.0,83293
5045,6663,28,1.0,90487
5046,6663,112,1.0,69548
5047,6663,22,2.0,78894
5048,6664,7,1.0,95184
5049,6664,118,4.0,13822
5050,6664,91,2.0,98063
5051,6664,23,4.0,18620
5052,6664,49,5.0,92850
5053,6665,28,5.0,90487
5054,6665,29,5.0,7739
5055,6665,101,5.0,86737
5056,6666,79,5.0,81723
5057,6666,114,2.0,38630
5058,6666,95,3.0,51431
5059,6666,56,2.0,9175
5060,6667,5,3.0,26134
5061,6668,107,1.0,84963
5062,6668,16,1.0,9937
5063,6669,25,5.0,16898
5064,6669,91,2.0,98063
5065,6669,81,1.0,19078
5066,6669,73,4.0,87951
5067,6670,119,1.0,26176
5068,6670,39,3.0,54311
5069,6670,47,5.0,53706
5070,6671,120,1.0,3186
5071,6671,128,3.0,80334
5072,6671,88,1.0,4300
5073,6671,69,3.0,48871
5074,6671,31,4.0,7724
5075,6672,131,4.0,76514
5076,6672,60,1.0,84088
5077,6672,101,3.0,86737
5078,6673,2,1.0,48841
5079,6674,76,3.0,56428
5080,6674,106,2.0,95466
5081,6675,63,5.0,33538
5082,6676,71,3.0,4786
5083,6676,74,3.0,16985
5084,6677,104,4.0,9521
5085,6677,116,4.0,42082
5086,6678,130,5.0,27703
5087,6678,40,1.0,48312
5088,6679,9,1.0,20871
5089,6679,33,5.0,20004
5090,6679,63,1.0,33538
5091,6679,143,2.0,20414
5092,6680,31,3.0,7724
5093,6680,32,3.0,15187
5094,6680,103,3.0,31445
5095,6680,93,2.0,64437
5096,6681,8,2.0,49819
5097,6681,114,4.0,38630
5098,6681,142,2.0,40304
5099,6681,148,5.0,55893
5100,6682,47,5.0,53706
5101,6682,36,1.0,53847
5102,6683,15,5.0,48998
5103,6683,71,1.0,4786
5104,6683,88,2.0,4300
5105,6683,106,3.0,95466
5106,6684,128,4.0,80334
5107,6684,86,5.0,49654
5108,6685,107,4.0,84963
5109,6686,147,2.0,53510
5110,6687,98,5.0,83293
5111,6687,36,5.0,53847
5112,6687,32,3.0,15187
5113,6687,124,4.0,78300
5114,6688,130,3.0,27703
5115,6689,113,1.0,14616
5116,6689,147,5.0,53510
5117,6690,90,3.0,49507
5118,6690,126,5.0,20393
5119,6690,142,3.0,40304
5120,6691,56,1.0,9175
5121,6691,69,1.0,48871
5122,6691,60,1.0,84088
5123,6692,33,2.0,20004
5124,6692,38,5.0,76444
5125,6692,48,3.0,68133
5126,6692,91,2.0,98063
5127,6693,41,1.0,92765
5128,6694,106,5.0,95466
5129,6694,140,4.0,83331
5130,6694,96,4.0,8053
5131,6695,118,1.0,13822
5132,6695,136,2.0,53946
5133,6696,135,3.0,94663
5134,6697,135,5.0,94663
5135,6697,101,4.0,86737
5136,6698,49,1.0,92850
5137,6698,102,2.0,22808
5138,6698,89,3.0,83106
5139,6698,6,2.0,21286
5140,6699,46,2.0,23671
5141,6699,19,4.0,72397
5142,6700,140,2.0,83331
5143,6701,14,3.0,55863
5144,6701,12,2.0,52829
5145,6701,22,1.0,78894
5146,6701,134,3.0,65964
5147,6701,81,5.0,19078
5148,6702,88,2.0,4300
5149,6702,135,2.0,94663
5150,6703,116,1.0,42082
5151,6704,8,3.0,49819
5152,6705,60,4.0,84088
5153,6705,89,3.0,83106
5154,6705,69,1.0,48871
5155,6706,124,2.0,78300
5156,6706,14,2.0,55863
5157,6707,39,3.0,54311
5158,6707,66,4.0,82653
5159,6708,130,5.0,27703
5160,6708,9999,5.0,14616
5161,6708,104,2.0,9521
5162,6708,122,4.0,58214
5163,6708,109,4.0,19474
5164,6709,149,2.0,95245
5165,6709,148,2.0,55893
5166,6709,5,1.0,26134
5167,6709,62,1.0,98446
5168,6710,75,3.0,35916
5169,6710,129,5.0,14470
5170,6710,131,3.0,76514
5171,6710,61,3.0,26079
5172,6711,60,4.0,84088
5173,6712,50,3.0,37334
5174,6712,79,1.0,81723
5175,6712,7,1.0,95184
5176,6713,78,3.0,42378
5177,6713,124,2.0,78300
5178,6713,140,1.0,83331
5179,6713,79,5.0,81723
5180,6713,84,4.0,87906
5181,6714,146,4.0,52304
5182,6714,74,1.0,16985
5183,6714,85,1.0,48998
5184,6714,51,1.0,59928
5185,6714,41,2.0,92765
5186,6715,24,5.0,43443
5187,6715,127,4.0,94118
5188,6715,71,2.0,4786
5189,6716,148,4.0,55893
5190,6716,62,4.0,98446
5191,6717,108,3.0,46915
5192,6718,43,3.0,88213
5193,6719,123,3.0,50047
5194,6719,3,5.0,13554
5195,6720,49,3.0,92850
5196,6720,117,1.0,12972
5197,6720,98,2.0,83293
5198,6720,56,3.0,9175
5199,6720,146,2.0,52304
5200,6721,18,2.0,79719
5201,6721,65,4.0,25065
5202,6721,95,5.0,51431
5203,6721,121,4.0,32706
5204,6722,103,2.0,31445
5205,6723,83,3.0,61817
5206,6723,92,3.0,61356
5207,6723,137,3.0,73589
5208,6723,105,5.0,56021
5209,6724,30,4.0,51211
5210,6724,25,4.0,16898
5211,6724,56,4.0,9175
5212,6724,6,4.0,21286
5213,6724,65,2.0,25065
5214,6725,138,2.0,52367
5215,6725,39,3.0,54311
5216,6726,148,1.0,55893
5217,6726,17,5.0,13948
5218,6726,74,5.0,16985
5219,6726,135,3.0,94663
5220,6727,7,3.0,95184
5221,6727,143,4.0,20414
5222,6728,130,3.0,27703
5223,6728,122,5.0,58214
5224,6728,2,2.0,48841
5225,6729,53,2.0,50574
5226,6729,140,5.0,83331
5227,6729,104,5.0,9521
5228,6730,31,1.0,7724
5229,6731,67,2.0,33911
5230,6731,91,2.0,98063
5231,6731,117,3.0,12972
5232,6731,23,2.0,18620
5233,6731,120,4.0,3186
5234,6732,118,5.0,13822
5235,6733,27,3.0,65552
5236,6733,68,5.0,25842
5237,6734,42,3.0,47104
5238,6734,14,4.0,55863
5239,6734,35,2.0,58295
5240,6734,24,4.0,43443
5241,6735,1,4.0,50707
5242,6736,31,1.0,7724
5243,6736,145,2.0,70418
5244,6736,94,1.0,67315
5245,6737,64,1.0,69811
5246,6737,149,2.0,95245
5247,6738,53,3.0,50574
5248,6738,102,3.0,22808
5249,6739,145,4.0,70418
5250,6739,53,5.0,50574
5251,6739,150,4.0,30192
5252,6740,50,2.0,37334
5253,6740,144,5.0,93669
5254,6741,115,5.0,25302
5255,6741,43,5.0,88213
5256,6741,88,4.0,4300
5257,6742,100,1.0,71517
5258,6742,112,5.0,69548
5259,6742,142,2.0,40304
5260,6742,115,3.0,25302
5261,6743,22,5.0,78894
5262,6743,108,3.0,46915
5263,6744,108,2.0,46915
5264,6744,77,2.0,6325
5265,6745,80,5.0,89761
5266,6746,79,1.0,81723
5267,6746,52,2.0,58298
5268,6746,150,5.0,30192
5269,6747,21,2.0,81691
5270,6747,84,4.0,87906
5271,6747,61,1.0,26079
5272,6748,65,4.0,25065
5273,6749,74,4.0,16985
5274,6749,96,2.0,8053
5275,6750,84,2.0,87906
5276,6751,53,2.0,50574
5277,6751,92,4.0,61356
5278,6751,111,5.0,73941
5279,6751,62,2.0,98446
5280,6752,56,5.0,9175
5281,6753,140,5.0,83331
5282,6753,106,4.0,95466
5283,6754,10,3.0,26689
5284,6754,76,4.0,56428
5285,6754,56,5.0,9175
5286,6755,139,1.0,34743
5287,6755,45,3.0,48206
5288,6755,148,5.0,55893
5289,6755,22,2.0,78894
5290,6755,131,1.0,76514
5291,6756,58,3.0,39174
5292,6756,48,1.0,68133
5293,6757,89,1.0,83106
5294,6757,95,2.0,51431
5295,6758,118,4.0,13822
5296,6758,97,4.0,3679
5297,6758,66,1.0,82653
5298,6758,150,3.0,30192
5299,6759,23,3.0,18620
5300,6759,87,4.0,41279
5301,6760,59,5.0,20643
5302,6760,3,1.0,13554
5303,6760,135,1.0,94663
5304,6761,1,3.0,50707
5305,6761,66,5.0,82653
5306,6761,89,2.0,83106
5307,6762,45,1.0,48206
5308,6762,134,4.0,65964
5309,6763,111,1.0,73941
5310,6763,116,2.0,42082
5311,6763,95,1.0,51431
5312,6763,76,1.0,56428
5313,6763,117,1.0,12972
5314,6764,109,2.0,19474
5315,6765,82,1.0,87619
5316,6765,147,1.0,53510
5317,6765,10,1.0,26689
5318,6765,103,1.0,31445
5319,6766,53,1.0,50574
5320,6766,86,5.0,49654
5321,6767,14,5.0,55863
5322,6767,131,5.0,76514
5323,6767,9999,5.0,87906
5324,6767,53,5.0,50574
5325,6768,95,1.0,51431
5326,6768,92,1.0,61356
5327,6768,6,1.0,21286
5328,6769,141,1.0,19091
5329,6770,59,2.0,20643
5330,6770,135,1.0,94663
5331,6770,83,5.0,61817
5332,6770,137,5.0,73589
5333,6771,79,2.0,81723
5334,6771,85,5.0,48998
5335,6772,25,4.0,16898
5336,6773,120,3.0,3186
5337,6774,80,3.0,89761
5338,6775,105,1.0,56021
5339,6775,112,3.0,69548
5340,6776,61,1.0,26079
5341,6776,43,3.0,88213
5342,6777,62,4.0,98446
5343,6777,35,5.0,58295
5344,6778,27,4.0,65552
5345,6778,78,3.0,42378
5346,6778,58,2.0,39174
5347,6779,84,2.0,87906
5348,6779,92,4.0,61356
5349,6779,45,1.0,48206
5350,6779,59,1.0,20643
5351,6780,128,2.0,80334
5352,6780,74,4.0,16985
5353,6781,149,2.0,95245
5354,6781,118,4.0,13822
5355,6781,88,4.0,4300
5356,6782,100,5.0,71517
5357,6782,32,1.0,15187
5358,6783,2,5.0,48841
5359,6783,150,3.0,30192
5360,6783,104,5.0,9521
5361,6784,137,4.0,73589
5362,6785,124,2.0,78300
5363,6785,33,4.0,20004
5364,6785,148,5.0,55893
5365,6786,119,2.0,26176
5366,6786,148,5.0,55893
5367,6786,13,2.0,97810
5368,6786,2,4.0,48841
5369,6786,103,4.0,31445
5370,6787,84,1.0,87906
5371,6787,146,2.0,52304
5372,6787,94,3.0,67315
5373,6787,41,2.0,92765
5374,6787,26,3.0,18911
5375,6788,128,5.0,80334
5376,6789,135,1.0,94663
5377,6789,103,2.0,31445
5378,6790,16,2.0,9937
5379,6790,124,3.0,78300
5380,6790,74,5.0,16985
5381,6791,142,1.0,40304
5382,6791,9,5.0,20871
5383,6791,145,3.0,70418
5384,6792,31,5.0,7724
5385,6792,120,4.0,3186
5386,6792,113,3.0,14616
5387,6792,123,4.0,50047
5388,6793,11,3.0,10900
5389,6793,21,3.0,81691
5390,6794,109,4.0,19474
5391,6795,93,4.0,64437
5392,6795,108,3.0,46915
5393,6795,36,4.0,53847
5394,6795,44,1.0,82291
5395,6796,1,5.0,50707
5396,6796,124,2.0,78300
5397,6797,34,5.0,36630
5398,6797,68,5.0,25842
5399,6798,91,3.0,98063
5400,6799,74,3.0,16985
5401,6799,124,3.0,78300
5402,6799,82,5.0,87619
5403,6799,80,5.0,89761
5404,6800,8,3.0,49819
5405,6801,52,3.0,58298
5406,6801,95,3.0,51431
5407,6801,94,4.0,67315
5408,6801,31,3.0,7724
5409,6802,75,4.0,35916
5410,6802,39,4.0,54311
5411,6803,74,4.0,16985
5412,6803,20,5.0,44033
5413,6804,117,5.0,12972
5414,6804,99,1.0,34203
5415,6804,127,3.0,94118
5416,6804,102,1.0,22808
5417,6805,91,2.0,98063
5418,6805,149,5.0,95245
5419,6805,89,2.0,83106
5420,6805,108,4.0,46915
5421,6806,16,2.0,9937
5422,6806,81,1.0,19078
5423,6806,108,1.0,46915
5424,6806,94,2.0,67315
5425,6807,29,4.0,7739
5426,6807,37,2.0,95562
5427,6807,92,3.0,61356
5428,6807,93,1.0,64437
5429,6807,35,3.0,58295
5430,6808,138,4.0,52367
5431,6808,40,2.0,48312
5432,6808,134,1.0,65964
5433,6808,121,4.0,32706
5434,6808,4,5.0,46721
5435,6809,126,5.0,20393
5436,6810,107,5.0,84963
5437,6810,58,4.0,39174
5438,6810,140,1.0,83331
5439,6810,52,2.0,58298
5440,6811,76,2.0,56428
5441,6811,26,1.0,18911
5442,6811,32,5.0,15187
5443,6811,25,5.0,16898
5444,6811,114,5.0,38630
5445,6812,71,3.0,4786
5446,6812,57,2.0,92455
5447,6812,86,4.0,49654
5448,6813,89,4.0,83106
5449,6813,33,4.0,20004
5450,6813,100,3.0,71517
5451,6813,9,5.0,20871
5452,6814,46,3.0,23671
5453,6814,118,4.0,13822
5454,6814,127,3.0,94118
5455,6815,60,1.0,84088
5456,6815,66,1.0,82653
5457,6815,145,3.0,70418
5458,6816,148,5.0,55893
5459,6816,53,2.0,50574
5460,6816,54,3.0,9962
5461,6816,14,4.0,55863
5462,6817,5,3.0,26134
5463,6818,46,5.0,23671
5464,6818,16,2.0,9937
5465,6818,48,1.0,68133
5466,6819,84,4.0,87906
5467,6819,136,5.0,53946
5468,6819,31,3.0,7724
5469,6819,137,5.0,73589
5470,6820,143,5.0,20414
5471,6820,120,3.0,3186
5472,6820,31,2.0,7724
5473,6821,12,5.0,52829
5474,6821,72,2.0,20480
5475,6822,104,3.0,9521
5476,6823,136,1.0,53946
5477,6823,69,3.0,48871
5478,6823,1,4.0,50707
5479,6823,142,5.0,40304
5480,6824,93,1.0,64437
5481,6824,21,1.0,81691
5482,6825,67,1.0,33911
5483,6826,76,5.0,56428
5484,6826,79,2.0,81723
5485,6826,43,3.0,88213
5486,6826,149,1.0,95245
5487,6826,122,3.0,58214
5488,6827,50,1.0,37334
5489,6827,112,2.0,69548
5490,6828,96,3.0,8053
5491,6828,123,5.0,50047
5492,6828,64,2.0,69811
5493,6828,68,3.0,25842
5494,6828,99,1.0,34203
5495,6829,107,5.0,84963
5496,6829,49,5.0,92850
5497,6829,56,4.0,9175
5498,6830,85,1.0,48998
5499,6830,148,5.0,55893
5500,6831,9,2.0,20871
5501,6832,34,3.0,36630
5502,6832,149,3.0,95245
5503,6832,96,1.0,8053
5504,6833,139,3.0,34743
5505,6833,18,1.0,79719
5506,6833,72,4.0,20480
5507,6834,125,1.0,33628
5508,6834,42,3.0,47104
5509,6834,93,5.0,64437
5510,6835,135,2.0,94663
5511,6835,127,1.0,94118
5512,6835,76,1.0,56428
5513,6835,17,4.0,13948
5514,6836,83,2.0,61817
5515,6836,16,2.0,9937
5516,6837,144,4.0,93669
5517,6837,8,3.0,49819
5518,6837,146,1.0,52304
5519,6837,126,1.0,20393
5520,6837,100,5.0,71517
5521,6838,74,3.0,16985
5522,6838,93,4.0,64437
5523,6839,82,1.0,87619
5524,6839,148,2.0,55893
5525,6839,33,5.0,20004
5526,6839,78,1.0,42378
5527,6839,128,3.0,80334
5528,6840,28,5.0,90487
5529,6840,86,3.0,49654
5530,6841,95,1.0,51431
5531,6841,50,1.0,37334
5532,6841,145,3.0,70418
5533,6841,31,2.0,7724
5534,6842,26,2.0,18911
5535,6843,112,2.0,69548
5536,6843,3,2.0,13554
5537,6843,131,3.0,76514
5538,6843,116,1.0,42082
5539,6843,107,5.0,84963
5540,6844,46,2.0,23671
5541,6845,62,3.0,98446
5542,6845,25,3.0,16898
5543,6845,22,3.0,78894
5544,6846,62,5.0,98446
5545,6846,17,2.0,13948
5546,6846,13,3.0,97810
5547,6847,120,3.0,3186
5548,6847,106,1.0,95466
5549,6847,85,2.0,48998
5550,6848,150,4.0,30192
5551,6848,18,4.0,79719
5552,6849,81,4.0,19078
5553,6849,126,1.0,20393
5554,6849,128,4.0,80334
5555,6849,112,3.0,69548
5556,6849,46,5.0,23671
5557,6850,66,2.0,82653
5558,6850,140,5.0,83331
5559,6851,141,4.0,19091
5560,6851,94,4.0,67315
5561,6852,68,4.0,25842
5562,6853,117,3.0,12972
5563,6853,142,4.0,40304
5564,6853,112,4.0,69548
5565,6854,49,3.0,92850
5566,6854,73,5.0,87951
5567,6855,11,4.0,10900
5568,6855,132,5.0,42778
5569,6855,102,1.0,22808
5570,6855,115,2.0,25302
5571,6856,134,2.0,65964
5572,6856,6,3.0,21286
5573,6856,75,3.0,35916
5574,6857,88,4.0,4300
5575,6857,98,4.0,83293
5576,6857,74,3.0,16985
5577,6858,55,2.0,34918
5578,6858,77,2.0,6325
5579,6858,30,2.0,51211
5580,6859,6,3.0,21286
5581,6859,26,4.0,18911
5582,6860,92,1.0,61356
5583,6860,142,2.0,40304
5584,6860,77,1.0,6325
5585,6861,51,5.0,59928
5586,6861,111,3.0,73941
5587,6861,140,5.0,83331
5588,6862,94,5.0,67315
5589,6862,48,2.0,68133
5590,6863,23,3.0,18620
5591,6863,88,4.0,4300
5592,6863,32,1.0,15187
5593,6863,118,1.0,13822
5594,6864,42,4.0,47104
5595,6864,144,5.0,93669
5596,6865,114,1.0,38630
5597,6866,17,1.0,13948
5598,6867,56,1.0,9175
5599,6867,6,3.0,21286
5600,6867,68,2.0,25842
5601,6868,23,5.0,18620
5602,6868,150,5.0,30192
5603,6868,77,2.0,6325
5604,6868,92,2.0,61356
5605,6868,45,4.0,48206
5606,6869,27,1.0,65552
5607,6870,18,2.0,79719
5608,6870,54,5.0,9962
5609,6870,99,3.0,34203
5610,6870,51,3.0,59928
5611,6870,108,3.0,46915
5612,6871,129,3.0,14470
5613,6871,79,4.0,81723
5614,6871,147,1.0,53510
5615,6871,143,1.0,20414
5616,6871,39,2.0,54311
5617,6872,17,3.0,13948
5618,6873,9,2.0,20871
5619,6873,58,3.0,39174
5620,6873,144,3.0,93669
5621,6873,16,5.0,9937
5622,6873,12,4.0,52829
5623,6874,66,2.0,82653
5624,6875,78,5.0,42378
5625,6875,137,4.0,73589
5626,6876,41,2.0,92765
5627,6876,14,5.0,55863
5628,6876,8,1.0,49819
5629,6876,54,4.0,9962
5630,6877,75,2.0,35916
5631,6877,64,4.0,69811
5632,6877,3,5.0,13554
5633,6877,17,3.0,13948
5634,6878,93,5.0,64437
5635,6878,38,5.0,76444
5636,6878,57,5.0,92455
5637,6878,82,2.0,87619
5638,6878,79,4.0,81723
5639,6879,86,1.0,49654
5640,6879,123,1.0,50047
5641,6880,68,4.0,25842
5642,6880,143,3.0,20414
5643,6880,58,4.0,39174
5644,6880,126,1.0,20393
5645,6880,123,3.0,50047
5646,6881,7,2.0,95184
5647,6881,112,1.0,69548
5648,6882,11,3.0,10900
5649,6882,74,1.0,16985
5650,6883,16,1.0,9937
5651,6884,54,2.0,9962
5652,6884,82,1.0,87619
5653,6884,147,3.0,53510
5654,6885,129,2.0,14470
5655,6886,43,5.0,88213
5656,6887,92,1.0,61356
5657,6888,107,5.0,84963
5658,6888,135,1.0,94663
5659,6888,134,5.0,65964
5660,6888,110,4.0,30121
5661,6888,19,3.0,72397
5662,6889,83,5.0,61817
5663,6889,21,1.0,81691
5664,6890,135,1.0,94663
5665,6891,123,3.0,50047
5666,6891,34,5.0,36630
5667,6891,73,1.0,87951
5668,6891,44,1.0,82291
5669,6892,148,2.0,55893
5670,6893,5,1.0,26134
5671,6893,126,4.0,20393
5672,6894,50,1.0,37334
5673,6895,130,3.0,27703
5674,6896,50,3.0,37334
5675,6896,40,4.0,48312
5676,6897,29,3.0,7739
5677,6897,115,3.0,25302
5678,6897,33,1.0,20004
5679,6897,20,2.0,44033
5680,6898,84,3.0,87906
5681,6898,12,1.0,52829
5682,6898,141,4.0,19091
5683,6898,129,1.0,14470
5684,6899,36,2.0,53847
5685,6899,82,5.0,87619
5686,6900,114,4.0,38630
5687,6900,111,2.0,73941
5688,6900,144,1.0,93669
5689,6901,28,3.0,90487
5690,6901,55,5.0,34918
5691,6901,119,1.0,26176
5692,6901,90,3.0,49507
5693,6901,136,3.0,53946
5694,6902,109,5.0,19474
5695,6903,26,5.0,18911
5696,6903,120,1.0,3186
5697,6903,126,4.0,20393
5698,6903,100,1.0,71517
5699,6904,22,3.0,78894
5700,6904,44,3.0,82291
5701,6905,69,3.0,48871
5702,6906,69,4.0,48871
5703,6907,30,5.0,51211
5704,6908,89,5.0,83106
5705,6908,138,5.0,52367
5706,6908,10,4.0,26689
5707,6909,106,5.0,95466
5708,6909,23,3.0,18620
5709,6909,86,4.0,49654
5710,6910,64,2.0,69811
5711,6910,142,1.0,40304
5712,6910,112,2.0,69548
5713,6910,103,1.0,31445
5714,6911,73,2.0,87951
5715,6911,80,3.0,89761
5716,6911,32,3.0,15187
5717,6912,113,2.0,14616
5718,6912,61,4.0,26079
5719,6912,149,5.0,95245
5720,6912,67,4.0,33911
5721,6913,39,5.0,54311
5722,6913,141,1.0,19091
5723,6913,119,3.0,26176
5724,6913,130,2.0,27703
5725,6914,140,5.0,83331
5726,6915,147,3.0,53510
5727,6915,65,5.0,25065
5728,6915,116,2.0,42082
5729,6915,145,3.0,70418
5730,6916,137,4.0,73589
5731,6916,93,3.0,64437
5732,6916,112,1.0,69548
5733,6917,52,3.0,58298
5734,6918,16,1.0,9937
5735,6919,114,5.0,38630
5736,6919,27,5.0,65552
5737,6919,148,3.0,55893
5738,6919,15,4.0,48998
5739,6920,57,1.0,92455
5740,6920,11,4.0,10900
5741,6920,3,4.0,13554
5742,6920,9,3.0,20871
5743,6920,25,2.0,16898
5744,6921,42,2.0,47104
5745,6921,141,2.0,19091
5746,6922,37,1.0,95562
5747,6922,109,5.0,19474
5748,6922,22,3.0,78894
5749,6922,48,3.0,68133
5750,6922,20,4.0,44033
5751,6923,36,5.0,53847
5752,6924,82,3.0,87619
5753,6925,114,5.0,38630
5754,6925,133,1.0,19030
5755,6925,37,2.0,95562
5756,6926,11,3.0,10900
5757,6927,32,1.0,15187
5758,6927,150,4.0,30192
5759,6928,42,2.0,47104
5760,6928,68,1.0,25842
5761,6928,35,1.0,58295
5762,6928,120,3.0,3186
5763,6928,37,1.0,95562
5764,6929,5,2.0,26134
5765,6929,23,3.0,18620
5766,6929,104,1.0,9521
5767,6929,9999,5.0,4300
5768,6929,64,1.0,69811
5769,6930,92,2.0,61356
5770,6930,57,2.0,92455
5771,6930,64,2.0,69811
5772,6930,18,5.0,79719
5773,6931,25,1.0,16898
5774,6931,127,5.0,94118
5775,6931,138,5.0,52367
5776,6932,103,1.0,31445
5777,6932,89,4.0,83106
5778,6933,76,3.0,56428
5779,6933,97,5.0,3679
5780,6934,49,4.0,92850
5781,6934,131,1.0,76514
5782,6934,125,5.0,33628
5783,6934,149,1.0,95245
5784,6934,101,1.0,86737
5785,6935,64,3.0,69811
5786,6936,120,3.0,3186
5787,6936,90,4.0,49507
5788,6936,130,5.0,27703
5789,6937,66,3.0,82653
5790,6937,139,4.0,34743
5791,6938,103,3.0,31445
5792,6939,3,1.0,13554
5793,6939,1,5.0,50707
5794,6939,51,5.0,59928
5795,6940,119,1.0,26176
5796,6940,100,4.0,71517
5797,6940,27,5.0,65552
5798,6940,65,3.0,25065
5799,6940,82,1.0,87619
5800,6941,78,2.0,42378
5801,6942,60,1.0,84088
5802,6942,27,5.0,65552
5803,6942,96,3.0,8053
5804,6943,34,1.0,36630
5805,6943,65,2.0,25065
5806,6943,147,1.0,53510
5807,6943,126,4.0,20393
5808,6943,12,4.0,52829
5809,6944,87,4.0,41279
5810,6944,81,5.0,19078
5811,6944,89,1.0,83106
5812,6945,147,5.0,53510
5813,6945,130,5.0,27703
5814,6945,31,2.0,7724
5815,6945,123,1.0,50047
5816,6946,22,5.0,78894
5817,6947,96,3.0,8053
5818,6947,129,1.0,14470
5819,6947,40,1.0,48312
5820,6948,52,2.0,58298
5821,6949,124,1.0,78300
5822,6949,86,3.0,49654
5823,6949,115,3.0,25302
5824,6950,60,2.0,84088
5825,6950,38,3.0,76444
5826,6950,56,5.0,9175
5827,6950,122,4.0,58214
5828,6950,28,3.0,90487
5829,6951,89,1.0,83106
5830,6952,89,4.0,83106
5831,6952,136,3.0,53946
5832,6952,131,5.0,76514
5833,6952,35,4.0,58295
5834,6953,31,5.0,7724
5835,6953,70,2.0,55878
5836,6953,147,1.0,53510
5837,6953,50,3.0,37334
5838,6953,108,1.0,46915
5839,6954,43,5.0,88213
5840,6954,61,5.0,26079
5841,6954,126,5.0,20393
5842,6954,9,1.0,20871
5843,6955,143,3.0,20414
5844,6955,137,1.0,73589
5845,6955,31,3.0,7724
5846,6955,99,2.0,34203
5847,6955,83,2.0,61817
5848,6956,26,2.0,18911
5849,6956,69,2.0,48871
5850,6956,114,5.0,38630
5851,6956,49,1.0,92850
5852,6957,114,1.0,38630
5853,6957,131,1.0,76514
5854,6957,87,1.0,41279
5855,6957,77,3.0,6325
5856,6957,7,2.0,95184
5857,6958,89,3.0,83106
5858,6958,81,3.0,19078
5859,6958,57,4.0,92455
5860,6958,41,1.0,92765
5861,6958,18,1.0,79719
5862,6959,51,2.0,59928
5863,6959,26,4.0,18911
5864,6960,49,3.0,92850
5865,6960,141,4.0,19091
5866,6961,95,5.0,51431
5867,6962,77,1.0,6325
5868,6962,115,2.0,25302
5869,6962,102,3.0,22808
5870,6962,43,3.0,88213
5871,6962,8,5.0,49819
5872,6963,122,1.0,58214
5873,6963,69,5.0,48871
5874,6963,66,5.0,82653
5875,6963,117,3.0,12972
5876,6964,28,4.0,90487
5877,6964,33,2.0,20004
5878,6964,61,3.0,26079
5879,6964,70,3.0,55878
5880,6964,66,1.0,82653
5881,6965,106,3.0,95466
5882,6965,96,4.0,8053
5883,6966,145,1.0,70418
5884,6966,5,1.0,26134
5885,6966,2,5.0,48841
5886,6966,4,2.0,46721
5887,6967,45,2.0,48206
5888,6967,97,3.0,3679
5889,6967,91,4.0,98063
5890,6967,46,1.0,23671
5891,6967,11,2.0,10900
5892,6968,38,3.0,76444
5893,6968,31,4.0,7724
5894,6968,140,2.0,83331
5895,6968,54,4.0,9962
5896,6968,112,4.0,69548
5897,6969,133,5.0,19030
5898,6969,103,5.0,31445
5899,6970,139,5.0,34743
5900,6970,51,4.0,59928
5901,6970,131,1.0,76514
5902,6970,55,3.0,34918
5903,6970,128,5.0,80334
5904,6971,18,3.0,79719
5905,6971,121,1.0,32706
5906,6971,87,5.0,41279
5907,6971,141,1.0,19091
5908,6971,11,4.0,10900
5909,6972,142,5.0,40304
5910,6973,21,1.0,81691
5911,6973,15,1.0,48998
5912,6974,45,3.0,48206
5913,6974,90,2.0,49507
5914,6974,132,5.0,42778
5915,6974,128,3.0,80334
5916,6975,136,4.0,53946
5917,6976,69,1.0,48871
5918,6976,73,5.0,87951
5919,6976,74,3.0,16985
5920,6976,12,1.0,52829
5921,6976,82,5.0,87619
5922,6977,67,1.0,33911
5923,6977,16,1.0,9937
5924,6977,38,4.0,76444
5925,6977,114,5.0,38630
5926,6978,84,3.0,87906
5927,6979,36,4.0,53847
5928,6979,143,1.0,20414
5929,6979,56,3.0,9175
5930,6980,78,1.0,42378
5931,6981,13,1.0,97810
5932,6981,136,3.0,53946
5933,6981,109,3.0,19474
5934,6982,32,2.0,15187
5935,6982,89,1.0,83106
5936,6982,10,2.0,26689
5937,6982,27,4.0,65552
5938,6982,50,5.0,37334
5939,6983,37,,95562
5940,6983,3,5.0,13554
5941,6984,15,1.0,48998
5942,6984,139,1.0,34743
5943,6985,117,4.0,12972
5944,6985,138,2.0,52367
5945,6985,42,5.0,47104
5946,6985,74,2.0,16985
5947,6985,10,2.0,26689
5948,6986,28,5.0,90487
5949,6986,83,3.0,61817
5950,6986,106,2.0,95466
5951,6987,149,4.0,95245
5952,6987,6,1.0,21286
5953,6988,22,5.0,78894
5954,6988,87,3.0,41279
5955,6988,142,4.0,40304
5956,6988,111,3.0,73941
5957,6989,27,2.0,65552
5958,6989,72,3.0,20480
5959,6990,68,3.0,25842
5960,6991,86,3.0,49654
5961,6991,29,5.0,7739
5962,6991,95,4.0,51431
5963,6992,8,4.0,49819
5964,6992,17,5.0,13948
5965,6992,148,4.0,55893
5966,6992,107,1.0,84963
5967,6993,38,2.0,76444
5968,6993,141,1.0,19091
5969,6993,124,2.0,78300
5970,6993,131,4.0,76514
5971,6993,139,1.0,34743
5972,6994,135,2.0,94663
5973,6994,11,5.0,10900
5974,6994,31,4.0,7724
5975,6995,86,1.0,49654
5976,6995,97,2.0,3679
5977,6996,63,2.0,33538
5978,6996,101,2.0,86737
5979,6997,54,4.0,9962
5980,6997,65,5.0,25065
5981,6997,110,2.0,30121
5982,6997,8,2.0,49819
5983,6998,137,2.0,73589
5984,6998,3,3.0,13554
5985,6999,81,1.0,19078
5986,6999,84,1.0,87906
5987,6999,105,4.0,56021
5988,6999,96,3.0,8053
5989,6999,69,5.0,48871
5990,7000,101,3.0,86737
5991,7000,125,4.0,33628
5992,7001,23,3.0,18620
5993,7001,121,5.0,32706
5994,7001,141,1.0,19091
5995,7002,18,5.0,79719
5996,7002,65,3.0,25065
5997,7002,54,1.0,9962
5998,7002,90,2.0,49507
5999,7002,8,3.0,49819
6000,7003,12,3.0,52829
6001,7004,126,5.0,20393
6002,7004,41,1.0,92765
6003,7005,50,5.0,37334
6004,7005,11,3.0,10900
6005,7005,108,3.0,46915
6006,7005,141,4.0,19091
6007,7005,49,3.0,92850
6008,7006,66,2.0,82653
6009,7006,106,4.0,95466
6010,7006,148,2.0,55893
6011,7006,59,5.0,20643
6012,7006,34,5.0,36630
6013,7007,141,1.0,19091
6014,7007,17,4.0,13948
6015,7007,146,5.0,52304
6016,7007,82,4.0,87619
6017,7007,99,2.0,34203
6018,7008,121,2.0,32706
6019,7009,69,3.0,48871
6020,7009,81,4.0,19078
6021,7010,62,4.0,98446
6022,7010,150,1.0,30192
6023,7010,121,4.0,32706
6024,7011,32,2.0,15187
6025,7011,72,2.0,20480
6026,7011,114,1.0,38630
6027,7012,71,4.0,4786
6028,99999,48,2.0,68133
6029,7012,77,4.0,6325
6030,7013,23,4.0,18620
6031,7014,145,2.0,70418
6032,7014,82,5.0,87619
6033,7014,127,5.0,94118
6034,7014,133,4.0,19030
6035,7015,117,3.0,12972
6036,7016,126,1.0,20393
6037,7017,81,3.0,19078
6038,7017,33,2.0,20004
6039,7017,82,3.0,87619
6040,7018,47,4.0,53706
6041,7018,103,2.0,31445
6042,7018,26,4.0,18911
6043,7018,94,5.0,67315
6044,7018,23,2.0,18620
6045,7019,63,1.0,33538
6046,7019,119,3.0,26176
6047,7020,63,5.0,33538
6048,7020,127,2.0,94118
6049,7021,9,1.0,20871
6050,7021,130,1.0,27703
6051,7021,69,2.0,48871
6052,7022,17,1.0,13948
6053,7022,145,5.0,70418
6054,7023,128,2.0,80334
6055,7023,3,2.0,13554
6056,7023,75,4.0,35916
6057,7023,111,1.0,73941
6058,7024,98,4.0,83293
6059,7024,125,1.0,33628
6060,7025,93,2.0,64437
6061,7025,50,2.0,37334
6062,7025,145,1.0,70418
6063,7025,125,4.0,33628
6064,7026,149,1.0,95245
6065,7027,9,4.0,20871
6066,7027,85,1.0,48998
6067,7027,29,3.0,7739
6068,7027,81,5.0,19078
6069,7027,128,2.0,80334
6070,7028,10,3.0,26689
6071,7029,90,1.0,49507
6072,7030,97,2.0,3679
6073,7030,141,5.0,19091
6074,7030,128,5.0,80334
6075,7030,2,5.0,48841
6076,7030,59,2.0,20643
6077,7031,19,2.0,72397
6078,7031,116,3.0,42082
6079,7031,9,1.0,20871
6080,7032,46,3.0,23671
6081,7032,139,2.0,34743
6082,7032,128,1.0,80334
6083,7033,122,3.0,58214
6084,7034,79,3.0,81723
6085,7034,21,1.0,81691
6086,7034,35,2.0,58295
6087,7034,93,2.0,64437
6088,7034,10,3.0,26689
6089,7035,82,5.0,87619
6090,7035,40,1.0,48312
6091,7035,144,3.0,93669
6092,7035,109,3.0,19474
6093,7035,43,4.0,88213
6094,7036,89,3.0,83106
6095,7036,63,1.0,33538
6096,7037,107,5.0,84963
6097,7037,66,1.0,82653
6098,7037,23,1.0,18620
6099,7037,89,5.0,83106
6100,7038,126,2.0,20393
6101,7038,4,5.0,46721
6102,7039,110,2.0,30121
6103,7040,126,1.0,20393
6104,7040,71,5.0,4786
6105,7040,31,1.0,7724
6106,7041,68,4.0,25842
6107,7042,91,3.0,98063
6108,7042,5,1.0,26134
6109,7042,15,5.0,48998
6110,7043,22,4.0,78894
6111,7043,13,2.0,97810
6112,7043,145,4.0,70418
6113,7043,105,2.0,56021
6114,7043,101,5.0,86737
6115,7044,132,2.0,42778
6116,7044,71,5.0,4786
6117,7044,59,5.0,20643
6118,7045,29,1.0,7739
6119,7046,108,4.0,46915
6120,7047,107,4.0,84963
6121,7047,122,3.0,58214
6122,7047,29,1.0,7739
6123,7048,80,1.0,89761
6124,7048,13,4.0,97810
6125,7048,117,3.0,12972
6126,7049,48,2.0,68133
6127,7049,43,4.0,88213
6128,7049,100,3.0,71517
6129,7050,83,5.0,61817
6130,7050,76,5.0,56428
6131,7051,148,5.0,55893
6132,7051,105,4.0,56021
6133,7052,70,5.0,55878
6134,7052,22,2.0,78894
6135,7052,119,5.0,26176
6136,7052,88,3.0,4300
6137,7053,142,2.0,40304
6138,7053,150,2.0,30192
6139,7053,138,3.0,52367
6140,7053,119,4.0,26176
6141,7054,141,2.0,19091
6142,7054,145,4.0,70418
6143,7055,49,3.0,92850
6144,7056,36,2.0,53847
6145,7056,114,2.0,38630
6146,7056,40,3.0,48312
6147,7057,18,2.0,79719
6148,7057,13,3.0,97810
6149,7057,44,1.0,82291
6150,7058,46,4.0,23671
6151,7058,18,3.0,79719
6152,7059,4,2.0,46721
6153,7059,28,5.0,90487
6154,7060,112,5.0,69548
6155,7060,62,5.0,98446
6156,7060,127,3.0,94118
6157,7060,115,4.0,25302
6158,7060,5,2.0,26134
6159,7061,24,1.0,43443
6160,7061,129,4.0,14470
6161,7062,124,3.0,78300
6162,7062,143,3.0,20414
6163,7062,111,2.0,73941
6164,7062,118,5.0,13822
6165,7062,50,4.0,37334
6166,7063,143,1.0,20414
6167,7063,94,4.0,67315
6168,7063,37,2.0,95562
6169,7063,3,4.0,13554
6170,7063,39,5.0,54311
6171,7064,16,2.0,9937
6172,7064,40,2.0,48312
6173,7065,25,2.0,16898
6174,7065,79,3.0,81723
6175,7065,117,1.0,12972
6176,7066,146,2.0,52304
6177,7066,68,1.0,25842
6178,7066,62,3.0,98446
6179,7066,87,1.0,41279
6180,7066,42,3.0,47104
6181,7067,83,5.0,61817
6182,7067,134,3.0,65964
6183,7067,128,4.0,80334
6184,7067,100,4.0,71517
6185,7067,27,5.0,65552
6186,7068,69,4.0,48871
6187,7068,6,3.0,21286
6188,7069,59,2.0,20643
6189,7069,53,1.0,50574
6190,7069,116,2.0,42082
6191,7070,56,1.0,9175
6192,7071,139,2.0,34743
6193,7071,111,2.0,73941
6194,7071,143,4.0,20414
6195,7072,111,2.0,73941
6196,7073,67,2.0,33911
6197,7073,121,4.0,32706
6198,7073,41,2.0,92765
6199,7074,103,1.0,31445
6200,7074,104,5.0,9521
6201,7074,91,5.0,98063
6202,7075,127,1.0,94118
6203,7075,115,1.0,25302
6204,7076,133,5.0,19030
6205,7076,40,4.0,48312
6206,7076,146,1.0,52304
6207,7076,42,3.0,47104
6208,7076,46,1.0,23671
6209,7077,92,2.0,61356
6210,7078,76,5.0,56428
6211,7078,16,2.0,9937
6212,7078,114,2.0,38630
6213,7079,11,2.0,10900
6214,7079,21,1.0,81691
6215,7080,122,4.0,58214
6216,7080,140,4.0,83331
6217,7080,141,2.0,19091
6218,7081,88,2.0,4300
6219,7082,9,1.0,20871
6220,7082,33,2.0,20004
6221,7082,1,5.0,50707
6222,7082,89,4.0,83106
6223,7083,77,4.0,6325
6224,7083,30,2.0,51211
6225,7083,73,1.0,87951
6226,7084,13,4.0,97810
6227,7085,135,1.0,94663
6228,7085,43,5.0,88213
6229,7086,9,2.0,20871
6230,7086,68,1.0,25842
6231,7087,124,5.0,78300
6232,7087,107,1.0,84963
6233,7087,87,3.0,41279
6234,7087,74,2.0,16985
6235,7087,28,2.0,90487
6236,7088,134,2.0,65964
6237,7088,118,4.0,13822
6238,7088,83,5.0,61817
6239,7088,22,5.0,78894
6240,7088,117,3.0,12972
6241,7089,12,5.0,52829
6242,7089,39,5.0,54311
6243,7089,87,4.0,41279
6244,7089,76,5.0,56428
6245,7089,83,4.0,61817
6246,7090,95,5.0,51431
6247,7090,14,4.0,55863
6248,7090,24,5.0,43443
6249,7091,3,1.0,13554
6250,7091,115,4.0,25302
6251,7091,87,4.0,41279
6252,7092,102,4.0,22808
6253,7092,55,1.0,34918
6254,7092,5,1.0,26134
6255,7092,86,5.0,49654
6256,7093,113,2.0,14616
6257,7093,141,2.0,19091
6258,7094,9,3.0,20871
6259,7095,137,4.0,73589
6260,7095,54,3.0,9962
6261,7095,105,4.0,56021
6262,7095,138,2.0,52367
6263,7096,139,4.0,34743
6264,7096,1,3.0,50707
6265,7096,16,1.0,9937
6266,7097,85,2.0,48998
6267,7097,17,2.0,13948
6268,7097,140,3.0,83331
6269,7098,131,1.0,76514
6270,7099,92,3.0,61356
6271,7099,113,5.0,14616
6272,7099,120,5.0,3186
6273,7100,54,5.0,9962
6274,7100,4,2.0,46721
6275,7100,52,1.0,58298
6276,7100,48,5.0,68133
6277,7101,17,2.0,13948
6278,7101,137,4.0,73589
6279,7101,23,4.0,18620
6280,7101,29,2.0,7739
6281,7101,46,3.0,23671
6282,7102,131,1.0,76514
6283,7103,93,4.0,64437
6284,7103,11,1.0,10900
6285,7103,57,5.0,92455
6286,7103,40,1.0,48312
6287,7104,108,1.0,46915
6288,7104,81,3.0,19078
6289,7104,22,2.0,78894
6290,7104,99,4.0,34203
6291,7104,113,5.0,14616
6292,7105,16,2.0,9937
6293,7105,66,4.0,82653
6294,7106,117,5.0,12972
6295,7106,85,1.0,48998
6296,7106,119,2.0,26176
6297,7106,41,1.0,92765
6298,7106,124,5.0,78300
6299,7107,107,3.0,84963
6300,7107,109,2.0,19474
6301,7107,61,3.0,26079
6302,7107,16,5.0,9937
6303,7108,9,2.0,20871
6304,7108,78,1.0,42378
6305,7108,52,3.0,58298
6306,7109,31,2.0,7724
6307,7110,36,2.0,53847
6308,7111,2,4.0,48841
6309,7111,133,1.0,19030
6310,7111,93,2.0,64437
6311,7112,35,2.0,58295
6312,7112,81,2.0,19078
6313,7112,124,1.0,78300
6314,7112,125,2.0,33628
6315,7113,4,1.0,46721
6316,7113,138,4.0,52367
6317,7113,39,1.0,54311
6318,7114,1,2.0,50707
6319,7114,74,1.0,16985
6320,7114,52,4.0,58298
6321,7114,75,3.0,35916
6322,7114,38,3.0,76444
6323,7115,124,5.0,78300
6324,7115,63,3.0,33538
6325,7115,96,2.0,8053
6326,7115,56,5.0,9175
6327,7115,125,2.0,33628
6328,7116,81,1.0,19078
6329,7116,74,3.0,16985
6330,7116,100,5.0,71517
6331,7117,46,4.0,23671
6332,7117,87,4.0,41279
6333,7118,28,4.0,90487
6334,7119,37,2.0,95562
6335,7119,91,2.0,98063
6336,7119,70,2.0,55878
6337,7119,54,3.0,9962
6338,7120,8,5.0,49819
6339,7121,25,2.0,16898
6340,7121,31,4.0,7724
6341,7121,38,2.0,76444
6342,7122,135,1.0,94663
6343,7122,54,1.0,9962
6344,7122,78,4.0,42378
6345,7123,114,2.0,38630
6346,7123,41,3.0,92765
6347,7123,110,3.0,30121
6348,7123,24,4.0,43443
6349,7124,120,2.0,3186
6350,7124,123,2.0,50047
6351,7124,43,3.0,88213
6352,7125,141,4.0,19091
6353,7125,72,3.0,20480
6354,7125,59,5.0,20643
6355,7125,106,1.0,95466
6356,7126,103,5.0,31445
6357,7126,44,5.0,82291
6358,7126,78,5.0,42378
6359,7126,99,3.0,34203
6360,7127,89,2.0,83106
6361,7127,118,1.0,13822
6362,7128,109,2.0,19474
6363,7128,26,5.0,18911
6364,7128,34,4.0,36630
6365,7128,143,3.0,20414
6366,7128,70,4.0,55878
6367,7129,79,5.0,81723
6368,7129,139,1.0,34743
6369,7130,117,5.0,12972
6370,7131,139,1.0,34743
6371,7132,144,4.0,93669
6372,7132,109,4.0,19474
6373,7132,40,2.0,48312
6374,7133,112,4.0,69548
6375,7133,57,2.0,92455
6376,7133,109,2.0,19474
6377,7133,35,1.0,58295
6378,7134,17,3.0,13948
6379,7135,94,5.0,67315
6380,7135,142,5.0,40304
6381,7135,101,2.0,86737
6382,7135,100,2.0,71517
6383,7136,18,5.0,79719
6384,7136,47,5.0,53706
6385,7136,23,4.0,18620
6386,7136,100,5.0,71517
6387,7137,89,2.0,83106
6388,7137,49,4.0,92850
6389,7137,20,1.0,44033
6390,7138,134,1.0,65964
6391,7138,128,1.0,80334
6392,7138,90,4.0,49507
6393,7138,101,4.0,86737
6394,7138,5,1.0,26134
6395,7139,54,4.0,9962
6396,7139,55,2.0,34918
6397,7139,20,5.0,44033
6398,7139,67,4.0,33911
6399,7139,78,1.0,42378
6400,7140,22,3.0,78894
6401,7140,44,1.0,82291
6402,7141,37,5.0,95562
6403,7142,26,3.0,18911
6404,7142,134,3.0,65964
6405,7142,92,5.0,61356
6406,7142,102,3.0,22808
6407,7143,125,2.0,33628
6408,7143,91,2.0,98063
6409,7143,124,1.0,78300
6410,7143,146,4.0,52304
6411,7143,14,4.0,55863
6412,7144,114,2.0,38630
6413,7144,148,4.0,55893
6414,7144,121,1.0,32706
6415,7144,63,2.0,33538
6416,7145,130,4.0,27703
6417,7145,46,4.0,23671
6418,7145,60,3.0,84088
6419,7145,13,3.0,97810
6420,7146,55,4.0,34918
6421,7146,10,5.0,26689
6422,7147,106,3.0,95466
6423,7147,41,1.0,92765
6424,7147,44,2.0,82291
6425,7148,114,2.0,38630
6426,7148,129,2.0,14470
6427,7148,117,1.0,12972
6428,7148,134,2.0,65964
6429,7148,12,4.0,52829
6430,7149,34,5.0,36630
6431,7149,136,5.0,53946
6432,7149,22,5.0,78894
6433,7149,150,5.0,30192
6434,7149,24,3.0,43443
6435,7150,137,5.0,73589
6436,7151,72,2.0,20480
6437,7151,31,3.0,7724
6438,7151,90,5.0,49507
6439,7151,78,4.0,42378
6440,7151,142,4.0,40304
6441,7152,8,1.0,49819
6442,7153,62,2.0,98446
6443,7153,80,1.0,89761
6444,7153,103,4.0,31445
6445,7153,10,3.0,26689
6446,7154,143,3.0,20414
6447,7154,42,2.0,47104
6448,7154,83,2.0,61817
6449,7154,16,2.0,9937
6450,7154,124,1.0,78300
6451,7155,37,2.0,95562
6452,7155,99,3.0,34203
6453,7155,49,2.0,92850
6454,7155,142,2.0,40304
6455,7155,35,1.0,58295
6456,7156,136,1.0,53946
6457,7156,102,3.0,22808
6458,7156,90,5.0,49507
6459,7156,19,4.0,72397
6460,7157,98,4.0,83293
6461,7157,135,5.0,94663
6462,7157,65,4.0,25065
6463,7157,9,4.0,20871
6464,7157,116,1.0,42082
6465,7158,99,4.0,34203
6466,7158,64,2.0,69811
6467,7158,65,2.0,25065
6468,7158,117,4.0,12972
6469,7158,9,2.0,20871
6470,7159,110,2.0,30121
6471,7159,125,1.0,33628
6472,7159,140,5.0,83331
6473,7159,117,5.0,12972
6474,7159,46,5.0,23671
6475,7160,42,4.0,47104
6476,7160,111,2.0,73941
6477,7160,120,2.0,3186
6478,7161,69,4.0,48871
6479,7161,133,2.0,19030
6480,7162,103,1.0,31445
6481,7163,148,4.0,55893
6482,7163,77,4.0,6325
6483,7164,128,2.0,80334
6484,7164,30,3.0,51211
6485,7164,100,3.0,71517
6486,7164,117,2.0,12972
6487,7165,85,5.0,48998
6488,7165,128,4.0,80334
6489,7165,131,2.0,76514
6490,7165,75,1.0,35916
6491,7165,59,2.0,20643
6492,7166,21,3.0,81691
6493,7166,54,2.0,9962
6494,7167,61,2.0,26079
6495,7167,44,5.0,82291
6496,7167,130,1.0,27703
6497,7167,32,4.0,15187
6498,7167,80,4.0,89761
6499,7168,70,1.0,55878
6500,7168,150,3.0,30192
6501,7168,58,4.0,39174
6502,7168,89,5.0,83106
6503,7168,24,4.0,43443
6504,7169,134,5.0,65964
6505,7169,141,3.0,19091
6506,7169,75,4.0,35916
6507,7169,40,1.0,48312
6508,7169,145,1.0,70418
6509,7170,131,1.0,76514
6510,7171,3,3.0,13554
6511,7172,13,5.0,97810
6512,7172,106,3.0,95466
6513,7172,131,1.0,76514
6514,7172,73,4.0,87951
6515,7173,59,4.0,20643
6516,7173,117,1.0,12972
6517,7173,83,4.0,61817
6518,7173,50,1.0,37334
6519,7173,71,3.0,4786
6520,7174,108,4.0,46915
6521,7174,1,2.0,50707
6522,7175,145,3.0,70418
6523,7175,99,4.0,34203
6524,7176,66,1.0,82653
6525,7177,41,1.0,92765
6526,7177,135,5.0,94663
6527,7177,71,3.0,4786
6528,7178,129,5.0,14470
6529,7178,115,1.0,25302
6530,7178,27,4.0,65552
6531,7178,88,5.0,4300
6532,7178,41,4.0,92765
6533,7179,127,2.0,94118
6534,7179,72,3.0,20480
6535,7179,23,2.0,18620
6536,7179,101,4.0,86737
6537,7179,96,3.0,8053
6538,7180,8,2.0,49819
6539,7180,98,1.0,83293
6540,7180,19,2.0,72397
6541,7181,22,4.0,78894
6542,7181,7,5.0,95184
6543,7182,123,5.0,50047
6544,7182,37,2.0,95562
6545,7182,95,1.0,51431
6546,7183,135,2.0,94663
6547,7184,101,3.0,86737
6548,7185,64,4.0,69811
6549,7186,150,4.0,30192
6550,7186,44,1.0,82291
6551,7186,144,4.0,93669
6552,7187,119,1.0,26176
6553,7188,92,5.0,61356
6554,7188,148,4.0,55893
6555,7188,94,3.0,67315
6556,7188,6,4.0,21286
6557,7188,102,1.0,22808
6558,7189,111,4.0,73941
6559,7189,31,4.0,7724
6560,7189,51,3.0,59928
6561,7189,121,3.0,32706
6562,7189,150,3.0,30192
6563,7190,69,1.0,48871
6564,7190,94,5.0,67315
6565,7191,82,4.0,87619
6566,7192,125,2.0,33628
6567,7193,81,5.0,19078
6568,7193,64,2.0,69811
6569,7193,13,1.0,97810
6570,7193,143,1.0,20414
6571,7193,123,4.0,50047
6572,7194,83,5.0,61817
6573,7194,93,3.0,64437
6574,7194,46,3.0,23671
6575,7194,78,3.0,42378
6576,7195,1,4.0,50707
6577,7195,67,1.0,33911
6578,7195,83,1.0,61817
6579,7196,28,4.0,90487
6580,7196,64,3.0,69811
6581,7196,144,2.0,93669
6582,7197,96,2.0,8053
6583,7197,60,3.0,84088
6584,7198,65,4.0,25065
6585,7199,57,5.0,92455
6586,7200,60,5.0,84088
6587,7200,126,2.0,20393
6588,7200,104,1.0,9521
6589,7201,52,3.0,58298
6590,7202,101,5.0,86737
6591,7202,33,5.0,20004
6592,7202,117,1.0,12972
6593,7203,54,1.0,9962
6594,7204,108,2.0,46915
6595,7204,106,5.0,95466
6596,7204,141,2.0,19091
6597,7204,127,3.0,94118
6598,7204,48,2.0,68133
6599,7205,91,5.0,98063
6600,7206,139,5.0,34743
6601,7206,137,1.0,73589
6602,7206,110,1.0,30121
6603,7207,124,2.0,78300
6604,7207,42,5.0,47104
6605,7207,139,3.0,34743
6606,7208,17,2.0,13948
6607,7208,54,5.0,9962
6608,7208,11,4.0,10900
6609,7208,83,4.0,61817
6610,7208,2,1.0,48841
6611,7209,145,3.0,70418
6612,7209,108,4.0,46915
6613,7209,80,2.0,89761
6614,7210,85,5.0,48998
6615,7210,134,5.0,65964
6616,7211,23,3.0,18620
6617,7211,20,5.0,44033
6618,7212,22,5.0,78894
6619,7212,52,2.0,58298
6620,99999,10,4.0,26689
6621,7212,76,4.0,56428
6622,7213,52,1.0,58298
6623,7213,8,2.0,49819
6624,7213,43,5.0,88213
6625,7213,103,5.0,31445
6626,7214,29,4.0,7739
6627,7214,132,1.0,42778
6628,7214,110,4.0,30121
6629,7214,130,2.0,27703
6630,7215,121,5.0,32706
6631,7215,45,1.0,48206
6632,7215,30,4.0,51211
6633,7215,12,5.0,52829
6634,7216,148,,55893
6635,7216,101,5.0,86737
6636,7217,52,5.0,58298
6637,7217,99,5.0,34203
6638,7218,42,2.0,47104
6639,7218,127,3.0,94118
6640,7218,81,1.0,19078
6641,7218,121,2.0,32706
6642,7218,102,1.0,22808
6643,7219,79,3.0,81723
6644,7219,1,1.0,50707
6645,7220,40,3.0,48312
6646,7220,17,3.0,13948
6647,7220,148,3.0,55893
6648,7220,51,1.0,59928
6649,7220,93,3.0,64437
6650,7221,17,3.0,13948
6651,7221,116,2.0,42082
6652,7221,58,2.0,39174
6653,7222,19,1.0,72397
6654,7223,35,1.0,58295
6655,7223,106,4.0,95466
6656,7223,75,1.0,35916
6657,7223,18,3.0,79719
6658,7224,111,2.0,73941
6659,7224,131,3.0,76514
6660,7224,20,1.0,44033
6661,7224,115,5.0,25302
6662,7225,137,2.0,73589
6663,7226,82,3.0,87619
6664,7226,50,3.0,37334
6665,7227,23,4.0,18620
6666,7227,54,2.0,9962
6667,7227,103,5.0,31445
6668,7227,139,2.0,34743
6669,7228,97,1.0,3679
6670,7229,62,4.0,98446
6671,7230,137,3.0,73589
6672,7230,46,2.0,23671
6673,7230,148,4.0,55893
6674,7230,21,3.0,81691
6675,7230,97,5.0,3679
6676,7231,1,1.0,50707
6677,7231,145,1.0,70418
6678,7231,91,3.0,98063
6679,7232,112,2.0,69548
6680,7232,37,5.0,95562
6681,7232,22,5.0,78894
6682,7233,110,5.0,30121
6683,7233,124,3.0,78300
6684,7233,53,3.0,50574
6685,7234,88,3.0,4300
6686,7234,122,3.0,58214
6687,7234,28,2.0,90487
6688,7235,66,2.0,82653
6689,7235,20,2.0,44033
6690,7235,40,1.0,48312
6691,7235,57,4.0,92455
6692,7235,18,1.0,79719
6693,7236,49,2.0,92850
6694,7236,124,5.0,78300
6695,7236,11,3.0,10900
6696,7236,84,3.0,87906
6697,7236,39,2.0,54311
6698,7237,71,3.0,4786
6699,7237,37,2.0,95562
6700,7237,24,5.0,43443
6701,7238,34,4.0,36630
6702,7238,60,1.0,84088
6703,7239,54,2.0,9962
6704,7240,105,2.0,56021
6705,7241,30,2.0,51211
6706,7241,52,5.0,58298
6707,7241,47,4.0,53706
6708,7241,9,2.0,20871
6709,7241,122,5.0,58214
6710,7242,122,2.0,58214
6711,7243,91,4.0,98063
6712,7243,107,1.0,84963
6713,7243,101,5.0,86737
6714,7243,141,4.0,19091
6715,7243,74,3.0,16985
6716,7244,109,2.0,19474
6717,7244,142,1.0,40304
6718,7244,99,4.0,34203
6719,7244,10,1.0,26689
6720,7245,37,1.0,95562
6721,7245,125,2.0,33628
6722,7245,26,2.0,18911
6723,7246,72,4.0,20480
6724,7246,8,2.0,49819
6725,7246,144,4.0,93669
6726,7246,109,3.0,19474
6727,7246,61,3.0,26079
6728,7247,89,5.0,83106
6729,7247,142,2.0,40304
6730,7247,24,1.0,43443
6731,7248,139,2.0,34743
6732,7248,53,2.0,50574
6733,7248,74,3.0,16985
6734,7249,138,2.0,52367
6735,7249,81,4.0,19078
6736,7249,139,1.0,34743
6737,7249,140,3.0,83331
6738,7249,113,2.0,14616
6739,7250,134,4.0,65964
6740,7250,60,2.0,84088
6741,7250,78,4.0,42378
6742,7251,6,1.0,21286
6743,7251,38,1.0,76444
6744,7251,78,4.0,42378
6745,7251,130,3.0,27703
6746,7251,20,2.0,44033
6747,7252,38,1.0,76444
6748,7252,48,1.0,68133
6749,7253,53,4.0,50574
6750,7253,93,2.0,64437
6751,7253,98,1.0,83293
6752,7253,71,3.0,4786
6753,7254,102,2.0,22808
6754,7254,45,3.0,48206
6755,7255,101,5.0,86737
6756,7255,60,2.0,84088
6757,7256,63,3.0,33538
6758,7256,99,4.0,34203
6759,7256,17,2.0,13948
6760,7256,86,5.0,49654
6761,7256,72,3.0,20480
6762,7257,66,4.0,82653
6763,7257,73,5.0,87951
6764,7257,36,3.0,53847
6765,7257,28,2.0,90487
6766,7258,38,4.0,76444
6767,7258,132,1.0,42778
6768,7258,116,4.0,42082
6769,7258,97,1.0,3679
6770,7258,90,3.0,49507
6771,7259,27,2.0,65552
6772,7259,91,1.0,98063
6773,7259,143,3.0,20414
6774,7259,127,4.0,94118
6775,7259,105,4.0,56021
6776,7260,49,5.0,92850
6777,7260,37,5.0,95562
6778,7261,140,4.0,83331
6779,7262,48,5.0,68133
6780,7263,29,5.0,7739
6781,7264,69,4.0,48871
6782,7264,64,5.0,69811
6783,7264,89,1.0,83106
6784,7265,98,4.0,83293
6785,7265,63,3.0,33538
6786,7265,92,4.0,61356
6787,7265,39,1.0,54311
6788,7265,146,2.0,52304
6789,7266,10,2.0,26689
6790,7266,39,5.0,54311
6791,7266,93,3.0,64437
6792,7267,135,4.0,94663
6793,7267,43,4.0,88213
6794,7267,88,3.0,4300
6795,7267,56,3.0,9175
6796,7268,137,5.0,73589
6797,7269,108,3.0,46915
6798,7269,2,5.0,48841
6799,7269,96,2.0,8053
6800,7269,17,4.0,13948
6801,7270,95,4.0,51431
6802,7270,37,5.0,95562
6803,7270,54,2.0,9962
6804,7271,65,5.0,25065
6805,7271,85,1.0,48998
6806,7272,148,5.0,55893
6807,7272,87,2.0,41279
6808,7272,83,3.0,61817
6809,7272,7,5.0,95184
6810,7273,139,1.0,34743
6811,7273,50,5.0,37334
6812,7273,81,2.0,19078
6813,7274,5,1.0,26134
6814,7274,129,2.0,14470
6815,7274,112,1.0,69548
6816,7275,61,3.0,26079
6817,7276,62,5.0,98446
6818,7276,78,2.0,42378
6819,7276,140,5.0,83331
6820,7276,19,5.0,72397
6821,7276,22,1.0,78894
6822,7277,66,5.0,82653
6823,7277,44,4.0,82291
6824,7277,76,4.0,56428
6825,7277,62,3.0,98446
6826,7278,132,3.0,42778
6827,7278,44,2.0,82291
6828,7278,25,1.0,16898
6829,7278,47,2.0,53706
6830,7279,147,1.0,53510
6831,7279,86,2.0,49654
6832,7279,102,1.0,22808
6833,7279,49,2.0,92850
6834,7279,78,2.0,42378
6835,7280,38,4.0,76444
6836,7280,31,4.0,7724
6837,7280,117,5.0,12972
6838,7280,113,5.0,14616
6839,7280,20,1.0,44033
6840,7281,13,2.0,97810
6841,7281,108,2.0,46915
6842,7281,99,3.0,34203
6843,7281,52,2.0,58298
6844,7282,103,4.0,31445
6845,7283,105,3.0,56021
6846,7283,14,2.0,55863
6847,7284,115,4.0,25302
6848,7284,28,1.0,90487
6849,7285,106,2.0,95466
6850,7285,97,3.0,3679
6851,7285,69,3.0,48871
6852,7285,135,1.0,94663
6853,7285,133,2.0,19030
6854,7286,135,3.0,94663
6855,7286,18,4.0,79719
6856,7286,125,5.0,33628
6857,7286,51,4.0,59928
6858,7286,69,3.0,48871
6859,7287,92,5.0,61356
6860,7287,93,2.0,64437
6861,7287,128,5.0,80334
6862,7287,44,3.0,82291
6863,7287,143,5.0,20414
6864,7288,13,1.0,97810
6865,7288,55,3.0,34918
6866,7288,28,3.0,90487
6867,7288,104,3.0,9521
6868,7289,42,3.0,47104
6869,7289,62,5.0,98446
6870,7289,65,5.0,25065
6871,7290,22,3.0,78894
6872,7290,127,4.0,94118
6873,7291,79,3.0,81723
6874,7291,84,2.0,87906
6875,7291,131,4.0,76514
6876,7291,106,2.0,95466
6877,7291,102,1.0,22808
6878,7292,115,5.0,25302
6879,7292,94,3.0,67315
6880,7292,60,4.0,84088
6881,7292,56,2.0,9175
6882,7293,86,5.0,49654
6883,7293,9,3.0,20871
6884,7293,2,5.0,48841
6885,7294,3,1.0,13554
6886,7294,145,5.0,70418
6887,7294,127,4.0,94118
6888,7294,9,4.0,20871
6889,7295,14,1.0,55863
6890,7296,138,2.0,52367
6891,7296,52,3.0,58298
6892,7297,136,1.0,53946
6893,7297,109,2.0,19474
6894,7297,99,3.0,34203
6895,7298,32,5.0,15187
6896,7298,101,2.0,86737
6897,7299,114,4.0,38630
6898,7300,38,3.0,76444
6899,7300,81,1.0,19078
6900,7300,100,4.0,71517
6901,7300,106,4.0,95466
6902,7301,141,4.0,19091
6903,7301,92,4.0,61356
6904,7301,110,1.0,30121
6905,7301,112,2.0,69548
6906,7302,100,1.0,71517
6907,7303,105,2.0,56021
6908,7303,126,4.0,20393
6909,7303,136,4.0,53946
6910,7303,90,3.0,49507
6911,7303,65,1.0,25065
6912,7304,91,5.0,98063
6913,7304,127,3.0,94118
6914,7305,115,2.0,25302
6915,7305,73,1.0,87951
6916,7305,130,3.0,27703
6917,7305,119,2.0,26176
6918,7305,85,2.0,48998
6919,7306,111,5.0,73941
6920,7306,130,4.0,27703
6921,7307,144,4.0,93669
6922,7307,14,2.0,55863
6923,7308,150,3.0,30192
6924,7309,44,5.0,82291
6925,7309,124,2.0,78300
6926,7309,132,1.0,42778
6927,7309,46,1.0,23671
6928,7309,79,5.0,81723
6929,7310,76,1.0,56428
6930,7310,146,2.0,52304
6931,7310,59,1.0,20643
6932,7311,16,3.0,9937
6933,7311,7,3.0,95184
6934,7311,76,5.0,56428
6935,7311,62,2.0,98446
6936,7312,108,2.0,46915
6937,7313,35,2.0,58295
6938,7314,4,4.0,46721
6939,7314,60,3.0,84088
6940,7314,110,5.0,30121
6941,7314,146,3.0,52304
6942,7315,115,2.0,25302
6943,7316,35,5.0,58295
6944,7317,26,5.0,18911
6945,7317,84,5.0,87906
6946,7317,21,2.0,81691
6947,7317,39,1.0,54311
6948,7317,28,5.0,90487
6949,7318,48,5.0,68133
6950,7319,93,2.0,64437
6951,7319,4,2.0,46721
6952,7319,3,4.0,13554
6953,7319,97,4.0,3679
6954,7320,142,1.0,40304
6955,7320,8,2.0,49819
6956,7320,69,3.0,48871
6957,7321,72,4.0,20480
6958,7321,117,3.0,12972
6959,7321,71,3.0,4786
6960,7321,38,5.0,76444
6961,7321,28,5.0,90487
6962,7322,13,1.0,97810
6963,7322,117,3.0,12972
6964,7322,18,5.0,79719
6965,7322,80,3.0,89761
6966,7323,90,2.0,49507
6967,7323,94,1.0,67315
6968,7323,102,5.0,22808
6969,7323,75,4.0,35916
6970,7324,71,2.0,4786
6971,7324,116,2.0,42082
6972,7324,146,5.0,52304
6973,7324,128,2.0,80334
6974,7324,42,1.0,47104
6975,7325,60,2.0,84088
6976,7325,33,2.0,20004
6977,7326,69,3.0,48871
6978,7326,123,1.0,50047
6979,7326,36,1.0,53847
6980,7326,105,4.0,56021
6981,7326,22,5.0,78894
6982,7327,136,4.0,53946
6983,7328,1,1.0,50707
6984,7328,83,5.0,61817
6985,7328,50,4.0,37334
6986,7329,113,2.0,14616
6987,7329,140,5.0,83331
6988,7330,106,3.0,95466
6989,7331,124,5.0,78300
6990,7331,102,3.0,22808
6991,7331,85,3.0,48998
6992,7332,92,2.0,61356
6993,7333,43,2.0,88213
6994,7334,122,2.0,58214
6995,7335,101,3.0,86737
6996,7335,116,5.0,42082
6997,7335,63,2.0,33538
6998,7335,146,2.0,52304
6999,7335,18,3.0,79719
7000,7336,107,2.0,84963
7001,7336,40,5.0,48312
7002,7337,22,3.0,78894
7003,7337,129,5.0,14470
7004,7337,41,3.0,92765
7005,7337,133,5.0,19030
7006,7337,26,3.0,18911
7007,7338,103,1.0,31445
7008,7338,138,1.0,52367
7009,7338,146,5.0,52304
7010,7338,82,3.0,87619
7011,7338,104,1.0,9521
7012,7339,35,1.0,58295
7013,7339,79,1.0,81723
7014,7339,133,4.0,19030
7015,7339,148,5.0,55893
7016,7340,25,3.0,16898
7017,7340,18,2.0,79719
7018,7340,52,1.0,58298
7019,7340,80,5.0,89761
7020,7340,44,1.0,82291
7021,7341,40,2.0,48312
7022,7341,139,1.0,34743
7023,7341,92,4.0,61356
7024,7341,130,5.0,27703
7025,7342,101,4.0,86737
7026,7343,142,4.0,40304
7027,7343,129,4.0,14470
7028,7344,122,4.0,58214
7029,7344,42,2.0,47104
7030,7344,20,4.0,44033
7031,7344,24,1.0,43443
7032,7345,64,4.0,69811
7033,7345,91,3.0,98063
7034,7346,135,1.0,94663
7035,7346,106,5.0,95466
7036,7346,22,5.0,78894
7037,7346,99,5.0,34203
7038,7347,36,4.0,53847
7039,7347,106,2.0,95466
7040,7347,60,5.0,84088
7041,7347,146,4.0,52304
7042,7348,113,5.0,14616
7043,7349,75,3.0,35916
7044,7350,132,5.0,42778
7045,7350,119,4.0,26176
7046,7350,144,5.0,93669
7047,7350,10,1.0,26689
7048,7350,100,3.0,71517
7049,7351,77,5.0,6325
7050,7351,90,3.0,49507
7051,7352,100,5.0,71517
7052,7352,75,2.0,35916
7053,7352,85,3.0,48998
7054,7352,105,1.0,56021
7055,7353,25,3.0,16898
7056,7353,71,5.0,4786
7057,7353,110,1.0,30121
7058,7353,141,3.0,19091
7059,7353,46,5.0,23671
7060,7354,59,2.0,20643
7061,7354,131,5.0,76514
7062,7354,6,1.0,21286
7063,7355,89,5.0,83106
7064,7356,74,1.0,16985
7065,7356,32,4.0,15187
7066,7357,34,1.0,36630
7067,7358,27,2.0,65552
7068,7359,135,1.0,94663
7069,7360,119,2.0,26176
7070,7360,129,1.0,14470
7071,7360,143,5.0,20414
7072,7360,47,4.0,53706
7073,7361,115,5.0,25302
7074,7361,48,5.0,68133
7075,7361,86,4.0,49654
7076,7361,78,5.0,42378
7077,7362,29,1.0,7739
7078,7362,92,2.0,61356
7079,7362,47,3.0,53706
7080,7362,129,4.0,14470
7081,7363,4,4.0,46721
7082,7363,33,3.0,20004
7083,7363,73,2.0,87951
7084,7363,56,5.0,9175
7085,7363,108,3.0,46915
7086,7364,35,5.0,58295
7087,7364,86,5.0,49654
7088,7364,76,3.0,56428
7089,7364,17,1.0,13948
7090,7364,43,3.0,88213
7091,7365,12,3.0,52829
7092,7365,19,2.0,72397
7093,7366,144,4.0,93669
7094,7366,55,5.0,34918
7095,7366,61,2.0,26079
7096,7366,111,4.0,73941
7097,7367,17,1.0,13948
7098,7367,139,3.0,34743
7099,7367,44,4.0,82291
7100,7367,91,5.0,98063
7101,7367,104,2.0,9521
7102,7368,98,3.0,83293
7103,7368,63,3.0,33538
7104,7368,37,4.0,95562
7105,7369,46,2.0,23671
7106,7369,67,1.0,33911
7107,7369,143,4.0,20414
7108,7370,135,2.0,94663
7109,7370,107,4.0,84963
7110,7370,145,5.0,70418
7111,7370,66,3.0,82653
7112,7370,90,4.0,49507
7113,7371,138,5.0,52367
7114,7371,29,4.0,7739
7115,7371,69,2.0,48871
7116,7371,89,1.0,83106
7117,7372,75,4.0,35916
7118,7372,62,5.0,98446
7119,7372,104,3.0,9521
7120,7372,43,2.0,88213
7121,7373,7,4.0,95184
7122,7373,127,2.0,94118
7123,7374,145,5.0,70418
7124,7375,26,2.0,18911
7125,7375,47,2.0,53706
7126,7375,73,5.0,87951
7127,7375,67,5.0,33911
7128,7376,116,3.0,42082
7129,7376,71,1.0,4786
7130,7377,73,3.0,87951
7131,7378,23,5.0,18620
7132,7378,69,2.0,48871
7133,7378,64,3.0,69811
7134,7378,89,4.0,83106
7135,7379,92,5.0,61356
7136,7379,114,5.0,38630
7137,7379,50,3.0,37334
7138,7379,116,4.0,42082
7139,99999,105,1.0,56021
7140,7380,114,3.0,38630
7141,7380,136,2.0,53946
7142,7380,142,2.0,40304
7143,7380,122,3.0,58214
7144,7380,58,5.0,39174
7145,7381,146,3.0,52304
7146,7381,42,3.0,47104
7147,7381,52,1.0,58298
7148,7381,57,2.0,92455
7149,7382,95,2.0,51431
7150,7382,67,1.0,33911
7151,7382,18,3.0,79719
7152,7382,13,5.0,97810
7153,7383,93,4.0,64437
7154,7384,10,1.0,26689
7155,7385,125,5.0,33628
7156,7385,149,4.0,95245
7157,7385,70,3.0,55878
7158,7385,74,5.0,16985
7159,7385,97,4.0,3679
7160,7386,116,1.0,42082
7161,7387,56,4.0,9175
7162,7388,37,1.0,95562
7163,7388,63,1.0,33538
7164,7388,71,3.0,4786
7165,7388,47,4.0,53706
7166,7388,38,1.0,76444
7167,7389,60,2.0,84088
7168,7389,48,1.0,68133
7169,7389,140,3.0,83331
7170,7389,100,2.0,71517
7171,7389,36,4.0,53847
7172,7390,20,1.0,44033
7173,7390,36,2.0,53847
7174,7390,97,3.0,3679
7175,7391,3,3.0,13554
7176,7391,140,5.0,83331
7177,7391,24,3.0,43443
7178,7391,51,2.0,59928
7179,7391,70,3.0,55878
7180,7392,40,4.0,48312
7181,7392,121,2.0,32706
7182,7393,129,5.0,14470
7183,7393,91,4.0,98063
7184,7393,72,3.0,20480
7185,7394,29,4.0,7739
7186,7394,76,4.0,56428
7187,7394,144,5.0,93669
7188,7394,123,2.0,50047
7189,7395,37,2.0,95562
7190,7395,68,4.0,25842
7191,7395,150,1.0,30192
7192,7395,109,1.0,19474
7193,7396,40,2.0,48312
7194,7396,80,5.0,89761
7195,7397,149,3.0,95245
7196,7397,4,4.0,46721
7197,7397,85,1.0,48998
7198,7397,123,2.0,50047
7199,7398,50,4.0,37334
7200,7398,134,3.0,65964
7201,7398,54,1.0,9962
7202,7399,79,3.0,81723
7203,7399,6,2.0,21286
7204,7399,119,1.0,26176
7205,7400,16,2.0,9937
7206,7400,124,2.0,78300
7207,7400,17,2.0,13948
7208,7400,109,1.0,19474
7209,7401,6,4.0,21286
7210,7402,77,4.0,6325
7211,7403,9999,3.0,46915
7212,7403,107,1.0,84963
7213,7403,68,5.0,25842
7214,7403,5,4.0,26134
7215,7404,40,1.0,48312
7216,7404,95,1.0,51431
7217,7404,46,1.0,23671
7218,7404,77,5.0,6325
7219,7405,42,5.0,47104
7220,7405,16,4.0,9937
7221,7406,44,3.0,82291
7222,7406,95,4.0,51431
7223,7406,49,2.0,92850
7224,7406,6,3.0,21286
7225,7406,102,4.0,22808
7226,7407,27,1.0,65552
7227,7407,10,2.0,26689
7228,7407,28,3.0,90487
7229,7407,141,4.0,19091
7230,7407,7,5.0,95184
7231,7408,60,5.0,84088
7232,7408,144,2.0,93669
7233,7408,58,1.0,39174
7234,7408,7,5.0,95184
7235,7408,107,5.0,84963
7236,7409,60,4.0,84088
7237,7409,74,1.0,16985
7238,7409,147,3.0,53510
7239,7410,108,1.0,46915
7240,7410,145,2.0,70418
7241,7410,143,4.0,20414
7242,7410,11,4.0,10900
7243,7411,13,2.0,97810
7244,7411,129,4.0,14470
7245,7411,31,4.0,7724
7246,7412,80,2.0,89761
7247,7413,140,5.0,83331
7248,7413,111,5.0,73941
7249,7413,57,5.0,92455
7250,7414,125,4.0,33628
7251,7414,48,2.0,68133
7252,7415,126,4.0,20393
7253,7416,106,1.0,95466
7254,7416,47,4.0,53706
7255,7417,35,1.0,58295
7256,7417,104,1.0,9521
7257,7418,79,2.0,81723
7258,7418,58,5.0,39174
7259,7418,98,2.0,83293
7260,7419,16,5.0,9937
7261,7419,63,1.0,33538
7262,7419,12,3.0,52829
7263,7419,133,3.0,19030
7264,7420,47,4.0,53706
7265,7421,74,1.0,16985
7266,7421,117,2.0,12972
7267,7422,132,1.0,42778
7268,7422,61,4.0,26079
7269,7423,90,2.0,49507
7270,7423,49,1.0,92850
7271,7423,116,2.0,42082
7272,7424,14,2.0,55863
7273,7424,6,4.0,21286
7274,7425,86,3.0,49654
7275,7425,13,1.0,97810
7276,7426,65,4.0,25065
7277,7426,5,5.0,26134
7278,7426,35,1.0,58295
7279,7426,93,5.0,64437
7280,7426,123,1.0,50047
7281,7427,41,2.0,92765
7282,7427,108,2.0,46915
7283,7428,74,5.0,16985
7284,7428,145,5.0,70418
7285,7428,54,1.0,9962
7286,7428,20,2.0,44033
7287,7428,108,4.0,46915
7288,7429,89,2.0,83106
7289,7429,31,4.0,7724
7290,7429,35,1.0,58295
7291,7429,118,5.0,13822
7292,7430,67,1.0,33911
7293,7430,45,2.0,48206
7294,7430,94,4.0,67315
7295,7431,138,5.0,52367
7296,7431,71,3.0,4786
7297,7432,28,5.0,90487
7298,7432,132,4.0,42778
7299,7432,45,1.0,48206
7300,7433,117,5.0,12972
7301,7433,115,5.0,25302
7302,7433,73,5.0,87951
7303,7434,143,5.0,20414
7304,7434,77,2.0,6325
7305,7434,28,4.0,90487
7306,7435,108,5.0,46915
7307,7435,121,5.0,32706
7308,7435,38,2.0,76444
7309,7436,93,2.0,64437
7310,7436,123,4.0,50047
7311,7437,121,2.0,32706
7312,7437,100,4.0,71517
7313,7437,60,5.0,84088
7314,7437,16,4.0,9937
7315,7437,103,2.0,31445
7316,7438,59,4.0,20643
7317,7438,101,2.0,86737
7318,7438,36,3.0,53847
7319,7438,16,1.0,9937
7320,7438,148,5.0,55893
7321,7439,108,5.0,46915
7322,7439,51,4.0,59928
7323,7439,84,1.0,87906
7324,7439,50,4.0,37334
7325,7440,85,5.0,48998
7326,7440,117,4.0,12972
7327,7440,27,2.0,65552
7328,7441,29,4.0,7739
7329,7441,41,3.0,92765
7330,7441,9,3.0,20871
7331,7441,78,3.0,42378
7332,7441,120,1.0,3186
7333,7442,84,4.0,87906
7334,7443,2,5.0,48841
7335,7443,124,1.0,78300
7336,7444,135,4.0,94663
7337,7444,122,3.0,58214
7338,7444,36,2.0,53847
7339,7445,142,5.0,40304
7340,7445,82,4.0,87619
7341,7445,103,1.0,31445
7342,7446,96,2.0,8053
7343,7446,59,1.0,20643
7344,7446,89,2.0,83106
7345,7446,23,1.0,18620
7346,7446,87,1.0,41279
7347,7447,117,4.0,12972
7348,7448,27,1.0,65552
7349,7448,61,1.0,26079
7350,7448,70,4.0,55878
7351,7448,21,5.0,81691
7352,7449,122,3.0,58214
7353,7449,4,4.0,46721
7354,7450,16,4.0,9937
7355,7450,70,2.0,55878
7356,7450,61,1.0,26079
7357,7450,116,3.0,42082
7358,7450,85,5.0,48998
7359,7451,29,3.0,7739
7360,7452,81,3.0,19078
7361,7452,43,2.0,88213
7362,7453,62,1.0,98446
7363,7454,113,4.0,14616
7364,7454,71,4.0,4786
7365,7455,124,1.0,78300
7366,7455,65,5.0,25065
7367,7455,67,4.0,33911
7368,7456,116,1.0,42082
7369,7456,69,1.0,48871
7370,7456,91,4.0,98063
7371,7456,108,1.0,46915
7372,7457,120,3.0,3186
7373,7457,25,2.0,16898
7374,7457,94,3.0,67315
7375,7457,135,4.0,94663
7376,7457,42,5.0,47104
7377,7458,29,4.0,7739
7378,7459,47,3.0,53706
7379,7459,143,5.0,20414
7380,7459,121,1.0,32706
7381,7460,104,4.0,9521
7382,7460,124,1.0,78300
7383,7461,85,5.0,48998
7384,7461,32,1.0,15187
7385,7461,127,5.0,94118
7386,7461,73,3.0,87951
7387,7461,6,1.0,21286
7388,7462,62,4.0,98446
7389,7462,60,3.0,84088
7390,7462,93,3.0,64437
7391,7462,80,4.0,89761
7392,7463,32,2.0,15187
7393,7464,48,5.0,68133
7394,7464,39,2.0,54311
7395,7465,80,5.0,89761
7396,7466,25,2.0,16898
7397,7466,113,5.0,14616
7398,7466,50,2.0,37334
7399,7466,78,2.0,42378
7400,7466,123,4.0,50047
7401,7467,79,2.0,81723
7402,7467,49,2.0,92850
7403,7468,22,5.0,78894
7404,7468,109,1.0,19474
7405,7468,115,5.0,25302
7406,7468,66,2.0,82653
7407,7469,18,4.0,79719
7408,7469,74,1.0,16985
7409,7469,68,4.0,25842
7410,7469,63,5.0,33538
7411,7469,61,1.0,26079
7412,7470,85,5.0,48998
7413,7470,32,1.0,15187
7414,7470,97,1.0,3679
7415,7470,34,4.0,36630
7416,7470,143,1.0,20414
7417,7471,124,1.0,78300
7418,7471,65,3.0,25065
7419,7472,26,2.0,18911
7420,7472,14,3.0,55863
7421,7472,146,4.0,52304
7422,7473,32,3.0,15187
7423,7473,43,1.0,88213
7424,7473,60,4.0,84088
7425,7474,107,3.0,84963
7426,7474,140,3.0,83331
7427,7474,65,1.0,25065
7428,7474,49,4.0,92850
7429,7474,45,4.0,48206
7430,7475,9,1.0,20871
7431,7476,145,5.0,70418
7432,7476,81,2.0,19078
7433,7477,122,4.0,58214
7434,7477,31,5.0,7724
7435,7477,38,2.0,76444
7436,7478,35,5.0,58295
7437,7478,106,1.0,95466
7438,7478,133,5.0,19030
7439,7478,88,3.0,4300
7440,7479,30,4.0,51211
7441,7479,8,3.0,49819
7442,7479,45,4.0,48206
7443,7480,83,4.0,61817
7444,7480,30,2.0,51211
7445,7481,15,4.0,48998
7446,7481,10,5.0,26689
7447,7481,121,3.0,32706
7448,7481,34,2.0,36630
7449,7481,47,1.0,53706
7450,7482,118,3.0,13822
7451,7483,75,4.0,35916
7452,7483,85,2.0,48998
7453,7483,19,2.0,72397
7454,7484,90,3.0,49507
7455,7484,136,1.0,53946
7456,7485,37,3.0,95562
7457,7486,109,1.0,19474
7458,7486,67,3.0,33911
7459,7487,50,2.0,37334
7460,7487,53,5.0,50574
7461,7487,93,1.0,64437
7462,7487,38,4.0,76444
7463,7487,96,5.0,8053
7464,7488,2,2.0,48841
7465,7488,111,5.0,73941
7466,7488,83,5.0,61817
7467,7488,68,4.0,25842
7468,7488,91,5.0,98063
7469,7489,7,4.0,95184
7470,7489,13,2.0,97810
7471,7489,21,4.0,81691
7472,7490,139,3.0,34743
7473,7490,106,5.0,95466
7474,7491,17,4.0,13948
7475,7491,136,4.0,53946
7476,7491,137,2.0,73589
7477,7491,42,2.0,47104
7478,7491,12,5.0,52829
7479,7492,50,2.0,37334
7480,7492,134,3.0,65964
7481,7493,92,1.0,61356
7482,7493,16,4.0,9937
7483,7493,22,4.0,78894
7484,7493,126,5.0,20393
7485,7493,148,1.0,55893
7486,7494,141,2.0,19091
7487,7494,132,3.0,42778
7488,7494,128,5.0,80334
7489,7494,54,5.0,9962
7490,7494,115,1.0,25302
7491,7495,89,1.0,83106
7492,7495,82,5.0,87619
7493,7495,80,1.0,89761
7494,7495,18,1.0,79719
7495,7495,25,5.0,16898
7496,7496,145,1.0,70418
7497,7497,106,3.0,95466
7498,7498,83,4.0,61817
7499,7498,6,4.0,21286
7500,7498,47,3.0,53706
7501,7498,104,5.0,9521
7502,7499,116,3.0,42082
7503,7499,19,2.0,72397
7504,7499,118,5.0,13822
7505,7499,3,1.0,13554
7506,7499,73,4.0,87951
7507,7500,108,1.0,46915
7508,7500,138,3.0,52367
7509,7500,30,1.0,51211
7510,7501,64,4.0,69811
7511,7502,77,2.0,6325
7512,7502,66,1.0,82653
7513,7503,129,5.0,14470
7514,7504,55,5.0,34918
7515,7505,5,3.0,26134
7516,7505,113,5.0,14616
7517,7505,2,5.0,48841
7518,7505,126,2.0,20393
7519,7506,25,5.0,16898
7520,7506,132,2.0,42778
7521,7506,119,3.0,26176
7522,7506,12,5.0,52829
7523,7507,50,5.0,37334
7524,7507,114,5.0,38630
7525,7508,102,2.0,22808
7526,7508,108,2.0,46915
7527,7508,15,2.0,48998
7528,7508,41,5.0,92765
7529,7509,44,1.0,82291
7530,7510,85,1.0,48998
7531,7510,60,1.0,84088
7532,7510,59,4.0,20643
7533,7511,112,1.0,69548
7534,7512,56,4.0,9175
7535,7512,50,5.0,37334
7536,7512,22,5.0,78894
7537,7512,11,3.0,10900
7538,7513,32,1.0,15187
7539,7513,138,3.0,52367
7540,7514,110,5.0,30121
7541,7515,82,5.0,87619
7542,7515,26,4.0,18911
7543,7515,115,3.0,25302
7544,7515,127,4.0,94118
7545,7516,73,1.0,87951
7546,7516,136,5.0,53946
7547,7516,107,4.0,84963
7548,7516,77,4.0,6325
7549,7516,52,3.0,58298
7550,7517,7,2.0,95184
7551,7517,104,2.0,9521
7552,7517,118,3.0,13822
7553,7517,8,3.0,49819
7554,7517,45,1.0,48206
7555,7518,150,3.0,30192
7556,7519,8,2.0,49819
7557,7519,133,3.0,19030
7558,7519,87,4.0,41279
7559,7519,125,5.0,33628
7560,7520,1,1.0,50707
7561,7521,109,2.0,19474
7562,7522,23,3.0,18620
7563,7523,147,5.0,53510
7564,7524,21,4.0,81691
7565,7524,110,3.0,30121
7566,7525,54,4.0,9962
7567,7525,4,3.0,46721
7568,7525,144,1.0,93669
7569,7525,32,5.0,15187
7570,7526,31,4.0,7724
7571,7527,105,5.0,56021
7572,7527,71,1.0,4786
7573,7528,119,5.0,26176
7574,7528,98,5.0,83293
7575,7528,1,4.0,50707
7576,7528,63,5.0,33538
7577,7528,125,4.0,33628
7578,7529,130,4.0,27703
7579,7530,69,3.0,48871
7580,7530,107,1.0,84963
7581,7531,107,5.0,84963
7582,7531,34,5.0,36630
7583,7531,72,5.0,20480
7584,7531,14,4.0,55863
7585,7532,56,1.0,9175
7586,7533,9,3.0,20871
7587,7533,133,1.0,19030
7588,7533,6,4.0,21286
7589,7533,4,2.0,46721
7590,7533,14,5.0,55863
7591,7534,14,3.0,55863
7592,7535,73,1.0,87951
7593,7535,146,1.0,52304
7594,7535,79,3.0,81723
7595,7536,18,1.0,79719
7596,7537,91,2.0,98063
7597,7537,16,4.0,9937
7598,7537,66,5.0,82653
7599,7537,95,5.0,51431
7600,7538,96,3.0,8053
7601,7538,13,2.0,97810
7602,7538,61,2.0,26079
7603,7538,55,5.0,34918
7604,7539,64,5.0,69811
7605,7539,107,3.0,84963
7606,7539,25,2.0,16898
7607,7539,87,1.0,41279
7608,7539,31,2.0,7724
7609,7540,126,3.0,20393
7610,7540,147,1.0,53510
7611,7540,15,3.0,48998
7612,7541,124,4.0,78300
7613,7541,13,5.0,97810
7614,7541,75,2.0,35916
7615,7541,12,4.0,52829
7616,7541,130,4.0,27703
7617,7542,14,1.0,55863
7618,7542,11,5.0,10900
7619,7543,51,3.0,59928
7620,7543,29,2.0,7739
7621,7544,131,2.0,76514
7622,7544,53,4.0,50574
7623,7545,8,2.0,49819
7624,7545,19,1.0,72397
7625,7545,63,5.0,33538
7626,7546,70,1.0,55878
7627,7546,61,5.0,26079
7628,7546,72,3.0,20480
7629,7546,96,4.0,8053
7630,7547,134,4.0,65964
7631,7547,57,2.0,92455
7632,7547,127,5.0,94118
7633,7548,101,1.0,86737
7634,7548,122,2.0,58214
7635,7549,61,5.0,26079
7636,7549,86,3.0,49654
7637,7550,70,1.0,55878
7638,7550,94,1.0,67315
7639,7550,125,4.0,33628
7640,7551,62,5.0,98446
7641,7551,72,5.0,20480
7642,7552,118,3.0,13822
7643,7553,50,5.0,37334
7644,7553,36,5.0,53847
7645,7553,42,4.0,47104
7646,7553,63,2.0,33538
7647,7553,134,3.0,65964
7648,7554,131,4.0,76514
7649,7555,97,4.0,3679
7650,7555,145,2.0,70418
7651,7555,69,4.0,48871
7652,7555,70,3.0,55878
7653,7556,114,3.0,38630
7654,7557,76,5.0,56428
7655,7557,26,1.0,18911
7656,7558,87,3.0,41279
7657,7558,47,3.0,53706
7658,7558,8,1.0,49819
7659,7558,63,1.0,33538
7660,7558,51,1.0,59928
7661,7559,6,3.0,21286
7662,7559,96,2.0,8053
7663,7560,9,4.0,20871
7664,7560,17,4.0,13948
7665,7560,92,3.0,61356
7666,7560,1,2.0,50707
7667,7561,147,2.0,53510
7668,7561,76,1.0,56428
7669,7561,93,4.0,64437
7670,7561,73,3.0,87951
7671,7561,111,1.0,73941
7672,7562,2,4.0,48841
7673,7562,44,1.0,82291
7674,7563,17,3.0,13948
7675,7563,30,2.0,51211
7676,7563,29,2.0,7739
7677,7564,81,4.0,19078
7678,7564,43,1.0,88213
7679,7565,18,2.0,79719
7680,7565,84,1.0,87906
7681,7565,12,5.0,52829
7682,7566,142,3.0,40304
7683,7566,55,2.0,34918
7684,7566,57,3.0,92455
7685,7567,27,5.0,65552
7686,7567,90,4.0,49507
7687,7567,12,2.0,52829
7688,7567,22,3.0,78894
7689,7567,134,2.0,65964
7690,7568,20,3.0,44033
7691,7568,55,3.0,34918
7692,7568,82,2.0,87619
7693,7569,78,2.0,42378
7694,7569,149,5.0,95245
7695,7570,25,3.0,16898
7696,7570,62,5.0,98446
7697,7570,78,5.0,42378
7698,7570,10,5.0,26689
7699,7570,33,1.0,20004
7700,7571,36,5.0,53847
7701,7572,122,4.0,58214
7702,7572,110,4.0,30121
7703,7572,11,3.0,10900
7704,7572,49,5.0,92850
7705,7572,69,1.0,48871
7706,7573,139,3.0,34743
7707,7573,68,1.0,25842
7708,7573,30,4.0,51211
7709,7573,133,4.0,19030
7710,7573,147,5.0,53510
7711,7574,6,1.0,21286
7712,7574,3,4.0,13554
7713,7574,15,3.0,48998
7714,7574,106,5.0,95466
7715,7574,21,4.0,81691
7716,7575,130,1.0,27703
7717,7575,3,1.0,13554
7718,7575,80,1.0,89761
7719,7575,25,4.0,16898
7720,7575,94,4.0,67315
7721,7576,53,3.0,50574
7722,7577,136,5.0,53946
7723,7577,5,3.0,26134
7724,7578,25,5.0,16898
7725,7579,44,1.0,82291
7726,7579,81,5.0,19078
7727,7579,41,3.0,92765
7728,7579,120,1.0,3186
7729,7580,147,4.0,53510
7730,7580,58,4.0,39174
7731,7580,107,4.0,84963
7732,7581,6,3.0,21286
7733,7581,138,2.0,52367
7734,7582,131,5.0,76514
7735,7582,92,5.0,61356
7736,7582,103,1.0,31445
7737,7583,13,5.0,97810
7738,7583,85,2.0,48998
7739,7583,56,2.0,9175
7740,7583,92,5.0,61356
7741,7583,135,2.0,94663
7742,7584,15,4.0,48998
7743,7584,5,3.0,26134
7744,7584,12,2.0,52829
7745,7584,8,5.0,49819
7746,7585,22,3.0,78894
7747,7585,77,1.0,6325
7748,7586,27,5.0,65552
7749,7586,35,1.0,58295
7750,7586,103,3.0,31445
7751,7587,140,4.0,83331
7752,7587,150,4.0,30192
7753,7588,50,2.0,37334
7754,7588,150,4.0,30192
7755,7588,53,3.0,50574
7756,7589,102,5.0,22808
7757,7589,115,5.0,25302
7758,7590,128,2.0,80334
7759,7591,24,4.0,43443
7760,7591,82,4.0,87619
7761,7592,87,5.0,41279
7762,7592,149,4.0,95245
7763,7593,43,2.0,88213
7764,7593,40,2.0,48312
7765,7593,78,2.0,42378
7766,7594,103,4.0,31445
7767,7594,51,4.0,59928
7768,7594,136,3.0,53946
7769,7594,111,3.0,73941
7770,7594,33,2.0,20004
7771,7595,74,5.0,16985
7772,7595,71,3.0,4786
7773,7595,125,5.0,33628
7774,7595,122,3.0,58214
7775,7596,120,4.0,3186
7776,7597,20,2.0,44033
7777,7597,138,2.0,52367
7778,7598,75,5.0,35916
7779,7598,74,4.0,16985
7780,7598,48,2.0,68133
7781,7598,105,5.0,56021
7782,7598,7,5.0,95184
7783,7599,15,2.0,48998
7784,7599,26,3.0,18911
7785,7599,1,4.0,50707
7786,7600,96,1.0,8053
7787,7600,130,3.0,27703
7788,7601,39,2.0,54311
7789,7601,124,5.0,78300
7790,7602,89,5.0,83106
7791,7602,36,4.0,53847
7792,7602,111,2.0,73941
7793,7602,140,2.0,83331
7794,7602,69,1.0,48871
7795,7603,6,3.0,21286
7796,7603,32,3.0,15187
7797,7603,133,2.0,19030
7798,7603,129,5.0,14470
7799,7604,68,4.0,25842
7800,7604,148,1.0,55893
7801,7604,64,4.0,69811
7802,7604,6,4.0,21286
7803,7604,73,4.0,87951
7804,7605,140,3.0,83331
7805,7605,144,3.0,93669
7806,7605,48,1.0,68133
7807,7605,139,3.0,34743
7808,7606,114,3.0,38630
7809,7607,68,1.0,25842
7810,7608,82,4.0,87619
7811,7608,6,2.0,21286
7812,7608,95,5.0,51431
7813,7608,8,2.0,49819
7814,7608,132,1.0,42778
7815,7609,135,1.0,94663
7816,7609,74,5.0,16985
7817,7610,30,3.0,51211
7818,7610,86,3.0,49654
7819,7610,107,3.0,84963
7820,7610,109,2.0,19474
7821,7610,36,4.0,53847
7822,7611,24,4.0,43443
7823,7611,40,2.0,48312
7824,7612,38,4.0,76444
7825,7612,10,1.0,26689
7826,7612,129,2.0,14470
7827,7612,16,1.0,9937
7828,7613,90,2.0,49507
7829,7613,43,4.0,88213
7830,7613,84,5.0,87906
7831,7613,9999,5.0,9175
7832,7613,28,5.0,90487
7833,7614,38,1.0,76444
7834,7614,129,4.0,14470
7835,7614,66,4.0,82653
7836,7614,49,4.0,92850
7837,7614,71,3.0,4786
7838,7615,89,5.0,83106
7839,7615,47,5.0,53706
7840,7615,8,4.0,49819
7841,7615,117,4.0,12972
7842,7615,147,5.0,53510
7843,7616,149,4.0,95245
7844,7616,24,4.0,43443
7845,7616,122,4.0,58214
7846,7616,70,5.0,55878
7847,7617,76,3.0,56428
7848,7617,34,3.0,36630
7849,7617,141,5.0,19091
7850,7617,26,1.0,18911
7851,7618,90,2.0,49507
7852,7618,147,3.0,53510
7853,7618,45,1.0,48206
7854,7618,119,4.0,26176
7855,7618,11,5.0,10900
7856,7619,42,4.0,47104
7857,7619,26,1.0,18911
7858,7620,21,5.0,81691
7859,7620,8,4.0,49819
7860,7620,129,1.0,14470
7861,7620,128,1.0,80334
7862,7621,42,5.0,47104
7863,7621,139,2.0,34743
7864,7621,23,1.0,18620
7865,7621,27,4.0,65552
7866,7622,4,3.0,46721
7867,7622,20,2.0,44033
7868,7622,54,2.0,9962
7869,7622,33,4.0,20004
7870,7623,38,2.0,76444
7871,7623,43,4.0,88213
7872,7623,132,4.0,42778
7873,7623,118,1.0,13822
7874,7624,93,5.0,64437
7875,7625,2,2.0,48841
7876,7626,24,1.0,43443
7877,7626,107,4.0,84963
7878,7626,114,4.0,38630
7879,7626,72,4.0,20480
7880,7626,23,3.0,18620
7881,7627,92,1.0,61356
7882,7627,52,5.0,58298
7883,7627,54,3.0,9962
7884,7627,128,3.0,80334
7885,7628,63,3.0,33538
7886,7628,101,4.0,86737
7887,7628,14,5.0,55863
7888,7629,84,5.0,87906
7889,7630,121,3.0,32706
7890,7631,84,1.0,87906
7891,7631,38,3.0,76444
7892,7631,112,1.0,69548
7893,7631,29,3.0,7739
7894,7632,140,4.0,83331
7895,7632,13,5.0,97810
7896,7632,129,5.0,14470
7897,7633,134,4.0,65964
7898,7633,36,3.0,53847
7899,7634,73,4.0,87951
7900,7634,18,5.0,79719
7901,7634,31,5.0,7724
7902,7635,141,2.0,19091
7903,7636,68,1.0,25842
7904,7636,36,4.0,53847
7905,7636,91,1.0,98063
7906,7636,40,3.0,48312
7907,7637,58,3.0,39174
7908,7637,43,5.0,88213
7909,7638,80,4.0,89761
7910,7638,117,4.0,12972
7911,7639,136,5.0,53946
7912,7640,99,1.0,34203
7913,7640,33,1.0,20004
7914,7640,69,2.0,48871
7915,7641,111,4.0,73941
7916,7641,75,1.0,35916
7917,7641,109,5.0,19474
7918,7641,24,5.0,43443
7919,7641,23,1.0,18620
7920,7642,54,1.0,9962
7921,7642,77,2.0,6325
7922,7642,86,2.0,49654
7923,7642,69,4.0,48871
7924,7642,17,5.0,13948
7925,7643,18,5.0,79719
7926,7643,147,2.0,53510
7927,7644,125,2.0,33628
7928,7644,93,1.0,64437
7929,7644,72,2.0,20480
7930,7645,87,5.0,41279
7931,7646,50,4.0,37334
7932,7646,54,1.0,9962
7933,7646,35,3.0,58295
7934,7647,4,2.0,46721
7935,7647,20,5.0,44033
7936,7648,75,5.0,35916
7937,7648,130,5.0,27703
7938,7648,11,2.0,10900
7939,7648,52,2.0,58298
7940,7648,55,3.0,34918
7941,7649,40,5.0,48312
7942,7649,10,5.0,26689
7943,7649,37,2.0,95562
7944,7649,131,3.0,76514
7945,7649,7,3.0,95184
7946,7650,21,1.0,81691
7947,7650,124,2.0,78300
7948,7650,1,3.0,50707
7949,7650,115,5.0,25302
7950,7651,9,2.0,20871
7951,7651,148,1.0,55893
7952,7651,40,1.0,48312
7953,7651,99,5.0,34203
7954,7652,101,1.0,86737
7955,7652,31,5.0,7724
7956,7652,53,1.0,50574
7957,7652,8,4.0,49819
7958,7653,92,4.0,61356
7959,7654,108,4.0,46915
7960,7655,27,2.0,65552
7961,7655,29,5.0,7739
7962,7656,48,1.0,68133
7963,7656,69,2.0,48871
7964,7656,142,3.0,40304
7965,7656,141,4.0,19091
7966,7656,47,4.0,53706
7967,7657,76,5.0,56428
7968,7657,70,1.0,55878
7969,7657,133,4.0,19030
7970,7657,80,1.0,89761
7971,7657,6,3.0,21286
7972,7658,87,2.0,41279
7973,7658,98,1.0,83293
7974,7658,94,3.0,67315
7975,7658,42,4.0,47104
7976,7658,59,2.0,20643
7977,7659,47,5.0,53706
7978,7659,20,5.0,44033
7979,7660,23,2.0,18620
7980,7660,131,3.0,76514
7981,7660,99,3.0,34203
7982,7661,88,4.0,4300
7983,7661,96,1.0,8053
7984,7661,9999,5.0,26176
7985,7661,147,4.0,53510
7986,7662,14,2.0,55863
7987,7663,22,2.0,78894
7988,7663,143,1.0,20414
7989,7663,4,4.0,46721
7990,7663,107,3.0,84963
7991,7663,87,3.0,41279
7992,7664,31,4.0,7724
7993,7664,121,2.0,32706
7994,7664,103,3.0,31445
7995,7664,63,1.0,33538
7996,7665,91,5.0,98063
7997,7665,75,4.0,35916
7998,7665,8,3.0,49819
7999,7665,3,1.0,13554
8000,7666,34,5.0,36630
8001,7667,65,4.0,25065
8002,7668,40,5.0,48312
8003,7668,96,5.0,8053
8004,7668,107,5.0,84963
8005,7668,45,4.0,48206
8006,7669,55,2.0,34918
8007,7670,80,5.0,89761
8008,7670,125,4.0,33628
8009,7670,37,5.0,95562
8010,7671,145,1.0,70418
8011,7671,47,5.0,53706
8012,7671,134,4.0,65964
8013,7672,80,2.0,89761
8014,7672,138,5.0,52367
8015,7672,115,1.0,25302
8016,7672,102,5.0,22808
8017,7673,14,3.0,55863
8018,7673,50,5.0,37334
8019,7673,33,5.0,20004
8020,7673,28,1.0,90487
8021,7673,141,5.0,19091
8022,7674,37,1.0,95562
8023,7674,74,1.0,16985
8024,7674,22,2.0,78894
8025,7675,90,1.0,49507
8026,7675,135,5.0,94663
8027,7675,147,5.0,53510
8028,7675,69,4.0,48871
8029,7675,110,1.0,30121
8030,7676,51,3.0,59928
8031,7676,20,5.0,44033
8032,7676,110,3.0,30121
8033,7676,15,3.0,48998
8034,7676,40,3.0,48312
8035,7677,124,3.0,78300
8036,7677,31,1.0,7724
8037,7678,93,5.0,64437
8038,7679,31,4.0,7724
8039,7679,43,4.0,88213
8040,7679,23,3.0,18620
8041,7679,59,4.0,20643
8042,7679,95,4.0,51431
8043,7680,45,3.0,48206
8044,7680,5,4.0,26134
8045,7680,31,4.0,7724
8046,7680,20,2.0,44033
8047,7680,49,3.0,92850
8048,7681,24,5.0,43443
8049,7681,36,5.0,53847
8050,7681,117,2.0,12972
8051,7682,93,4.0,64437
8052,7682,49,3.0,92850
8053,7683,25,2.0,16898
8054,7683,103,1.0,31445
8055,7683,78,4.0,42378
8056,7683,59,5.0,20643
8057,7683,24,5.0,43443
8058,7684,98,3.0,83293
8059,7684,107,4.0,84963
8060,7684,123,5.0,50047
8061,7684,47,2.0,53706
8062,7684,54,2.0,9962
8063,7685,79,2.0,81723
8064,7686,131,5.0,76514
8065,7686,119,3.0,26176
8066,7687,66,1.0,82653
8067,7687,145,3.0,70418
8068,7687,125,5.0,33628
8069,7687,43,1.0,88213
8070,7687,91,3.0,98063
8071,7688,66,1.0,82653
8072,7688,131,3.0,76514
8073,7688,99,1.0,34203
8074,7689,28,4.0,90487
8075,7689,25,1.0,16898
8076,7689,46,5.0,23671
8077,7689,21,4.0,81691
8078,7690,79,3.0,81723
8079,7690,71,3.0,4786
8080,7690,127,1.0,94118
8081,7690,118,5.0,13822
8082,7690,134,5.0,65964
8083,7691,133,4.0,19030
8084,7691,97,5.0,3679
8085,7691,94,4.0,67315
8086,7691,108,4.0,46915
8087,7691,79,3.0,81723
8088,7692,87,5.0,41279
8089,7692,129,4.0,14470
8090,7693,45,5.0,48206
8091,7693,3,2.0,13554
8092,7693,39,4.0,54311
8093,7693,38,4.0,76444
8094,7694,43,2.0,88213
8095,7694,147,2.0,53510
8096,7694,67,3.0,33911
8097,7694,60,3.0,84088
8098,7694,5,2.0,26134
8099,7695,75,4.0,35916
8100,7695,88,5.0,4300
8101,7695,15,3.0,48998
8102,7695,39,4.0,54311
8103,7695,45,5.0,48206
8104,7696,52,5.0,58298
8105,7696,95,1.0,51431
8106,7696,147,5.0,53510
8107,7696,38,1.0,76444
8108,7696,133,1.0,19030
8109,7697,135,5.0,94663
8110,7697,56,1.0,9175
8111,7698,108,4.0,46915
8112,7698,110,1.0,30121
8113,7698,29,4.0,7739
8114,7699,108,2.0,46915
8115,7699,117,3.0,12972
8116,7699,80,2.0,89761
8117,7699,110,2.0,30121
8118,7699,36,2.0,53847
8119,7700,48,4.0,68133
8120,7700,43,3.0,88213
8121,7700,116,1.0,42082
8122,7701,101,4.0,86737
8123,7701,142,5.0,40304
8124,7701,138,5.0,52367
8125,7701,89,1.0,83106
8126,7701,103,5.0,31445
8127,7702,102,5.0,22808
8128,7702,54,1.0,9962
8129,7702,25,3.0,16898
8130,7702,41,1.0,92765
8131,7703,139,3.0,34743
8132,7703,23,3.0,18620
8133,7703,14,2.0,55863
8134,7703,26,2.0,18911
8135,7703,41,2.0,92765
8136,7704,95,3.0,51431
8137,7704,47,3.0,53706
8138,7704,67,2.0,33911
8139,7705,119,4.0,26176
8140,7705,100,3.0,71517
8141,7705,52,5.0,58298
8142,7705,39,3.0,54311
8143,7706,91,1.0,98063
8144,7706,137,4.0,73589
8145,7706,102,1.0,22808
8146,7707,36,2.0,53847
8147,7707,49,5.0,92850
8148,7707,42,3.0,47104
8149,7708,84,3.0,87906
8150,7708,95,4.0,51431
8151,7708,5,3.0,26134
8152,7708,69,2.0,48871
8153,7708,131,3.0,76514
8154,7709,132,3.0,42778
8155,7709,49,1.0,92850
8156,7709,46,4.0,23671
8157,7709,95,3.0,51431
8158,7709,28,4.0,90487
8159,7710,83,3.0,61817
8160,7710,127,3.0,94118
8161,7710,121,1.0,32706
8162,7710,78,5.0,42378
8163,7711,147,2.0,53510
8164,7711,23,5.0,18620
8165,7712,108,3.0,46915
8166,7712,39,3.0,54311
8167,7712,87,4.0,41279
8168,7712,49,3.0,92850
8169,7712,42,3.0,47104
8170,7713,128,1.0,80334
8171,7713,77,4.0,6325
8172,7714,117,4.0,12972
8173,7714,147,5.0,53510
8174,7715,101,1.0,86737
8175,7716,127,2.0,94118
8176,7717,34,4.0,36630
8177,7717,68,3.0,25842
8178,7717,135,1.0,94663
8179,7718,111,3.0,73941
8180,7719,14,3.0,55863
8181,7719,39,4.0,54311
8182,7720,13,3.0,97810
8183,7720,89,4.0,83106
8184,7720,107,4.0,84963
8185,7721,23,5.0,18620
8186,7722,99,3.0,34203
8187,7722,72,4.0,20480
8188,7722,127,5.0,94118
8189,7722,96,2.0,8053
8190,7722,29,4.0,7739
8191,7723,38,1.0,76444
8192,7723,97,5.0,3679
8193,7724,92,5.0,61356
8194,7724,44,3.0,82291
8195,7725,147,3.0,53510
8196,7725,130,5.0,27703
8197,7725,13,2.0,97810
8198,7725,80,5.0,89761
8199,7726,70,3.0,55878
8200,7726,1,1.0,50707
8201,7726,130,3.0,27703
8202,7726,45,2.0,48206
8203,7727,125,2.0,33628
8204,7727,129,5.0,14470
8205,7728,8,3.0,49819
8206,7729,44,2.0,82291
8207,7729,95,3.0,51431
8208,7729,27,5.0,65552
8209,7729,87,4.0,41279
8210,7729,130,1.0,27703
8211,7730,105,4.0,56021
8212,7730,71,2.0,4786
8213,7730,8,5.0,49819
8214,7730,52,5.0,58298
8215,7731,2,4.0,48841
8216,7731,119,1.0,26176
8217,7731,80,1.0,89761
8218,7731,48,2.0,68133
8219,7731,120,5.0,3186
8220,7732,2,4.0,48841
8221,7732,115,5.0,25302
8222,7733,56,2.0,9175
8223,7733,11,5.0,10900
8224,7733,53,1.0,50574
8225,7734,4,2.0,46721
8226,7734,47,3.0,53706
8227,7734,128,1.0,80334
8228,7734,12,3.0,52829
8229,7734,11,5.0,10900
8230,7735,57,1.0,92455
8231,7735,112,1.0,69548
8232,7735,129,5.0,14470
8233,7735,27,5.0,65552
8234,7735,2,4.0,48841
8235,7736,89,2.0,83106
8236,7736,126,5.0,20393
8237,7737,56,4.0,9175
8238,7738,128,5.0,80334
8239,7738,13,1.0,97810
8240,7738,8,5.0,49819
8241,7739,63,3.0,33538
8242,7739,148,2.0,55893
8243,7739,89,5.0,83106
8244,7739,12,1.0,52829
8245,7740,55,2.0,34918
8246,7740,27,3.0,65552
8247,7741,27,5.0,65552
8248,7741,131,3.0,76514
8249,7741,56,2.0,9175
8250,7741,4,,46721
8251,7742,41,4.0,92765
8252,7742,32,5.0,15187
8253,7742,36,2.0,53847
8254,7742,2,5.0,48841
8255,7742,60,1.0,84088
8256,7743,72,3.0,20480
8257,7743,133,1.0,19030
8258,7743,76,3.0,56428
8259,7743,61,2.0,26079
8260,7744,131,1.0,76514
8261,7744,56,4.0,9175
8262,7744,117,3.0,12972
8263,7745,21,4.0,81691
8264,7745,105,4.0,56021
8265,7745,2,3.0,48841
8266,7745,64,2.0,69811
8267,7746,113,1.0,14616
8268,7746,110,2.0,30121
8269,7746,112,5.0,69548
8270,7746,121,5.0,32706
8271,7747,82,4.0,87619
8272,7747,102,5.0,22808
8273,7747,37,4.0,95562
8274,7748,108,2.0,46915
8275,7748,85,2.0,48998
8276,7749,20,4.0,44033
8277,7749,45,1.0,48206
8278,7749,67,3.0,33911
8279,7749,124,1.0,78300
8280,7750,64,2.0,69811
8281,7750,9,3.0,20871
8282,7750,102,2.0,22808
8283,7750,140,4.0,83331
8284,7751,65,3.0,25065
8285,7751,84,4.0,87906
8286,7751,146,1.0,52304
8287,7752,149,4.0,95245
8288,7752,64,4.0,69811
8289,7752,63,,33538
8290,7752,147,3.0,53510
8291,7753,143,2.0,20414
8292,7753,113,2.0,14616
8293,7753,56,4.0,9175
8294,7754,139,2.0,34743
8295,7754,120,1.0,3186
8296,7754,89,5.0,83106
8297,7754,107,4.0,84963
8298,7755,27,5.0,65552
8299,7755,140,4.0,83331
8300,7755,115,1.0,25302
8301,7755,70,5.0,55878
8302,7756,100,2.0,71517
8303,7756,111,4.0,73941
8304,7756,91,1.0,98063
8305,7757,52,5.0,58298
8306,7757,123,1.0,50047
8307,7757,97,2.0,3679
8308,7757,27,3.0,65552
8309,7758,80,5.0,89761
8310,7758,11,4.0,10900
8311,7759,102,5.0,22808
8312,7759,79,4.0,81723
8313,7759,9,3.0,20871
8314,7759,121,1.0,32706
8315,7760,117,5.0,12972
8316,7760,100,4.0,71517
8317,7761,39,4.0,54311
8318,7761,114,5.0,38630
8319,7761,148,4.0,55893
8320,7761,95,2.0,51431
8321,7762,31,1.0,7724
8322,7762,47,1.0,53706
8323,7762,51,1.0,59928
8324,7763,69,2.0,48871
8325,7763,77,4.0,6325
8326,7764,18,5.0,79719
8327,7765,94,5.0,67315
8328,7765,112,1.0,69548
8329,7766,94,2.0,67315
8330,7767,125,1.0,33628
8331,7767,128,1.0,80334
8332,7768,6,5.0,21286
8333,7768,57,1.0,92455
8334,7768,99,5.0,34203
8335,7769,77,2.0,6325
8336,7769,58,2.0,39174
8337,7770,82,3.0,87619
8338,7771,77,4.0,6325
8339,7771,94,3.0,67315
8340,7772,113,3.0,14616
8341,7772,137,2.0,73589
8342,7772,13,3.0,97810
8343,7772,23,3.0,18620
8344,7772,77,5.0,6325
8345,7773,10,4.0,26689
8346,7774,28,5.0,90487
8347,7775,132,3.0,42778
8348,7775,12,4.0,52829
8349,7775,89,2.0,83106
8350,7775,90,5.0,49507
8351,7776,5,2.0,26134
8352,7777,122,2.0,58214
8353,7777,44,4.0,82291
8354,7777,47,1.0,53706
8355,7777,10,2.0,26689
8356,7777,49,4.0,92850
8357,7778,63,3.0,33538
8358,7778,34,5.0,36630
8359,7778,36,3.0,53847
8360,7778,28,2.0,90487
8361,7779,42,3.0,47104
8362,7779,128,2.0,80334
8363,7779,25,5.0,16898
8364,7779,137,2.0,73589
8365,7779,109,1.0,19474
8366,7780,98,2.0,83293
8367,7780,95,4.0,51431
8368,7780,52,4.0,58298
8369,7780,20,2.0,44033
8370,7780,5,3.0,26134
8371,7781,43,5.0,88213
8372,7781,62,1.0,98446
8373,7781,55,4.0,34918
8374,7781,61,3.0,26079
8375,7782,139,1.0,34743
8376,7782,99,2.0,34203
8377,7782,136,1.0,53946
8378,7782,128,3.0,80334
8379,7782,138,3.0,52367
8380,7783,75,4.0,35916
8381,7783,16,5.0,9937
8382,7784,35,1.0,58295
8383,7784,149,5.0,95245
8384,7784,46,1.0,23671
8385,7784,108,1.0,46915
8386,7785,14,1.0,55863
8387,7785,35,4.0,58295
8388,7785,128,4.0,80334
8389,7785,31,4.0,7724
8390,7786,75,3.0,35916
8391,7787,61,5.0,26079
8392,7787,17,4.0,13948
8393,7788,148,2.0,55893
8394,7789,71,1.0,4786
8395,7789,67,1.0,33911
8396,7790,112,1.0,69548
8397,7790,148,1.0,55893
8398,7790,30,4.0,51211
8399,7790,116,4.0,42082
8400,7791,60,2.0,84088
8401,7791,136,2.0,53946
8402,7791,64,3.0,69811
8403,7791,107,5.0,84963
8404,7791,125,1.0,33628
8405,7792,2,2.0,48841
8406,7793,6,2.0,21286
8407,7793,39,5.0,54311
8408,7793,125,4.0,33628
8409,7793,47,2.0,53706
8410,7793,80,4.0,89761
8411,7794,25,2.0,16898
8412,7795,96,2.0,8053
8413,7795,119,2.0,26176
8414,7795,59,2.0,20643
8415,7795,20,4.0,44033
8416,7795,74,2.0,16985
8417,7796,125,1.0,33628
8418,7796,134,2.0,65964
8419,7796,121,4.0,32706
8420,7796,113,5.0,14616
8421,7797,35,3.0,58295
8422,7797,93,4.0,64437
8423,7797,27,3.0,65552
8424,7797,8,3.0,49819
8425,7798,41,2.0,92765
8426,7799,63,2.0,33538
8427,7799,146,2.0,52304
8428,7799,27,1.0,65552
8429,7799,92,5.0,61356
8430,7799,126,3.0,20393
8431,7800,104,4.0,9521
8432,7801,35,3.0,58295
8433,7801,23,1.0,18620
8434,7801,20,3.0,44033
8435,7802,39,1.0,54311
8436,7802,114,1.0,38630
8437,7802,118,4.0,13822
8438,7802,47,4.0,53706
8439,7803,102,2.0,22808
8440,7803,22,4.0,78894
8441,7803,14,3.0,55863
8442,7804,114,4.0,38630
8443,7805,114,5.0,38630
8444,7805,46,2.0,23671
8445,7805,83,1.0,61817
8446,7806,134,4.0,65964
8447,7806,137,2.0,73589
8448,7806,19,1.0,72397
8449,7807,133,4.0,19030
8450,7807,127,1.0,94118
8451,7807,142,1.0,40304
8452,7808,109,2.0,19474
8453,7808,66,1.0,82653
8454,7809,148,5.0,55893
8455,7809,9,5.0,20871
8456,7810,66,3.0,82653
8457,7810,145,3.0,70418
8458,7810,136,5.0,53946
8459,7811,12,3.0,52829
8460,7811,148,2.0,55893
8461,7811,67,5.0,33911
8462,7811,99,2.0,34203
8463,7811,15,5.0,48998
8464,7812,117,4.0,12972
8465,7812,32,2.0,15187
8466,7812,112,2.0,69548
8467,7813,75,5.0,35916
8468,7813,4,1.0,46721
8469,7813,144,4.0,93669
8470,7814,9,5.0,20871
8471,7814,55,2.0,34918
8472,7814,29,2.0,7739
8473,7814,77,2.0,6325
8474,7815,119,3.0,26176
8475,7815,101,1.0,86737
8476,7816,124,3.0,78300
8477,7816,34,5.0,36630
8478,7816,77,5.0,6325
8479,7816,26,3.0,18911
8480,7817,37,1.0,95562
8481,7817,5,2.0,26134
8482,7817,17,5.0,13948
8483,7817,99,4.0,34203
8484,7817,109,1.0,19474
8485,7818,21,2.0,81691
8486,7818,42,4.0,47104
8487,7818,30,3.0,51211
8488,7818,80,4.0,89761
8489,7819,109,1.0,19474
8490,7819,52,2.0,58298
8491,7819,117,2.0,12972
8492,7819,139,3.0,34743
8493,7819,69,5.0,48871
8494,7820,132,2.0,42778
8495,7820,9,4.0,20871
8496,7820,20,1.0,44033
8497,7821,133,4.0,19030
8498,7821,32,4.0,15187
8499,7822,8,5.0,49819
8500,7823,61,1.0,26079
8501,7823,120,3.0,3186
8502,7823,127,4.0,94118
8503,7823,88,3.0,4300
8504,7824,38,1.0,76444
8505,7825,43,3.0,88213
8506,7826,101,2.0,86737
8507,7826,95,3.0,51431
8508,7826,128,1.0,80334
8509,7826,99,4.0,34203
8510,7827,55,1.0,34918
8511,7827,105,3.0,56021
8512,7827,62,3.0,98446
8513,7827,85,2.0,48998
8514,7828,12,1.0,52829
8515,7829,97,3.0,3679
8516,7829,147,1.0,53510
8517,7829,73,2.0,87951
8518,7829,103,3.0,31445
8519,7830,97,5.0,3679
8520,7830,109,5.0,19474
8521,7831,142,3.0,40304
8522,7831,38,4.0,76444
8523,7831,15,1.0,48998
8524,7831,131,1.0,76514
8525,7832,141,3.0,19091
8526,7832,148,4.0,55893
8527,7832,107,2.0,84963
8528,7833,60,5.0,84088
8529,7833,65,5.0,25065
8530,7833,123,4.0,50047
8531,7834,110,2.0,30121
8532,7834,142,5.0,40304
8533,7834,72,1.0,20480
8534,7834,93,3.0,64437
8535,7834,91,1.0,98063
8536,7835,102,1.0,22808
8537,7835,32,1.0,15187
8538,7836,6,2.0,21286
8539,7837,25,2.0,16898
8540,7838,14,3.0,55863
8541,7838,8,5.0,49819
8542,7838,121,1.0,32706
8543,7838,99,3.0,34203
8544,7839,106,1.0,95466
8545,7839,125,4.0,33628
8546,7839,14,3.0,55863
8547,7839,66,2.0,82653
8548,7839,143,1.0,20414
8549,7840,80,3.0,89761
8550,7841,113,1.0,14616
8551,7841,22,5.0,78894
8552,7841,76,3.0,56428
8553,7841,38,5.0,76444
8554,7841,119,2.0,26176
8555,7842,9,1.0,20871
8556,7842,26,1.0,18911
8557,7843,122,4.0,58214
8558,7843,121,2.0,32706
8559,7843,71,5.0,4786
8560,7843,24,4.0,43443
8561,7844,8,5.0,49819
8562,7844,117,1.0,12972
8563,7844,66,2.0,82653
8564,7844,105,5.0,56021
8565,7844,20,2.0,44033
8566,7845,116,4.0,42082
8567,7845,48,1.0,68133
8568,7845,112,5.0,69548
8569,7846,97,2.0,3679
8570,7847,91,4.0,98063
8571,7847,132,5.0,42778
8572,7848,66,1.0,82653
8573,7848,150,5.0,30192
8574,7848,98,1.0,83293
8575,7848,8,5.0,49819
8576,7849,87,1.0,41279
8577,7849,66,5.0,82653
8578,7849,91,2.0,98063
8579,7849,110,1.0,30121
8580,7849,12,4.0,52829
8581,7850,108,2.0,46915
8582,7850,32,2.0,15187
8583,7851,41,2.0,92765
8584,7851,72,3.0,20480
8585,7851,56,4.0,9175
8586,7851,60,1.0,84088
8587,7852,12,3.0,52829
8588,7852,131,4.0,76514
8589,7852,9,2.0,20871
8590,7853,72,4.0,20480
8591,7853,11,5.0,10900
8592,7853,84,2.0,87906
8593,7853,147,4.0,53510
8594,7854,20,3.0,44033
8595,7854,32,5.0,15187
8596,7854,40,1.0,48312
8597,7854,18,2.0,79719
8598,7855,8,4.0,49819
8599,7855,128,3.0,80334
8600,7855,117,1.0,12972
8601,7856,135,3.0,94663
8602,7856,120,2.0,3186
8603,7856,137,3.0,73589
8604,7856,78,4.0,42378
8605,7857,78,5.0,42378
8606,7858,20,4.0,44033
8607,7858,73,4.0,87951
8608,7859,4,2.0,46721
8609,7859,62,5.0,98446
8610,7859,115,5.0,25302
8611,7859,77,2.0,6325
8612,7860,85,5.0,48998
8613,7860,10,4.0,26689
8614,7860,43,5.0,88213
8615,7860,2,2.0,48841
8616,7861,60,5.0,84088
8617,7861,63,4.0,33538
8618,7861,24,4.0,43443
8619,7862,49,1.0,92850
8620,7862,59,5.0,20643
8621,7862,112,4.0,69548
8622,7862,78,4.0,42378
8623,7863,49,1.0,92850
8624,7863,125,3.0,33628
8625,7863,85,5.0,48998
8626,7863,103,3.0,31445
8627,7863,137,4.0,73589
8628,7864,122,5.0,58214
8629,7864,26,2.0,18911
8630,7865,98,2.0,83293
8631,7866,11,1.0,10900
8632,7866,66,5.0,82653
8633,7866,47,4.0,53706
8634,7866,2,2.0,48841
8635,7867,43,1.0,88213
8636,7867,9,5.0,20871
8637,7868,64,5.0,69811
8638,7868,63,4.0,33538
8639,7868,139,5.0,34743
8640,7868,61,2.0,26079
8641,7868,124,4.0,78300
8642,7869,86,4.0,49654
8643,7869,52,1.0,58298
8644,7869,25,1.0,16898
8645,7869,58,5.0,39174
8646,7870,39,5.0,54311
8647,7871,67,5.0,33911
8648,7872,63,4.0,33538
8649,7873,49,1.0,92850
8650,7874,57,5.0,92455
8651,7874,65,2.0,25065
8652,7874,43,4.0,88213
8653,7875,28,2.0,90487
8654,7875,54,1.0,9962
8655,7875,131,2.0,76514
8656,7875,77,2.0,6325
8657,7875,45,4.0,48206
8658,7876,78,1.0,42378
8659,7876,61,5.0,26079
8660,7877,140,5.0,83331
8661,7877,5,5.0,26134
8662,7878,80,1.0,89761
8663,7878,76,4.0,56428
8664,7878,141,1.0,19091
8665,7879,130,2.0,27703
8666,7880,72,1.0,20480
8667,7880,12,2.0,52829
8668,7880,47,2.0,53706
8669,7880,97,3.0,3679
8670,7880,45,1.0,48206
8671,7881,68,2.0,25842
8672,7881,62,4.0,98446
8673,7882,94,3.0,67315
8674,7882,30,2.0,51211
8675,7882,31,5.0,7724
8676,7882,42,2.0,47104
8677,7882,70,4.0,55878
8678,7883,131,5.0,76514
8679,7883,94,1.0,67315
8680,7883,72,3.0,20480
8681,7883,88,4.0,4300
8682,7884,82,3.0,87619
8683,7884,22,4.0,78894
8684,7884,146,5.0,52304
8685,7884,85,4.0,48998
8686,7884,63,1.0,33538
8687,7885,115,2.0,25302
8688,7885,61,5.0,26079
8689,7885,29,2.0,7739
8690,7885,81,4.0,19078
8691,7886,135,1.0,94663
8692,7886,107,4.0,84963
8693,7886,106,2.0,95466
8694,7887,145,1.0,70418
8695,7887,4,4.0,46721
8696,7887,105,3.0,56021
8697,7888,2,3.0,48841
8698,7888,114,5.0,38630
8699,7888,12,3.0,52829
8700,7888,83,4.0,61817
8701,7889,132,1.0,42778
8702,7889,148,4.0,55893
8703,7889,143,1.0,20414
8704,7889,60,5.0,84088
8705,7890,115,3.0,25302
8706,7891,39,3.0,54311
8707,7891,13,3.0,97810
8708,7892,38,2.0,76444
8709,7892,10,2.0,26689
8710,7892,33,1.0,20004
8711,7892,141,3.0,19091
8712,7892,36,5.0,53847
8713,7893,100,5.0,71517
8714,7893,42,5.0,47104
8715,7893,36,5.0,53847
8716,7894,73,1.0,87951
8717,7895,136,5.0,53946
8718,7895,52,3.0,58298
8719,7895,14,1.0,55863
8720,7895,36,3.0,53847
8721,7896,121,5.0,32706
8722,7896,35,4.0,58295
8723,7896,63,1.0,33538
8724,7896,147,3.0,53510
8725,7896,131,2.0,76514
8726,7897,131,1.0,76514
8727,7897,117,4.0,12972
8728,7897,36,4.0,53847
8729,7897,21,1.0,81691
8730,7898,148,2.0,55893
8731,7898,143,2.0,20414
8732,7898,42,2.0,47104
8733,7898,45,3.0,48206
8734,7898,25,2.0,16898
8735,7899,148,1.0,55893
8736,7899,139,3.0,34743
8737,7899,13,4.0,97810
8738,7899,90,4.0,49507
8739,7900,26,3.0,18911
8740,7900,7,1.0,95184
8741,7901,21,5.0,81691
8742,7901,115,1.0,25302
8743,7901,19,2.0,72397
8744,7902,148,5.0,55893
8745,7902,145,5.0,70418
8746,7903,140,5.0,83331
8747,7904,23,3.0,18620
8748,7905,7,5.0,95184
8749,7905,100,1.0,71517
8750,7906,145,3.0,70418
8751,7906,116,5.0,42082
8752,7906,14,5.0,55863
8753,7907,125,1.0,33628
8754,7907,34,4.0,36630
8755,7907,3,2.0,13554
8756,7907,39,4.0,54311
8757,7908,19,4.0,72397
8758,7908,71,1.0,4786
8759,7908,11,4.0,10900
8760,7908,38,2.0,76444
8761,7909,85,2.0,48998
8762,7909,104,2.0,9521
8763,7909,49,2.0,92850
8764,7909,129,2.0,14470
8765,7910,138,1.0,52367
8766,7910,47,4.0,53706
8767,7910,16,1.0,9937
8768,7910,30,3.0,51211
8769,7910,27,5.0,65552
8770,7911,124,5.0,78300
8771,7911,112,1.0,69548
8772,7912,105,4.0,56021
8773,7913,140,3.0,83331
8774,7913,93,1.0,64437
8775,7913,86,1.0,49654
8776,7914,127,1.0,94118
8777,7914,59,2.0,20643
8778,7914,1,2.0,50707
8779,7914,45,5.0,48206
8780,7914,8,3.0,49819
8781,7915,79,2.0,81723
8782,7915,110,1.0,30121
8783,7915,76,1.0,56428
8784,7915,49,2.0,92850
8785,7916,33,5.0,20004
8786,7917,29,4.0,7739
8787,7917,86,3.0,49654
8788,7917,125,5.0,33628
8789,7917,78,1.0,42378
8790,7917,48,5.0,68133
8791,7918,122,5.0,58214
8792,7919,73,5.0,87951
8793,7919,20,3.0,44033
8794,7919,54,5.0,9962
8795,7919,88,5.0,4300
8796,7920,141,1.0,19091
8797,7921,3,1.0,13554
8798,7922,106,4.0,95466
8799,7922,37,5.0,95562
8800,7922,80,4.0,89761
8801,7922,19,3.0,72397
8802,7923,149,4.0,95245
8803,7923,45,1.0,48206
8804,7924,75,2.0,35916
8805,7925,128,5.0,80334
8806,7925,63,2.0,33538
8807,7925,125,5.0,33628
8808,7926,15,3.0,48998
8809,7926,83,4.0,61817
8810,7926,127,3.0,94118
8811,7926,89,5.0,83106
8812,7927,88,1.0,4300
8813,7927,91,2.0,98063
8814,7927,119,2.0,26176
8815,7927,101,1.0,86737
8816,7927,136,1.0,53946
8817,7928,18,1.0,79719
8818,7928,79,5.0,81723
8819,7928,110,3.0,30121
8820,7929,101,2.0,86737
8821,7929,87,1.0,41279
8822,7929,39,5.0,54311
8823,7929,122,5.0,58214
8824,7930,116,3.0,42082
8825,7931,121,3.0,32706
8826,7931,56,5.0,9175
8827,7931,147,5.0,53510
8828,7931,6,5.0,21286
8829,7932,22,1.0,78894
8830,7932,47,2.0,53706
8831,7932,51,4.0,59928
8832,7932,38,2.0,76444
8833,7932,14,2.0,55863
8834,7933,55,2.0,34918
8835,7933,119,5.0,26176
8836,7933,83,2.0,61817
8837,7933,35,3.0,58295
8838,7934,106,2.0,95466
8839,7934,48,2.0,68133
8840,7934,8,1.0,49819
8841,7935,70,3.0,55878
8842,7935,14,3.0,55863
8843,7936,90,2.0,49507
8844,7936,52,3.0,58298
8845,7936,146,3.0,52304
8846,7937,113,4.0,14616
8847,7937,54,4.0,9962
8848,7937,20,3.0,44033
8849,7937,69,1.0,48871
8850,7938,20,4.0,44033
8851,7939,13,1.0,97810
8852,7939,83,1.0,61817
8853,7940,52,1.0,58298
8854,7941,114,1.0,38630
8855,7942,76,4.0,56428
8856,7942,45,4.0,48206
8857,7942,100,5.0,71517
8858,7942,142,1.0,40304
8859,7942,119,2.0,26176
8860,7943,67,1.0,33911
8861,7943,48,4.0,68133
8862,7943,136,3.0,53946
8863,7943,52,5.0,58298
8864,7943,33,2.0,20004
8865,7944,85,3.0,48998
8866,7944,127,5.0,94118
8867,7944,90,4.0,49507
8868,7945,134,1.0,65964
8869,7945,150,2.0,30192
8870,7945,149,3.0,95245
8871,7945,75,4.0,35916
8872,7945,136,4.0,53946
8873,7946,150,5.0,30192
8874,7946,2,2.0,48841
8875,7946,117,3.0,12972
8876,7947,54,4.0,9962
8877,7947,138,2.0,52367
8878,7947,94,1.0,67315
8879,7947,3,5.0,13554
8880,7947,91,5.0,98063
8881,7948,73,2.0,87951
8882,7948,7,5.0,95184
8883,7948,56,1.0,9175
8884,7948,128,2.0,80334
8885,7949,96,5.0,8053
8886,7950,54,4.0,9962
8887,7950,103,2.0,31445
8888,7950,95,2.0,51431
8889,7950,148,1.0,55893
8890,7950,93,4.0,64437
8891,7951,95,1.0,51431
8892,7952,92,4.0,61356
8893,7952,125,3.0,33628
8894,7952,132,5.0,42778
8895,7953,30,4.0,51211
8896,7954,96,5.0,8053
8897,7954,40,5.0,48312
8898,7954,17,1.0,13948
8899,7955,10,3.0,26689
8900,7955,142,4.0,40304
8901,7955,95,3.0,51431
8902,7955,137,5.0,73589
8903,7955,105,1.0,56021
8904,7956,138,4.0,52367
8905,7956,100,3.0,71517
8906,7956,82,5.0,87619
8907,7956,128,2.0,80334
8908,7957,124,2.0,78300
8909,7957,22,4.0,78894
8910,7958,143,1.0,20414
8911,7958,26,3.0,18911
8912,7958,30,5.0,51211
8913,7959,130,5.0,27703
8914,7959,35,2.0,58295
8915,7959,96,5.0,8053
8916,7959,59,5.0,20643
8917,7960,137,5.0,73589
8918,7961,115,1.0,25302
8919,7961,58,2.0,39174
8920,7961,114,2.0,38630
8921,7961,40,1.0,48312
8922,7962,138,5.0,52367
8923,7962,17,4.0,13948
8924,7962,21,2.0,81691
8925,7962,36,4.0,53847
8926,7962,148,1.0,55893
8927,7963,11,5.0,10900
8928,7963,127,1.0,94118
8929,7963,58,5.0,39174
8930,7963,111,5.0,73941
8931,7963,109,5.0,19474
8932,7964,123,2.0,50047
8933,7964,93,4.0,64437
8934,7965,33,3.0,20004
8935,7965,146,5.0,52304
8936,7966,101,4.0,86737
8937,7966,144,5.0,93669
8938,7967,100,1.0,71517
8939,7967,125,5.0,33628
8940,7967,142,3.0,40304
8941,7967,129,3.0,14470
8942,7968,87,5.0,41279
8943,7968,63,3.0,33538
8944,7968,22,1.0,78894
8945,7968,66,4.0,82653
8946,7969,65,4.0,25065
8947,7969,139,1.0,34743
8948,7969,50,3.0,37334
8949,7970,69,5.0,48871
8950,7970,48,4.0,68133
8951,7970,89,4.0,83106
8952,7971,28,3.0,90487
8953,7971,89,5.0,83106
8954,7971,115,3.0,25302
8955,7972,72,5.0,20480
8956,7972,74,2.0,16985
8957,7972,26,5.0,18911
8958,7972,36,4.0,53847
8959,7973,125,4.0,33628
8960,7974,81,4.0,19078
8961,7974,41,1.0,92765
8962,7975,3,1.0,13554
8963,7976,124,2.0,78300
8964,7976,27,4.0,65552
8965,7976,5,5.0,26134
8966,7977,19,2.0,72397
8967,7977,18,1.0,79719
8968,7977,13,5.0,97810
8969,7977,81,3.0,19078
8970,7977,79,1.0,81723
8971,7978,108,2.0,46915
8972,7978,98,4.0,83293
8973,7979,68,1.0,25842
8974,7979,23,2.0,18620
8975,7979,25,5.0,16898
8976,7979,12,2.0,52829
8977,7979,102,5.0,22808
8978,7980,47,4.0,53706
8979,7980,98,1.0,83293
8980,7981,107,3.0,84963
8981,7981,12,5.0,52829
8982,7982,123,5.0,50047
8983,7982,85,3.0,48998
8984,7983,134,2.0,65964
8985,7984,22,3.0,78894
8986,7984,131,5.0,76514
8987,7985,47,5.0,53706
8988,7985,88,4.0,4300
8989,7985,117,1.0,12972
8990,7985,92,2.0,61356
8991,7985,139,1.0,34743
8992,7986,145,3.0,70418
8993,7986,2,5.0,48841
8994,7986,38,4.0,76444
8995,7987,139,3.0,34743
8996,7987,148,4.0,55893
8997,7987,133,5.0,19030
8998,7987,80,3.0,89761
8999,7988,6,4.0,21286
9000,7988,113,5.0,14616
9001,7988,34,1.0,36630
9002,7988,126,4.0,20393
9003,7988,46,5.0,23671
9004,7989,98,4.0,83293
9005,7989,22,5.0,78894
9006,7990,106,1.0,95466
9007,7991,3,5.0,13554
9008,7992,10,5.0,26689
9009,7993,1,1.0,50707
9010,7994,77,4.0,6325
9011,7994,115,3.0,25302
9012,7995,87,2.0,41279
9013,7995,36,1.0,53847
9014,7996,123,3.0,50047
9015,7996,93,5.0,64437
9016,7997,32,3.0,15187
9017,7998,66,3.0,82653
9018,7999,53,4.0,50574
9019,8000,9,2.0,20871
9020,8000,55,5.0,34918
9021,8000,147,3.0,53510
9022,8000,60,2.0,84088
9023,8001,64,2.0,69811
9024,8001,59,3.0,20643
9025,8001,81,1.0,19078
9026,8001,144,4.0,93669
9027,8002,94,4.0,67315
9028,8002,125,1.0,33628
9029,8002,11,2.0,10900
9030,8002,1,3.0,50707
9031,8003,130,3.0,27703
9032,8003,22,1.0,78894
9033,8003,87,1.0,41279
9034,8003,75,4.0,35916
9035,8003,66,4.0,82653
9036,8004,124,1.0,78300
9037,8004,113,2.0,14616
9038,8004,60,5.0,84088
9039,8004,150,5.0,30192
9040,8004,91,5.0,98063
9041,8005,9,2.0,20871
9042,8006,90,3.0,49507
9043,8006,10,1.0,26689
9044,8007,73,3.0,87951
9045,8007,25,2.0,16898
9046,8008,29,2.0,7739
9047,8008,37,4.0,95562
9048,8008,82,5.0,87619
9049,8008,51,5.0,59928
9050,8008,23,1.0,18620
9051,8009,52,1.0,58298
9052,8009,5,1.0,26134
9053,8009,34,4.0,36630
9054,8009,6,2.0,21286
9055,8010,9,1.0,20871
9056,8010,76,1.0,56428
9057,8010,123,2.0,50047
9058,8010,66,3.0,82653
9059,8011,18,3.0,79719
9060,8012,88,5.0,4300
9061,8012,94,4.0,67315
9062,8012,75,2.0,35916
9063,8012,79,1.0,81723
9064,8013,148,2.0,55893
9065,8013,85,3.0,48998
9066,8013,42,5.0,47104
9067,8013,74,5.0,16985
9068,8014,136,1.0,53946
9069,8014,61,1.0,26079
9070,8014,37,4.0,95562
9071,8014,11,2.0,10900
9072,8015,19,4.0,72397
9073,8015,82,3.0,87619
9074,8016,72,3.0,20480
9075,8016,130,3.0,27703
9076,8016,13,2.0,97810
9077,8016,144,2.0,93669
9078,8016,134,4.0,65964
9079,8017,1,2.0,50707
9080,8017,81,1.0,19078
9081,8018,13,2.0,97810
9082,8018,128,5.0,80334
9083,8019,116,3.0,42082
9084,8019,18,3.0,79719
9085,8019,118,1.0,13822
9086,8019,82,3.0,87619
9087,8019,76,1.0,56428
9088,8020,99,5.0,34203
9089,8020,36,1.0,53847
9090,8020,111,5.0,73941
9091,8020,110,4.0,30121
9092,8020,1,4.0,50707
9093,8021,139,5.0,34743
9094,8021,12,1.0,52829
9095,8021,44,1.0,82291
9096,8021,112,2.0,69548
9097,8021,34,2.0,36630
9098,8022,105,3.0,56021
9099,8022,14,2.0,55863
9100,8022,92,1.0,61356
9101,8022,103,2.0,31445
9102,8022,51,2.0,59928
9103,8023,65,5.0,25065
9104,8023,17,3.0,13948
9105,8023,23,3.0,18620
9106,8023,29,2.0,7739
9107,8023,50,2.0,37334
9108,8024,73,5.0,87951
9109,8025,139,1.0,34743
9110,8026,30,4.0,51211
9111,8026,20,3.0,44033
9112,8026,1,2.0,50707
9113,8026,131,5.0,76514
9114,8027,21,3.0,81691
9115,8027,63,2.0,33538
9116,8027,69,3.0,48871
9117,8028,42,3.0,47104
9118,8028,87,2.0,41279
9119,8028,48,2.0,68133
9120,8028,47,5.0,53706
9121,8029,88,4.0,4300
9122,8029,90,4.0,49507
9123,8030,78,5.0,42378
9124,8031,34,4.0,36630
9125,8031,102,5.0,22808
9126,8032,136,4.0,53946
9127,8032,61,4.0,26079
9128,8032,139,1.0,34743
9129,8032,74,1.0,16985
9130,8032,134,2.0,65964
9131,8033,88,4.0,4300
9132,8033,89,2.0,83106
9133,8034,96,3.0,8053
9134,8035,92,3.0,61356
9135,8035,18,3.0,79719
9136,8035,41,3.0,92765
9137,8035,81,5.0,19078
9138,8036,138,2.0,52367
9139,8036,132,2.0,42778
9140,8036,99,3.0,34203
9141,8037,56,4.0,9175
9142,8037,19,1.0,72397
9143,8037,42,5.0,47104
9144,8037,2,5.0,48841
9145,8038,96,4.0,8053
9146,8038,143,1.0,20414
9147,8038,68,3.0,25842
9148,8038,28,1.0,90487
9149,8038,25,2.0,16898
9150,8039,9,5.0,20871
9151,8039,11,5.0,10900
9152,8039,92,5.0,61356
9153,8039,123,3.0,50047
9154,8040,55,4.0,34918
9155,8040,44,1.0,82291
9156,8040,63,1.0,33538
9157,8040,119,1.0,26176
9158,8040,6,4.0,21286
9159,8041,4,2.0,46721
9160,8041,55,2.0,34918
9161,8042,70,2.0,55878
9162,8042,85,5.0,48998
9163,8042,150,2.0,30192
9164,8043,16,2.0,9937
9165,8043,146,3.0,52304
9166,8043,7,5.0,95184
9167,8044,101,1.0,86737
9168,8044,59,5.0,20643
9169,8044,12,1.0,52829
9170,8045,120,2.0,3186
9171,8045,99,3.0,34203
9172,8045,84,4.0,87906
9173,8046,67,4.0,33911
9174,8046,54,3.0,9962
9175,8046,48,5.0,68133
9176,8047,20,3.0,44033
9177,8047,80,2.0,89761
9178,8047,5,1.0,26134
9179,8048,24,5.0,43443
9180,8048,10,5.0,26689
9181,8049,92,4.0,61356
9182,8049,70,3.0,55878
9183,8049,48,5.0,68133
9184,8050,62,4.0,98446
9185,8050,96,2.0,8053
9186,8050,140,3.0,83331
9187,8050,118,3.0,13822
9188,8051,125,3.0,33628
9189,8051,100,3.0,71517
9190,8051,61,4.0,26079
9191,8052,19,4.0,72397
9192,8052,111,5.0,73941
9193,8053,116,4.0,42082
9194,8053,27,4.0,65552
9195,8053,26,2.0,18911
9196,8054,123,4.0,50047
9197,8054,44,5.0,82291
9198,8055,148,3.0,55893
9199,8055,30,5.0,51211
9200,8055,127,1.0,94118
9201,8055,89,3.0,83106
9202,8055,99,5.0,34203
9203,8056,59,5.0,20643
9204,8056,43,3.0,88213
9205,8056,138,1.0,52367
9206,8057,113,2.0,14616
9207,8058,98,2.0,83293
9208,8058,18,5.0,79719
9209,8058,25,5.0,16898
9210,8058,149,5.0,95245
9211,8059,96,2.0,8053
9212,8059,15,4.0,48998
9213,8059,62,2.0,98446
9214,8059,31,1.0,7724
9215,8059,106,1.0,95466
9216,8060,35,4.0,58295
9217,8060,143,2.0,20414
9218,8060,105,1.0,56021
9219,8061,98,3.0,83293
9220,8061,94,1.0,67315
9221,8061,104,2.0,9521
9222,8061,89,4.0,83106
9223,8061,112,2.0,69548
9224,8062,41,1.0,92765
9225,8062,143,1.0,20414
9226,8063,32,3.0,15187
9227,8064,102,4.0,22808
9228,8064,5,3.0,26134
9229,8064,58,3.0,39174
9230,8064,101,5.0,86737
9231,8065,116,1.0,42082
9232,8065,128,2.0,80334
9233,8065,8,1.0,49819
9234,8065,141,3.0,19091
9235,8066,102,1.0,22808
9236,8066,48,4.0,68133
9237,8067,138,2.0,52367
9238,8067,122,4.0,58214
9239,8067,123,4.0,50047
9240,8067,80,2.0,89761
9241,8068,116,2.0,42082
9242,99999,59,2.0,20643
9243,8069,132,5.0,42778
9244,8069,60,3.0,84088
9245,8069,12,1.0,52829
9246,8069,135,5.0,94663
9247,8070,33,2.0,20004
9248,8070,50,3.0,37334
9249,8071,142,2.0,40304
9250,8071,18,2.0,79719
9251,8071,22,2.0,78894
9252,8071,96,4.0,8053
9253,8071,79,5.0,81723
9254,8072,144,1.0,93669
9255,8073,126,2.0,20393
9256,8073,102,1.0,22808
9257,8073,14,1.0,55863
9258,8073,89,2.0,83106
9259,8073,68,2.0,25842
9260,8074,87,4.0,41279
9261,8074,133,2.0,19030
9262,8075,95,1.0,51431
9263,8075,29,1.0,7739
9264,8075,97,4.0,3679
9265,8075,85,4.0,48998
9266,8075,20,5.0,44033
9267,8076,17,2.0,13948
9268,8077,145,4.0,70418
9269,8078,84,4.0,87906
9270,8078,148,3.0,55893
9271,8078,39,3.0,54311
9272,8078,99,3.0,34203
9273,8078,141,5.0,19091
9274,8079,103,3.0,31445
9275,8080,10,2.0,26689
9276,8080,41,4.0,92765
9277,8080,130,4.0,27703
9278,8080,111,3.0,73941
9279,8080,96,1.0,8053
9280,8081,42,5.0,47104
9281,8081,58,5.0,39174
9282,8082,72,2.0,20480
9283,8082,9,1.0,20871
9284,8082,13,1.0,97810
9285,8083,53,5.0,50574
9286,8083,51,3.0,59928
9287,8084,81,2.0,19078
9288,8084,138,5.0,52367
9289,8084,142,2.0,40304
9290,8084,147,2.0,53510
9291,8085,60,4.0,84088
9292,8085,144,1.0,93669
9293,8085,88,5.0,4300
9294,8086,6,5.0,21286
9295,8086,38,4.0,76444
9296,8086,80,2.0,89761
9297,8087,35,1.0,58295
9298,8087,55,3.0,34918
9299,8087,18,2.0,79719
9300,8088,34,1.0,36630
9301,8088,86,5.0,49654
9302,8089,40,2.0,48312
9303,8089,89,4.0,83106
9304,8089,99,3.0,34203
9305,8089,82,1.0,87619
9306,8089,46,1.0,23671
9307,8090,52,4.0,58298
9308,8090,130,1.0,27703
9309,8090,141,3.0,19091
9310,8090,105,1.0,56021
9311,8090,35,3.0,58295
9312,8091,19,4.0,72397
9313,8091,47,3.0,53706
9314,8091,36,1.0,53847
9315,8091,94,1.0,67315
9316,8092,129,1.0,14470
9317,8093,19,3.0,72397
9318,8093,49,5.0,92850
9319,8094,125,5.0,33628
9320,8094,94,3.0,67315
9321,8094,101,4.0,86737
9322,8094,120,4.0,3186
9323,8095,61,4.0,26079
9324,8095,47,1.0,53706
9325,8095,140,3.0,83331
9326,8096,114,2.0,38630
9327,8096,48,5.0,68133
9328,8096,141,1.0,19091
9329,8096,19,1.0,72397
9330,8097,28,1.0,90487
9331,8097,139,5.0,34743
9332,8097,9,1.0,20871
9333,8097,67,4.0,33911
9334,8098,134,2.0,65964
9335,8098,42,3.0,47104
9336,8099,69,5.0,48871
9337,8099,6,2.0,21286
9338,8100,145,5.0,70418
9339,8100,4,4.0,46721
9340,8101,76,2.0,56428
9341,8101,2,3.0,48841
9342,8101,49,4.0,92850
9343,8102,150,1.0,30192
9344,8102,6,2.0,21286
9345,8103,47,2.0,53706
9346,8103,56,5.0,9175
9347,8104,109,5.0,19474
9348,8104,65,4.0,25065
9349,8104,117,1.0,12972
9350,8105,74,5.0,16985
9351,8105,129,4.0,14470
9352,8105,121,5.0,32706
9353,8106,111,2.0,73941
9354,8106,80,2.0,89761
9355,8106,129,,14470
9356,8106,114,2.0,38630
9357,8107,39,3.0,54311
9358,8107,80,2.0,89761
9359,8108,18,5.0,79719
9360,8108,33,4.0,20004
9361,8109,58,4.0,39174
9362,8110,54,1.0,9962
9363,8110,109,2.0,19474
9364,8110,97,4.0,3679
9365,8110,140,2.0,83331
9366,8110,24,2.0,43443
9367,8111,44,1.0,82291
9368,8111,86,3.0,49654
9369,8112,20,3.0,44033
9370,8112,135,5.0,94663
9371,8113,44,3.0,82291
9372,8113,115,3.0,25302
9373,8113,77,5.0,6325
9374,8114,71,1.0,4786
9375,8115,80,1.0,89761
9376,8115,16,2.0,9937
9377,8115,43,5.0,88213
9378,8115,98,2.0,83293
9379,8116,127,3.0,94118
9380,8116,53,3.0,50574
9381,8116,93,2.0,64437
9382,8116,56,1.0,9175
9383,8117,93,3.0,64437
9384,8117,33,2.0,20004
9385,8117,90,1.0,49507
9386,8117,7,1.0,95184
9387,8117,72,4.0,20480
9388,8118,47,1.0,53706
9389,8118,78,4.0,42378
9390,8118,45,2.0,48206
9391,8118,24,1.0,43443
9392,8119,99,3.0,34203
9393,8119,108,3.0,46915
9394,8119,125,5.0,33628
9395,8120,72,5.0,20480
9396,8120,144,3.0,93669
9397,8120,118,1.0,13822
9398,8120,116,1.0,42082
9399,8120,27,3.0,65552
9400,8121,90,1.0,49507
9401,8122,108,4.0,46915
9402,8123,43,4.0,88213
9403,8123,92,5.0,61356
9404,8123,54,3.0,9962
9405,8123,78,2.0,42378
9406,8123,27,2.0,65552
9407,8124,109,3.0,19474
9408,8124,113,1.0,14616
9409,8125,95,3.0,51431
9410,8125,39,4.0,54311
9411,8125,45,3.0,48206
9412,8125,138,4.0,52367
9413,8126,148,4.0,55893
9414,8127,123,1.0,50047
9415,8128,30,3.0,51211
9416,8128,126,4.0,20393
9417,8128,29,2.0,7739
9418,8128,104,5.0,9521
9419,8128,140,5.0,83331
9420,8129,9,3.0,20871
9421,8130,147,3.0,53510
9422,8131,90,2.0,49507
9423,8131,137,2.0,73589
9424,8132,111,1.0,73941
9425,8132,48,1.0,68133
9426,8132,58,4.0,39174
9427,8133,125,2.0,33628
9428,8134,39,3.0,54311
9429,8134,86,1.0,49654
9430,8134,120,5.0,3186
9431,8134,107,2.0,84963
9432,8135,33,1.0,20004
9433,8135,93,1.0,64437
9434,8135,68,1.0,25842
9435,8136,26,5.0,18911
9436,8136,86,1.0,49654
9437,8136,94,3.0,67315
9438,8136,49,3.0,92850
9439,8136,54,5.0,9962
9440,8137,128,3.0,80334
9441,8138,116,3.0,42082
9442,8138,142,3.0,40304
9443,8138,18,2.0,79719
9444,8138,125,3.0,33628
9445,8139,82,5.0,87619
9446,8139,132,3.0,42778
9447,8139,102,2.0,22808
9448,8139,4,3.0,46721
9449,8140,134,4.0,65964
9450,8140,98,2.0,83293
9451,8140,65,4.0,25065
9452,8140,143,5.0,20414
9453,8140,126,2.0,20393
9454,8141,81,3.0,19078
9455,8141,103,1.0,31445
9456,8141,117,1.0,12972
9457,8142,32,5.0,15187
9458,8142,139,2.0,34743
9459,8143,29,3.0,7739
9460,8144,46,3.0,23671
9461,8144,100,5.0,71517
9462,8144,102,4.0,22808
9463,8144,94,3.0,67315
9464,8145,91,1.0,98063
9465,8145,131,2.0,76514
9466,8146,132,4.0,42778
9467,8146,58,4.0,39174
9468,8147,47,2.0,53706
9469,8147,75,1.0,35916
9470,8147,110,5.0,30121
9471,8148,57,5.0,92455
9472,8148,134,2.0,65964
9473,8148,76,4.0,56428
9474,8148,43,1.0,88213
9475,8148,143,5.0,20414
9476,8149,129,1.0,14470
9477,8149,120,4.0,3186
9478,8149,1,5.0,50707
9479,8150,47,4.0,53706
9480,8150,10,1.0,26689
9481,8150,110,2.0,30121
9482,8151,48,4.0,68133
9483,8151,138,5.0,52367
9484,8151,9,3.0,20871
9485,8151,125,5.0,33628
9486,8152,120,1.0,3186
9487,8152,109,1.0,19474
9488,8152,96,5.0,8053
9489,8152,75,4.0,35916
9490,8153,64,4.0,69811
9491,8153,95,1.0,51431
9492,8153,33,3.0,20004
9493,8154,67,3.0,33911
9494,8155,102,1.0,22808
9495,8155,44,4.0,82291
9496,8156,36,4.0,53847
9497,8156,68,2.0,25842
9498,8157,45,1.0,48206
9499,8157,31,4.0,7724
9500,8157,11,3.0,10900
9501,8157,104,1.0,9521
9502,8157,4,5.0,46721
9503,8158,102,5.0,22808
9504,8158,80,4.0,89761
9505,8158,65,2.0,25065
9506,8158,41,4.0,92765
9507,8159,113,2.0,14616
9508,8159,72,3.0,20480
9509,8159,47,4.0,53706
9510,8159,31,4.0,7724
9511,8160,53,5.0,50574
9512,8161,72,1.0,20480
9513,8161,145,1.0,70418
9514,8161,22,3.0,78894
9515,8162,31,1.0,7724
9516,8162,54,4.0,9962
9517,8162,29,3.0,7739
9518,8163,51,3.0,59928
9519,8164,143,5.0,20414
9520,8164,45,1.0,48206
9521,8164,136,4.0,53946
9522,8165,38,4.0,76444
9523,8165,61,3.0,26079
9524,8166,54,4.0,9962
9525,8166,148,3.0,55893
9526,8166,25,5.0,16898
9527,8166,8,3.0,49819
9528,8166,70,2.0,55878
9529,8167,88,2.0,4300
9530,8167,80,5.0,89761
9531,8168,47,5.0,53706
9532,8169,125,4.0,33628
9533,8169,129,5.0,14470
9534,8170,130,4.0,27703
9535,8170,91,4.0,98063
9536,8170,75,3.0,35916
9537,8170,94,5.0,67315
9538,8170,132,2.0,42778
9539,8171,76,5.0,56428
9540,8171,130,1.0,27703
9541,8172,142,2.0,40304
9542,8172,109,4.0,19474
9543,8172,74,2.0,16985
9544,8172,138,1.0,52367
9545,8172,80,5.0,89761
9546,8173,82,5.0,87619
9547,8173,93,5.0,64437
9548,8174,41,4.0,92765
9549,8174,119,4.0,26176
9550,8174,118,3.0,13822
9551,8175,146,1.0,52304
9552,8175,138,3.0,52367
9553,8175,12,1.0,52829
9554,8175,148,3.0,55893
9555,8176,33,5.0,20004
9556,8176,149,1.0,95245
9557,8176,69,2.0,48871
9558,8176,124,2.0,78300
9559,8177,53,5.0,50574
9560,8178,102,5.0,22808
9561,8178,33,1.0,20004
9562,8178,103,2.0,31445
9563,8178,122,4.0,58214
9564,8178,43,2.0,88213
9565,8179,47,5.0,53706
9566,8179,6,1.0,21286
9567,8179,98,4.0,83293
9568,8179,50,4.0,37334
9569,8179,73,3.0,87951
9570,8180,132,2.0,42778
9571,8181,81,4.0,19078
9572,8181,5,3.0,26134
9573,8181,127,3.0,94118
9574,8181,140,5.0,83331
9575,8182,84,2.0,87906
9576,8182,52,2.0,58298
9577,8182,71,3.0,4786
9578,8182,135,3.0,94663
9579,8182,4,4.0,46721
9580,8183,47,4.0,53706
9581,8183,75,2.0,35916
9582,8183,54,3.0,9962
9583,8183,108,4.0,46915
9584,8184,55,5.0,34918
9585,8185,139,1.0,34743
9586,8185,102,1.0,22808
9587,8186,113,5.0,14616
9588,8186,7,3.0,95184
9589,8186,27,2.0,65552
9590,8186,127,4.0,94118
9591,8186,53,2.0,50574
9592,8187,84,2.0,87906
9593,8187,41,2.0,92765
9594,8188,125,5.0,33628
9595,8188,142,2.0,40304
9596,8188,106,2.0,95466
9597,8188,123,5.0,50047
9598,8189,127,3.0,94118
9599,8189,33,1.0,20004
9600,8189,64,5.0,69811
9601,8189,139,4.0,34743
9602,8190,27,1.0,65552
9603,8190,50,5.0,37334
9604,8191,106,1.0,95466
9605,8191,132,2.0,42778
9606,8191,146,2.0,52304
9607,8191,40,2.0,48312
9608,8192,127,3.0,94118
9609,8192,114,1.0,38630
9610,8193,15,1.0,48998
9611,8193,110,1.0,30121
9612,8193,142,4.0,40304
9613,8193,64,4.0,69811
9614,8193,13,2.0,97810
9615,8194,143,2.0,20414
9616,8195,131,3.0,76514
9617,8195,124,5.0,78300
9618,8196,32,5.0,15187
9619,8197,90,1.0,49507
9620,8197,116,3.0,42082
9621,8197,147,2.0,53510
9622,8198,110,3.0,30121
9623,8198,52,5.0,58298
9624,8198,38,4.0,76444
9625,8198,37,4.0,95562
9626,8199,148,2.0,55893
9627,8199,34,2.0,36630
9628,8199,137,5.0,73589
9629,8199,110,3.0,30121
9630,8199,113,2.0,14616
9631,8200,36,5.0,53847
9632,8200,111,2.0,73941
9633,8200,103,4.0,31445
9634,8200,150,2.0,30192
9635,8200,26,4.0,18911
9636,8201,51,2.0,59928
9637,8201,29,2.0,7739
9638,8201,54,1.0,9962
9639,8201,65,3.0,25065
9640,8202,128,1.0,80334
9641,8202,109,3.0,19474
9642,8202,132,5.0,42778
9643,8202,93,5.0,64437
9644,8202,84,4.0,87906
9645,8203,29,5.0,7739
9646,8204,93,3.0,64437
9647,8204,125,4.0,33628
9648,8205,103,3.0,31445
9649,8206,87,2.0,41279
9650,8207,129,2.0,14470
9651,8207,27,4.0,65552
9652,8207,23,3.0,18620
9653,8207,136,5.0,53946
9654,8207,12,3.0,52829
9655,8208,96,5.0,8053
9656,8208,67,4.0,33911
9657,8208,99,4.0,34203
9658,8208,14,4.0,55863
9659,8209,45,1.0,48206
9660,8209,130,1.0,27703
9661,8210,120,5.0,3186
9662,8210,86,4.0,49654
9663,8211,135,1.0,94663
9664,8211,84,3.0,87906
9665,8211,61,3.0,26079
9666,8211,73,5.0,87951
9667,8212,3,4.0,13554
9668,8212,122,4.0,58214
9669,8212,120,5.0,3186
9670,8212,83,2.0,61817
9671,8213,98,3.0,83293
9672,8213,61,4.0,26079
9673,8213,3,1.0,13554
9674,8214,143,4.0,20414
9675,8214,76,2.0,56428
9676,8214,2,2.0,48841
9677,8215,139,3.0,34743
9678,8215,136,3.0,53946
9679,8215,75,1.0,35916
9680,8216,146,2.0,52304
9681,8217,144,3.0,93669
9682,8217,49,5.0,92850
9683,8217,78,3.0,42378
9684,8217,96,2.0,8053
9685,8217,53,5.0,50574
9686,8218,135,3.0,94663
9687,8218,93,5.0,64437
9688,8218,98,3.0,83293
9689,8218,85,5.0,48998
9690,8218,66,2.0,82653
9691,8219,60,4.0,84088
9692,8219,49,4.0,92850
9693,8220,139,5.0,34743
9694,8220,147,4.0,53510
9695,8220,72,2.0,20480
9696,8220,83,1.0,61817
9697,8221,25,1.0,16898
9698,8221,90,5.0,49507
9699,8221,129,5.0,14470
9700,8222,11,5.0,10900
9701,8222,61,1.0,26079
9702,8223,123,3.0,50047
9703,8224,65,5.0,25065
9704,8225,48,1.0,68133
9705,8225,72,4.0,20480
9706,8226,120,1.0,3186
9707,8226,24,2.0,43443
9708,8227,89,2.0,83106
9709,8227,97,1.0,3679
9710,8227,130,5.0,27703
9711,8227,133,2.0,19030
9712,8227,56,4.0,9175
9713,8228,144,3.0,93669
9714,8229,49,4.0,92850
9715,8229,54,5.0,9962
9716,8229,99,3.0,34203
9717,8229,143,3.0,20414
9718,8229,58,,39174
9719,8230,83,4.0,61817
9720,8230,129,5.0,14470
9721,8230,46,1.0,23671
9722,8231,14,5.0,55863
9723,8231,132,3.0,42778
9724,8231,31,3.0,7724
9725,8232,35,2.0,58295
9726,8232,131,4.0,76514
9727,8232,107,4.0,84963
9728,8232,39,2.0,54311
9729,8233,147,4.0,53510
9730,8233,81,1.0,19078
9731,8233,111,3.0,73941
9732,8234,11,3.0,10900
9733,8234,57,2.0,92455
9734,8234,44,5.0,82291
9735,8234,8,3.0,49819
9736,8235,122,1.0,58214
9737,8236,139,2.0,34743
9738,8236,54,2.0,9962
9739,8236,89,5.0,83106
9740,8236,11,3.0,10900
9741,8236,64,2.0,69811
9742,8237,86,2.0,49654
9743,8237,138,1.0,52367
9744,8237,53,4.0,50574
9745,8237,119,4.0,26176
9746,8238,80,2.0,89761
9747,8238,79,2.0,81723
9748,8238,128,1.0,80334
9749,8239,74,4.0,16985
9750,8239,79,2.0,81723
9751,8239,132,3.0,42778
9752,8240,93,,64437
9753,8240,148,3.0,55893
9754,8240,75,2.0,35916
9755,8241,102,1.0,22808
9756,8241,86,2.0,49654
9757,8242,44,2.0,82291
9758,8242,128,4.0,80334
9759,8243,134,3.0,65964
9760,8243,52,5.0,58298
9761,8243,11,2.0,10900
9762,8243,26,5.0,18911
9763,8243,88,2.0,4300
9764,8244,19,4.0,72397
9765,8245,80,1.0,89761
9766,8245,9,1.0,20871
9767,8245,48,1.0,68133
9768,8245,59,5.0,20643
9769,8246,80,4.0,89761
9770,8246,17,1.0,13948
9771,8246,140,4.0,83331
9772,8246,46,3.0,23671
9773,8247,123,2.0,50047
9774,8247,11,4.0,10900
9775,8247,91,5.0,98063
9776,8248,94,3.0,67315
9777,8248,45,5.0,48206
9778,8248,99,4.0,34203
9779,8249,124,1.0,78300
9780,8249,20,5.0,44033
9781,8249,1,4.0,50707
9782,8249,93,5.0,64437
9783,8249,23,4.0,18620
9784,8250,108,5.0,46915
9785,8250,148,1.0,55893
9786,8250,21,2.0,81691
9787,8250,46,3.0,23671
9788,8251,21,3.0,81691
9789,8252,55,1.0,34918
9790,8252,135,1.0,94663
9791,8252,139,1.0,34743
9792,8252,118,3.0,13822
9793,8252,104,5.0,9521
9794,8253,117,3.0,12972
9795,8253,39,2.0,54311
9796,8253,123,1.0,50047
9797,8253,44,5.0,82291
9798,8253,97,1.0,3679
9799,8254,118,1.0,13822
9800,8254,84,1.0,87906
9801,8255,72,4.0,20480
9802,8255,53,5.0,50574
9803,8255,124,1.0,78300
9804,8255,112,1.0,69548
9805,8255,38,4.0,76444
9806,8256,86,2.0,49654
9807,8256,129,1.0,14470
9808,8256,69,2.0,48871
9809,8256,24,1.0,43443
9810,8256,53,4.0,50574
9811,8257,15,5.0,48998
9812,8257,43,1.0,88213
9813,8257,72,2.0,20480
9814,8257,70,1.0,55878
9815,8257,54,3.0,9962
9816,8258,75,3.0,35916
9817,8258,31,3.0,7724
9818,8258,52,1.0,58298
9819,8259,44,2.0,82291
9820,8260,33,2.0,20004
9821,8260,116,4.0,42082
9822,8261,38,4.0,76444
9823,8262,140,2.0,83331
9824,8263,44,2.0,82291
9825,8263,23,3.0,18620
9826,8263,146,4.0,52304
9827,8264,71,5.0,4786
9828,8264,67,4.0,33911
9829,8264,30,5.0,51211
9830,8264,73,1.0,87951
9831,8265,109,2.0,19474
9832,8265,58,1.0,39174
9833,8265,124,4.0,78300
9834,8265,75,1.0,35916
9835,8265,137,2.0,73589
9836,8266,68,2.0,25842
9837,8266,75,3.0,35916
9838,8267,41,5.0,92765
9839,8267,74,3.0,16985
9840,8268,72,5.0,20480
9841,8268,143,3.0,20414
9842,8268,54,2.0,9962
9843,8268,89,2.0,83106
9844,8268,121,4.0,32706
9845,8269,82,5.0,87619
9846,8269,111,2.0,73941
9847,8269,91,5.0,98063
9848,8270,66,5.0,82653
9849,8271,28,4.0,90487
9850,8272,86,1.0,49654
9851,8273,120,5.0,3186
9852,8273,58,2.0,39174
9853,8273,142,1.0,40304
9854,8273,108,5.0,46915
9855,8273,57,4.0,92455
9856,8274,108,5.0,46915
9857,8274,76,5.0,56428
9858,8275,142,2.0,40304
9859,8275,25,3.0,16898
9860,8275,124,5.0,78300
9861,8275,107,2.0,84963
9862,8276,142,,40304
9863,8276,15,1.0,48998
9864,8276,4,1.0,46721
9865,8276,119,5.0,26176
9866,8276,80,1.0,89761
9867,8277,119,2.0,26176
9868,8277,23,5.0,18620
9869,8277,5,4.0,26134
9870,8278,16,3.0,9937
9871,8278,39,1.0,54311
9872,8278,69,2.0,48871
9873,8278,145,1.0,70418
9874,8278,116,3.0,42082
9875,8279,104,1.0,9521
9876,8279,52,3.0,58298
9877,8280,150,1.0,30192
9878,8280,19,4.0,72397
9879,8280,23,3.0,18620
9880,8281,46,4.0,23671
9881,8281,68,4.0,25842
9882,8281,83,1.0,61817
9883,8281,13,5.0,97810
9884,8282,96,2.0,8053
9885,8282,50,4.0,37334
9886,8282,44,1.0,82291
9887,8282,16,3.0,9937
9888,8282,88,4.0,4300
9889,8283,88,5.0,4300
9890,8283,23,5.0,18620
9891,8283,72,3.0,20480
9892,8283,73,5.0,87951
9893,8284,97,1.0,3679
9894,8284,110,3.0,30121
9895,8284,100,2.0,71517
9896,8285,84,2.0,87906
9897,8285,69,3.0,48871
9898,8285,32,5.0,15187
9899,8285,67,5.0,33911
9900,8286,134,5.0,65964
9901,8287,56,1.0,9175
9902,8287,62,4.0,98446
9903,8287,110,4.0,30121
9904,8287,120,4.0,3186
9905,8288,129,4.0,14470
9906,8288,136,4.0,53946
9907,8288,74,5.0,16985
9908,8289,116,5.0,42082
9909,8290,118,3.0,13822
9910,8290,56,1.0,9175
9911,8291,79,2.0,81723
9912,8291,33,4.0,20004
9913,8291,48,3.0,68133
9914,8291,121,3.0,32706
9915,8291,77,5.0,6325
9916,8292,72,2.0,20480
9917,8292,142,3.0,40304
9918,8292,89,2.0,83106
9919,8292,93,3.0,64437
9920,8293,98,5.0,83293
9921,8293,62,1.0,98446
9922,8293,70,1.0,55878
9923,8293,140,3.0,83331
9924,8293,80,5.0,89761
9925,8294,42,2.0,47104
9926,8294,23,1.0,18620
9927,8294,72,4.0,20480
9928,8294,37,3.0,95562
9929,8295,93,1.0,64437
9930,8295,48,2.0,68133
9931,8296,11,2.0,10900
9932,8296,106,5.0,95466
9933,8296,60,4.0,84088
9934,8297,21,4.0,81691
9935,8297,122,3.0,58214
9936,8298,16,2.0,9937
9937,8298,56,2.0,9175
9938,8299,45,1.0,48206
9939,8299,50,2.0,37334
9940,8299,121,4.0,32706
9941,8299,28,3.0,90487
9942,8300,105,4.0,56021
9943,8300,108,2.0,46915
9944,8300,27,1.0,65552
9945,8301,52,1.0,58298
9946,8301,57,4.0,92455
9947,8301,65,5.0,25065
9948,8301,16,4.0,9937
9949,8302,103,5.0,31445
9950,8302,118,5.0,13822
9951,8302,45,3.0,48206
9952,8302,77,5.0,6325
9953,8302,10,3.0,26689
9954,8303,120,5.0,3186
9955,8303,58,1.0,39174
9956,8303,101,2.0,86737
9957,8303,133,3.0,19030
9958,8304,14,4.0,55863
9959,8305,12,1.0,52829
9960,8305,50,2.0,37334
9961,8305,141,2.0,19091
9962,8305,86,3.0,49654
9963,8305,33,1.0,20004
9964,8306,121,2.0,32706
9965,8307,77,1.0,6325
9966,8307,57,1.0,92455
9967,8308,24,3.0,43443
9968,8308,55,2.0,34918
9969,8308,69,5.0,48871
9970,8308,33,2.0,20004
9971,8309,40,3.0,48312
9972,8310,3,3.0,13554
9973,8310,75,5.0,35916
9974,8310,88,3.0,4300
9975,8310,117,3.0,12972
9976,8311,144,5.0,93669
9977,8312,117,1.0,12972
9978,8312,5,5.0,26134
9979,8312,68,2.0,25842
9980,8312,91,5.0,98063
9981,8312,30,5.0,51211
9982,8313,9,3.0,20871
9983,8313,83,1.0,61817
9984,8313,149,2.0,95245
9985,8313,136,1.0,53946
9986,8313,90,2.0,49507
9987,8314,14,1.0,55863
9988,8314,74,2.0,16985
9989,8314,97,4.0,3679
9990,8314,19,1.0,72397
9991,8315,72,5.0,20480
9992,8316,144,2.0,93669
9993,8317,33,2.0,20004
9994,8317,12,3.0,52829
9995,8317,27,3.0,65552
9996,8318,22,3.0,78894
9997,8318,10,5.0,26689
9998,8318,79,1.0,81723
9999,8319,86,2.0,49654
10000,8320,148,1.0,55893
10001,8320,54,3.0,9962
10002,8320,146,1.0,52304
10003,8320,31,1.0,7724
10004,8320,58,1.0,39174
10005,8321,94,3.0,67315
10006,8321,143,4.0,20414
10007,8321,122,4.0,58214
10008,8322,64,2.0,69811
10009,8322,55,3.0,34918
10010,8322,129,2.0,14470
10011,8323,142,4.0,40304
10012,8323,104,3.0,9521
10013,8324,41,5.0,92765
10014,8324,55,3.0,34918
10015,8324,47,5.0,53706
10016,8325,146,4.0,52304
10017,8325,3,1.0,13554
10018,8326,18,4.0,79719
10019,8326,68,3.0,25842
10020,8327,140,4.0,83331
10021,8327,11,3.0,10900
10022,8327,35,3.0,58295
10023,8328,107,5.0,84963
10024,8328,60,3.0,84088
10025,8328,101,5.0,86737
10026,8328,121,5.0,32706
10027,8329,101,3.0,86737
10028,8330,70,5.0,55878
10029,8330,68,4.0,25842
10030,8330,3,2.0,13554
10031,8330,149,3.0,95245
10032,8330,123,1.0,50047
10033,8331,134,1.0,65964
10034,8331,18,2.0,79719
10035,8331,118,2.0,13822
10036,8331,61,2.0,26079
10037,8331,13,1.0,97810
10038,8332,109,4.0,19474
10039,8333,17,2.0,13948
10040,8333,37,5.0,95562
10041,8333,145,5.0,70418
10042,8333,87,5.0,41279
10043,8334,27,3.0,65552
10044,8334,97,4.0,3679
10045,8334,9999,2.0,98446
10046,8334,51,2.0,59928
10047,8335,91,4.0,98063
10048,8336,79,1.0,81723
10049,8336,26,3.0,18911
10050,8337,52,3.0,58298
10051,8338,104,3.0,9521
10052,8338,46,5.0,23671
10053,8339,66,3.0,82653
10054,8339,144,5.0,93669
10055,8339,122,3.0,58214
10056,8339,35,4.0,58295
10057,8339,90,1.0,49507
10058,8340,131,4.0,76514
10059,8341,128,4.0,80334
10060,8341,45,2.0,48206
10061,8342,39,4.0,54311
10062,8342,32,5.0,15187
10063,8342,86,1.0,49654
10064,8342,79,3.0,81723
10065,8342,74,2.0,16985
10066,8343,17,4.0,13948
10067,8344,37,5.0,95562
10068,8345,19,1.0,72397
10069,8345,77,1.0,6325
10070,8345,95,4.0,51431
10071,8345,81,2.0,19078
10072,8346,31,4.0,7724
10073,8346,92,2.0,61356
10074,8346,51,2.0,59928
10075,8347,81,1.0,19078
10076,8347,72,4.0,20480
10077,8347,84,2.0,87906
10078,8347,24,3.0,43443
10079,8347,146,2.0,52304
10080,8348,66,4.0,82653
10081,8348,96,3.0,8053
10082,8348,70,1.0,55878
10083,8348,149,4.0,95245
10084,8348,55,4.0,34918
10085,8349,36,3.0,53847
10086,8349,7,1.0,95184
10087,8349,59,2.0,20643
10088,8349,50,5.0,37334
10089,8349,30,3.0,51211
10090,8350,34,2.0,36630
10091,8351,14,2.0,55863
10092,8351,131,2.0,76514
10093,8351,121,2.0,32706
10094,8352,128,5.0,80334
10095,8353,53,4.0,50574
10096,8353,145,4.0,70418
10097,8353,11,1.0,10900
10098,8354,76,4.0,56428
10099,8355,142,4.0,40304
10100,8355,119,4.0,26176
10101,8355,101,3.0,86737
10102,8356,47,1.0,53706
10103,8356,15,5.0,48998
10104,8356,23,3.0,18620
10105,8357,114,2.0,38630
10106,8358,25,4.0,16898
10107,8358,64,3.0,69811
10108,8358,147,5.0,53510
10109,8358,27,1.0,65552
10110,8358,139,3.0,34743
10111,8359,70,1.0,55878
10112,8359,144,1.0,93669
10113,8359,109,4.0,19474
10114,8359,117,5.0,12972
10115,8359,64,3.0,69811
10116,8360,69,3.0,48871
10117,8360,115,1.0,25302
10118,8361,50,5.0,37334
10119,8361,64,3.0,69811
10120,8362,137,5.0,73589
10121,8363,29,4.0,7739
10122,8364,127,4.0,94118
10123,8365,26,4.0,18911
10124,8365,100,4.0,71517
10125,8365,144,5.0,93669
10126,8366,1,5.0,50707
10127,8366,31,5.0,7724
10128,8367,59,2.0,20643
10129,8368,8,4.0,49819
10130,8368,80,3.0,89761
10131,8368,10,1.0,26689
10132,8368,42,1.0,47104
10133,8368,59,2.0,20643
10134,8369,100,4.0,71517
10135,8369,90,4.0,49507
10136,8370,19,5.0,72397
10137,8370,123,3.0,50047
10138,8371,13,4.0,97810
10139,8371,49,1.0,92850
10140,8371,47,2.0,53706
10141,8371,95,5.0,51431
10142,8372,74,3.0,16985
10143,8372,108,5.0,46915
10144,8372,118,1.0,13822
10145,8373,136,2.0,53946
10146,8373,20,3.0,44033
10147,8374,58,1.0,39174
10148,8375,88,3.0,4300
10149,8375,12,5.0,52829
10150,8375,105,4.0,56021
10151,8375,99,5.0,34203
10152,8376,127,2.0,94118
10153,8376,52,3.0,58298
10154,8376,54,3.0,9962
10155,8376,45,2.0,48206
10156,8377,132,4.0,42778
10157,8378,78,1.0,42378
10158,8378,23,2.0,18620
10159,8378,95,2.0,51431
10160,8378,115,1.0,25302
10161,8378,139,1.0,34743
10162,8379,105,1.0,56021
10163,8380,82,1.0,87619
10164,8380,62,5.0,98446
10165,8380,51,4.0,59928
10166,8380,137,4.0,73589
10167,8380,115,2.0,25302
10168,8381,9,3.0,20871
10169,8381,27,4.0,65552
10170,8381,104,4.0,9521
10171,8382,117,5.0,12972
10172,8382,48,5.0,68133
10173,8383,54,5.0,9962
10174,8383,42,5.0,47104
10175,8383,5,4.0,26134
10176,8383,138,1.0,52367
10177,8384,10,2.0,26689
10178,8384,19,3.0,72397
10179,8385,6,3.0,21286
10180,8385,142,3.0,40304
10181,8385,129,4.0,14470
10182,8385,104,3.0,9521
10183,8385,16,3.0,9937
10184,8386,97,5.0,3679
10185,8386,105,5.0,56021
10186,8386,66,1.0,82653
10187,8386,81,2.0,19078
10188,8386,94,1.0,67315
10189,8387,68,5.0,25842
10190,8387,150,3.0,30192
10191,8387,23,4.0,18620
10192,8387,29,1.0,7739
10193,8387,123,2.0,50047
10194,8388,93,2.0,64437
10195,8388,36,5.0,53847
10196,8388,101,3.0,86737
10197,8388,92,1.0,61356
10198,8388,23,5.0,18620
10199,8389,41,4.0,92765
10200,8390,97,4.0,3679
10201,8390,146,2.0,52304
10202,8391,61,1.0,26079
10203,8391,87,5.0,41279
10204,8391,57,5.0,92455
10205,8392,36,5.0,53847
10206,8392,46,1.0,23671
10207,8393,55,5.0,34918
10208,8393,65,2.0,25065
10209,8394,13,3.0,97810
10210,8394,3,4.0,13554
10211,8394,129,3.0,14470
10212,8394,94,3.0,67315
10213,8394,65,3.0,25065
10214,8395,25,2.0,16898
10215,8396,137,2.0,73589
10216,8396,101,5.0,86737
10217,8396,44,3.0,82291
10218,8396,70,2.0,55878
10219,8397,122,2.0,58214
10220,8397,116,4.0,42082
10221,8398,74,5.0,16985
10222,8398,109,1.0,19474
10223,8399,13,1.0,97810
10224,8399,98,2.0,83293
10225,8399,67,5.0,33911
10226,8399,3,3.0,13554
10227,8399,92,5.0,61356
10228,8400,118,4.0,13822
10229,8401,71,3.0,4786
10230,8401,44,2.0,82291
10231,8402,84,3.0,87906
10232,8402,95,2.0,51431
10233,8402,71,4.0,4786
10234,8402,85,3.0,48998
10235,8402,88,4.0,4300
10236,8403,17,5.0,13948
10237,8403,127,2.0,94118
10238,8404,116,5.0,42082
10239,8404,15,2.0,48998
10240,8404,72,1.0,20480
10241,8404,129,2.0,14470
10242,8404,49,5.0,92850
10243,8405,38,4.0,76444
10244,8405,131,1.0,76514
10245,8406,82,5.0,87619
10246,8406,32,2.0,15187
10247,8406,27,4.0,65552
10248,8406,95,2.0,51431
10249,8407,79,1.0,81723
10250,8407,46,2.0,23671
10251,8408,147,4.0,53510
10252,8408,81,4.0,19078
10253,8408,80,3.0,89761
10254,8408,73,4.0,87951
10255,8409,130,2.0,27703
10256,8409,33,2.0,20004
10257,8409,23,4.0,18620
10258,8409,122,4.0,58214
10259,8410,55,3.0,34918
10260,8410,14,2.0,55863
10261,8410,89,2.0,83106
10262,8410,57,2.0,92455
10263,8410,97,1.0,3679
10264,8411,4,5.0,46721
10265,8411,143,3.0,20414
10266,8411,86,5.0,49654
10267,8411,107,5.0,84963
10268,8411,70,3.0,55878
10269,8412,105,4.0,56021
10270,8412,147,5.0,53510
10271,8412,55,4.0,34918
10272,8412,138,5.0,52367
10273,8412,142,2.0,40304
10274,8413,96,5.0,8053
10275,8413,86,3.0,49654
10276,8413,84,3.0,87906
10277,8413,75,1.0,35916
10278,8414,55,2.0,34918
10279,8414,141,4.0,19091
10280,8414,89,5.0,83106
10281,8415,36,4.0,53847
10282,8416,6,1.0,21286
10283,8416,4,1.0,46721
10284,8416,5,1.0,26134
10285,8417,5,3.0,26134
10286,8417,67,3.0,33911
10287,8418,89,4.0,83106
10288,8418,23,5.0,18620
10289,8418,120,5.0,3186
10290,8418,38,2.0,76444
10291,8418,62,5.0,98446
10292,8419,115,2.0,25302
10293,8419,35,3.0,58295
10294,8420,139,1.0,34743
10295,8420,23,1.0,18620
10296,8420,60,1.0,84088
10297,8421,80,4.0,89761
10298,8421,134,3.0,65964
10299,8421,72,3.0,20480
10300,8421,91,1.0,98063
10301,8422,57,4.0,92455
10302,8422,17,1.0,13948
10303,8422,18,5.0,79719
10304,8423,145,5.0,70418
10305,8423,144,2.0,93669
10306,8424,112,3.0,69548
10307,8425,45,4.0,48206
10308,8425,138,3.0,52367
10309,8426,61,5.0,26079
10310,8426,121,4.0,32706
10311,8426,24,2.0,43443
10312,8426,89,3.0,83106
10313,8427,71,4.0,4786
10314,8427,98,1.0,83293
10315,8427,51,4.0,59928
10316,8427,97,2.0,3679
10317,8427,120,2.0,3186
10318,8428,21,4.0,81691
10319,8428,16,4.0,9937
10320,8428,102,5.0,22808
10321,8429,62,3.0,98446
10322,8429,49,1.0,92850
10323,8429,2,5.0,48841
10324,8430,67,1.0,33911
10325,8431,58,1.0,39174
10326,8432,135,5.0,94663
10327,8432,90,3.0,49507
10328,8432,68,1.0,25842
10329,8433,26,1.0,18911
10330,8433,7,1.0,95184
10331,8433,19,4.0,72397
10332,8434,2,5.0,48841
10333,8434,100,5.0,71517
10334,8434,130,4.0,27703
10335,8434,58,5.0,39174
10336,8435,82,2.0,87619
10337,8435,17,5.0,13948
10338,8435,139,1.0,34743
10339,8435,128,3.0,80334
10340,8436,41,5.0,92765
10341,8436,21,2.0,81691
10342,8436,116,3.0,42082
10343,8436,24,2.0,43443
10344,8437,116,4.0,42082
10345,8437,20,5.0,44033
10346,8438,10,1.0,26689
10347,8438,43,4.0,88213
10348,8439,64,4.0,69811
10349,8439,68,1.0,25842
10350,8439,47,4.0,53706
10351,8439,79,5.0,81723
10352,8439,85,1.0,48998
10353,8440,94,4.0,67315
10354,8440,125,3.0,33628
10355,8441,69,3.0,48871
10356,8441,114,2.0,38630
10357,8441,6,5.0,21286
10358,8441,116,2.0,42082
10359,8442,118,3.0,13822
10360,8443,11,5.0,10900
10361,8443,28,3.0,90487
10362,8443,140,5.0,83331
10363,8444,45,4.0,48206
10364,8445,80,3.0,89761
10365,8445,89,,83106
10366,8445,70,1.0,55878
10367,8446,120,3.0,3186
10368,8447,52,4.0,58298
10369,8447,58,3.0,39174
10370,8447,31,5.0,7724
10371,8447,39,2.0,54311
10372,8447,10,2.0,26689
10373,8448,55,5.0,34918
10374,8448,48,5.0,68133
10375,8448,67,4.0,33911
10376,8449,19,3.0,72397
10377,8449,51,4.0,59928
10378,8449,65,4.0,25065
10379,8449,24,1.0,43443
10380,8450,95,5.0,51431
10381,8451,90,1.0,49507
10382,8451,65,5.0,25065
10383,8451,77,1.0,6325
10384,8451,142,3.0,40304
10385,8451,116,2.0,42082
10386,8452,82,2.0,87619
10387,8452,142,5.0,40304
10388,8452,25,4.0,16898
10389,8452,111,1.0,73941
10390,8452,67,2.0,33911
10391,8453,17,3.0,13948
10392,8453,90,3.0,49507
10393,8453,127,5.0,94118
10394,8453,104,2.0,9521
10395,8454,121,5.0,32706
10396,8454,123,4.0,50047
10397,8455,33,5.0,20004
10398,8456,65,4.0,25065
10399,8456,126,5.0,20393
10400,8457,120,5.0,3186
10401,8457,34,2.0,36630
10402,8457,107,3.0,84963
10403,8458,75,5.0,35916
10404,8458,126,1.0,20393
10405,8458,34,3.0,36630
10406,8458,27,1.0,65552
10407,8459,59,1.0,20643
10408,8459,113,3.0,14616
10409,8460,87,4.0,41279
10410,8460,130,4.0,27703
10411,8460,34,5.0,36630
10412,8461,13,1.0,97810
10413,99999,149,4.0,95245
10414,8461,136,1.0,53946
10415,8462,37,1.0,95562
10416,8462,56,3.0,9175
10417,8463,28,3.0,90487
10418,8464,2,5.0,48841
10419,8464,143,3.0,20414
10420,8465,134,4.0,65964
10421,8465,104,4.0,9521
10422,8465,10,5.0,26689
10423,8466,19,2.0,72397
10424,8466,142,3.0,40304
10425,8466,7,2.0,95184
10426,8467,145,1.0,70418
10427,8468,14,2.0,55863
10428,8469,72,5.0,20480
10429,8469,95,2.0,51431
10430,8469,97,5.0,3679
10431,8469,68,3.0,25842
10432,8470,11,3.0,10900
10433,8471,59,1.0,20643
10434,8471,35,2.0,58295
10435,8471,93,2.0,64437
10436,8471,135,1.0,94663
10437,8472,1,2.0,50707
10438,8472,115,4.0,25302
10439,8472,90,1.0,49507
10440,8472,67,1.0,33911
10441,8473,122,1.0,58214
10442,8474,134,4.0,65964
10443,8474,70,2.0,55878
10444,8474,36,3.0,53847
10445,8474,68,1.0,25842
10446,8475,10,3.0,26689
10447,8476,17,4.0,13948
10448,8476,24,2.0,43443
10449,8476,79,1.0,81723
10450,8476,122,5.0,58214
10451,8476,2,4.0,48841
10452,8477,131,4.0,76514
10453,8478,122,4.0,58214
10454,8478,52,3.0,58298
10455,8478,142,5.0,40304
10456,8479,31,5.0,7724
10457,8479,71,4.0,4786
10458,8480,147,3.0,53510
10459,8480,69,4.0,48871
10460,8480,64,1.0,69811
10461,8481,41,3.0,92765
10462,8481,89,5.0,83106
10463,8481,63,4.0,33538
10464,8481,150,4.0,30192
10465,8482,97,2.0,3679
10466,8483,44,3.0,82291
10467,8483,63,3.0,33538
10468,8483,110,5.0,30121
10469,8483,6,5.0,21286
10470,8483,65,2.0,25065
10471,8484,40,3.0,48312
10472,8484,4,2.0,46721
10473,8484,146,4.0,52304
10474,8485,20,2.0,44033
10475,8485,14,5.0,55863
10476,8485,63,2.0,33538
10477,8486,125,1.0,33628
10478,8486,108,4.0,46915
10479,8486,104,5.0,9521
10480,8487,132,5.0,42778
10481,8487,111,3.0,73941
10482,8487,41,2.0,92765
10483,8487,79,1.0,81723
10484,8488,122,3.0,58214
10485,8488,70,1.0,55878
10486,8489,35,3.0,58295
10487,8489,3,4.0,13554
10488,8490,132,1.0,42778
10489,8491,104,2.0,9521
10490,8491,57,3.0,92455
10491,8491,25,1.0,16898
10492,8491,105,2.0,56021
10493,8492,91,2.0,98063
10494,8493,1,2.0,50707
10495,8493,98,4.0,83293
10496,8493,17,1.0,13948
10497,8493,3,3.0,13554
10498,8494,121,2.0,32706
10499,8494,145,5.0,70418
10500,8494,114,5.0,38630
10501,8494,3,2.0,13554
10502,8494,115,4.0,25302
10503,8495,33,4.0,20004
10504,8495,24,5.0,43443
10505,8495,146,2.0,52304
10506,8495,47,3.0,53706
10507,8496,129,3.0,14470
10508,8497,73,5.0,87951
10509,8497,10,3.0,26689
10510,8498,77,1.0,6325
10511,8499,11,5.0,10900
10512,8499,64,1.0,69811
10513,8500,85,3.0,48998
10514,8500,55,2.0,34918
10515,8500,4,3.0,46721
10516,8501,59,3.0,20643
10517,8501,136,5.0,53946
10518,8501,146,3.0,52304
10519,8501,128,4.0,80334
10520,8501,13,1.0,97810
10521,8502,39,2.0,54311
10522,8503,22,1.0,78894
10523,8503,133,2.0,19030
10524,8504,84,1.0,87906
10525,8504,142,1.0,40304
10526,8505,42,5.0,47104
10527,8505,143,2.0,20414
10528,8505,70,5.0,55878
10529,8506,47,4.0,53706
10530,8507,51,5.0,59928
10531,8507,126,3.0,20393
10532,8508,132,1.0,42778
10533,8509,11,1.0,10900
10534,8509,70,1.0,55878
10535,8510,79,2.0,81723
10536,8510,22,1.0,78894
10537,8510,50,3.0,37334
10538,8511,121,5.0,32706
10539,8511,117,2.0,12972
10540,8511,134,4.0,65964
10541,8511,36,2.0,53847
10542,8512,109,2.0,19474
10543,8512,38,2.0,76444
10544,8512,144,1.0,93669
10545,8513,10,3.0,26689
10546,8513,92,1.0,61356
10547,8513,121,2.0,32706
10548,8513,11,2.0,10900
10549,8514,148,1.0,55893
10550,8514,13,4.0,97810
10551,8514,48,2.0,68133
10552,8514,29,2.0,7739
10553,8515,116,1.0,42082
10554,8515,36,1.0,53847
10555,8515,92,4.0,61356
10556,8516,8,2.0,49819
10557,8516,109,5.0,19474
10558,8516,94,5.0,67315
10559,8517,32,3.0,15187
10560,8517,45,2.0,48206
10561,8517,36,3.0,53847
10562,8518,71,4.0,4786
10563,8519,24,4.0,43443
10564,8519,130,2.0,27703
10565,8519,23,1.0,18620
10566,8520,87,5.0,41279
10567,8520,14,1.0,55863
10568,8520,43,2.0,88213
10569,8520,148,5.0,55893
10570,8520,48,2.0,68133
10571,8521,17,4.0,13948
10572,8521,103,5.0,31445
10573,8522,75,1.0,35916
10574,8522,140,1.0,83331
10575,8522,126,4.0,20393
10576,8522,102,2.0,22808
10577,8522,135,5.0,94663
10578,8523,16,1.0,9937
10579,8523,28,5.0,90487
10580,8523,141,1.0,19091
10581,8523,58,4.0,39174
10582,8523,93,1.0,64437
10583,8524,55,3.0,34918
10584,8525,142,1.0,40304
10585,8525,55,2.0,34918
10586,8526,126,4.0,20393
10587,8526,61,3.0,26079
10588,8527,125,2.0,33628
10589,8527,109,5.0,19474
10590,8527,134,2.0,65964
10591,8527,47,1.0,53706
10592,8527,1,3.0,50707
10593,8528,130,5.0,27703
10594,8529,18,2.0,79719
10595,8530,125,4.0,33628
10596,8531,128,5.0,80334
10597,8531,93,1.0,64437
10598,8531,140,4.0,83331
10599,8531,95,1.0,51431
10600,8531,9,1.0,20871
10601,8532,27,4.0,65552
10602,8533,95,4.0,51431
10603,8533,67,4.0,33911
10604,8533,45,5.0,48206
10605,8533,56,5.0,9175
10606,8533,1,5.0,50707
10607,8534,26,5.0,18911
10608,8534,57,2.0,92455
10609,8534,45,4.0,48206
10610,8534,21,3.0,81691
10611,8534,51,1.0,59928
10612,8535,110,4.0,30121
10613,8536,104,3.0,9521
10614,8537,12,4.0,52829
10615,8537,119,5.0,26176
10616,8537,80,4.0,89761
10617,8537,37,3.0,95562
10618,8538,57,5.0,92455
10619,8538,86,5.0,49654
10620,8538,90,4.0,49507
10621,8538,76,1.0,56428
10622,8539,24,3.0,43443
10623,8539,110,3.0,30121
10624,8539,1,1.0,50707
10625,8540,28,5.0,90487
10626,8541,59,4.0,20643
10627,8541,25,3.0,16898
10628,8541,66,2.0,82653
10629,8541,65,2.0,25065
10630,8542,102,3.0,22808
10631,8542,40,3.0,48312
10632,8542,17,2.0,13948
10633,8542,33,3.0,20004
10634,8543,96,2.0,8053
10635,8543,142,1.0,40304
10636,8543,38,3.0,76444
10637,8544,134,2.0,65964
10638,8544,56,3.0,9175
10639,8544,137,4.0,73589
10640,8544,106,2.0,95466
10641,8544,118,5.0,13822
10642,8545,111,2.0,73941
10643,8546,54,2.0,9962
10644,8546,129,4.0,14470
10645,8546,109,3.0,19474
10646,8547,52,3.0,58298
10647,8547,109,5.0,19474
10648,8547,105,1.0,56021
10649,8547,47,2.0,53706
10650,8547,43,5.0,88213
10651,8548,130,4.0,27703
10652,8549,38,3.0,76444
10653,8550,77,1.0,6325
10654,8550,66,3.0,82653
10655,8550,89,2.0,83106
10656,8550,127,1.0,94118
10657,8551,28,1.0,90487
10658,8551,80,1.0,89761
10659,8551,56,1.0,9175
10660,8552,143,4.0,20414
10661,8552,82,4.0,87619
10662,8552,43,2.0,88213
10663,8553,8,3.0,49819
10664,8554,82,3.0,87619
10665,8555,88,5.0,4300
10666,8555,55,3.0,34918
10667,8556,2,1.0,48841
10668,8556,57,3.0,92455
10669,8556,49,2.0,92850
10670,8557,100,1.0,71517
10671,8558,82,3.0,87619
10672,8558,57,2.0,92455
10673,8558,77,2.0,6325
10674,8558,47,3.0,53706
10675,8558,108,1.0,46915
10676,8559,89,4.0,83106
10677,8559,78,1.0,42378
10678,8559,32,4.0,15187
10679,8559,130,2.0,27703
10680,8559,52,2.0,58298
10681,8560,42,5.0,47104
10682,8561,126,4.0,20393
10683,8561,13,2.0,97810
10684,8561,52,3.0,58298
10685,8561,11,3.0,10900
10686,8562,69,2.0,48871
10687,8562,119,2.0,26176
10688,8563,91,4.0,98063
10689,8563,119,1.0,26176
10690,8563,104,2.0,9521
10691,8563,35,4.0,58295
10692,8563,63,5.0,33538
10693,8564,62,3.0,98446
10694,8564,82,3.0,87619
10695,8564,109,3.0,19474
10696,8564,35,5.0,58295
10697,8565,83,1.0,61817
10698,8565,23,2.0,18620
10699,8566,54,5.0,9962
10700,8567,148,5.0,55893
10701,8568,95,3.0,51431
10702,8568,57,2.0,92455
10703,8568,128,1.0,80334
10704,8568,63,1.0,33538
10705,8569,63,4.0,33538
10706,8570,76,5.0,56428
10707,8570,107,5.0,84963
10708,8570,89,3.0,83106
10709,8570,57,1.0,92455
10710,8571,62,4.0,98446
10711,8571,125,3.0,33628
10712,8571,70,4.0,55878
10713,8571,96,3.0,8053
10714,8571,36,2.0,53847
10715,8572,8,4.0,49819
10716,8573,47,2.0,53706
10717,8573,79,2.0,81723
10718,8573,135,2.0,94663
10719,8573,19,2.0,72397
10720,8574,19,4.0,72397
10721,8574,32,1.0,15187
10722,8575,59,4.0,20643
10723,8576,90,1.0,49507
10724,8576,122,4.0,58214
10725,8576,74,3.0,16985
10726,8576,44,4.0,82291
10727,8576,4,2.0,46721
10728,8577,12,1.0,52829
10729,8577,92,1.0,61356
10730,8577,30,4.0,51211
10731,8577,103,5.0,31445
10732,8577,34,3.0,36630
10733,8578,69,1.0,48871
10734,8578,71,4.0,4786
10735,8578,79,5.0,81723
10736,8578,58,4.0,39174
10737,8579,66,4.0,82653
10738,8579,44,4.0,82291
10739,8579,98,3.0,83293
10740,8579,122,5.0,58214
10741,8579,67,3.0,33911
10742,8580,67,5.0,33911
10743,8580,50,2.0,37334
10744,8580,104,5.0,9521
10745,8580,90,2.0,49507
10746,8580,63,1.0,33538
10747,8581,149,3.0,95245
10748,8581,28,1.0,90487
10749,8581,22,3.0,78894
10750,8582,7,1.0,95184
10751,8583,88,4.0,4300
10752,8583,39,3.0,54311
10753,8583,64,1.0,69811
10754,8584,96,5.0,8053
10755,8584,111,3.0,73941
10756,8585,42,4.0,47104
10757,8585,29,1.0,7739
10758,8586,72,4.0,20480
10759,8586,19,2.0,72397
10760,8586,34,2.0,36630
10761,8586,102,5.0,22808
10762,8586,62,1.0,98446
10763,8587,7,5.0,95184
10764,8588,145,5.0,70418
10765,8588,68,2.0,25842
10766,8588,84,3.0,87906
10767,8588,132,2.0,42778
10768,8588,35,2.0,58295
10769,8589,117,1.0,12972
10770,8589,16,5.0,9937
10771,8589,143,3.0,20414
10772,8589,100,5.0,71517
10773,8590,116,1.0,42082
10774,8590,57,2.0,92455
10775,8591,102,3.0,22808
10776,8592,51,1.0,59928
10777,8592,104,4.0,9521
10778,8592,22,3.0,78894
10779,8592,119,5.0,26176
10780,8593,9,2.0,20871
10781,8593,123,3.0,50047
10782,8593,74,1.0,16985
10783,8593,107,4.0,84963
10784,8594,6,3.0,21286
10785,8594,87,5.0,41279
10786,8595,15,3.0,48998
10787,8595,26,1.0,18911
10788,8596,81,1.0,19078
10789,8597,10,2.0,26689
10790,8598,76,1.0,56428
10791,8599,111,2.0,73941
10792,8599,4,4.0,46721
10793,8599,113,5.0,14616
10794,8599,19,1.0,72397
10795,8599,63,2.0,33538
10796,8600,3,4.0,13554
10797,8600,136,3.0,53946
10798,8600,137,4.0,73589
10799,8600,1,2.0,50707
10800,8601,139,4.0,34743
10801,8602,47,2.0,53706
10802,8602,96,1.0,8053
10803,8602,146,2.0,52304
10804,8603,4,5.0,46721
10805,8603,66,5.0,82653
10806,8603,100,1.0,71517
10807,8604,39,3.0,54311
10808,8604,66,2.0,82653
10809,8604,89,3.0,83106
10810,8605,51,2.0,59928
10811,8605,101,4.0,86737
10812,8605,48,2.0,68133
10813,8605,113,5.0,14616
10814,8606,89,5.0,83106
10815,8606,105,4.0,56021
10816,8607,34,2.0,36630
10817,8607,108,1.0,46915
10818,8608,126,2.0,20393
10819,8609,70,3.0,55878
10820,8609,76,4.0,56428
10821,8609,130,3.0,27703
10822,8610,81,5.0,19078
10823,8611,138,1.0,52367
10824,8611,80,3.0,89761
10825,8611,128,5.0,80334
10826,8611,36,4.0,53847
10827,8611,44,3.0,82291
10828,8612,49,5.0,92850
10829,8613,56,5.0,9175
10830,8613,36,5.0,53847
10831,8613,123,2.0,50047
10832,8614,26,5.0,18911
10833,8614,37,3.0,95562
10834,8615,73,2.0,87951
10835,8615,108,3.0,46915
10836,8615,85,3.0,48998
10837,8616,12,2.0,52829
10838,8617,145,1.0,70418
10839,8617,2,4.0,48841
10840,8617,99,2.0,34203
10841,8617,44,4.0,82291
10842,8617,133,4.0,19030
10843,8618,125,3.0,33628
10844,8618,98,5.0,83293
10845,8618,1,1.0,50707
10846,8618,118,3.0,13822
10847,8618,121,4.0,32706
10848,8619,57,4.0,92455
10849,8619,27,2.0,65552
10850,8619,14,3.0,55863
10851,8619,148,5.0,55893
10852,8620,85,2.0,48998
10853,8620,19,1.0,72397
10854,8621,13,2.0,97810
10855,8621,27,1.0,65552
10856,8621,98,2.0,83293
10857,8621,21,2.0,81691
10858,8622,125,5.0,33628
10859,8622,68,5.0,25842
10860,8622,9,1.0,20871
10861,8622,83,4.0,61817
10862,8622,19,3.0,72397
10863,8623,45,3.0,48206
10864,8623,100,1.0,71517
10865,8623,43,3.0,88213
10866,8623,52,1.0,58298
10867,8624,135,5.0,94663
10868,8624,95,4.0,51431
10869,8624,93,5.0,64437
10870,8624,21,5.0,81691
10871,8624,125,1.0,33628
10872,8625,108,4.0,46915
10873,8625,61,1.0,26079
10874,8625,71,2.0,4786
10875,8625,49,5.0,92850
10876,8625,66,2.0,82653
10877,8626,121,5.0,32706
10878,8626,131,4.0,76514
10879,8626,1,5.0,50707
10880,8626,114,2.0,38630
10881,8627,101,2.0,86737
10882,8627,58,2.0,39174
10883,8627,134,5.0,65964
10884,8627,131,5.0,76514
10885,8628,74,2.0,16985
10886,8628,128,1.0,80334
10887,8628,40,3.0,48312
10888,8628,30,1.0,51211
10889,8628,54,4.0,9962
10890,8629,55,5.0,34918
10891,8629,85,2.0,48998
10892,8630,95,5.0,51431
10893,8630,82,1.0,87619
10894,8630,2,1.0,48841
10895,8630,129,1.0,14470
10896,8631,30,5.0,51211
10897,8631,59,5.0,20643
10898,8632,46,3.0,23671
10899,8632,137,2.0,73589
10900,8632,133,4.0,19030
10901,8632,110,3.0,30121
10902,8633,142,2.0,40304
10903,8633,80,3.0,89761
10904,8633,84,3.0,87906
10905,8633,137,1.0,73589
10906,8634,127,1.0,94118
10907,8634,13,4.0,97810
10908,8635,68,1.0,25842
10909,8636,124,1.0,78300
10910,8636,17,4.0,13948
10911,8636,141,1.0,19091
10912,8636,28,5.0,90487
10913,8637,117,2.0,12972
10914,8637,19,2.0,72397
10915,8637,39,1.0,54311
10916,8637,14,5.0,55863
10917,8637,81,5.0,19078
10918,8638,146,1.0,52304
10919,8638,57,1.0,92455
10920,8639,117,1.0,12972
10921,8640,70,2.0,55878
10922,8641,126,4.0,20393
10923,8641,88,2.0,4300
10924,8641,133,3.0,19030
10925,8641,13,3.0,97810
10926,8641,123,3.0,50047
10927,8642,126,5.0,20393
10928,8642,51,4.0,59928
10929,8642,114,4.0,38630
10930,8643,149,1.0,95245
10931,8643,142,2.0,40304
10932,8643,96,3.0,8053
10933,8643,133,4.0,19030
10934,8643,135,2.0,94663
10935,8644,147,3.0,53510
10936,8645,7,4.0,95184
10937,8646,42,4.0,47104
10938,8647,20,2.0,44033
10939,8647,50,3.0,37334
10940,8647,103,5.0,31445
10941,8647,96,5.0,8053
10942,8647,43,5.0,88213
10943,8648,11,1.0,10900
10944,8648,41,5.0,92765
10945,8649,135,2.0,94663
10946,8649,5,1.0,26134
10947,8649,89,3.0,83106
10948,8649,136,4.0,53946
10949,8650,106,2.0,95466
10950,8651,93,2.0,64437
10951,8651,41,4.0,92765
10952,8651,134,1.0,65964
10953,8651,55,5.0,34918
10954,8651,145,4.0,70418
10955,8652,30,5.0,51211
10956,8653,47,3.0,53706
10957,8653,14,3.0,55863
10958,8653,39,1.0,54311
10959,8653,42,4.0,47104
10960,8654,12,5.0,52829
10961,8655,62,1.0,98446
10962,8655,21,4.0,81691
10963,8655,34,5.0,36630
10964,8655,150,4.0,30192
10965,8656,116,4.0,42082
10966,8656,143,4.0,20414
10967,8657,121,2.0,32706
10968,8657,117,1.0,12972
10969,8657,49,5.0,92850
10970,8657,53,4.0,50574
10971,8657,108,1.0,46915
10972,8658,48,1.0,68133
10973,8658,38,2.0,76444
10974,8658,113,3.0,14616
10975,8658,59,1.0,20643
10976,8659,24,1.0,43443
10977,8659,72,5.0,20480
10978,8659,108,1.0,46915
10979,8659,100,3.0,71517
10980,8659,118,3.0,13822
10981,8660,80,3.0,89761
10982,8660,1,2.0,50707
10983,8661,84,1.0,87906
10984,8661,12,4.0,52829
10985,8662,44,3.0,82291
10986,8662,98,4.0,83293
10987,8662,91,2.0,98063
10988,8662,27,1.0,65552
10989,8662,150,1.0,30192
10990,8663,110,3.0,30121
10991,8663,74,2.0,16985
10992,8663,150,4.0,30192
10993,8664,54,5.0,9962
10994,8664,15,1.0,48998
10995,8664,89,3.0,83106
10996,8664,14,4.0,55863
10997,8665,141,2.0,19091
10998,8666,8,4.0,49819
10999,8666,62,3.0,98446
11000,8666,42,1.0,47104
11001,8667,125,1.0,33628
11002,8667,123,4.0,50047
11003,8667,92,1.0,61356
11004,8667,41,1.0,92765
11005,8668,86,2.0,49654
11006,8668,64,3.0,69811
11007,8669,149,5.0,95245
11008,8669,88,1.0,4300
11009,8670,115,4.0,25302
11010,8670,130,1.0,27703
11011,8670,112,4.0,69548
11012,8670,37,5.0,95562
11013,8670,150,4.0,30192
11014,8671,74,5.0,16985
11015,8671,148,1.0,55893
11016,8671,75,4.0,35916
11017,8672,143,3.0,20414
11018,8673,56,3.0,9175
11019,8673,110,4.0,30121
11020,8673,40,4.0,48312
11021,8673,9,2.0,20871
11022,8673,1,2.0,50707
11023,8674,27,2.0,65552
11024,8675,143,4.0,20414
11025,8675,120,5.0,3186
11026,8676,132,3.0,42778
11027,8676,100,5.0,71517
11028,8676,91,4.0,98063
11029,8677,34,4.0,36630
11030,8678,134,5.0,65964
11031,8679,31,5.0,7724
11032,8680,141,3.0,19091
11033,8680,69,5.0,48871
11034,8680,20,5.0,44033
11035,8680,16,4.0,9937
11036,8680,85,4.0,48998
11037,8681,2,1.0,48841
11038,8681,111,1.0,73941
11039,8681,88,3.0,4300
11040,8681,141,2.0,19091
11041,8682,146,3.0,52304
11042,8682,20,4.0,44033
11043,8683,38,4.0,76444
11044,8683,36,4.0,53847
11045,8683,144,5.0,93669
11046,8684,44,5.0,82291
11047,8684,104,4.0,9521
11048,8685,129,1.0,14470
11049,8685,93,5.0,64437
11050,8685,42,4.0,47104
11051,8685,46,2.0,23671
11052,8686,5,2.0,26134
11053,8686,135,5.0,94663
11054,8687,19,5.0,72397
11055,8687,118,3.0,13822
11056,8687,50,5.0,37334
11057,8687,108,2.0,46915
11058,8687,133,1.0,19030
11059,8688,91,3.0,98063
11060,8688,16,3.0,9937
11061,8688,4,2.0,46721
11062,8688,75,1.0,35916
11063,8689,28,4.0,90487
11064,8689,88,4.0,4300
11065,8689,44,3.0,82291
11066,8689,49,2.0,92850
11067,8689,5,2.0,26134
11068,8690,99,1.0,34203
11069,8691,61,4.0,26079
11070,8691,51,3.0,59928
11071,8692,37,2.0,95562
11072,8692,120,5.0,3186
11073,8692,64,5.0,69811
11074,8693,89,1.0,83106
11075,8693,62,4.0,98446
11076,8694,1,3.0,50707
11077,8694,57,4.0,92455
11078,8694,29,2.0,7739
11079,8694,88,4.0,4300
11080,8695,73,5.0,87951
11081,8695,140,5.0,83331
11082,8696,103,5.0,31445
11083,8696,5,4.0,26134
11084,8696,114,1.0,38630
11085,8697,32,3.0,15187
11086,8698,90,3.0,49507
11087,8698,27,4.0,65552
11088,8698,65,1.0,25065
11089,8699,117,5.0,12972
11090,8699,26,1.0,18911
11091,8699,86,5.0,49654
11092,8699,61,2.0,26079
11093,8699,143,3.0,20414
11094,8700,98,3.0,83293
11095,8700,48,5.0,68133
11096,8700,112,4.0,69548
11097,8701,45,3.0,48206
11098,8702,115,2.0,25302
11099,8702,113,2.0,14616
11100,8702,109,4.0,19474
11101,8702,103,1.0,31445
11102,8703,88,5.0,4300
11103,8703,119,3.0,26176
11104,8703,142,5.0,40304
11105,8703,98,4.0,83293
11106,8703,42,4.0,47104
11107,8704,8,4.0,49819
11108,8704,57,3.0,92455
11109,8704,19,2.0,72397
11110,8704,31,1.0,7724
11111,8704,67,1.0,33911
11112,8705,20,4.0,44033
11113,8705,56,3.0,9175
11114,8705,136,5.0,53946
11115,8705,64,2.0,69811
11116,8705,26,3.0,18911
11117,8706,106,4.0,95466
11118,8706,58,2.0,39174
11119,8706,133,1.0,19030
11120,8706,65,1.0,25065
11121,8706,146,2.0,52304
11122,8707,141,5.0,19091
11123,8707,26,5.0,18911
11124,8707,103,5.0,31445
11125,8707,17,5.0,13948
11126,8707,38,2.0,76444
11127,8708,126,2.0,20393
11128,8708,102,4.0,22808
11129,8708,51,1.0,59928
11130,8708,28,1.0,90487
11131,8709,140,5.0,83331
11132,8709,13,2.0,97810
11133,8709,9,2.0,20871
11134,8709,107,1.0,84963
11135,8709,101,2.0,86737
11136,8710,108,5.0,46915
11137,8710,33,3.0,20004
11138,8711,8,1.0,49819
11139,8712,66,5.0,82653
11140,8713,119,4.0,26176
11141,8713,107,2.0,84963
11142,8713,11,2.0,10900
11143,8714,49,1.0,92850
11144,8715,84,4.0,87906
11145,8715,6,1.0,21286
11146,8716,21,5.0,81691
11147,8716,54,2.0,9962
11148,8716,29,1.0,7739
11149,8717,32,1.0,15187
11150,8718,79,5.0,81723
11151,8718,132,5.0,42778
11152,8718,34,1.0,36630
11153,8718,96,2.0,8053
11154,8719,118,3.0,13822
11155,8720,22,1.0,78894
11156,8720,10,4.0,26689
11157,8720,146,1.0,52304
11158,8720,143,5.0,20414
11159,8720,27,2.0,65552
11160,8721,27,5.0,65552
11161,8721,113,3.0,14616
11162,8721,46,1.0,23671
11163,8722,15,4.0,48998
11164,8722,47,5.0,53706
11165,8722,116,3.0,42082
11166,8722,64,1.0,69811
11167,8722,52,3.0,58298
11168,8723,34,3.0,36630
11169,8723,11,4.0,10900
11170,8723,150,3.0,30192
11171,8723,80,1.0,89761
11172,8724,6,1.0,21286
11173,8724,117,2.0,12972
11174,8725,98,5.0,83293
11175,8725,24,4.0,43443
11176,8725,53,1.0,50574
11177,8725,30,3.0,51211
11178,8725,86,4.0,49654
11179,8726,143,4.0,20414
11180,8726,9999,4.0,34743
11181,8726,48,5.0,68133
11182,8726,79,5.0,81723
11183,8726,6,4.0,21286
11184,8727,57,4.0,92455
11185,8727,5,2.0,26134
11186,8727,23,1.0,18620
11187,8727,110,2.0,30121
11188,8727,86,3.0,49654
11189,8728,94,1.0,67315
11190,8728,41,4.0,92765
11191,8728,73,3.0,87951
11192,8728,78,1.0,42378
11193,8729,22,5.0,78894
11194,8729,84,4.0,87906
11195,8730,69,2.0,48871
11196,8730,10,2.0,26689
11197,8730,146,3.0,52304
11198,8731,114,1.0,38630
11199,8732,7,5.0,95184
11200,8733,53,1.0,50574
11201,8733,107,5.0,84963
11202,8733,5,1.0,26134
11203,8733,127,2.0,94118
11204,8733,24,5.0,43443
11205,8734,97,2.0,3679
11206,8734,51,3.0,59928
11207,8734,105,5.0,56021
11208,8734,68,1.0,25842
11209,8735,35,3.0,58295
11210,8735,122,3.0,58214
11211,8735,126,2.0,20393
11212,8736,14,3.0,55863
11213,8736,61,4.0,26079
11214,8736,85,3.0,48998
11215,8736,138,5.0,52367
11216,8737,26,3.0,18911
11217,8737,58,2.0,39174
11218,8737,137,5.0,73589
11219,8738,32,1.0,15187
11220,8738,4,5.0,46721
11221,8738,86,3.0,49654
11222,8738,100,2.0,71517
11223,8738,149,3.0,95245
11224,8739,62,4.0,98446
11225,8739,84,2.0,87906
11226,8739,113,5.0,14616
11227,8739,61,4.0,26079
11228,8740,137,1.0,73589
11229,8740,85,3.0,48998
11230,8740,53,2.0,50574
11231,8741,64,5.0,69811
11232,8741,22,4.0,78894
11233,8741,19,5.0,72397
11234,8741,73,4.0,87951
11235,8741,52,5.0,58298
11236,8742,143,1.0,20414
11237,8742,146,3.0,52304
11238,8743,125,5.0,33628
11239,8743,13,4.0,97810
11240,8743,1,5.0,50707
11241,8743,40,2.0,48312
11242,8744,8,4.0,49819
11243,8744,141,5.0,19091
11244,8745,107,5.0,84963
11245,8745,11,1.0,10900
11246,8746,3,4.0,13554
11247,8746,95,5.0,51431
11248,8746,120,2.0,3186
11249,8746,40,2.0,48312
11250,8746,135,4.0,94663
11251,8747,7,2.0,95184
11252,8747,106,1.0,95466
11253,8747,144,5.0,93669
11254,8748,79,4.0,81723
11255,8748,90,3.0,49507
11256,8748,74,1.0,16985
11257,8749,71,,4786
11258,8749,1,3.0,50707
11259,8749,18,5.0,79719
11260,8749,59,1.0,20643
11261,8749,68,5.0,25842
11262,8750,13,1.0,97810
11263,8750,2,3.0,48841
11264,8750,15,4.0,48998
11265,8750,44,4.0,82291
11266,8750,137,2.0,73589
11267,8751,129,2.0,14470
11268,8751,126,5.0,20393
11269,8752,123,3.0,50047
11270,8752,37,5.0,95562
11271,8752,102,4.0,22808
11272,8752,90,1.0,49507
11273,8753,39,2.0,54311
11274,8754,76,1.0,56428
11275,8754,1,2.0,50707
11276,8754,125,5.0,33628
11277,8754,61,2.0,26079
11278,8755,131,3.0,76514
11279,8755,20,5.0,44033
11280,8756,124,3.0,78300
11281,8757,131,5.0,76514
11282,8757,97,2.0,3679
11283,8757,81,1.0,19078
11284,8757,28,1.0,90487
11285,8758,53,5.0,50574
11286,8758,106,3.0,95466
11287,8758,135,4.0,94663
11288,8759,17,3.0,13948
11289,8760,128,5.0,80334
11290,8760,127,2.0,94118
11291,8760,133,1.0,19030
11292,8760,1,2.0,50707
11293,8760,137,2.0,73589
11294,8761,82,2.0,87619
11295,8761,130,2.0,27703
11296,8761,148,3.0,55893
11297,8762,35,3.0,58295
11298,8762,60,1.0,84088
11299,8762,66,4.0,82653
11300,8762,94,5.0,67315
11301,8763,113,2.0,14616
11302,8764,65,5.0,25065
11303,8764,58,2.0,39174
11304,8764,127,4.0,94118
11305,8764,55,2.0,34918
11306,8765,6,3.0,21286
11307,8765,7,3.0,95184
11308,8765,128,2.0,80334
11309,8765,100,3.0,71517
11310,8766,130,1.0,27703
11311,8766,122,1.0,58214
11312,8766,134,5.0,65964
11313,8767,119,4.0,26176
11314,8767,47,4.0,53706
11315,8768,95,4.0,51431
11316,8768,86,5.0,49654
11317,8768,47,5.0,53706
11318,8768,78,1.0,42378
11319,8768,10,3.0,26689
11320,8769,43,3.0,88213
11321,8769,9,5.0,20871
11322,8769,146,2.0,52304
11323,8769,107,2.0,84963
11324,8770,58,5.0,39174
11325,8770,53,3.0,50574
11326,8770,104,5.0,9521
11327,8771,119,4.0,26176
11328,8771,101,4.0,86737
11329,8772,27,3.0,65552
11330,8772,144,3.0,93669
11331,8772,51,1.0,59928
11332,8773,63,3.0,33538
11333,8773,76,5.0,56428
11334,8773,143,1.0,20414
11335,8773,34,5.0,36630
11336,8774,105,3.0,56021
11337,8774,110,1.0,30121
11338,8774,39,4.0,54311
11339,8774,99,5.0,34203
11340,8774,100,3.0,71517
11341,8775,9999,5.0,19091
11342,8775,65,2.0,25065
11343,8776,17,5.0,13948
11344,8776,54,1.0,9962
11345,8776,65,2.0,25065
11346,8776,150,3.0,30192
11347,8776,28,2.0,90487
11348,8777,69,2.0,48871
11349,8777,75,5.0,35916
11350,8777,74,2.0,16985
11351,8777,93,5.0,64437
11352,8778,101,2.0,86737
11353,8778,83,3.0,61817
11354,8778,17,3.0,13948
11355,8778,11,1.0,10900
11356,8778,74,2.0,16985
11357,8779,30,4.0,51211
11358,8779,89,2.0,83106
11359,8779,14,2.0,55863
11360,8780,68,2.0,25842
11361,8780,40,2.0,48312
11362,8780,48,1.0,68133
11363,8780,92,5.0,61356
11364,8780,143,5.0,20414
11365,8781,13,2.0,97810
11366,8781,95,2.0,51431
11367,8782,14,3.0,55863
11368,8782,68,3.0,25842
11369,8782,19,1.0,72397
11370,8783,13,1.0,97810
11371,8783,118,3.0,13822
11372,8784,3,2.0,13554
11373,8784,145,4.0,70418
11374,8784,46,5.0,23671
11375,8784,87,3.0,41279
11376,8785,83,4.0,61817
11377,8785,46,1.0,23671
11378,8785,123,5.0,50047
11379,8785,47,3.0,53706
11380,8786,81,5.0,19078
11381,8786,107,3.0,84963
11382,8786,89,5.0,83106
11383,8786,91,5.0,98063
11384,8787,43,2.0,88213
11385,8787,148,5.0,55893
11386,8787,98,1.0,83293
11387,8787,8,3.0,49819
11388,8787,94,5.0,67315
11389,8788,143,4.0,20414
11390,8788,142,3.0,40304
11391,8789,26,2.0,18911
11392,8789,108,3.0,46915
11393,8790,40,1.0,48312
11394,8791,150,5.0,30192
11395,8791,34,3.0,36630
11396,8792,78,1.0,42378
11397,8793,87,3.0,41279
11398,8794,111,2.0,73941
11399,8794,132,1.0,42778
11400,8794,1,5.0,50707
11401,8794,147,1.0,53510
11402,8795,111,2.0,73941
11403,8795,4,4.0,46721
11404,8796,35,4.0,58295
11405,8796,75,5.0,35916
11406,8797,77,3.0,6325
11407,8797,31,3.0,7724
11408,8797,71,4.0,4786
11409,8798,73,3.0,87951
11410,8798,31,5.0,7724
11411,8798,9,5.0,20871
11412,8798,92,5.0,61356
11413,8798,57,5.0,92455
11414,8799,24,3.0,43443
11415,8799,42,1.0,47104
11416,8799,91,2.0,98063
11417,8799,85,3.0,48998
11418,8800,88,3.0,4300
11419,8801,82,2.0,87619
11420,8801,1,4.0,50707
11421,8801,92,2.0,61356
11422,8801,54,4.0,9962
11423,8801,125,5.0,33628
11424,8802,111,5.0,73941
11425,8802,115,4.0,25302
11426,8803,42,5.0,47104
11427,8803,92,1.0,61356
11428,8803,51,3.0,59928
11429,8803,56,5.0,9175
11430,8804,48,4.0,68133
11431,8804,47,4.0,53706
11432,8804,45,3.0,48206
11433,8804,93,5.0,64437
11434,8805,123,5.0,50047
11435,8805,136,3.0,53946
11436,8806,20,5.0,44033
11437,8807,22,4.0,78894
11438,8807,136,1.0,53946
11439,8807,118,5.0,13822
11440,8807,80,2.0,89761
11441,8807,50,2.0,37334
11442,8808,28,4.0,90487
11443,8809,3,3.0,13554
11444,8809,104,3.0,9521
11445,8809,117,1.0,12972
11446,8809,91,1.0,98063
11447,8809,134,1.0,65964
11448,8810,61,1.0,26079
11449,8810,107,4.0,84963
11450,8810,126,4.0,20393
11451,8810,71,1.0,4786
11452,8810,36,5.0,53847
11453,8811,116,1.0,42082
11454,8811,79,5.0,81723
11455,8811,147,2.0,53510
11456,8812,127,3.0,94118
11457,8812,131,2.0,76514
11458,8812,115,3.0,25302
11459,8812,5,5.0,26134
11460,8813,138,2.0,52367
11461,8813,129,2.0,14470
11462,8813,42,1.0,47104
11463,8813,140,2.0,83331
11464,8813,24,5.0,43443
11465,8814,146,4.0,52304
11466,8814,6,3.0,21286
11467,8815,69,3.0,48871
11468,8815,5,5.0,26134
11469,8815,1,3.0,50707
11470,8816,78,3.0,42378
11471,8816,66,1.0,82653
11472,8816,59,4.0,20643
11473,8817,79,1.0,81723
11474,8818,36,3.0,53847
11475,8818,5,1.0,26134
11476,8818,60,4.0,84088
11477,8819,109,1.0,19474
11478,8819,150,2.0,30192
11479,8819,71,1.0,4786
11480,8819,25,5.0,16898
11481,8819,100,4.0,71517
11482,8820,58,2.0,39174
11483,8820,100,2.0,71517
11484,8820,150,1.0,30192
11485,8820,55,5.0,34918
11486,8821,99,5.0,34203
11487,8821,127,3.0,94118
11488,8821,87,2.0,41279
11489,8821,102,4.0,22808
11490,8822,91,4.0,98063
11491,8822,17,3.0,13948
11492,8822,84,5.0,87906
11493,8822,118,2.0,13822
11494,8822,89,5.0,83106
11495,8823,49,1.0,92850
11496,8823,66,3.0,82653
11497,8823,62,4.0,98446
11498,8823,26,3.0,18911
11499,8823,24,3.0,43443
11500,8824,140,1.0,83331
11501,8824,14,3.0,55863
11502,8825,146,1.0,52304
11503,8825,113,5.0,14616
11504,8826,85,1.0,48998
11505,8826,42,4.0,47104
11506,8826,140,1.0,83331
11507,8826,41,1.0,92765
11508,8826,16,1.0,9937
11509,8827,117,5.0,12972
11510,8827,115,5.0,25302
11511,8828,130,1.0,27703
11512,8829,51,1.0,59928
11513,8830,147,2.0,53510
11514,8831,109,1.0,19474
11515,8831,140,5.0,83331
11516,8831,110,2.0,30121
11517,8831,38,2.0,76444
11518,8831,108,3.0,46915
11519,8832,87,3.0,41279
11520,8832,149,4.0,95245
11521,8832,109,5.0,19474
11522,8833,77,4.0,6325
11523,8834,125,2.0,33628
11524,8834,137,2.0,73589
11525,8834,141,4.0,19091
11526,8835,34,5.0,36630
11527,8835,19,3.0,72397
11528,8836,78,4.0,42378
11529,8836,90,5.0,49507
11530,8836,145,1.0,70418
11531,8836,75,5.0,35916
11532,8836,105,3.0,56021
11533,8837,68,2.0,25842
11534,8837,8,2.0,49819
11535,8838,129,1.0,14470
11536,8838,42,3.0,47104
11537,8838,27,1.0,65552
11538,8839,138,3.0,52367
11539,8839,147,3.0,53510
11540,8839,110,1.0,30121
11541,8839,109,5.0,19474
11542,8840,39,2.0,54311
11543,8840,10,5.0,26689
11544,8840,55,1.0,34918
11545,8841,72,1.0,20480
11546,8841,4,2.0,46721
11547,8841,45,4.0,48206
11548,8841,6,1.0,21286
11549,8841,111,1.0,73941
11550,8842,78,5.0,42378
11551,8842,135,3.0,94663
11552,8842,142,3.0,40304
11553,8843,144,2.0,93669
11554,99999,48,3.0,68133
11555,8844,119,4.0,26176
11556,8844,18,1.0,79719
11557,8844,88,2.0,4300
11558,8844,60,3.0,84088
11559,8845,114,5.0,38630
11560,8845,9999,5.0,34203
11561,8845,96,3.0,8053
11562,8846,3,2.0,13554
11563,8846,57,4.0,92455
11564,8846,131,4.0,76514
11565,8846,76,5.0,56428
11566,8846,26,5.0,18911
11567,8847,44,3.0,82291
11568,8847,37,5.0,95562
11569,8847,117,1.0,12972
11570,8847,54,2.0,9962
11571,8847,93,3.0,64437
11572,8848,114,1.0,38630
11573,8848,120,3.0,3186
11574,8848,91,3.0,98063
11575,8849,129,3.0,14470
11576,8849,49,3.0,92850
11577,8849,135,5.0,94663
11578,8849,92,1.0,61356
11579,8850,63,1.0,33538
11580,8851,54,5.0,9962
11581,8851,43,4.0,88213
11582,8851,103,2.0,31445
11583,8852,26,1.0,18911
11584,8852,115,2.0,25302
11585,8853,106,3.0,95466
11586,8853,90,1.0,49507
11587,8853,15,4.0,48998
11588,8854,55,4.0,34918
11589,8854,13,1.0,97810
11590,8854,14,4.0,55863
11591,8855,4,2.0,46721
11592,8855,144,2.0,93669
11593,8855,17,3.0,13948
11594,8855,14,1.0,55863
11595,8855,112,2.0,69548
11596,8856,132,2.0,42778
11597,8856,15,4.0,48998
11598,8857,149,3.0,95245
11599,8857,69,4.0,48871
11600,8857,37,4.0,95562
11601,8857,127,1.0,94118
11602,8858,101,4.0,86737
11603,8858,74,5.0,16985
11604,8858,2,3.0,48841
11605,8859,21,5.0,81691
11606,8859,143,2.0,20414
11607,8859,88,3.0,4300
11608,8859,137,5.0,73589
11609,8860,36,5.0,53847
11610,8860,97,4.0,3679
11611,8860,144,5.0,93669
11612,8860,143,2.0,20414
11613,8861,70,1.0,55878
11614,8862,66,1.0,82653
11615,8862,147,5.0,53510
11616,8863,141,3.0,19091
11617,8863,132,2.0,42778
11618,8863,89,5.0,83106
11619,8864,114,1.0,38630
11620,8864,67,3.0,33911
11621,8864,148,5.0,55893
11622,8865,3,4.0,13554
11623,8865,73,3.0,87951
11624,8865,116,2.0,42082
11625,8866,103,1.0,31445
11626,8866,80,2.0,89761
11627,8866,82,5.0,87619
11628,8866,89,4.0,83106
11629,8866,101,2.0,86737
11630,8867,95,2.0,51431
11631,8867,58,1.0,39174
11632,8867,8,5.0,49819
11633,8867,127,5.0,94118
11634,8867,131,5.0,76514
11635,8868,88,1.0,4300
11636,8868,24,5.0,43443
11637,8869,85,4.0,48998
11638,8869,56,2.0,9175
11639,8869,102,1.0,22808
11640,8870,15,5.0,48998
11641,8871,111,3.0,73941
11642,8871,34,2.0,36630
11643,8872,3,4.0,13554
11644,8873,112,5.0,69548
11645,8873,43,5.0,88213
11646,8873,83,4.0,61817
11647,8873,148,1.0,55893
11648,8873,66,1.0,82653
11649,8874,37,1.0,95562
11650,8874,31,4.0,7724
11651,8874,93,1.0,64437
11652,8874,9,3.0,20871
11653,8874,69,1.0,48871
11654,8875,74,4.0,16985
11655,8875,80,3.0,89761
11656,8876,142,3.0,40304
11657,8876,135,5.0,94663
11658,8876,16,2.0,9937
11659,8876,54,1.0,9962
11660,8877,44,2.0,82291
11661,8877,107,5.0,84963
11662,8877,64,4.0,69811
11663,8877,132,5.0,42778
11664,8877,135,3.0,94663
11665,8878,141,3.0,19091
11666,8878,6,2.0,21286
11667,8879,56,2.0,9175
11668,8879,46,5.0,23671
11669,8879,127,2.0,94118
11670,8879,149,3.0,95245
11671,8879,92,1.0,61356
11672,8880,78,1.0,42378
11673,8880,17,2.0,13948
11674,8880,107,5.0,84963
11675,8880,26,2.0,18911
11676,8881,6,2.0,21286
11677,8881,44,1.0,82291
11678,8881,10,5.0,26689
11679,8881,35,5.0,58295
11680,8882,87,5.0,41279
11681,8882,90,5.0,49507
11682,8883,30,5.0,51211
11683,8883,133,2.0,19030
11684,8883,6,5.0,21286
11685,8884,148,1.0,55893
11686,8884,118,1.0,13822
11687,8884,44,5.0,82291
11688,8884,115,2.0,25302
11689,8884,130,5.0,27703
11690,8885,22,4.0,78894
11691,8885,114,3.0,38630
11692,8886,37,2.0,95562
11693,8886,5,3.0,26134
11694,8886,146,4.0,52304
11695,8886,123,1.0,50047
11696,8887,49,3.0,92850
11697,8887,45,3.0,48206
11698,8887,38,2.0,76444
11699,8887,36,4.0,53847
11700,8888,81,4.0,19078
11701,8889,55,5.0,34918
11702,8889,50,4.0,37334
11703,8890,112,1.0,69548
11704,8890,38,2.0,76444
11705,8890,60,2.0,84088
11706,8890,36,5.0,53847
11707,8890,121,1.0,32706
11708,8891,146,4.0,52304
11709,8892,54,5.0,9962
11710,8893,98,3.0,83293
11711,8893,67,2.0,33911
11712,8894,116,5.0,42082
11713,8894,142,4.0,40304
11714,8895,51,2.0,59928
11715,8895,13,1.0,97810
11716,8895,49,3.0,92850
11717,8895,80,5.0,89761
11718,8895,96,1.0,8053
11719,8896,9,1.0,20871
11720,8896,123,4.0,50047
11721,8897,91,3.0,98063
11722,8897,111,1.0,73941
11723,8898,33,1.0,20004
11724,8899,38,4.0,76444
11725,8899,69,4.0,48871
11726,8899,6,3.0,21286
11727,8900,86,3.0,49654
11728,8900,140,5.0,83331
11729,8900,138,5.0,52367
11730,8900,129,1.0,14470
11731,8900,91,1.0,98063
11732,8901,56,1.0,9175
11733,8902,106,2.0,95466
11734,8902,116,5.0,42082
11735,8903,134,3.0,65964
11736,8903,86,3.0,49654
11737,8903,62,5.0,98446
11738,8904,132,1.0,42778
11739,8904,127,2.0,94118
11740,8904,88,1.0,4300
11741,8905,51,5.0,59928
11742,8905,2,4.0,48841
11743,8905,99,2.0,34203
11744,8906,150,5.0,30192
11745,8906,50,3.0,37334
11746,8907,105,1.0,56021
11747,8907,137,3.0,73589
11748,8908,42,4.0,47104
11749,8908,130,1.0,27703
11750,8908,67,1.0,33911
11751,8909,131,1.0,76514
11752,8909,35,3.0,58295
11753,8910,48,5.0,68133
11754,8910,99,2.0,34203
11755,8910,108,2.0,46915
11756,8910,143,5.0,20414
11757,8910,65,5.0,25065
11758,8911,12,2.0,52829
11759,8911,136,3.0,53946
11760,8911,82,4.0,87619
11761,8912,68,4.0,25842
11762,8912,127,4.0,94118
11763,8913,27,3.0,65552
11764,8913,133,5.0,19030
11765,8913,76,5.0,56428
11766,8913,105,1.0,56021
11767,8914,137,1.0,73589
11768,8914,116,1.0,42082
11769,8914,64,3.0,69811
11770,8914,101,4.0,86737
11771,8914,132,2.0,42778
11772,8915,77,2.0,6325
11773,8916,42,1.0,47104
11774,8916,55,3.0,34918
11775,8916,46,3.0,23671
11776,8917,105,5.0,56021
11777,8917,119,1.0,26176
11778,8918,1,5.0,50707
11779,8919,63,3.0,33538
11780,8919,16,3.0,9937
11781,8919,42,2.0,47104
11782,8919,29,1.0,7739
11783,8919,36,4.0,53847
11784,8920,97,5.0,3679
11785,8920,114,1.0,38630
11786,8921,44,5.0,82291
11787,8921,119,1.0,26176
11788,8922,61,4.0,26079
11789,8922,76,5.0,56428
11790,8923,106,4.0,95466
11791,8923,88,3.0,4300
11792,8923,97,4.0,3679
11793,8923,18,2.0,79719
11794,8924,77,1.0,6325
11795,8924,68,3.0,25842
11796,8924,6,4.0,21286
11797,8924,62,5.0,98446
11798,8925,45,1.0,48206
11799,8925,68,2.0,25842
11800,8925,63,1.0,33538
11801,8925,114,5.0,38630
11802,8926,68,2.0,25842
11803,8926,14,5.0,55863
11804,8927,144,1.0,93669
11805,8928,83,2.0,61817
11806,8929,54,3.0,9962
11807,8929,23,3.0,18620
11808,8930,28,5.0,90487
11809,8930,103,4.0,31445
11810,8930,127,2.0,94118
11811,8930,72,5.0,20480
11812,8930,69,5.0,48871
11813,8931,68,2.0,25842
11814,8931,54,3.0,9962
11815,8931,89,4.0,83106
11816,8931,47,4.0,53706
11817,8932,138,5.0,52367
11818,8932,62,3.0,98446
11819,8932,137,4.0,73589
11820,8932,124,4.0,78300
11821,8933,111,3.0,73941
11822,8934,97,2.0,3679
11823,8935,133,4.0,19030
11824,8935,99,5.0,34203
11825,8935,82,5.0,87619
11826,8935,78,2.0,42378
11827,8936,8,3.0,49819
11828,8936,43,5.0,88213
11829,8936,1,3.0,50707
11830,8937,15,4.0,48998
11831,8937,7,3.0,95184
11832,8937,101,3.0,86737
11833,8937,125,1.0,33628
11834,8937,45,2.0,48206
11835,8938,59,5.0,20643
11836,8938,63,3.0,33538
11837,8939,145,4.0,70418
11838,8939,32,5.0,15187
11839,8939,67,1.0,33911
11840,8939,130,5.0,27703
11841,8940,15,4.0,48998
11842,8940,90,2.0,49507
11843,8941,149,3.0,95245
11844,8941,126,1.0,20393
11845,8942,147,5.0,53510
11846,8942,5,2.0,26134
11847,8943,136,4.0,53946
11848,8943,109,5.0,19474
11849,8943,141,3.0,19091
11850,8943,77,5.0,6325
11851,8943,32,3.0,15187
11852,8944,71,5.0,4786
11853,8944,90,5.0,49507
11854,8944,34,4.0,36630
11855,8944,88,4.0,4300
11856,8944,36,1.0,53847
11857,8945,110,3.0,30121
11858,8945,2,4.0,48841
11859,8945,47,3.0,53706
11860,8945,30,1.0,51211
11861,8946,94,3.0,67315
11862,8946,9,5.0,20871
11863,8947,74,5.0,16985
11864,8947,2,5.0,48841
11865,8947,143,2.0,20414
11866,8947,27,2.0,65552
11867,8947,15,5.0,48998
11868,8948,101,1.0,86737
11869,8948,48,4.0,68133
11870,8948,15,2.0,48998
11871,8948,125,3.0,33628
11872,8948,29,5.0,7739
11873,8949,21,2.0,81691
11874,8949,127,5.0,94118
11875,8949,52,5.0,58298
11876,8949,27,5.0,65552
11877,8950,103,2.0,31445
11878,8950,9999,4.0,9521
11879,8950,49,5.0,92850
11880,8950,75,2.0,35916
11881,8951,95,1.0,51431
11882,8951,119,4.0,26176
11883,8951,19,1.0,72397
11884,8951,18,3.0,79719
11885,8952,45,3.0,48206
11886,8952,99,4.0,34203
11887,8952,64,1.0,69811
11888,8953,35,4.0,58295
11889,8953,127,1.0,94118
11890,8953,110,5.0,30121
11891,8953,88,4.0,4300
11892,8953,31,3.0,7724
11893,8954,140,1.0,83331
11894,8954,116,5.0,42082
11895,8954,70,4.0,55878
11896,8955,140,1.0,83331
11897,8956,101,2.0,86737
11898,8956,116,3.0,42082
11899,8956,143,5.0,20414
11900,8957,123,3.0,50047
11901,8958,54,1.0,9962
11902,8958,148,2.0,55893
11903,8958,140,2.0,83331
11904,8958,77,5.0,6325
11905,8958,40,2.0,48312
11906,8959,31,2.0,7724
11907,8959,108,4.0,46915
11908,8960,36,1.0,53847
11909,8960,149,1.0,95245
11910,8961,66,3.0,82653
11911,8961,150,4.0,30192
11912,8961,76,1.0,56428
11913,8962,103,1.0,31445
11914,8962,48,2.0,68133
11915,8963,143,2.0,20414
11916,8963,19,5.0,72397
11917,8963,139,1.0,34743
11918,8964,7,1.0,95184
11919,8964,56,5.0,9175
11920,8964,44,4.0,82291
11921,8964,31,3.0,7724
11922,8964,102,1.0,22808
11923,8965,97,5.0,3679
11924,8965,123,5.0,50047
11925,8965,125,1.0,33628
11926,8966,146,1.0,52304
11927,8967,40,1.0,48312
11928,8968,52,4.0,58298
11929,8968,46,3.0,23671
11930,8968,135,1.0,94663
11931,8968,89,5.0,83106
11932,8969,68,5.0,25842
11933,8970,3,3.0,13554
11934,8970,58,4.0,39174
11935,8970,21,4.0,81691
11936,8970,80,2.0,89761
11937,8971,72,5.0,20480
11938,8972,69,2.0,48871
11939,8972,21,1.0,81691
11940,8972,66,3.0,82653
11941,8973,53,4.0,50574
11942,8973,123,4.0,50047
11943,8973,113,4.0,14616
11944,8973,55,4.0,34918
11945,8973,132,4.0,42778
11946,8974,71,3.0,4786
11947,8974,104,3.0,9521
11948,8974,108,3.0,46915
11949,8974,11,5.0,10900
11950,8974,67,1.0,33911
11951,8975,15,3.0,48998
11952,8976,148,5.0,55893
11953,8976,112,1.0,69548
11954,8976,4,5.0,46721
11955,8977,63,4.0,33538
11956,8977,140,4.0,83331
11957,8977,86,3.0,49654
11958,8977,95,3.0,51431
11959,8977,38,4.0,76444
11960,8978,32,4.0,15187
11961,8978,114,4.0,38630
11962,8979,128,3.0,80334
11963,8979,17,3.0,13948
11964,8980,119,1.0,26176
11965,8980,30,3.0,51211
11966,8980,6,5.0,21286
11967,8980,92,5.0,61356
11968,8980,141,3.0,19091
11969,8981,96,1.0,8053
11970,8981,128,1.0,80334
11971,8981,42,1.0,47104
11972,8981,27,1.0,65552
11973,8982,107,5.0,84963
11974,8982,120,4.0,3186
11975,8982,43,3.0,88213
11976,8982,93,5.0,64437
11977,8983,131,3.0,76514
11978,8984,91,3.0,98063
11979,8985,131,5.0,76514
11980,8986,64,1.0,69811
11981,8986,50,2.0,37334
11982,8986,41,5.0,92765
11983,8986,66,3.0,82653
11984,8987,5,3.0,26134
11985,8988,17,4.0,13948
11986,8988,116,5.0,42082
11987,8989,120,2.0,3186
11988,8989,135,2.0,94663
11989,8989,136,5.0,53946
11990,8990,42,5.0,47104
11991,8990,141,3.0,19091
11992,8990,84,3.0,87906
11993,8991,112,2.0,69548
11994,8992,38,5.0,76444
11995,8992,32,4.0,15187
11996,8992,7,4.0,95184
11997,8993,54,4.0,9962
11998,8993,78,1.0,42378
11999,8993,13,5.0,97810
12000,8993,113,3.0,14616
12001,8993,31,4.0,7724
12002,8994,123,4.0,50047
12003,8994,57,2.0,92455
12004,8995,106,4.0,95466
12005,8995,143,3.0,20414
12006,8995,72,1.0,20480
12007,8995,101,4.0,86737
12008,8996,124,1.0,78300
12009,8997,10,1.0,26689
12010,8997,74,2.0,16985
12011,8997,39,5.0,54311
12012,8997,121,3.0,32706
12013,8998,7,4.0,95184
12014,8998,101,3.0,86737
12015,8998,29,5.0,7739
12016,8998,107,4.0,84963
12017,8998,87,2.0,41279
12018,8999,31,3.0,7724
12019,8999,77,4.0,6325
12020,8999,139,4.0,34743
12021,8999,51,5.0,59928
12022,9000,97,4.0,3679
12023,9000,81,1.0,19078
12024,9000,60,2.0,84088
12025,9000,37,3.0,95562
12026,9000,30,3.0,51211
12027,9001,131,5.0,76514
12028,9001,120,3.0,3186
12029,9001,25,3.0,16898
12030,9001,45,5.0,48206
12031,9001,119,4.0,26176
12032,9002,122,2.0,58214
12033,9002,59,3.0,20643
12034,9002,34,3.0,36630
12035,9002,137,2.0,73589
12036,9003,47,3.0,53706
12037,9003,132,5.0,42778
12038,9003,31,1.0,7724
12039,9003,137,1.0,73589
12040,9004,97,4.0,3679
12041,9004,14,3.0,55863
12042,9004,126,5.0,20393
12043,9004,67,2.0,33911
12044,9004,33,1.0,20004
12045,9005,82,4.0,87619
12046,9005,100,2.0,71517
12047,9005,8,2.0,49819
12048,9005,90,1.0,49507
12049,9006,129,5.0,14470
12050,9006,93,2.0,64437
12051,9007,123,5.0,50047
12052,9008,14,5.0,55863
12053,9008,37,5.0,95562
12054,9008,82,3.0,87619
12055,9009,48,1.0,68133
12056,9009,34,3.0,36630
12057,9009,129,1.0,14470
12058,9010,103,1.0,31445
12059,9010,102,4.0,22808
12060,9010,4,2.0,46721
12061,9010,32,2.0,15187
12062,9010,51,2.0,59928
12063,9011,53,5.0,50574
12064,9011,97,1.0,3679
12065,9011,136,1.0,53946
12066,9011,57,5.0,92455
12067,9012,70,4.0,55878
12068,9012,43,3.0,88213
12069,9012,103,1.0,31445
12070,9013,20,4.0,44033
12071,9013,51,5.0,59928
12072,9013,67,4.0,33911
12073,9013,107,3.0,84963
12074,9013,78,5.0,42378
12075,9014,150,1.0,30192
12076,9014,65,4.0,25065
12077,9015,97,4.0,3679
12078,9015,38,2.0,76444
12079,9015,54,3.0,9962
12080,9015,123,5.0,50047
12081,9015,77,2.0,6325
12082,9016,105,2.0,56021
12083,9016,117,4.0,12972
12084,9017,138,3.0,52367
12085,9017,118,4.0,13822
12086,9018,142,3.0,40304
12087,9018,65,1.0,25065
12088,9018,28,3.0,90487
12089,9018,106,1.0,95466
12090,9019,96,4.0,8053
12091,9019,105,4.0,56021
12092,9019,65,5.0,25065
12093,9019,110,5.0,30121
12094,9019,136,1.0,53946
12095,9020,60,5.0,84088
12096,9020,43,4.0,88213
12097,9020,132,2.0,42778
12098,9020,1,2.0,50707
12099,9021,98,5.0,83293
12100,9021,42,4.0,47104
12101,9022,150,2.0,30192
12102,9022,59,3.0,20643
12103,9022,125,2.0,33628
12104,9022,30,3.0,51211
12105,9022,88,4.0,4300
12106,9023,112,5.0,69548
12107,9023,57,2.0,92455
12108,9023,126,1.0,20393
12109,9023,50,,37334
12110,9024,76,5.0,56428
12111,9024,77,2.0,6325
12112,9024,150,3.0,30192
12113,9025,122,4.0,58214
12114,9025,53,2.0,50574
12115,9025,101,4.0,86737
12116,9025,75,5.0,35916
12117,9026,79,4.0,81723
12118,9026,3,2.0,13554
12119,9026,137,5.0,73589
12120,9026,68,4.0,25842
12121,9027,39,3.0,54311
12122,9027,92,5.0,61356
12123,9028,22,5.0,78894
12124,9029,21,2.0,81691
12125,9030,99,4.0,34203
12126,9030,104,1.0,9521
12127,9030,127,5.0,94118
12128,9030,118,5.0,13822
12129,9030,11,3.0,10900
12130,9031,65,3.0,25065
12131,9032,146,2.0,52304
12132,9032,150,2.0,30192
12133,9033,108,2.0,46915
12134,9033,54,3.0,9962
12135,9033,119,2.0,26176
12136,9033,136,5.0,53946
12137,9034,42,1.0,47104
12138,9034,105,2.0,56021
12139,9034,66,4.0,82653
12140,9034,62,3.0,98446
12141,9035,54,4.0,9962
12142,9036,90,4.0,49507
12143,9037,128,2.0,80334
12144,9037,79,5.0,81723
12145,9037,140,4.0,83331
12146,9037,82,5.0,87619
12147,9038,4,2.0,46721
12148,9039,101,2.0,86737
12149,9040,36,3.0,53847
12150,9040,120,3.0,3186
12151,9040,55,2.0,34918
12152,9040,84,2.0,87906
12153,9041,114,4.0,38630
12154,9041,21,1.0,81691
12155,9041,48,1.0,68133
12156,9041,42,2.0,47104
12157,9041,49,2.0,92850
12158,9042,47,5.0,53706
12159,9042,136,4.0,53946
12160,9042,147,1.0,53510
12161,9043,114,1.0,38630
12162,9043,100,5.0,71517
12163,9044,59,3.0,20643
12164,9044,25,1.0,16898
12165,9044,3,2.0,13554
12166,9045,136,2.0,53946
12167,9045,138,3.0,52367
12168,9046,130,5.0,27703
12169,9046,4,4.0,46721
12170,9046,70,3.0,55878
12171,9046,120,4.0,3186
12172,9046,104,3.0,9521
12173,9047,77,5.0,6325
12174,9047,8,2.0,49819
12175,9047,33,2.0,20004
12176,9048,11,2.0,10900
12177,9048,89,2.0,83106
12178,9048,22,2.0,78894
12179,9048,79,5.0,81723
12180,9049,57,4.0,92455
12181,9049,44,2.0,82291
12182,9049,149,4.0,95245
12183,9049,64,2.0,69811
12184,9050,144,1.0,93669
12185,9050,120,5.0,3186
12186,9050,59,1.0,20643
12187,9051,10,3.0,26689
12188,9051,135,1.0,94663
12189,9051,142,1.0,40304
12190,9051,87,3.0,41279
12191,9051,103,1.0,31445
12192,9052,35,4.0,58295
12193,9052,87,5.0,41279
12194,9053,28,2.0,90487
12195,9053,41,5.0,92765
12196,9054,104,3.0,9521
12197,9054,73,4.0,87951
12198,9054,67,4.0,33911
12199,9054,34,2.0,36630
12200,9054,64,5.0,69811
12201,9055,115,1.0,25302
12202,9055,132,2.0,42778
12203,9055,121,4.0,32706
12204,9055,34,3.0,36630
12205,9056,83,5.0,61817
12206,9056,33,1.0,20004
12207,9057,103,5.0,31445
12208,9057,96,3.0,8053
12209,9057,56,3.0,9175
12210,9057,27,3.0,65552
12211,9058,139,2.0,34743
12212,9058,6,4.0,21286
12213,9059,2,1.0,48841
12214,9059,142,3.0,40304
12215,9059,32,2.0,15187
12216,9059,117,4.0,12972
12217,9060,13,3.0,97810
12218,9060,58,1.0,39174
12219,9061,141,4.0,19091
12220,9061,29,2.0,7739
12221,9061,66,4.0,82653
12222,9061,111,2.0,73941
12223,9061,74,2.0,16985
12224,9062,60,5.0,84088
12225,9062,56,2.0,9175
12226,9062,24,2.0,43443
12227,9062,83,2.0,61817
12228,9062,124,5.0,78300
12229,9063,62,5.0,98446
12230,9063,72,1.0,20480
12231,9064,146,3.0,52304
12232,9065,149,4.0,95245
12233,9065,3,3.0,13554
12234,9065,22,1.0,78894
12235,9066,124,1.0,78300
12236,9067,42,1.0,47104
12237,9067,57,2.0,92455
12238,9068,48,3.0,68133
12239,9069,130,5.0,27703
12240,9069,41,3.0,92765
12241,9070,106,4.0,95466
12242,9071,132,5.0,42778
12243,9071,39,1.0,54311
12244,9072,11,4.0,10900
12245,9072,116,1.0,42082
12246,9072,72,1.0,20480
12247,9072,78,1.0,42378
12248,9073,138,1.0,52367
12249,9074,81,5.0,19078
12250,9074,66,1.0,82653
12251,9074,127,2.0,94118
12252,9074,21,3.0,81691
12253,9074,96,2.0,8053
12254,9075,88,5.0,4300
12255,9075,146,3.0,52304
12256,9075,18,4.0,79719
12257,9075,95,2.0,51431
12258,9076,87,5.0,41279
12259,9076,71,4.0,4786
12260,9077,12,2.0,52829
12261,9077,53,4.0,50574
12262,9077,70,4.0,55878
12263,9078,6,2.0,21286
12264,9078,87,5.0,41279
12265,9078,56,3.0,9175
12266,9078,84,3.0,87906
12267,9079,45,5.0,48206
12268,9079,42,3.0,47104
12269,9079,51,5.0,59928
12270,9079,81,4.0,19078
12271,9079,60,4.0,84088
12272,9080,34,5.0,36630
12273,9081,55,1.0,34918
12274,9082,114,5.0,38630
12275,9082,14,5.0,55863
12276,9082,122,1.0,58214
12277,9083,80,4.0,89761
12278,9083,109,3.0,19474
12279,9083,18,4.0,79719
12280,9083,62,2.0,98446
12281,9083,100,5.0,71517
12282,9084,132,3.0,42778
12283,9084,82,2.0,87619
12284,9084,42,5.0,47104
12285,9084,88,1.0,4300
12286,9085,149,5.0,95245
12287,9085,104,4.0,9521
12288,9086,94,2.0,67315
12289,9086,24,1.0,43443
12290,9086,141,4.0,19091
12291,9087,40,1.0,48312
12292,9087,13,4.0,97810
12293,9087,112,4.0,69548
12294,9087,28,5.0,90487
12295,9088,26,1.0,18911
12296,9088,119,4.0,26176
12297,9088,56,2.0,9175
12298,9088,60,3.0,84088
12299,9089,10,5.0,26689
12300,9089,117,4.0,12972
12301,9089,34,2.0,36630
12302,9090,73,4.0,87951
12303,9091,68,2.0,25842
12304,9091,121,1.0,32706
12305,9091,67,5.0,33911
12306,9091,72,4.0,20480
12307,9092,134,5.0,65964
12308,9093,19,2.0,72397
12309,9093,7,2.0,95184
12310,9094,56,2.0,9175
12311,9094,106,5.0,95466
12312,9095,65,5.0,25065
12313,9096,84,3.0,87906
12314,9097,32,5.0,15187
12315,9097,56,4.0,9175
12316,9097,52,2.0,58298
12317,9098,85,5.0,48998
12318,9098,126,5.0,20393
12319,9098,143,5.0,20414
12320,9099,136,2.0,53946
12321,9099,112,4.0,69548
12322,9099,39,5.0,54311
12323,9100,91,4.0,98063
12324,9100,89,4.0,83106
12325,9100,134,5.0,65964
12326,9100,68,3.0,25842
12327,9100,124,1.0,78300
12328,9101,25,3.0,16898
12329,9101,143,4.0,20414
12330,9101,73,1.0,87951
12331,9102,30,5.0,51211
12332,9102,3,2.0,13554
12333,9102,5,1.0,26134
12334,9102,52,3.0,58298
12335,9102,40,3.0,48312
12336,9103,120,3.0,3186
12337,9103,142,1.0,40304
12338,9103,36,1.0,53847
12339,9104,136,3.0,53946
12340,9104,98,1.0,83293
12341,9104,145,5.0,70418
12342,9104,50,5.0,37334
12343,9104,143,5.0,20414
12344,9105,121,2.0,32706
12345,9105,131,5.0,76514
12346,9105,116,4.0,42082
12347,9105,23,2.0,18620
12348,9106,141,4.0,19091
12349,9106,129,1.0,14470
12350,9106,57,5.0,92455
12351,9106,134,3.0,65964
12352,9106,34,5.0,36630
12353,9107,78,4.0,42378
12354,9107,138,4.0,52367
12355,9107,32,4.0,15187
12356,9107,96,1.0,8053
12357,9107,147,2.0,53510
12358,9108,8,5.0,49819
12359,9108,6,2.0,21286
12360,9108,81,1.0,19078
12361,9108,13,1.0,97810
12362,9108,145,3.0,70418
12363,9109,37,2.0,95562
12364,9109,84,3.0,87906
12365,9109,77,4.0,6325
12366,9109,73,1.0,87951
12367,9109,5,4.0,26134
12368,9110,48,5.0,68133
12369,9111,127,3.0,94118
12370,9111,68,3.0,25842
12371,9111,123,3.0,50047
12372,9111,73,4.0,87951
12373,9112,101,1.0,86737
12374,9112,115,2.0,25302
12375,9113,146,4.0,52304
12376,9113,128,1.0,80334
12377,9113,20,3.0,44033
12378,9113,112,2.0,69548
12379,9114,43,5.0,88213
12380,9114,9,2.0,20871
12381,9114,100,3.0,71517
12382,9115,60,2.0,84088
12383,9115,36,3.0,53847
12384,9115,17,3.0,13948
12385,9115,40,1.0,48312
12386,9115,44,3.0,82291
12387,9116,81,4.0,19078
12388,9116,128,4.0,80334
12389,9116,19,3.0,72397
12390,9116,24,2.0,43443
12391,9116,14,4.0,55863
12392,9117,47,5.0,53706
12393,9117,112,3.0,69548
12394,9117,15,2.0,48998
12395,9117,102,1.0,22808
12396,9118,87,2.0,41279
12397,9118,7,3.0,95184
12398,9118,148,2.0,55893
12399,9119,140,3.0,83331
12400,9119,76,4.0,56428
12401,9119,25,4.0,16898
12402,9119,33,3.0,20004
12403,9119,50,5.0,37334
12404,9120,39,2.0,54311
12405,9120,26,5.0,18911
12406,9120,140,5.0,83331
12407,9120,13,2.0,97810
12408,9120,74,4.0,16985
12409,9121,9,5.0,20871
12410,9121,135,3.0,94663
12411,9121,3,5.0,13554
12412,9121,99,1.0,34203
12413,9121,144,3.0,93669
12414,9122,41,4.0,92765
12415,9122,93,5.0,64437
12416,9122,54,1.0,9962
12417,9122,23,1.0,18620
12418,9122,61,4.0,26079
12419,9123,150,1.0,30192
12420,9123,32,4.0,15187
12421,9123,127,4.0,94118
12422,9124,32,3.0,15187
12423,9124,67,3.0,33911
12424,9124,86,5.0,49654
12425,9124,14,4.0,55863
12426,9125,140,4.0,83331
12427,9125,142,2.0,40304
12428,9125,39,1.0,54311
12429,9125,129,4.0,14470
12430,9126,112,2.0,69548
12431,9126,37,5.0,95562
12432,9126,72,3.0,20480
12433,9126,64,2.0,69811
12434,9126,133,1.0,19030
12435,9127,82,2.0,87619
12436,9127,8,3.0,49819
12437,9127,48,3.0,68133
12438,9128,26,4.0,18911
12439,9128,57,4.0,92455
12440,9128,16,2.0,9937
12441,9128,31,4.0,7724
12442,9129,8,4.0,49819
12443,9129,112,1.0,69548
12444,9130,22,2.0,78894
12445,9130,145,2.0,70418
12446,9130,15,1.0,48998
12447,9130,96,1.0,8053
12448,9130,28,3.0,90487
12449,9131,24,5.0,43443
12450,9132,84,1.0,87906
12451,9132,7,5.0,95184
12452,9132,123,1.0,50047
12453,9132,129,4.0,14470
12454,9133,101,1.0,86737
12455,9133,129,4.0,14470
12456,9133,24,3.0,43443
12457,9133,67,5.0,33911
12458,9133,134,3.0,65964
12459,9134,45,5.0,48206
12460,9134,11,4.0,10900
12461,9134,139,3.0,34743
12462,9134,69,4.0,48871
12463,9135,134,1.0,65964
12464,9136,140,2.0,83331
12465,9136,87,5.0,41279
12466,9136,33,1.0,20004
12467,9136,39,2.0,54311
12468,9137,117,5.0,12972
12469,9137,126,1.0,20393
12470,9137,33,2.0,20004
12471,9137,75,3.0,35916
12472,9138,89,1.0,83106
12473,9139,28,2.0,90487
12474,9139,132,2.0,42778
12475,9139,104,5.0,9521
12476,9139,77,1.0,6325
12477,9139,29,1.0,7739
12478,9140,86,5.0,49654
12479,9140,62,2.0,98446
12480,9140,133,2.0,19030
12481,9140,131,3.0,76514
12482,9140,34,2.0,36630
12483,9141,54,5.0,9962
12484,9142,25,4.0,16898
12485,9142,36,3.0,53847
12486,9142,41,5.0,92765
12487,9143,125,4.0,33628
12488,9143,133,3.0,19030
12489,9143,22,1.0,78894
12490,9143,104,1.0,9521
12491,99999,139,4.0,34743
12492,9144,34,4.0,36630
12493,9144,121,1.0,32706
12494,9144,125,2.0,33628
12495,9144,71,1.0,4786
12496,9144,46,2.0,23671
12497,9145,69,3.0,48871
12498,9145,25,4.0,16898
12499,9145,14,2.0,55863
12500,9145,42,4.0,47104
12501,9146,115,3.0,25302
12502,9146,129,5.0,14470
12503,9147,108,5.0,46915
12504,9147,145,5.0,70418
12505,9147,63,2.0,33538
12506,9148,71,2.0,4786
12507,9148,26,4.0,18911
12508,9148,43,2.0,88213
12509,9149,150,1.0,30192
12510,9150,50,4.0,37334
12511,9150,80,1.0,89761
12512,9150,61,2.0,26079
12513,9150,115,4.0,25302
12514,9150,147,1.0,53510
12515,9151,3,2.0,13554
12516,9151,65,2.0,25065
12517,9152,39,1.0,54311
12518,9152,115,3.0,25302
12519,9152,1,1.0,50707
12520,9152,10,3.0,26689
12521,9152,76,3.0,56428
12522,9153,43,5.0,88213
12523,9153,65,1.0,25065
12524,9153,73,2.0,87951
12525,9154,54,3.0,9962
12526,9155,43,2.0,88213
12527,9156,26,1.0,18911
12528,9156,96,5.0,8053
12529,9156,58,5.0,39174
12530,9156,38,4.0,76444
12531,9157,80,3.0,89761
12532,9157,99,1.0,34203
12533,9157,69,2.0,48871
12534,9157,73,3.0,87951
12535,9157,145,3.0,70418
12536,9158,13,4.0,97810
12537,9158,100,2.0,71517
12538,9158,34,5.0,36630
12539,9158,48,4.0,68133
12540,9158,65,2.0,25065
12541,9159,73,3.0,87951
12542,9159,9,3.0,20871
12543,9160,74,3.0,16985
12544,9161,26,1.0,18911
12545,9161,141,5.0,19091
12546,9161,124,3.0,78300
12547,9161,93,2.0,64437
12548,9162,83,3.0,61817
12549,9162,6,2.0,21286
12550,9162,149,3.0,95245
12551,9162,70,5.0,55878
12552,9162,42,5.0,47104
12553,9163,77,1.0,6325
12554,9163,10,2.0,26689
12555,9163,28,4.0,90487
12556,9163,72,1.0,20480
12557,9164,41,3.0,92765
12558,9164,62,5.0,98446
12559,9164,63,5.0,33538
12560,9165,35,1.0,58295
12561,9165,43,4.0,88213
12562,9165,101,1.0,86737
12563,9165,74,1.0,16985
12564,9165,59,3.0,20643
12565,9166,96,3.0,8053
12566,9167,86,4.0,49654
12567,9167,114,5.0,38630
12568,9167,92,3.0,61356
12569,9167,121,4.0,32706
12570,9168,99,4.0,34203
12571,9168,51,2.0,59928
12572,9168,100,4.0,71517
12573,9168,119,5.0,26176
12574,9168,70,1.0,55878
12575,9169,15,4.0,48998
12576,9169,145,4.0,70418
12577,9170,55,4.0,34918
12578,9170,99,1.0,34203
12579,9170,37,2.0,95562
12580,9170,13,4.0,97810
12581,9171,87,1.0,41279
12582,9171,144,1.0,93669
12583,9172,107,4.0,84963
12584,9172,125,3.0,33628
12585,9173,129,1.0,14470
12586,9174,129,4.0,14470
12587,9174,27,4.0,65552
12588,9174,49,4.0,92850
12589,9174,148,5.0,55893
12590,9174,53,5.0,50574
12591,9175,131,1.0,76514
12592,9176,47,5.0,53706
12593,9176,100,4.0,71517
12594,9177,28,1.0,90487
12595,9177,32,3.0,15187
12596,9177,118,3.0,13822
12597,9177,115,3.0,25302
12598,9178,40,3.0,48312
12599,9178,12,1.0,52829
12600,9179,120,1.0,3186
12601,9180,78,3.0,42378
12602,9180,122,3.0,58214
12603,9181,71,4.0,4786
12604,9181,12,2.0,52829
12605,9181,135,2.0,94663
12606,9181,4,3.0,46721
12607,9181,112,5.0,69548
12608,9182,7,2.0,95184
12609,9182,72,3.0,20480
12610,9182,67,1.0,33911
12611,9182,96,4.0,8053
12612,9183,40,3.0,48312
12613,9183,65,4.0,25065
12614,9183,44,2.0,82291
12615,9184,48,5.0,68133
12616,9184,65,1.0,25065
12617,9185,79,3.0,81723
12618,9185,8,5.0,49819
12619,9185,20,1.0,44033
12620,9186,108,1.0,46915
12621,9186,124,3.0,78300
12622,9187,31,3.0,7724
12623,9187,133,5.0,19030
12624,9188,101,3.0,86737
12625,9188,60,5.0,84088
12626,9188,26,4.0,18911
12627,9188,32,4.0,15187
12628,9188,105,2.0,56021
12629,9189,52,1.0,58298
12630,9189,126,4.0,20393
12631,9189,54,1.0,9962
12632,9189,4,4.0,46721
12633,9189,79,3.0,81723
12634,9190,68,1.0,25842
12635,9190,103,5.0,31445
12636,9190,123,2.0,50047
12637,9190,140,1.0,83331
12638,9191,48,2.0,68133
12639,9191,4,3.0,46721
12640,9192,83,5.0,61817
12641,9192,8,5.0,49819
12642,9192,77,5.0,6325
12643,9192,53,5.0,50574
12644,9193,71,2.0,4786
12645,9193,6,1.0,21286
12646,9193,112,4.0,69548
12647,9193,83,2.0,61817
12648,9193,148,4.0,55893
12649,9194,90,3.0,49507
12650,9194,38,5.0,76444
12651,9194,1,5.0,50707
12652,9194,24,4.0,43443
12653,9194,110,5.0,30121
12654,9195,124,2.0,78300
12655,9195,117,4.0,12972
12656,9195,15,5.0,48998
12657,9195,40,2.0,48312
12658,9195,148,3.0,55893
12659,9196,7,4.0,95184
12660,9196,69,2.0,48871
12661,9196,39,2.0,54311
12662,9197,77,4.0,6325
12663,9197,16,2.0,9937
12664,9197,55,3.0,34918
12665,9197,61,1.0,26079
12666,9197,148,1.0,55893
12667,9198,111,5.0,73941
12668,9198,122,5.0,58214
12669,9198,51,3.0,59928
12670,9199,128,1.0,80334
12671,9200,53,4.0,50574
12672,9200,140,3.0,83331
12673,9200,142,3.0,40304
12674,9200,30,3.0,51211
12675,9200,50,1.0,37334
12676,9201,60,4.0,84088
12677,9202,15,4.0,48998
12678,9202,103,4.0,31445
12679,9202,78,1.0,42378
12680,9203,139,4.0,34743
12681,9203,94,2.0,67315
12682,9203,21,1.0,81691
12683,9204,84,1.0,87906
12684,9204,63,4.0,33538
12685,9205,97,4.0,3679
12686,9206,109,2.0,19474
12687,9207,115,4.0,25302
12688,9207,16,4.0,9937
12689,9208,130,5.0,27703
12690,9208,73,1.0,87951
12691,9209,19,3.0,72397
12692,9210,109,1.0,19474
12693,9210,87,2.0,41279
12694,9210,148,1.0,55893
12695,9211,97,4.0,3679
12696,9211,8,2.0,49819
12697,9211,46,2.0,23671
12698,9211,70,3.0,55878
12699,9212,66,3.0,82653
12700,9213,10,1.0,26689
12701,9213,95,5.0,51431
12702,9213,114,5.0,38630
12703,9213,46,2.0,23671
12704,9213,36,5.0,53847
12705,9214,100,4.0,71517
12706,9214,13,1.0,97810
12707,9214,18,1.0,79719
12708,9214,121,2.0,32706
12709,9214,107,5.0,84963
12710,9215,36,4.0,53847
12711,9215,132,4.0,42778
12712,9216,84,1.0,87906
12713,9216,114,1.0,38630
12714,9217,101,2.0,86737
12715,9217,65,4.0,25065
12716,9217,14,4.0,55863
12717,9217,35,5.0,58295
12718,9218,21,1.0,81691
12719,9218,9,2.0,20871
12720,9218,74,4.0,16985
12721,9218,122,5.0,58214
12722,9218,86,4.0,49654
12723,9219,71,1.0,4786
12724,9219,80,1.0,89761
12725,9219,122,1.0,58214
12726,9219,59,3.0,20643
12727,9220,66,5.0,82653
12728,9220,93,4.0,64437
12729,9220,35,2.0,58295
12730,9220,125,5.0,33628
12731,9220,62,3.0,98446
12732,9221,127,2.0,94118
12733,9221,130,2.0,27703
12734,9221,19,1.0,72397
12735,9221,131,5.0,76514
12736,9222,23,1.0,18620
12737,9222,64,4.0,69811
12738,9222,7,3.0,95184
12739,9223,55,4.0,34918
12740,9223,31,3.0,7724
12741,9223,145,5.0,70418
12742,9224,139,2.0,34743
12743,9224,40,3.0,48312
12744,9224,120,4.0,3186
12745,9224,70,2.0,55878
12746,9224,34,2.0,36630
12747,9225,138,1.0,52367
12748,9225,145,1.0,70418
12749,9225,125,3.0,33628
12750,9225,68,5.0,25842
12751,9225,136,5.0,53946
12752,9226,82,1.0,87619
12753,9226,148,2.0,55893
12754,9226,8,1.0,49819
12755,9226,50,5.0,37334
12756,9227,30,4.0,51211
12757,9227,74,3.0,16985
12758,9227,64,2.0,69811
12759,9228,15,4.0,48998
12760,9228,102,3.0,22808
12761,9229,44,5.0,82291
12762,9230,84,2.0,87906
12763,9230,94,3.0,67315
12764,9231,110,3.0,30121
12765,9231,120,1.0,3186
12766,9231,116,4.0,42082
12767,9231,90,1.0,49507
12768,9232,129,1.0,14470
12769,9233,114,2.0,38630
12770,9233,149,3.0,95245
12771,9234,110,3.0,30121
12772,9235,12,2.0,52829
12773,9236,128,5.0,80334
12774,9236,81,1.0,19078
12775,9236,119,3.0,26176
12776,9237,99,2.0,34203
12777,9237,133,2.0,19030
12778,9237,102,2.0,22808
12779,9237,116,2.0,42082
12780,9238,132,2.0,42778
12781,9239,115,2.0,25302
12782,9239,102,1.0,22808
12783,9239,47,1.0,53706
12784,9240,74,2.0,16985
12785,9240,7,3.0,95184
12786,9240,33,5.0,20004
12787,9240,43,1.0,88213
12788,9241,52,3.0,58298
12789,9241,36,2.0,53847
12790,9241,48,2.0,68133
12791,9241,119,1.0,26176
12792,9241,109,2.0,19474
12793,9242,74,4.0,16985
12794,9242,97,5.0,3679
12795,9242,92,3.0,61356
12796,9243,146,3.0,52304
12797,9244,88,2.0,4300
12798,9245,62,5.0,98446
12799,9245,146,4.0,52304
12800,9245,57,5.0,92455
12801,9245,49,1.0,92850
12802,9245,126,3.0,20393
12803,9246,52,4.0,58298
12804,9246,93,2.0,64437
12805,9246,101,1.0,86737
12806,9246,42,3.0,47104
12807,9247,27,4.0,65552
12808,9247,35,4.0,58295
12809,9247,40,2.0,48312
12810,9247,96,2.0,8053
12811,9248,71,1.0,4786
12812,9248,57,2.0,92455
12813,9248,19,1.0,72397
12814,9249,5,1.0,26134
12815,9249,22,5.0,78894
12816,9249,118,4.0,13822
12817,9249,23,5.0,18620
12818,9249,137,5.0,73589
12819,9250,131,4.0,76514
12820,9250,80,4.0,89761
12821,9250,52,5.0,58298
12822,9250,70,1.0,55878
12823,9251,97,5.0,3679
12824,9251,99,3.0,34203
12825,9251,3,2.0,13554
12826,9251,101,5.0,86737
12827,9251,94,3.0,67315
12828,9252,29,4.0,7739
12829,9253,53,2.0,50574
12830,9254,130,2.0,27703
12831,9255,74,3.0,16985
12832,9255,123,5.0,50047
12833,9255,149,4.0,95245
12834,9256,5,3.0,26134
12835,9256,51,4.0,59928
12836,9256,16,4.0,9937
12837,9256,2,3.0,48841
12838,9256,91,2.0,98063
12839,9257,15,3.0,48998
12840,9257,91,5.0,98063
12841,9257,136,1.0,53946
12842,9258,70,1.0,55878
12843,9258,124,3.0,78300
12844,9258,148,4.0,55893
12845,9258,18,4.0,79719
12846,9259,31,5.0,7724
12847,9259,2,1.0,48841
12848,9260,20,3.0,44033
12849,9260,138,4.0,52367
12850,9260,137,1.0,73589
12851,9260,71,4.0,4786
12852,9260,80,4.0,89761
12853,9261,9,5.0,20871
12854,9262,105,5.0,56021
12855,9262,42,2.0,47104
12856,9262,129,1.0,14470
12857,9262,92,3.0,61356
12858,9263,64,5.0,69811
12859,9263,120,2.0,3186
12860,9264,104,4.0,9521
12861,9264,120,1.0,3186
12862,9264,34,3.0,36630
12863,9264,132,2.0,42778
12864,9264,121,3.0,32706
12865,9265,131,3.0,76514
12866,9265,78,3.0,42378
12867,9265,96,4.0,8053
12868,9265,75,2.0,35916
12869,9266,88,4.0,4300
12870,9266,31,3.0,7724
12871,9266,106,4.0,95466
12872,9267,125,1.0,33628
12873,9267,16,4.0,9937
12874,9267,135,3.0,94663
12875,9267,124,1.0,78300
12876,9268,60,4.0,84088
12877,9268,9,1.0,20871
12878,9268,107,3.0,84963
12879,9269,45,4.0,48206
12880,9269,130,3.0,27703
12881,9269,15,1.0,48998
12882,9269,110,3.0,30121
12883,9269,128,2.0,80334
12884,9270,68,5.0,25842
12885,9270,34,1.0,36630
12886,9270,8,5.0,49819
12887,9271,118,3.0,13822
12888,9272,30,2.0,51211
12889,9272,17,4.0,13948
12890,9272,138,2.0,52367
12891,9272,145,2.0,70418
12892,9272,132,1.0,42778
12893,9273,94,3.0,67315
12894,9273,27,1.0,65552
12895,9273,63,2.0,33538
12896,9273,91,3.0,98063
12897,9274,135,3.0,94663
12898,9274,102,4.0,22808
12899,9274,104,4.0,9521
12900,9274,140,5.0,83331
12901,9275,48,5.0,68133
12902,9275,49,5.0,92850
12903,9275,127,2.0,94118
12904,9276,119,4.0,26176
12905,9276,23,1.0,18620
12906,9277,32,5.0,15187
12907,9278,114,3.0,38630
12908,9278,84,4.0,87906
12909,9279,106,3.0,95466
12910,9280,28,2.0,90487
12911,9280,59,3.0,20643
12912,9280,137,2.0,73589
12913,9280,29,3.0,7739
12914,9281,72,1.0,20480
12915,9281,85,3.0,48998
12916,9281,11,1.0,10900
12917,9282,6,1.0,21286
12918,9282,103,4.0,31445
12919,9282,134,3.0,65964
12920,9282,45,4.0,48206
12921,9283,58,1.0,39174
12922,9283,96,4.0,8053
12923,9283,134,1.0,65964
12924,9283,20,2.0,44033
12925,9284,62,5.0,98446
12926,9285,90,5.0,49507
12927,9285,86,1.0,49654
12928,9285,66,5.0,82653
12929,9285,142,1.0,40304
12930,9285,129,1.0,14470
12931,9286,146,1.0,52304
12932,9286,45,5.0,48206
12933,9287,100,3.0,71517
12934,9287,91,2.0,98063
12935,9287,56,2.0,9175
12936,9288,149,5.0,95245
12937,9288,105,2.0,56021
12938,9289,74,3.0,16985
12939,9289,57,3.0,92455
12940,9289,116,5.0,42082
12941,9290,56,1.0,9175
12942,9290,16,5.0,9937
12943,9290,27,1.0,65552
12944,9290,42,2.0,47104
12945,9290,121,3.0,32706
12946,9291,8,5.0,49819
12947,9291,105,1.0,56021
12948,9291,97,3.0,3679
12949,9291,135,5.0,94663
12950,9291,75,2.0,35916
12951,9292,105,1.0,56021
12952,9293,99,5.0,34203
12953,9293,75,5.0,35916
12954,9293,10,1.0,26689
12955,9294,67,2.0,33911
12956,9294,74,4.0,16985
12957,9295,17,4.0,13948
12958,9295,24,2.0,43443
12959,9295,35,4.0,58295
12960,9296,52,3.0,58298
12961,9296,64,2.0,69811
12962,9297,10,5.0,26689
12963,9298,12,4.0,52829
12964,9299,74,4.0,16985
12965,9299,31,5.0,7724
12966,9299,7,1.0,95184
12967,9300,39,5.0,54311
12968,9300,79,1.0,81723
12969,9300,55,5.0,34918
12970,9300,14,3.0,55863
12971,9301,25,2.0,16898
12972,9301,94,4.0,67315
12973,9301,8,2.0,49819
12974,9302,148,5.0,55893
12975,9302,71,2.0,4786
12976,9302,11,5.0,10900
12977,9302,74,3.0,16985
12978,9303,92,1.0,61356
12979,9303,63,3.0,33538
12980,9303,84,1.0,87906
12981,9303,94,3.0,67315
12982,9303,80,2.0,89761
12983,9304,146,4.0,52304
12984,9304,112,4.0,69548
12985,9305,96,2.0,8053
12986,9305,137,3.0,73589
12987,9305,122,5.0,58214
12988,9306,34,1.0,36630
12989,9307,25,2.0,16898
12990,9307,83,1.0,61817
12991,9307,126,4.0,20393
12992,9308,63,2.0,33538
12993,9308,24,3.0,43443
12994,9308,86,2.0,49654
12995,9308,75,3.0,35916
12996,9308,42,3.0,47104
12997,9309,87,2.0,41279
12998,9309,95,3.0,51431
12999,9309,43,4.0,88213
13000,9309,127,5.0,94118
13001,9309,34,1.0,36630
13002,9310,82,3.0,87619
13003,9310,53,4.0,50574
13004,9311,127,2.0,94118
13005,9311,80,3.0,89761
13006,9311,33,1.0,20004
13007,9311,15,4.0,48998
13008,9311,99,4.0,34203
13009,9312,33,3.0,20004
13010,9312,2,3.0,48841
13011,9313,2,5.0,48841
13012,9313,10,4.0,26689
13013,9313,72,5.0,20480
13014,9314,58,1.0,39174
13015,9314,3,5.0,13554
13016,9314,113,1.0,14616
13017,9315,29,1.0,7739
13018,9315,59,1.0,20643
13019,9316,50,3.0,37334
13020,9316,104,3.0,9521
13021,9317,55,4.0,34918
13022,9317,3,2.0,13554
13023,9317,121,1.0,32706
13024,9317,7,2.0,95184
13025,9317,139,2.0,34743
13026,9318,117,2.0,12972
13027,9318,116,2.0,42082
13028,9318,121,4.0,32706
13029,9318,72,4.0,20480
13030,9318,50,3.0,37334
13031,9319,77,1.0,6325
13032,9319,95,3.0,51431
13033,9319,76,3.0,56428
13034,9319,80,2.0,89761
13035,9319,4,3.0,46721
13036,9320,96,1.0,8053
13037,9321,84,1.0,87906
13038,9321,91,5.0,98063
13039,9322,66,3.0,82653
13040,9322,70,4.0,55878
13041,9322,148,2.0,55893
13042,9323,49,2.0,92850
13043,9324,2,3.0,48841
13044,9325,61,3.0,26079
13045,9326,30,2.0,51211
13046,9327,59,1.0,20643
13047,9327,68,4.0,25842
13048,9328,133,5.0,19030
13049,9328,123,4.0,50047
13050,9328,46,2.0,23671
13051,9328,52,4.0,58298
13052,9328,62,4.0,98446
13053,9329,41,2.0,92765
13054,9329,10,2.0,26689
13055,9329,89,1.0,83106
13056,9330,99,4.0,34203
13057,9331,27,3.0,65552
13058,9331,105,3.0,56021
13059,9332,99,3.0,34203
13060,9332,145,1.0,70418
13061,9332,131,4.0,76514
13062,9333,78,4.0,42378
13063,9333,149,2.0,95245
13064,9333,59,1.0,20643
13065,9333,10,3.0,26689
13066,9334,95,4.0,51431
13067,9335,123,2.0,50047
13068,9335,40,1.0,48312
13069,9336,111,2.0,73941
13070,9337,15,1.0,48998
13071,9337,14,3.0,55863
13072,9338,140,4.0,83331
13073,9338,103,4.0,31445
13074,9339,25,4.0,16898
13075,9339,137,2.0,73589
13076,9340,28,4.0,90487
13077,9340,60,4.0,84088
13078,9340,75,4.0,35916
13079,9340,115,1.0,25302
13080,9341,68,1.0,25842
13081,9341,4,5.0,46721
13082,9341,1,4.0,50707
13083,9341,119,5.0,26176
13084,9341,32,3.0,15187
13085,9342,123,2.0,50047
13086,9342,37,3.0,95562
13087,9342,62,2.0,98446
13088,9342,111,4.0,73941
13089,9343,130,4.0,27703
13090,9343,69,1.0,48871
13091,9344,56,4.0,9175
13092,9344,22,1.0,78894
13093,9345,96,1.0,8053
13094,9345,117,1.0,12972
13095,9346,115,5.0,25302
13096,9346,84,2.0,87906
13097,9346,96,3.0,8053
13098,9346,15,4.0,48998
13099,9347,36,1.0,53847
13100,9347,66,5.0,82653
13101,9347,105,1.0,56021
13102,9347,124,5.0,78300
13103,9347,84,1.0,87906
13104,9348,48,1.0,68133
13105,9348,138,3.0,52367
13106,9348,133,5.0,19030
13107,9348,90,5.0,49507
13108,9349,53,5.0,50574
13109,9349,14,2.0,55863
13110,9349,1,2.0,50707
13111,9349,13,3.0,97810
13112,9350,33,3.0,20004
13113,9351,67,5.0,33911
13114,9351,74,4.0,16985
13115,9351,123,4.0,50047
13116,9351,62,5.0,98446
13117,9351,131,5.0,76514
13118,9352,88,3.0,4300
13119,9352,36,3.0,53847
13120,9352,114,1.0,38630
13121,9352,110,3.0,30121
13122,9353,131,5.0,76514
13123,9353,104,4.0,9521
13124,9353,148,5.0,55893
13125,9354,54,4.0,9962
13126,9354,100,4.0,71517
13127,9354,136,3.0,53946
13128,9354,9999,5.0,18911
13129,9354,73,1.0,87951
13130,9355,146,3.0,52304
13131,9355,31,2.0,7724
13132,9355,92,2.0,61356
13133,9355,57,5.0,92455
13134,9355,74,3.0,16985
13135,9356,115,2.0,25302
13136,9356,131,3.0,76514
13137,9356,38,5.0,76444
13138,9357,142,1.0,40304
13139,9357,83,3.0,61817
13140,9358,51,1.0,59928
13141,9358,146,1.0,52304
13142,9358,149,2.0,95245
13143,9358,134,5.0,65964
13144,9359,121,3.0,32706
13145,9360,101,1.0,86737
13146,9360,64,2.0,69811
13147,9360,100,5.0,71517
13148,9360,22,1.0,78894
13149,9361,54,2.0,9962
13150,9361,129,1.0,14470
13151,9361,84,4.0,87906
13152,9361,107,3.0,84963
13153,9362,141,4.0,19091
13154,9363,91,2.0,98063
13155,9363,34,1.0,36630
13156,9363,119,5.0,26176
13157,9363,79,5.0,81723
13158,9364,97,3.0,3679
13159,9364,40,4.0,48312
13160,9365,111,3.0,73941
13161,9365,15,5.0,48998
13162,9365,42,5.0,47104
13163,9365,100,2.0,71517
13164,9366,6,2.0,21286
13165,9366,63,3.0,33538
13166,9366,119,5.0,26176
13167,9367,136,1.0,53946
13168,9367,20,2.0,44033
13169,9367,109,5.0,19474
13170,9368,84,4.0,87906
13171,9368,31,5.0,7724
13172,9368,62,4.0,98446
13173,9369,139,2.0,34743
13174,9369,12,3.0,52829
13175,9369,15,1.0,48998
13176,9370,96,3.0,8053
13177,9370,34,1.0,36630
13178,9370,46,1.0,23671
13179,9370,127,1.0,94118
13180,9371,130,4.0,27703
13181,9372,33,5.0,20004
13182,9372,67,1.0,33911
13183,9372,90,3.0,49507
13184,9373,45,5.0,48206
13185,9374,91,4.0,98063
13186,9374,15,3.0,48998
13187,9374,75,2.0,35916
13188,9374,33,2.0,20004
13189,9374,113,5.0,14616
13190,9375,5,4.0,26134
13191,9375,88,3.0,4300
13192,9376,67,4.0,33911
13193,9376,6,1.0,21286
13194,9377,113,1.0,14616
13195,9377,67,3.0,33911
13196,9378,122,5.0,58214
13197,9378,74,4.0,16985
13198,9378,32,2.0,15187
13199,9378,138,2.0,52367
13200,9379,67,5.0,33911
13201,9380,133,4.0,19030
13202,9380,135,1.0,94663
13203,9380,109,1.0,19474
13204,9381,144,1.0,93669
13205,9382,47,2.0,53706
13206,9382,56,4.0,9175
13207,9382,149,4.0,95245
13208,9383,3,3.0,13554
13209,9384,78,5.0,42378
13210,9384,5,2.0,26134
13211,9385,30,4.0,51211
13212,9385,78,4.0,42378
13213,9386,78,5.0,42378
13214,9386,8,1.0,49819
13215,9386,72,1.0,20480
13216,9386,117,4.0,12972
13217,9386,102,5.0,22808
13218,9387,87,3.0,41279
13219,9388,124,4.0,78300
13220,9389,95,1.0,51431
13221,9390,137,2.0,73589
13222,9390,51,5.0,59928
13223,9390,70,5.0,55878
13224,9390,136,3.0,53946
13225,9390,10,3.0,26689
13226,9391,11,1.0,10900
13227,9392,86,4.0,49654
13228,9392,136,1.0,53946
13229,9393,118,5.0,13822
13230,9394,136,3.0,53946
13231,9394,47,5.0,53706
13232,9394,105,3.0,56021
13233,9394,8,1.0,49819
13234,9394,99,2.0,34203
13235,9395,134,2.0,65964
13236,9395,24,4.0,43443
13237,9395,110,2.0,30121
13238,9395,30,4.0,51211
13239,9396,105,4.0,56021
13240,9396,56,5.0,9175
13241,9397,36,1.0,53847
13242,9397,119,1.0,26176
13243,9398,24,2.0,43443
13244,9398,72,3.0,20480
13245,9399,25,1.0,16898
13246,9399,104,2.0,9521
13247,9399,10,3.0,26689
13248,9399,89,4.0,83106
13249,9399,118,1.0,13822
13250,9400,75,1.0,35916
13251,9400,3,4.0,13554
13252,9400,118,3.0,13822
13253,9401,13,1.0,97810
13254,9401,6,2.0,21286
13255,9401,77,5.0,6325
13256,9401,8,5.0,49819
13257,9401,103,2.0,31445
13258,9402,24,5.0,43443
13259,9402,146,1.0,52304
13260,9402,105,3.0,56021
13261,9402,10,5.0,26689
13262,9402,58,4.0,39174
13263,9403,86,5.0,49654
13264,9403,25,4.0,16898
13265,9403,26,4.0,18911
13266,9404,20,3.0,44033
13267,9404,109,5.0,19474
13268,9404,63,2.0,33538
13269,9404,57,4.0,92455
13270,9404,43,5.0,88213
13271,9405,113,1.0,14616
13272,9405,77,1.0,6325
13273,9405,50,1.0,37334
13274,9406,73,5.0,87951
13275,9406,123,5.0,50047
13276,9406,94,3.0,67315
13277,9407,99,2.0,34203
13278,9407,57,1.0,92455
13279,9408,48,1.0,68133
13280,9409,140,2.0,83331
13281,9409,86,2.0,49654
13282,9410,109,1.0,19474
13283,9411,119,4.0,26176
13284,9411,60,4.0,84088
13285,9411,50,4.0,37334
13286,9411,13,5.0,97810
13287,9412,61,4.0,26079
13288,9412,85,2.0,48998
13289,9412,1,3.0,50707
13290,9412,3,2.0,13554
13291,9413,109,2.0,19474
13292,9413,144,3.0,93669
13293,9413,74,2.0,16985
13294,9414,39,5.0,54311
13295,9414,25,4.0,16898
13296,9414,29,1.0,7739
13297,9414,121,3.0,32706
13298,9415,16,1.0,9937
13299,9415,61,1.0,26079
13300,9415,43,2.0,88213
13301,9416,149,4.0,95245
13302,9417,124,4.0,78300
13303,9418,69,3.0,48871
13304,9418,82,3.0,87619
13305,9419,27,1.0,65552
13306,9419,107,5.0,84963
13307,9419,14,1.0,55863
13308,9420,72,5.0,20480
13309,9420,118,4.0,13822
13310,9420,36,3.0,53847
13311,9420,55,1.0,34918
13312,9420,1,2.0,50707
13313,9421,148,5.0,55893
13314,9421,27,4.0,65552
13315,9421,100,4.0,71517
13316,9422,93,4.0,64437
13317,9422,15,3.0,48998
13318,9422,141,4.0,19091
13319,9422,146,1.0,52304
13320,9422,144,4.0,93669
13321,9423,58,2.0,39174
13322,9423,108,1.0,46915
13323,9423,82,1.0,87619
13324,9423,149,3.0,95245
13325,9423,61,5.0,26079
13326,9424,19,1.0,72397
13327,9424,94,4.0,67315
13328,9425,39,5.0,54311
13329,9425,10,2.0,26689
13330,9425,40,2.0,48312
13331,9426,88,2.0,4300
13332,9426,119,2.0,26176
13333,9426,21,2.0,81691
13334,9426,25,1.0,16898
13335,9426,129,4.0,14470
13336,9427,44,5.0,82291
13337,9428,69,4.0,48871
13338,9428,81,2.0,19078
13339,9428,131,1.0,76514
13340,9428,102,4.0,22808
13341,9429,52,1.0,58298
13342,9429,98,3.0,83293
13343,9429,48,1.0,68133
13344,9429,85,2.0,48998
13345,9430,82,2.0,87619
13346,9430,115,3.0,25302
13347,9430,17,3.0,13948
13348,9430,48,4.0,68133
13349,9430,114,1.0,38630
13350,9431,122,1.0,58214
13351,9431,101,4.0,86737
13352,9431,80,3.0,89761
13353,9431,133,1.0,19030
13354,9432,131,1.0,76514
13355,9432,102,1.0,22808
13356,9433,111,2.0,73941
13357,9433,136,3.0,53946
13358,9433,93,1.0,64437
13359,9433,27,3.0,65552
13360,9434,111,4.0,73941
13361,9434,6,4.0,21286
13362,9434,52,5.0,58298
13363,9434,93,3.0,64437
13364,9434,7,3.0,95184
13365,9435,15,3.0,48998
13366,9435,130,3.0,27703
13367,9435,68,1.0,25842
13368,9436,140,4.0,83331
13369,9436,15,1.0,48998
13370,9436,115,5.0,25302
13371,9436,132,3.0,42778
13372,9437,112,5.0,69548
13373,9437,150,2.0,30192
13374,9437,93,3.0,64437
13375,9438,141,4.0,19091
13376,9438,12,2.0,52829
13377,9438,70,5.0,55878
13378,9438,48,4.0,68133
13379,9438,90,4.0,49507
13380,9439,17,1.0,13948
13381,9439,33,4.0,20004
13382,9439,109,3.0,19474
13383,9439,50,3.0,37334
13384,9440,106,4.0,95466
13385,9441,5,4.0,26134
13386,9441,109,2.0,19474
13387,9441,7,5.0,95184
13388,9442,48,3.0,68133
13389,9442,15,1.0,48998
13390,9442,146,5.0,52304
13391,9442,148,,55893
13392,9442,14,4.0,55863
13393,9443,52,3.0,58298
13394,9443,146,1.0,52304
13395,9443,18,5.0,79719
13396,9443,126,1.0,20393
13397,9443,9,3.0,20871
13398,9444,37,2.0,95562
13399,9444,75,5.0,35916
13400,9444,114,4.0,38630
13401,9445,75,5.0,35916
13402,9445,110,1.0,30121
13403,9445,71,4.0,4786
13404,9446,139,1.0,34743
13405,9446,88,2.0,4300
13406,9446,34,3.0,36630
13407,9446,1,5.0,50707
13408,9447,3,4.0,13554
13409,9447,92,3.0,61356
13410,9447,145,4.0,70418
13411,9447,15,2.0,48998
13412,9447,130,1.0,27703
13413,9448,110,5.0,30121
13414,9448,135,4.0,94663
13415,9448,100,2.0,71517
13416,9448,83,2.0,61817
13417,9448,114,1.0,38630
13418,9449,12,1.0,52829
13419,9449,81,3.0,19078
13420,9449,124,4.0,78300
13421,9449,121,1.0,32706
13422,9450,138,2.0,52367
13423,9450,125,2.0,33628
13424,9450,4,2.0,46721
13425,9450,149,1.0,95245
13426,9451,64,2.0,69811
13427,9451,24,2.0,43443
13428,9451,53,1.0,50574
13429,9451,117,4.0,12972
13430,9451,43,5.0,88213
13431,9452,41,2.0,92765
13432,9452,82,5.0,87619
13433,9453,140,4.0,83331
13434,9453,95,4.0,51431
13435,9453,139,5.0,34743
13436,9453,142,5.0,40304
13437,9453,73,2.0,87951
13438,9454,140,1.0,83331
13439,9454,100,2.0,71517
13440,9454,21,5.0,81691
13441,9455,108,3.0,46915
13442,9456,105,4.0,56021
13443,9457,135,4.0,94663
13444,9457,102,5.0,22808
13445,9457,81,3.0,19078
13446,9457,50,2.0,37334
13447,9457,82,1.0,87619
13448,9458,4,3.0,46721
13449,9458,78,3.0,42378
13450,9458,28,4.0,90487
13451,9458,18,4.0,79719
13452,9459,45,1.0,48206
13453,9459,4,5.0,46721
13454,9459,36,3.0,53847
13455,9459,139,4.0,34743
13456,9460,100,1.0,71517
13457,9460,142,1.0,40304
13458,9460,72,1.0,20480
13459,9460,126,1.0,20393
13460,9461,31,5.0,7724
13461,9461,131,2.0,76514
13462,9462,133,5.0,19030
13463,9462,24,4.0,43443
13464,9462,55,3.0,34918
13465,9462,63,3.0,33538
13466,9462,36,4.0,53847
13467,9463,56,1.0,9175
13468,9463,52,2.0,58298
13469,9463,105,2.0,56021
13470,9463,50,4.0,37334
13471,9463,112,1.0,69548
13472,9464,42,2.0,47104
13473,9465,32,2.0,15187
13474,9465,98,5.0,83293
13475,9465,44,2.0,82291
13476,9466,100,2.0,71517
13477,9466,123,3.0,50047
13478,9466,103,1.0,31445
13479,9466,38,4.0,76444
13480,9467,7,4.0,95184
13481,9467,139,3.0,34743
13482,9467,40,3.0,48312
13483,9467,46,2.0,23671
13484,9468,28,2.0,90487
13485,9468,38,1.0,76444
13486,9468,15,2.0,48998
13487,9469,81,2.0,19078
13488,9469,140,4.0,83331
13489,9470,115,2.0,25302
13490,9470,65,4.0,25065
13491,9470,109,4.0,19474
13492,9470,133,1.0,19030
13493,9470,35,5.0,58295
13494,9471,55,1.0,34918
13495,9472,45,1.0,48206
13496,9472,32,4.0,15187
13497,9472,136,1.0,53946
13498,9473,101,2.0,86737
13499,9473,71,4.0,4786
13500,9473,68,1.0,25842
13501,9473,38,4.0,76444
13502,9473,85,1.0,48998
13503,9474,42,1.0,47104
13504,9475,34,3.0,36630
13505,9475,48,3.0,68133
13506,9475,50,1.0,37334
13507,9475,5,4.0,26134
13508,9475,74,1.0,16985
13509,9476,99,5.0,34203
13510,9476,117,2.0,12972
13511,9476,32,5.0,15187
13512,9476,103,3.0,31445
13513,9476,88,2.0,4300
13514,9477,81,3.0,19078
13515,9477,4,3.0,46721
13516,9477,65,2.0,25065
13517,9478,12,1.0,52829
13518,9478,133,5.0,19030
13519,9478,27,1.0,65552
13520,9479,100,1.0,71517
13521,9479,12,4.0,52829
13522,9480,54,4.0,9962
13523,9480,134,3.0,65964
13524,9480,91,3.0,98063
13525,9480,47,2.0,53706
13526,9481,119,5.0,26176
13527,9481,19,3.0,72397
13528,9482,24,4.0,43443
13529,9482,94,2.0,67315
13530,9483,147,4.0,53510
13531,9483,64,3.0,69811
13532,9483,72,5.0,20480
13533,9483,145,5.0,70418
13534,9484,84,5.0,87906
13535,9484,107,3.0,84963
13536,9484,30,4.0,51211
13537,9485,103,2.0,31445
13538,9485,47,4.0,53706
13539,9485,141,3.0,19091
13540,9485,144,2.0,93669
13541,9486,45,4.0,48206
13542,9486,133,5.0,19030
13543,9486,52,5.0,58298
13544,9487,124,3.0,78300
13545,9487,84,1.0,87906
13546,9488,9,1.0,20871
13547,9488,70,4.0,55878
13548,9488,99,5.0,34203
13549,9488,100,5.0,71517
13550,9489,26,3.0,18911
13551,9489,127,1.0,94118
13552,9489,146,4.0,52304
13553,9489,88,2.0,4300
13554,9489,55,1.0,34918
13555,9490,141,4.0,19091
13556,9491,28,3.0,90487
13557,9491,77,4.0,6325
13558,9491,79,2.0,81723
13559,9491,10,2.0,26689
13560,9491,102,3.0,22808
13561,9492,6,2.0,21286
13562,9492,1,5.0,50707
13563,9492,137,2.0,73589
13564,9492,9,3.0,20871
13565,9493,94,3.0,67315
13566,9494,24,4.0,43443
13567,9494,131,2.0,76514
13568,9495,132,5.0,42778
13569,9495,35,4.0,58295
13570,9495,93,2.0,64437
13571,9496,37,3.0,95562
13572,9496,120,5.0,3186
13573,9496,82,2.0,87619
13574,9496,47,3.0,53706
13575,9496,83,4.0,61817
13576,9497,57,4.0,92455
13577,9497,107,5.0,84963
13578,9497,145,5.0,70418
13579,9497,118,4.0,13822
13580,9497,92,3.0,61356
13581,9498,100,3.0,71517
13582,9498,108,2.0,46915
13583,9499,72,4.0,20480
13584,9499,103,3.0,31445
13585,9499,60,5.0,84088
13586,9499,1,2.0,50707
13587,9499,24,4.0,43443
13588,9500,97,3.0,3679
13589,9500,1,2.0,50707
13590,9500,132,2.0,42778
13591,9500,70,4.0,55878
13592,9501,87,2.0,41279
13593,9501,38,5.0,76444
13594,9501,122,2.0,58214
13595,9501,15,2.0,48998
13596,9502,64,1.0,69811
13597,9502,69,2.0,48871
13598,9503,134,2.0,65964
13599,9503,87,3.0,41279
13600,9503,141,2.0,19091
13601,9504,115,2.0,25302
13602,9504,145,2.0,70418
13603,9505,114,2.0,38630
13604,9505,4,5.0,46721
13605,9505,110,5.0,30121
13606,9505,131,5.0,76514
13607,9505,24,3.0,43443
13608,9506,127,2.0,94118
13609,9507,39,1.0,54311
13610,9507,30,4.0,51211
13611,9507,9,4.0,20871
13612,9507,91,5.0,98063
13613,9507,24,4.0,43443
13614,9508,19,5.0,72397
13615,9508,63,4.0,33538
13616,9508,124,2.0,78300
13617,9508,142,3.0,40304
13618,9508,127,5.0,94118
13619,9509,71,5.0,4786
13620,9510,122,3.0,58214
13621,9510,81,3.0,19078
13622,9510,125,3.0,33628
13623,9510,134,4.0,65964
13624,9510,95,5.0,51431
13625,9511,124,4.0,78300
13626,9511,111,2.0,73941
13627,9511,95,3.0,51431
13628,9511,7,1.0,95184
13629,9511,98,2.0,83293
13630,9512,21,1.0,81691
13631,9512,41,2.0,92765
13632,9513,37,1.0,95562
13633,9514,89,3.0,83106
13634,9514,67,3.0,33911
13635,9514,72,5.0,20480
13636,9514,110,5.0,30121
13637,9515,10,4.0,26689
13638,9516,66,3.0,82653
13639,9516,134,1.0,65964
13640,9517,91,5.0,98063
13641,9518,16,5.0,9937
13642,9518,30,2.0,51211
13643,9519,23,5.0,18620
13644,9519,89,1.0,83106
13645,9519,86,3.0,49654
13646,9519,21,3.0,81691
13647,9519,83,1.0,61817
13648,9520,82,1.0,87619
13649,9520,125,5.0,33628
13650,9520,104,5.0,9521
13651,9520,120,5.0,3186
13652,9521,118,2.0,13822
13653,9522,99,2.0,34203
13654,9523,120,1.0,3186
13655,9523,33,3.0,20004
13656,9523,10,1.0,26689
13657,9524,83,5.0,61817
13658,9524,44,3.0,82291
13659,9524,147,3.0,53510
13660,9524,3,2.0,13554
13661,9524,43,4.0,88213
13662,9525,119,1.0,26176
13663,9525,53,5.0,50574
13664,9525,1,1.0,50707
13665,9525,130,3.0,27703
13666,9525,110,5.0,30121
13667,9526,105,4.0,56021
13668,9526,36,3.0,53847
13669,9526,125,1.0,33628
13670,9527,79,2.0,81723
13671,9527,57,3.0,92455
13672,9527,122,5.0,58214
13673,9527,101,3.0,86737
13674,9528,102,5.0,22808
13675,9528,85,4.0,48998
13676,9528,58,2.0,39174
13677,9529,76,5.0,56428
13678,9529,118,3.0,13822
13679,9530,37,2.0,95562
13680,9530,128,1.0,80334
13681,9531,69,2.0,48871
13682,9532,127,3.0,94118
13683,9532,148,4.0,55893
13684,9532,54,2.0,9962
13685,9533,89,4.0,83106
13686,9533,52,4.0,58298
13687,9533,71,3.0,4786
13688,9534,101,5.0,86737
13689,9534,6,5.0,21286
13690,9534,90,1.0,49507
13691,9534,121,1.0,32706
13692,9535,13,5.0,97810
13693,9535,64,3.0,69811
13694,9536,121,2.0,32706
13695,9536,58,3.0,39174
13696,9537,43,5.0,88213
13697,9537,41,5.0,92765
13698,9537,9999,1.0,44033
13699,9537,11,1.0,10900
13700,9538,77,2.0,6325
13701,9538,101,1.0,86737
13702,9538,40,1.0,48312
13703,9539,82,4.0,87619
13704,9540,76,2.0,56428
13705,9540,139,1.0,34743
13706,9540,5,2.0,26134
13707,9541,68,2.0,25842
13708,9541,126,5.0,20393
13709,9542,112,4.0,69548
13710,9543,137,2.0,73589
13711,9543,3,3.0,13554
13712,9543,54,5.0,9962
13713,9544,36,2.0,53847
13714,9545,6,1.0,21286
13715,9545,41,3.0,92765
13716,9546,114,2.0,38630
13717,9546,129,4.0,14470
13718,9546,120,1.0,3186
13719,9547,80,4.0,89761
13720,9547,18,4.0,79719
13721,9547,111,5.0,73941
13722,9547,61,5.0,26079
13723,9548,10,4.0,26689
13724,9549,111,1.0,73941
13725,9549,90,2.0,49507
13726,9550,63,2.0,33538
13727,9550,30,4.0,51211
13728,9550,147,1.0,53510
13729,9550,124,1.0,78300
13730,9550,123,2.0,50047
13731,9551,8,3.0,49819
13732,9551,146,1.0,52304
13733,9551,36,3.0,53847
13734,9552,83,2.0,61817
13735,9552,77,1.0,6325
13736,9552,16,3.0,9937
13737,9552,137,5.0,73589
13738,9553,145,3.0,70418
13739,9553,59,1.0,20643
13740,9553,121,5.0,32706
13741,9553,30,1.0,51211
13742,9554,14,3.0,55863
13743,9554,103,5.0,31445
13744,9554,87,5.0,41279
13745,9555,13,3.0,97810
13746,9555,6,2.0,21286
13747,9555,103,2.0,31445
13748,9556,65,4.0,25065
13749,9557,19,3.0,72397
13750,9557,74,5.0,16985
13751,99999,3,2.0,13554
13752,9557,34,4.0,36630
13753,9557,94,3.0,67315
13754,9558,31,2.0,7724
13755,9558,12,3.0,52829
13756,9558,99,3.0,34203
13757,9559,132,5.0,42778
13758,9559,90,2.0,49507
13759,9559,26,5.0,18911
13760,9559,65,1.0,25065
13761,9559,69,2.0,48871
13762,9560,110,3.0,30121
13763,9561,115,2.0,25302
13764,9562,50,4.0,37334
13765,9562,74,1.0,16985
13766,9562,28,2.0,90487
13767,9562,77,2.0,6325
13768,9562,34,4.0,36630
13769,9563,103,1.0,31445
13770,9563,27,1.0,65552
13771,9563,119,5.0,26176
13772,9563,143,2.0,20414
13773,9564,108,5.0,46915
13774,9564,86,1.0,49654
13775,9564,142,4.0,40304
13776,9564,96,4.0,8053
13777,9565,85,,48998
13778,9565,132,2.0,42778
13779,9566,119,3.0,26176
13780,9566,56,3.0,9175
13781,9567,8,1.0,49819
13782,9568,15,2.0,48998
13783,9568,87,5.0,41279
13784,9569,148,1.0,55893
13785,9569,79,3.0,81723
13786,9569,92,3.0,61356
13787,9569,10,5.0,26689
13788,9570,119,4.0,26176
13789,9570,121,4.0,32706
13790,9570,107,2.0,84963
13791,9570,69,3.0,48871
13792,9571,109,4.0,19474
13793,9571,34,3.0,36630
13794,9571,136,1.0,53946
13795,9571,44,1.0,82291
13796,9572,39,5.0,54311
13797,9573,102,4.0,22808
13798,9573,147,2.0,53510
13799,9573,9,4.0,20871
13800,9573,125,3.0,33628
13801,9574,92,1.0,61356
13802,9574,73,4.0,87951
13803,9574,21,1.0,81691
13804,9574,65,5.0,25065
13805,9575,137,5.0,73589
13806,9575,106,4.0,95466
13807,9576,70,1.0,55878
13808,9576,120,1.0,3186
13809,9576,115,4.0,25302
13810,9576,9,1.0,20871
13811,9576,48,4.0,68133
13812,9577,122,3.0,58214
13813,9577,100,3.0,71517
13814,9577,23,5.0,18620
13815,9577,68,5.0,25842
13816,9578,36,3.0,53847
13817,9579,46,3.0,23671
13818,9579,6,2.0,21286
13819,9579,16,3.0,9937
13820,9579,11,1.0,10900
13821,9579,144,5.0,93669
13822,9580,74,5.0,16985
13823,9580,145,1.0,70418
13824,9580,23,4.0,18620
13825,9580,84,2.0,87906
13826,9580,112,5.0,69548
13827,9581,87,2.0,41279
13828,9581,89,3.0,83106
13829,9581,54,5.0,9962
13830,9581,50,3.0,37334
13831,9582,84,5.0,87906
13832,9582,135,2.0,94663
13833,9583,72,3.0,20480
13834,9583,54,2.0,9962
13835,9583,140,2.0,83331
13836,9584,127,4.0,94118
13837,9585,31,5.0,7724
13838,9585,76,1.0,56428
13839,9585,117,5.0,12972
13840,9585,122,5.0,58214
13841,9586,98,1.0,83293
13842,9586,11,4.0,10900
13843,9586,60,3.0,84088
13844,9586,29,2.0,7739
13845,9587,4,4.0,46721
13846,9587,27,5.0,65552
13847,9588,42,5.0,47104
13848,9588,98,3.0,83293
13849,9589,95,3.0,51431
13850,9589,72,1.0,20480
13851,9590,132,2.0,42778
13852,9590,9,3.0,20871
13853,9590,14,1.0,55863
13854,9590,85,2.0,48998
13855,9590,120,5.0,3186
13856,9591,131,1.0,76514
13857,9591,60,2.0,84088
13858,9591,149,3.0,95245
13859,9591,50,5.0,37334
13860,9592,113,4.0,14616
13861,9592,103,4.0,31445
13862,9592,67,2.0,33911
13863,9592,122,2.0,58214
13864,9593,84,2.0,87906
13865,9593,145,5.0,70418
13866,9593,92,2.0,61356
13867,9593,98,4.0,83293
13868,9594,54,1.0,9962
13869,9594,148,4.0,55893
13870,9594,99,1.0,34203
13871,9595,80,1.0,89761
13872,9595,125,4.0,33628
13873,9596,82,1.0,87619
13874,9596,7,5.0,95184
13875,9597,104,3.0,9521
13876,9597,142,1.0,40304
13877,9598,52,3.0,58298
13878,9599,67,3.0,33911
13879,99999,130,3.0,27703
13880,9600,27,4.0,65552
13881,9600,1,1.0,50707
13882,9600,69,1.0,48871
13883,9600,43,2.0,88213
13884,9601,60,1.0,84088
13885,9601,72,2.0,20480
13886,9601,147,3.0,53510
13887,9602,59,1.0,20643
13888,9603,32,3.0,15187
13889,9603,68,3.0,25842
13890,9603,4,4.0,46721
13891,9604,132,2.0,42778
13892,9604,7,1.0,95184
13893,9604,10,5.0,26689
13894,9604,116,1.0,42082
13895,9605,96,5.0,8053
13896,9605,140,4.0,83331
13897,9606,78,3.0,42378
13898,9606,135,4.0,94663
13899,9606,85,5.0,48998
13900,9606,144,1.0,93669
13901,9606,44,1.0,82291
13902,9607,44,5.0,82291
13903,9607,3,2.0,13554
13904,9608,109,1.0,19474
13905,9608,70,2.0,55878
13906,9608,66,4.0,82653
13907,9608,26,1.0,18911
13908,9608,54,4.0,9962
13909,9609,41,4.0,92765
13910,9609,112,5.0,69548
13911,9609,15,4.0,48998
13912,9609,33,3.0,20004
13913,9609,126,2.0,20393
13914,9610,24,4.0,43443
13915,9610,8,4.0,49819
13916,9610,97,4.0,3679
13917,9611,45,5.0,48206
13918,9612,89,2.0,83106
13919,9612,112,2.0,69548
13920,9612,66,2.0,82653
13921,9612,98,4.0,83293
13922,9613,146,4.0,52304
13923,9613,13,5.0,97810
13924,9613,102,3.0,22808
13925,9613,97,1.0,3679
13926,9613,10,1.0,26689
13927,9614,19,2.0,72397
13928,9614,14,4.0,55863
13929,9614,97,5.0,3679
13930,9615,20,2.0,44033
13931,9615,9,4.0,20871
13932,9615,92,1.0,61356
13933,9616,81,2.0,19078
13934,9616,78,5.0,42378
13935,9617,13,4.0,97810
13936,9617,35,4.0,58295
13937,9617,36,1.0,53847
13938,9617,48,2.0,68133
13939,9618,126,5.0,20393
13940,9618,134,3.0,65964
13941,9618,131,2.0,76514
13942,9618,147,1.0,53510
13943,9618,36,2.0,53847
13944,9619,26,2.0,18911
13945,9619,80,3.0,89761
13946,9619,119,4.0,26176
13947,9619,128,4.0,80334
13948,9619,81,1.0,19078
13949,9620,71,2.0,4786
13950,9620,121,5.0,32706
13951,9621,10,4.0,26689
13952,9621,125,5.0,33628
13953,9621,113,2.0,14616
13954,9621,66,1.0,82653
13955,9622,34,4.0,36630
13956,9622,26,3.0,18911
13957,9622,32,2.0,15187
13958,9623,144,1.0,93669
13959,9623,66,3.0,82653
13960,9623,59,2.0,20643
13961,9624,34,3.0,36630
13962,9624,108,2.0,46915
13963,9624,5,4.0,26134
13964,9624,25,4.0,16898
13965,9624,136,4.0,53946
13966,9625,100,4.0,71517
13967,9625,34,4.0,36630
13968,9625,6,5.0,21286
13969,9625,24,4.0,43443
13970,9626,147,4.0,53510
13971,9626,115,1.0,25302
13972,9627,141,2.0,19091
13973,9627,108,1.0,46915
13974,9627,51,5.0,59928
13975,9628,125,2.0,33628
13976,9629,34,3.0,36630
13977,9629,12,4.0,52829
13978,9629,82,4.0,87619
13979,9630,113,4.0,14616
13980,9630,69,3.0,48871
13981,9630,36,1.0,53847
13982,9630,83,5.0,61817
13983,9630,12,2.0,52829
13984,9631,121,5.0,32706
13985,9631,15,2.0,48998
13986,9631,64,2.0,69811
13987,9631,135,2.0,94663
13988,9631,19,3.0,72397
13989,9632,48,1.0,68133
13990,9633,60,4.0,84088
13991,9633,11,5.0,10900
13992,9633,97,1.0,3679
13993,9633,109,2.0,19474
13994,9634,57,3.0,92455
13995,9635,109,4.0,19474
13996,9635,23,1.0,18620
13997,9635,136,4.0,53946
13998,9636,79,2.0,81723
13999,9636,76,4.0,56428
14000,9636,148,5.0,55893
14001,9637,80,2.0,89761
14002,9637,61,4.0,26079
14003,9637,119,3.0,26176
14004,9638,112,1.0,69548
14005,9639,109,2.0,19474
14006,9639,64,5.0,69811
14007,9640,38,2.0,76444
14008,9640,37,4.0,95562
14009,9640,3,3.0,13554
14010,9640,27,4.0,65552
14011,9641,3,5.0,13554
14012,9642,63,2.0,33538
14013,9643,103,1.0,31445
14014,9643,84,3.0,87906
14015,9644,50,3.0,37334
14016,9644,104,2.0,9521
14017,9644,37,5.0,95562
14018,9644,26,1.0,18911
14019,9645,74,2.0,16985
14020,9645,35,3.0,58295
14021,9645,23,5.0,18620
14022,9646,112,3.0,69548
14023,9647,18,2.0,79719
14024,9647,51,4.0,59928
14025,9647,3,5.0,13554
14026,9648,42,3.0,47104
14027,9648,130,1.0,27703
14028,9648,10,4.0,26689
14029,9648,129,5.0,14470
14030,9648,68,1.0,25842
14031,9649,65,2.0,25065
14032,9649,32,1.0,15187
14033,9650,140,3.0,83331
14034,9650,143,2.0,20414
14035,9650,83,2.0,61817
14036,9650,53,2.0,50574
14037,9651,85,2.0,48998
14038,9651,60,3.0,84088
14039,9651,51,1.0,59928
14040,9652,81,4.0,19078
14041,9652,40,2.0,48312
14042,9652,48,5.0,68133
14043,9652,5,1.0,26134
14044,9653,119,2.0,26176
14045,9653,146,5.0,52304
14046,9653,50,5.0,37334
14047,9654,122,2.0,58214
14048,9654,41,4.0,92765
14049,9654,139,5.0,34743
14050,9655,66,1.0,82653
14051,9655,144,4.0,93669
14052,9655,11,4.0,10900
14053,9655,56,3.0,9175
14054,9656,19,4.0,72397
14055,9656,80,4.0,89761
14056,9656,77,2.0,6325
14057,9656,74,3.0,16985
14058,9656,12,4.0,52829
14059,9657,111,5.0,73941
14060,9657,5,2.0,26134
14061,9657,68,5.0,25842
14062,9657,98,4.0,83293
14063,9658,139,5.0,34743
14064,9658,17,5.0,13948
14065,9658,47,4.0,53706
14066,9659,21,3.0,81691
14067,9659,46,2.0,23671
14068,9659,118,5.0,13822
14069,9659,122,1.0,58214
14070,9660,144,1.0,93669
14071,9660,143,3.0,20414
14072,9660,37,1.0,95562
14073,9661,33,5.0,20004
14074,9661,50,3.0,37334
14075,9661,92,2.0,61356
14076,9662,53,1.0,50574
14077,9663,23,2.0,18620
14078,9663,130,3.0,27703
14079,9664,96,5.0,8053
14080,9665,45,5.0,48206
14081,9665,72,4.0,20480
14082,9665,150,4.0,30192
14083,9665,96,1.0,8053
14084,9665,68,1.0,25842
14085,9666,31,4.0,7724
14086,9666,149,1.0,95245
14087,9666,58,4.0,39174
14088,9666,119,2.0,26176
14089,9666,146,4.0,52304
14090,9667,71,4.0,4786
14091,9667,48,5.0,68133
14092,9667,43,1.0,88213
14093,9667,106,1.0,95466
14094,9668,76,2.0,56428
14095,9669,144,1.0,93669
14096,9669,29,2.0,7739
14097,9669,125,2.0,33628
14098,9670,112,3.0,69548
14099,9670,99,1.0,34203
14100,9670,14,4.0,55863
14101,9671,76,5.0,56428
14102,9672,141,2.0,19091
14103,9672,133,3.0,19030
14104,9673,32,3.0,15187
14105,9673,26,1.0,18911
14106,9673,25,4.0,16898
14107,9673,100,5.0,71517
14108,9674,22,2.0,78894
14109,9674,62,2.0,98446
14110,9675,21,1.0,81691
14111,9675,72,2.0,20480
14112,9675,34,1.0,36630
14113,9675,19,2.0,72397
14114,9676,70,1.0,55878
14115,9676,143,3.0,20414
14116,9676,29,2.0,7739
14117,9677,51,4.0,59928
14118,9677,146,5.0,52304
14119,9678,111,1.0,73941
14120,9678,39,1.0,54311
14121,9678,85,2.0,48998
14122,9678,90,2.0,49507
14123,9678,124,4.0,78300
14124,9679,96,5.0,8053
14125,9680,83,2.0,61817
14126,9680,7,4.0,95184
14127,9681,102,3.0,22808
14128,9681,150,4.0,30192
14129,9681,125,4.0,33628
14130,9681,94,3.0,67315
14131,9681,147,4.0,53510
14132,9682,125,2.0,33628
14133,9682,94,1.0,67315
14134,9683,32,5.0,15187
14135,9683,140,2.0,83331
14136,9684,117,3.0,12972
14137,9684,61,2.0,26079
14138,9684,5,3.0,26134
14139,9684,92,5.0,61356
14140,9684,130,4.0,27703
14141,9685,22,2.0,78894
14142,9685,147,2.0,53510
14143,9685,34,4.0,36630
14144,9685,146,5.0,52304
14145,9685,116,4.0,42082
14146,9686,134,2.0,65964
14147,9687,7,5.0,95184
14148,9687,141,3.0,19091
14149,9688,23,5.0,18620
14150,9688,140,4.0,83331
14151,9688,94,4.0,67315
14152,9688,27,4.0,65552
14153,9688,48,2.0,68133
14154,9689,74,5.0,16985
14155,9689,35,5.0,58295
14156,9689,101,1.0,86737
14157,9689,49,1.0,92850
14158,9690,148,4.0,55893
14159,9690,8,2.0,49819
14160,9690,40,1.0,48312
14161,9690,9,2.0,20871
14162,9691,9,1.0,20871
14163,9691,24,5.0,43443
14164,9691,122,3.0,58214
14165,9691,60,2.0,84088
14166,9691,119,2.0,26176
14167,9692,97,2.0,3679
14168,9693,103,4.0,31445
14169,9693,1,5.0,50707
14170,9693,75,5.0,35916
14171,9694,138,2.0,52367
14172,9694,18,1.0,79719
14173,9695,95,3.0,51431
14174,9695,8,1.0,49819
14175,9695,79,4.0,81723
14176,9695,115,2.0,25302
14177,9696,10,2.0,26689
14178,9697,134,1.0,65964
14179,9698,114,4.0,38630
14180,9698,149,4.0,95245
14181,9698,15,3.0,48998
14182,9698,36,3.0,53847
14183,9698,109,5.0,19474
14184,9699,114,3.0,38630
14185,9700,77,1.0,6325
14186,9700,15,3.0,48998
14187,9700,71,2.0,4786
14188,9700,6,4.0,21286
14189,9700,32,1.0,15187
14190,9701,112,2.0,69548
14191,9701,72,3.0,20480
14192,9702,75,4.0,35916
14193,9702,43,2.0,88213
14194,9702,90,1.0,49507
14195,9702,27,5.0,65552
14196,9703,67,5.0,33911
14197,9703,110,2.0,30121
14198,9703,145,1.0,70418
14199,9703,98,4.0,83293
14200,9703,78,2.0,42378
14201,9704,124,5.0,78300
14202,9704,35,2.0,58295
14203,9704,7,1.0,95184
14204,9704,96,1.0,8053
14205,9705,99,3.0,34203
14206,9705,1,5.0,50707
14207,9705,69,3.0,48871
14208,9705,61,4.0,26079
14209,9706,29,4.0,7739
14210,9706,74,4.0,16985
14211,9706,129,3.0,14470
14212,9706,67,4.0,33911
14213,9707,11,1.0,10900
14214,9707,58,4.0,39174
14215,9707,62,1.0,98446
14216,9708,67,4.0,33911
14217,9708,76,4.0,56428
14218,9709,50,1.0,37334
14219,9709,28,2.0,90487
14220,9709,49,5.0,92850
14221,9709,102,5.0,22808
14222,9709,1,3.0,50707
14223,9710,122,3.0,58214
14224,9710,131,4.0,76514
14225,9711,77,3.0,6325
14226,9711,56,3.0,9175
14227,9712,12,3.0,52829
14228,9713,107,5.0,84963
14229,9713,98,5.0,83293
14230,9713,101,3.0,86737
14231,9713,74,5.0,16985
14232,9714,75,2.0,35916
14233,9714,35,4.0,58295
14234,9714,32,4.0,15187
14235,9715,148,4.0,55893
14236,9715,60,5.0,84088
14237,9715,113,5.0,14616
14238,9715,57,2.0,92455
14239,9715,90,2.0,49507
14240,9716,116,1.0,42082
14241,9717,27,2.0,65552
14242,9717,36,5.0,53847
14243,9717,39,3.0,54311
14244,9718,110,4.0,30121
14245,9718,142,5.0,40304
14246,9718,55,5.0,34918
14247,9718,90,4.0,49507
14248,9718,28,2.0,90487
14249,9719,13,3.0,97810
14250,9719,105,5.0,56021
14251,9719,113,2.0,14616
14252,9719,88,5.0,4300
14253,9719,149,3.0,95245
14254,9720,29,5.0,7739
14255,9720,80,2.0,89761
14256,9720,23,3.0,18620
14257,9720,4,1.0,46721
14258,9720,43,4.0,88213
14259,9721,35,1.0,58295
14260,9721,37,4.0,95562
14261,9721,83,5.0,61817
14262,9721,115,3.0,25302
14263,9722,35,1.0,58295
14264,9722,79,1.0,81723
14265,9722,116,4.0,42082
14266,9723,108,4.0,46915
14267,9723,8,3.0,49819
14268,9723,102,1.0,22808
14269,9723,83,1.0,61817
14270,9723,33,5.0,20004
14271,9724,137,2.0,73589
14272,9724,56,4.0,9175
14273,9724,72,2.0,20480
14274,9724,100,2.0,71517
14275,9725,107,3.0,84963
14276,9725,113,3.0,14616
14277,9726,110,2.0,30121
14278,9726,105,4.0,56021
14279,9727,117,2.0,12972
14280,9727,135,2.0,94663
14281,9727,30,2.0,51211
14282,9727,19,3.0,72397
14283,9727,11,1.0,10900
14284,9728,134,1.0,65964
14285,9728,4,3.0,46721
14286,9728,126,3.0,20393
14287,9728,80,1.0,89761
14288,9729,57,5.0,92455
14289,9729,8,3.0,49819
14290,9730,29,2.0,7739
14291,9730,69,3.0,48871
14292,9730,19,5.0,72397
14293,9730,75,3.0,35916
14294,9730,104,5.0,9521
14295,9731,48,3.0,68133
14296,9732,85,3.0,48998
14297,9732,44,1.0,82291
14298,9732,7,4.0,95184
14299,9732,100,1.0,71517
14300,9733,4,1.0,46721
14301,9733,52,4.0,58298
14302,9734,78,2.0,42378
14303,9734,34,2.0,36630
14304,9734,8,2.0,49819
14305,9735,74,1.0,16985
14306,9735,52,2.0,58298
14307,9735,27,3.0,65552
14308,9736,26,1.0,18911
14309,9736,40,4.0,48312
14310,9736,59,3.0,20643
14311,9736,60,3.0,84088
14312,9737,95,1.0,51431
14313,9737,39,2.0,54311
14314,9738,88,4.0,4300
14315,9739,113,5.0,14616
14316,9739,139,3.0,34743
14317,9739,98,5.0,83293
14318,9739,49,5.0,92850
14319,9740,148,1.0,55893
14320,9740,70,2.0,55878
14321,9740,106,3.0,95466
14322,9740,133,3.0,19030
14323,9741,12,1.0,52829
14324,9741,67,5.0,33911
14325,9741,69,5.0,48871
14326,9742,111,5.0,73941
14327,9743,121,5.0,32706
14328,9743,54,2.0,9962
14329,9743,79,4.0,81723
14330,9744,134,2.0,65964
14331,9744,110,5.0,30121
14332,9744,92,5.0,61356
14333,9744,25,4.0,16898
14334,9745,35,4.0,58295
14335,9745,55,2.0,34918
14336,9745,132,5.0,42778
14337,9746,26,5.0,18911
14338,9746,105,3.0,56021
14339,9746,124,3.0,78300
14340,9746,69,3.0,48871
14341,9746,78,3.0,42378
14342,9747,97,4.0,3679
14343,9747,68,5.0,25842
14344,9747,147,5.0,53510
14345,9748,127,4.0,94118
14346,9748,17,5.0,13948
14347,9749,51,4.0,59928
14348,9749,52,4.0,58298
14349,9750,94,4.0,67315
14350,9750,26,4.0,18911
14351,9750,99,3.0,34203
14352,9750,136,2.0,53946
14353,9750,20,4.0,44033
14354,9751,36,5.0,53847
14355,9751,145,4.0,70418
14356,9751,19,2.0,72397
14357,9751,1,1.0,50707
14358,9751,105,4.0,56021
14359,9752,85,4.0,48998
14360,9752,127,4.0,94118
14361,9752,61,4.0,26079
14362,9753,3,5.0,13554
14363,9753,30,5.0,51211
14364,9753,129,1.0,14470
14365,9754,146,2.0,52304
14366,9754,148,4.0,55893
14367,9755,28,3.0,90487
14368,9756,117,3.0,12972
14369,9757,106,5.0,95466
14370,9757,21,2.0,81691
14371,9757,66,5.0,82653
14372,9757,72,2.0,20480
14373,9757,139,1.0,34743
14374,9758,133,5.0,19030
14375,9758,59,3.0,20643
14376,9758,89,2.0,83106
14377,9758,121,3.0,32706
14378,9758,79,2.0,81723
14379,9759,109,4.0,19474
14380,9759,114,2.0,38630
14381,9759,86,2.0,49654
14382,9760,87,3.0,41279
14383,9760,140,2.0,83331
14384,9760,88,5.0,4300
14385,9760,9,1.0,20871
14386,9760,41,1.0,92765
14387,9761,106,3.0,95466
14388,9761,128,5.0,80334
14389,9761,51,1.0,59928
14390,9762,137,4.0,73589
14391,9762,36,3.0,53847
14392,9762,12,5.0,52829
14393,9762,60,1.0,84088
14394,9762,139,4.0,34743
14395,9763,97,3.0,3679
14396,9763,54,2.0,9962
14397,9764,13,1.0,97810
14398,9764,103,5.0,31445
14399,9764,26,4.0,18911
14400,9764,41,5.0,92765
14401,9765,13,1.0,97810
14402,9765,81,2.0,19078
14403,9766,68,5.0,25842
14404,9766,58,3.0,39174
14405,9766,43,3.0,88213
14406,9767,82,5.0,87619
14407,9767,76,3.0,56428
14408,9767,10,1.0,26689
14409,9767,114,2.0,38630
14410,9767,38,1.0,76444
14411,9768,30,2.0,51211
14412,9768,142,4.0,40304
14413,9769,149,1.0,95245
14414,9769,38,5.0,76444
14415,9769,33,3.0,20004
14416,9770,84,5.0,87906
14417,9770,81,2.0,19078
14418,9770,68,1.0,25842
14419,9771,26,2.0,18911
14420,9771,36,1.0,53847
14421,9771,121,5.0,32706
14422,9771,90,2.0,49507
14423,9772,78,3.0,42378
14424,9772,94,5.0,67315
14425,9772,9,4.0,20871
14426,9772,104,3.0,9521
14427,9773,133,4.0,19030
14428,9774,83,5.0,61817
14429,9774,32,2.0,15187
14430,9774,45,4.0,48206
14431,9774,31,3.0,7724
14432,9774,2,4.0,48841
14433,9775,67,2.0,33911
14434,9775,80,1.0,89761
14435,9775,75,4.0,35916
14436,9776,146,4.0,52304
14437,9776,38,1.0,76444
14438,9777,43,5.0,88213
14439,9778,9,4.0,20871
14440,9779,139,,34743
14441,9779,25,2.0,16898
14442,9780,107,3.0,84963
14443,9780,17,2.0,13948
14444,9780,48,2.0,68133
14445,9780,2,1.0,48841
14446,9781,123,5.0,50047
14447,9781,111,2.0,73941
14448,9781,134,1.0,65964
14449,9781,56,3.0,9175
14450,9781,145,1.0,70418
14451,9782,63,3.0,33538
14452,9782,19,1.0,72397
14453,9783,117,4.0,12972
14454,9783,18,4.0,79719
14455,9783,64,3.0,69811
14456,9783,128,3.0,80334
14457,9784,94,5.0,67315
14458,9784,90,5.0,49507
14459,9785,23,1.0,18620
14460,9785,41,3.0,92765
14461,9786,96,2.0,8053
14462,9786,111,1.0,73941
14463,9786,20,1.0,44033
14464,9786,75,5.0,35916
14465,9787,4,5.0,46721
14466,9787,67,3.0,33911
14467,9787,84,2.0,87906
14468,9788,138,4.0,52367
14469,9788,10,5.0,26689
14470,9789,108,4.0,46915
14471,9790,95,4.0,51431
14472,9790,104,2.0,9521
14473,9790,28,5.0,90487
14474,9791,38,3.0,76444
14475,9791,79,5.0,81723
14476,9791,45,1.0,48206
14477,9791,142,4.0,40304
14478,9791,93,4.0,64437
14479,9792,75,2.0,35916
14480,9792,120,5.0,3186
14481,9792,144,1.0,93669
14482,9793,9999,3.0,69811
14483,9794,11,3.0,10900
14484,9794,129,4.0,14470
14485,9794,45,4.0,48206
14486,9794,30,3.0,51211
14487,9795,18,4.0,79719
14488,9796,103,1.0,31445
14489,9796,70,1.0,55878
14490,9796,122,3.0,58214
14491,9796,84,2.0,87906
14492,9796,46,2.0,23671
14493,9797,58,5.0,39174
14494,9797,122,2.0,58214
14495,9797,79,1.0,81723
14496,9797,66,2.0,82653
14497,9798,91,5.0,98063
14498,9798,85,3.0,48998
14499,9799,81,2.0,19078
14500,9800,35,3.0,58295
14501,9800,20,3.0,44033
14502,9800,121,1.0,32706
14503,9801,110,4.0,30121
14504,9801,104,2.0,9521
14505,9802,21,1.0,81691
14506,9802,140,5.0,83331
14507,9802,88,5.0,4300
14508,9802,60,2.0,84088
14509,9802,135,2.0,94663
14510,9803,89,5.0,83106
14511,9803,145,3.0,70418
14512,9803,76,1.0,56428
14513,9803,125,3.0,33628
14514,9804,72,4.0,20480
14515,9804,31,5.0,7724
14516,9804,93,5.0,64437
14517,9804,142,5.0,40304
14518,9804,130,5.0,27703
14519,9805,102,2.0,22808
14520,9805,120,5.0,3186
14521,9805,51,1.0,59928
14522,9805,110,5.0,30121
14523,9805,143,4.0,20414
14524,9806,98,1.0,83293
14525,9806,112,3.0,69548
14526,9806,55,5.0,34918
14527,9806,109,4.0,19474
14528,9806,24,1.0,43443
14529,9807,129,4.0,14470
14530,9807,64,3.0,69811
14531,9807,124,3.0,78300
14532,9807,84,4.0,87906
14533,9807,45,1.0,48206
14534,9808,30,2.0,51211
14535,9808,44,5.0,82291
14536,9808,57,4.0,92455
14537,9809,86,3.0,49654
14538,9809,36,1.0,53847
14539,9809,119,5.0,26176
14540,9809,123,3.0,50047
14541,9809,124,3.0,78300
14542,9810,142,1.0,40304
14543,9810,24,3.0,43443
14544,9810,47,2.0,53706
14545,9810,141,1.0,19091
14546,9810,74,1.0,16985
14547,9811,76,1.0,56428
14548,9811,22,3.0,78894
14549,9811,23,2.0,18620
14550,9812,146,5.0,52304
14551,9812,103,4.0,31445
14552,9812,35,1.0,58295
14553,9812,43,4.0,88213
14554,9812,78,4.0,42378
14555,9813,57,1.0,92455
14556,9813,139,1.0,34743
14557,9814,9,1.0,20871
14558,9814,102,3.0,22808
14559,9814,85,3.0,48998
14560,9814,72,5.0,20480
14561,9815,87,2.0,41279
14562,9815,116,3.0,42082
14563,9815,5,4.0,26134
14564,9815,124,2.0,78300
14565,9815,102,5.0,22808
14566,9816,61,1.0,26079
14567,9816,141,5.0,19091
14568,9816,11,2.0,10900
14569,9817,138,4.0,52367
14570,9817,105,1.0,56021
14571,9817,114,3.0,38630
14572,9817,110,1.0,30121
14573,9817,120,3.0,3186
14574,9818,87,2.0,41279
14575,9819,115,1.0,25302
14576,9819,81,5.0,19078
14577,9819,59,5.0,20643
14578,9819,38,2.0,76444
14579,9819,86,5.0,49654
14580,9820,14,5.0,55863
14581,9821,141,1.0,19091
14582,9821,5,2.0,26134
14583,9822,42,3.0,47104
14584,9822,34,2.0,36630
14585,9822,96,5.0,8053
14586,9822,87,3.0,41279
14587,9823,57,3.0,92455
14588,9823,38,4.0,76444
14589,9823,113,5.0,14616
14590,9824,36,5.0,53847
14591,9824,18,4.0,79719
14592,9824,90,5.0,49507
14593,9825,39,1.0,54311
14594,9825,102,3.0,22808
14595,9825,65,2.0,25065
14596,9825,74,3.0,16985
14597,9825,33,4.0,20004
14598,9826,108,2.0,46915
14599,9826,32,5.0,15187
14600,9826,56,3.0,9175
14601,9826,58,1.0,39174
14602,9826,146,2.0,52304
14603,9827,130,2.0,27703
14604,9828,117,4.0,12972
14605,9828,94,5.0,67315
14606,9829,32,3.0,15187
14607,9829,117,4.0,12972
14608,9829,26,1.0,18911
14609,9829,75,5.0,35916
14610,9830,95,1.0,51431
14611,9830,103,1.0,31445
14612,9830,10,3.0,26689
14613,9831,31,2.0,7724
14614,9831,40,5.0,48312
14615,9831,36,1.0,53847
14616,9832,75,2.0,35916
14617,9832,48,4.0,68133
14618,9833,84,3.0,87906
14619,9834,109,5.0,19474
14620,9834,14,5.0,55863
14621,9834,108,1.0,46915
14622,9834,12,4.0,52829
14623,9834,80,2.0,89761
14624,9835,123,2.0,50047
14625,9835,56,2.0,9175
14626,9835,111,4.0,73941
14627,9835,22,3.0,78894
14628,9836,133,1.0,19030
14629,9836,69,2.0,48871
14630,9836,113,1.0,14616
14631,9837,91,2.0,98063
14632,9837,16,5.0,9937
14633,9837,126,1.0,20393
14634,9837,24,5.0,43443
14635,9838,95,3.0,51431
14636,9838,64,1.0,69811
14637,9838,146,1.0,52304
14638,9838,42,3.0,47104
14639,9839,124,3.0,78300
14640,9839,142,3.0,40304
14641,9840,91,4.0,98063
14642,9840,61,5.0,26079
14643,9840,78,3.0,42378
14644,9840,118,3.0,13822
14645,9840,120,2.0,3186
14646,9841,78,4.0,42378
14647,9841,126,4.0,20393
14648,9841,113,4.0,14616
14649,9841,96,1.0,8053
14650,9842,5,1.0,26134
14651,9843,50,3.0,37334
14652,9843,69,3.0,48871
14653,9843,133,1.0,19030
14654,9843,4,4.0,46721
14655,9843,150,2.0,30192
14656,9844,142,5.0,40304
14657,9844,147,5.0,53510
14658,9845,142,2.0,40304
14659,9845,80,3.0,89761
14660,9845,140,4.0,83331
14661,9846,39,4.0,54311
14662,9847,143,5.0,20414
14663,9847,55,1.0,34918
14664,9847,113,2.0,14616
14665,9847,136,3.0,53946
14666,9848,78,5.0,42378
14667,9848,109,1.0,19474
14668,9848,79,2.0,81723
14669,9848,135,1.0,94663
14670,9848,81,2.0,19078
14671,9849,10,3.0,26689
14672,9849,69,1.0,48871
14673,9849,76,2.0,56428
14674,9849,114,4.0,38630
14675,9849,42,4.0,47104
14676,9850,113,5.0,14616
14677,9851,96,4.0,8053
14678,9851,128,1.0,80334
14679,9852,8,4.0,49819
14680,9852,14,2.0,55863
14681,9852,112,4.0,69548
14682,9852,18,1.0,79719
14683,9853,17,4.0,13948
14684,9853,41,4.0,92765
14685,9853,48,5.0,68133
14686,9854,110,1.0,30121
14687,9855,47,2.0,53706
14688,9855,81,4.0,19078
14689,9856,125,1.0,33628
14690,9857,4,3.0,46721
14691,9858,3,2.0,13554
14692,9859,54,3.0,9962
14693,9859,124,1.0,78300
14694,9859,5,2.0,26134
14695,9860,98,3.0,83293
14696,9860,82,2.0,87619
14697,9861,7,4.0,95184
14698,9861,14,5.0,55863
14699,9861,23,5.0,18620
14700,9861,116,5.0,42082
14701,9862,65,1.0,25065
14702,9862,147,2.0,53510
14703,9862,125,2.0,33628
14704,9862,59,2.0,20643
14705,9862,111,4.0,73941
14706,9863,133,3.0,19030
14707,9863,18,1.0,79719
14708,9863,98,3.0,83293
14709,9863,76,3.0,56428
14710,9864,57,5.0,92455
14711,9864,87,3.0,41279
14712,9865,75,5.0,35916
14713,9865,44,5.0,82291
14714,9865,2,5.0,48841
14715,9866,67,4.0,33911
14716,9866,74,2.0,16985
14717,9866,3,4.0,13554
14718,9867,45,3.0,48206
14719,9867,107,1.0,84963
14720,9867,8,4.0,49819
14721,9867,109,2.0,19474
14722,9867,7,1.0,95184
14723,9868,56,1.0,9175
14724,9868,109,3.0,19474
14725,9868,63,5.0,33538
14726,9868,27,4.0,65552
14727,9869,40,4.0,48312
14728,9869,141,2.0,19091
14729,9869,123,1.0,50047
14730,9870,40,2.0,48312
14731,9870,43,5.0,88213
14732,9870,76,3.0,56428
14733,9870,96,1.0,8053
14734,9870,75,2.0,35916
14735,9871,65,3.0,25065
14736,9872,90,4.0,49507
14737,9872,148,4.0,55893
14738,9873,62,3.0,98446
14739,9873,28,5.0,90487
14740,9873,64,2.0,69811
14741,9874,52,2.0,58298
14742,9875,95,1.0,51431
14743,9875,49,5.0,92850
14744,9875,108,3.0,46915
14745,9875,11,5.0,10900
14746,9876,92,2.0,61356
14747,9877,115,5.0,25302
14748,9877,5,3.0,26134
14749,9878,14,3.0,55863
14750,9878,59,2.0,20643
14751,9879,110,1.0,30121
14752,9879,68,3.0,25842
14753,9880,78,2.0,42378
14754,9880,49,4.0,92850
14755,9880,46,3.0,23671
14756,9880,63,5.0,33538
14757,9881,44,5.0,82291
14758,9881,81,5.0,19078
14759,9882,143,4.0,20414
14760,9882,76,1.0,56428
14761,9882,5,5.0,26134
14762,9882,106,4.0,95466
14763,9883,100,1.0,71517
14764,9884,15,3.0,48998
14765,9884,88,3.0,4300
14766,9885,35,4.0,58295
14767,9885,150,3.0,30192
14768,9886,32,2.0,15187
14769,9886,46,5.0,23671
14770,9886,52,4.0,58298
14771,9887,139,3.0,34743
14772,9887,50,2.0,37334
14773,9887,73,4.0,87951
14774,9888,75,4.0,35916
14775,9888,111,4.0,73941
14776,9889,141,3.0,19091
14777,9889,64,5.0,69811
14778,9889,54,4.0,9962
14779,9889,47,5.0,53706
14780,9889,73,5.0,87951
14781,9890,148,2.0,55893
14782,9890,52,4.0,58298
14783,9891,16,1.0,9937
14784,9892,112,2.0,69548
14785,9892,9,2.0,20871
14786,9893,101,2.0,86737
14787,9893,92,5.0,61356
14788,9893,14,5.0,55863
14789,9893,67,2.0,33911
14790,9893,29,2.0,7739
14791,9894,105,4.0,56021
14792,9894,100,2.0,71517
14793,9894,39,2.0,54311
14794,9894,38,5.0,76444
14795,9894,70,2.0,55878
14796,9895,121,3.0,32706
14797,9896,150,4.0,30192
14798,9896,101,1.0,86737
14799,9897,12,2.0,52829
14800,9897,69,5.0,48871
14801,9897,110,5.0,30121
14802,9898,140,4.0,83331
14803,9898,18,2.0,79719
14804,9898,100,2.0,71517
14805,9898,31,2.0,7724
14806,9899,133,3.0,19030
14807,9900,113,4.0,14616
14808,9900,108,3.0,46915
14809,9901,128,2.0,80334
14810,9902,72,3.0,20480
14811,9902,44,4.0,82291
14812,9902,75,2.0,35916
14813,9902,148,1.0,55893
14814,9903,24,1.0,43443
14815,9903,75,2.0,35916
14816,9903,131,4.0,76514
14817,9904,120,3.0,3186
14818,9904,60,4.0,84088
14819,9904,104,4.0,9521
14820,9904,39,3.0,54311
14821,9905,7,3.0,95184
14822,9905,79,4.0,81723
14823,9906,78,4.0,42378
14824,9906,112,5.0,69548
14825,9906,105,5.0,56021
14826,9906,31,2.0,7724
14827,9907,48,2.0,68133
14828,9907,88,5.0,4300
14829,9908,139,2.0,34743
14830,9908,10,4.0,26689
14831,9908,59,2.0,20643
14832,9908,43,3.0,88213
14833,9908,96,1.0,8053
14834,9909,43,5.0,88213
14835,9909,119,3.0,26176
14836,99999,143,1.0,20414
14837,9909,82,5.0,87619
14838,9909,102,5.0,22808
14839,9910,30,1.0,51211
14840,9911,55,3.0,34918
14841,9911,115,1.0,25302
14842,9911,58,5.0,39174
14843,9911,38,4.0,76444
14844,9912,53,1.0,50574
14845,9913,25,3.0,16898
14846,9913,149,3.0,95245
14847,9913,134,4.0,65964
14848,9914,100,5.0,71517
14849,9914,129,1.0,14470
14850,9915,49,1.0,92850
14851,9915,85,5.0,48998
14852,9915,1,5.0,50707
14853,9916,25,1.0,16898
14854,9917,12,3.0,52829
14855,9918,108,2.0,46915
14856,9918,59,3.0,20643
14857,9918,102,2.0,22808
14858,9919,72,5.0,20480
14859,9919,126,3.0,20393
14860,9919,34,1.0,36630
14861,9919,19,1.0,72397
14862,9920,34,1.0,36630
14863,9920,91,2.0,98063
14864,9920,125,1.0,33628
14865,9920,59,3.0,20643
14866,9920,82,2.0,87619
14867,9921,102,4.0,22808
14868,9922,9,4.0,20871
14869,9922,113,5.0,14616
14870,9922,26,5.0,18911
14871,9922,32,4.0,15187
14872,9922,137,3.0,73589
14873,9923,20,5.0,44033
14874,9924,6,2.0,21286
14875,9924,61,3.0,26079
14876,9925,30,4.0,51211
14877,9925,83,5.0,61817
14878,9926,150,5.0,30192
14879,9926,138,1.0,52367
14880,9926,48,3.0,68133
14881,9926,111,5.0,73941
14882,9927,56,2.0,9175
14883,9928,27,1.0,65552
14884,9928,150,2.0,30192
14885,9929,60,2.0,84088
14886,9930,136,5.0,53946
14887,9930,22,3.0,78894
14888,9930,129,1.0,14470
14889,9930,64,3.0,69811
14890,9930,53,2.0,50574
14891,9931,51,2.0,59928
14892,9931,18,5.0,79719
14893,9931,97,5.0,3679
14894,9931,88,4.0,4300
14895,9931,28,3.0,90487
14896,9932,116,2.0,42082
14897,9932,64,5.0,69811
14898,9932,117,1.0,12972
14899,9932,27,5.0,65552
14900,9932,105,3.0,56021
14901,9933,5,2.0,26134
14902,9933,70,3.0,55878
14903,9933,148,1.0,55893
14904,9933,3,2.0,13554
14905,9934,33,2.0,20004
14906,9934,37,3.0,95562
14907,9934,129,3.0,14470
14908,9934,73,3.0,87951
14909,9934,149,3.0,95245
14910,9935,46,4.0,23671
14911,9935,119,4.0,26176
14912,9936,85,5.0,48998
14913,9936,134,4.0,65964
14914,9937,136,5.0,53946
14915,9937,128,3.0,80334
14916,9937,135,3.0,94663
14917,9937,26,5.0,18911
14918,9937,121,1.0,32706
14919,9938,2,1.0,48841
14920,9938,32,2.0,15187
14921,9938,96,5.0,8053
14922,9938,87,4.0,41279
14923,9938,66,5.0,82653
14924,9939,41,3.0,92765
14925,9939,65,2.0,25065
14926,9939,51,1.0,59928
14927,9939,42,3.0,47104
14928,9939,120,4.0,3186
14929,9940,58,4.0,39174
14930,9940,22,4.0,78894
14931,9940,28,5.0,90487
14932,9940,39,5.0,54311
14933,9940,96,5.0,8053
14934,9941,38,1.0,76444
14935,9941,4,5.0,46721
14936,9942,17,2.0,13948
14937,9942,134,2.0,65964
14938,9942,146,1.0,52304
14939,9942,75,1.0,35916
14940,9942,48,2.0,68133
14941,9943,91,1.0,98063
14942,9943,81,5.0,19078
14943,9943,111,4.0,73941
14944,9944,74,1.0,16985
14945,9945,115,3.0,25302
14946,9945,97,1.0,3679
14947,9946,1,5.0,50707
14948,9946,132,4.0,42778
14949,9946,21,1.0,81691
14950,9946,128,2.0,80334
14951,9946,15,4.0,48998
14952,9947,131,1.0,76514
14953,9947,11,1.0,10900
14954,9947,18,1.0,79719
14955,9948,6,4.0,21286
14956,9948,3,5.0,13554
14957,9949,123,1.0,50047
14958,9949,66,3.0,82653
14959,9949,118,5.0,13822
14960,9949,40,2.0,48312
14961,9949,87,5.0,41279
14962,9950,118,3.0,13822
14963,9950,137,3.0,73589
14964,9950,106,4.0,95466
14965,9950,30,1.0,51211
14966,9951,2,5.0,48841
14967,9951,134,5.0,65964
14968,9951,55,1.0,34918
14969,9951,131,1.0,76514
14970,9951,71,4.0,4786
14971,9952,128,5.0,80334
14972,9952,89,2.0,83106
14973,9952,49,3.0,92850
14974,9952,88,4.0,4300
14975,9952,83,3.0,61817
14976,9953,24,3.0,43443
14977,9953,43,3.0,88213
14978,9953,17,1.0,13948
14979,9953,54,1.0,9962
14980,9953,36,4.0,53847
14981,9954,57,4.0,92455
14982,9955,20,1.0,44033
14983,9955,6,4.0,21286
14984,9955,57,1.0,92455
14985,9956,79,1.0,81723
14986,9957,49,2.0,92850
14987,9957,102,5.0,22808
14988,9957,87,2.0,41279
14989,9958,73,2.0,87951
14990,9958,33,2.0,20004
14991,9958,29,3.0,7739
14992,9959,46,5.0,23671
14993,9959,25,4.0,16898
14994,9960,59,3.0,20643
14995,9960,62,2.0,98446
14996,9960,90,3.0,49507
14997,9961,50,4.0,37334
14998,9961,11,3.0,10900
14999,9961,88,2.0,4300
15000,9961,109,2.0,19474
15001,9961,38,5.0,76444
15002,9962,107,2.0,84963
15003,9962,24,3.0,43443
15004,9962,92,5.0,61356
15005,9962,76,2.0,56428
15006,9963,102,2.0,22808
15007,9964,96,3.0,8053
15008,9964,144,2.0,93669
15009,9964,72,5.0,20480
15010,9964,84,1.0,87906
15011,9965,27,1.0,65552
15012,9966,21,2.0,81691
15013,9966,131,3.0,76514
15014,9966,141,1.0,19091
15015,9967,41,4.0,92765
15016,9967,124,4.0,78300
15017,9967,29,1.0,7739
15018,9968,96,4.0,8053
15019,9969,63,2.0,33538
15020,9969,76,2.0,56428
15021,9969,51,3.0,59928
15022,9969,122,1.0,58214
15023,9970,104,3.0,9521
15024,9971,104,2.0,9521
15025,9971,126,3.0,20393
15026,9972,86,4.0,49654
15027,9973,6,1.0,21286
15028,9973,49,2.0,92850
15029,9973,139,4.0,34743
15030,9974,78,4.0,42378
15031,9974,138,1.0,52367
15032,9974,30,2.0,51211
15033,9974,128,5.0,80334
15034,9974,73,5.0,87951
15035,9975,136,5.0,53946
15036,9975,114,5.0,38630
15037,9975,113,2.0,14616
15038,9976,81,4.0,19078
15039,9976,130,3.0,27703
15040,9976,123,1.0,50047
15041,9977,21,5.0,81691
15042,9977,116,4.0,42082
15043,9977,108,2.0,46915
15044,9978,6,3.0,21286
15045,9978,131,5.0,76514
15046,9978,31,1.0,7724
15047,9978,75,2.0,35916
15048,9978,144,5.0,93669
15049,9979,137,1.0,73589
15050,9979,82,1.0,87619
15051,9979,15,4.0,48998
15052,9980,37,4.0,95562
15053,9980,90,1.0,49507
15054,9980,10,4.0,26689
15055,9980,42,1.0,47104
15056,9981,142,1.0,40304
15057,9982,34,5.0,36630
15058,9983,17,3.0,13948
15059,9984,139,5.0,34743
15060,9984,127,5.0,94118
15061,9984,48,2.0,68133
15062,9985,44,4.0,82291
15063,9985,12,4.0,52829
15064,9986,29,2.0,7739
15065,9987,69,5.0,48871
15066,9987,108,1.0,46915
15067,9988,2,4.0,48841
15068,9988,128,2.0,80334
15069,9988,47,5.0,53706
15070,9989,123,5.0,50047
15071,9989,81,4.0,19078
15072,99999,19,1.0,72397
15073,9990,35,4.0,58295
15074,9990,85,5.0,48998
15075,9990,125,4.0,33628
15076,9991,27,5.0,65552
15077,9991,14,1.0,55863
15078,9991,26,5.0,18911
15079,9991,119,2.0,26176
15080,9991,55,4.0,34918
15081,9992,33,4.0,20004
15082,9992,60,4.0,84088
15083,9992,149,5.0,95245
15084,9992,58,2.0,39174
15085,9993,120,4.0,3186
15086,9993,67,4.0,33911
15087,9993,5,2.0,26134
15088,9993,93,5.0,64437
15089,9993,80,4.0,89761
15090,9994,114,5.0,38630
15091,9995,106,3.0,95466
15092,9996,81,2.0,19078
15093,9996,127,2.0,94118
15094,9996,125,3.0,33628
15095,9996,13,2.0,97810
15096,9997,88,4.0,4300
15097,9997,19,4.0,72397
15098,9997,25,1.0,16898
15099,9997,52,5.0,58298
15100,9998,132,3.0,42778
15101,9998,35,3.0,58295
15102,9999,9,5.0,20871
15103,9999,143,2.0,20414
15104,9999,50,3.0,37334
15105,9999,36,4.0,53847
15106,9999,83,1.0,61817
15107,10000,51,2.0,59928
15108,10000,79,1.0,81723
15109,10000,3,5.0,13554
11456,8812,127,3.0,94118
3370,6121,11,3.0,10900
1924,5634,38,5.0,76444
2271,5754,24,3.0,43443
2215,5736,63,5.0,33538
9881,8281,68,4.0,25842
12362,9108,145,3.0,70418
10256,8409,33,2.0,20004
5621,6873,16,5.0,9937
7841,7615,117,4.0,12972
