order_id,customer_id,order_date,payment_method,order_status
5001,1439,2026-07-08,Credit Card,Cancelled
5002,1256,2026-01-02,Net Banking,Returned
5003,1443,2026-02-12,Credit Card,Cancelled
5004,1149,2026-01-02,UPI,Pending
5005,1395,2025-05-06,Cash on Delivery,Pending
5006,1097,2024-12-16,UPI,Delivered
5007,9999,2025-05-26,Cash on Delivery,Cancelled
5008,1201,2025-05-10,Debit Card,Returned
5009,1352,2024-12-15,Debit Card,Pending
5010,1252,2026-06-10,Net Banking,Delivered
5011,1155,2025-06-24,Cash on Delivery,Returned
5012,1208,2025-05-07,Credit Card,Cancelled
5013,1307,2025-06-29,Cash on Delivery,Delivered
5014,1444,2025-12-18,UPI,Pending
5015,1175,2026-03-12,Net Banking,Returned
5016,1319,2024-09-02,UPI,Pending
5017,1127,2025-04-19,Debit Card,Delivered
5018,1023,2026-01-30,UPI,Delivered
5019,1188,2025-02-18,UPI,Pending
5020,1148,2025-11-02,Credit Card,Cancelled
5021,1054,2026-05-03,Cash on Delivery,Returned
5022,1023,2025-12-12,Net Banking,Returned
5023,1252,2025-12-27,Debit Card,Cancelled
5024,1489,2026-06-30,UPI,Delivered
5025,1327,2026-03-08,Credit Card,Delivered
5026,1297,2024-08-30,Cash on Delivery,Delivered
5027,1393,2024-12-22,UPI,Cancelled
5028,1321,2025-09-08,UPI,Pending
5029,1462,2026-05-27,UPI,Delivered
5030,1248,2024-08-31,UPI,Pending
5031,1198,2025-05-30,Net Banking,Cancelled
5032,1176,2025-06-25,Net Banking,Returned
5033,1490,2026-03-21,Net Banking,Delivered
5034,1494,2026-04-05,UPI,Cancelled
5035,1188,2024-10-14,Cash on Delivery,Pending
5036,1008,2026-07-09,Credit Card,Delivered
5037,1344,2026-06-14,Net Banking,Delivered
5038,1034,2025-06-17,UPI,Pending
5039,1265,2026-07-04,Debit Card,Returned
5040,1491,2026-04-14,Net Banking,Delivered
5041,9999,2025-06-08,Cash on Delivery,Returned
5042,1183,2025-07-21,Net Banking,Cancelled
5043,1010,2026-02-03,Cash on Delivery,Delivered
5044,1493,2025-05-19,UPI,Cancelled
5045,1421,2026-05-24,Credit Card,Pending
5046,1425,2025-12-19,UPI,Cancelled
5047,1056,2024-12-27,Net Banking,Returned
5048,1250,2025-09-29,Cash on Delivery,Cancelled
5049,1292,2025-12-14,Credit Card,Cancelled
5050,1155,2025-08-01,Credit Card,Delivered
5051,1223,2026-01-03,Credit Card,Returned
5052,1217,2024-11-14,Net Banking,Returned
5053,1031,2026-02-19,Net Banking,Returned
5054,1204,2026-01-02,Debit Card,Delivered
5055,1283,2025-11-01,Net Banking,Cancelled
5056,1368,2026-04-19,Net Banking,Cancelled
5057,1044,2026-02-05,Cash on Delivery,Cancelled
5058,1211,2025-07-03,Cash on Delivery,Cancelled
5059,1241,2025-03-31,Net Banking,Pending
5060,1296,2026-01-16,Credit Card,Pending
5061,1001,2024-08-25,Net Banking,Cancelled
5062,1345,2026-07-27,Cash on Delivery,Cancelled
5063,1368,2026-06-20,Debit Card,Pending
5064,1060,2026-04-09,Net Banking,Returned
5065,1133,2025-08-23,UPI,Returned
5066,1373,2025-12-17,Cash on Delivery,Delivered
5067,1082,2025-12-20,Net Banking,Delivered
5068,1488,2026-04-19,Net Banking,Returned
5069,1033,2026-02-06,Net Banking,Returned
5070,1041,2026-03-30,Cash on Delivery,Pending
5071,1258,2026-03-17,Net Banking,Delivered
5072,1138,2026-05-11,Net Banking,Delivered
5073,1325,2025-04-24,Net Banking,Returned
5074,1152,2026-02-12,Net Banking,Cancelled
5075,1298,2025-04-10,Net Banking,Returned
5076,1147,2025-03-07,Credit Card,Pending
5077,1487,2024-10-05,UPI,Returned
5078,1374,2026-04-21,Cash on Delivery,Pending
5079,1343,2025-02-10,Cash on Delivery,Cancelled
5080,1176,2024-11-01,Credit Card,Cancelled
5081,1263,2026-07-23,UPI,Pending
5082,1132,2025-08-27,Credit Card,Cancelled
5083,1116,2025-02-05,Net Banking,Cancelled
5084,1091,2025-09-09,Cash on Delivery,Returned
5085,1124,2024-08-23,UPI,Delivered
5086,1002,2025-09-16,Debit Card,Returned
5087,1243,2025-11-08,Debit Card,Delivered
5088,1076,2025-12-27,Cash on Delivery,Returned
5089,1130,2026-06-21,UPI,Returned
5090,1332,2024-12-03,Debit Card,Pending
5091,1347,2025-09-12,Cash on Delivery,Delivered
5092,1018,2024-10-26,Credit Card,Pending
5093,1061,2024-11-07,Debit Card,Pending
5094,1272,2026-07-12,Net Banking,Delivered
5095,1280,2026-07-18,UPI,Pending
5096,1024,2025-02-03,Cash on Delivery,Returned
5097,1447,2026-03-04,Cash on Delivery,Returned
5098,1178,2024-07-30,UPI,Returned
5099,1203,2025-01-19,Credit Card,Pending
5100,1302,2025-01-26,Net Banking,Pending
5101,1102,2025-04-19,Credit Card,Returned
5102,1250,2024-10-21,Net Banking,Pending
5103,1257,2024-10-01,Credit Card,Pending
5104,1320,2025-03-31,Net Banking,Delivered
5105,1414,2026-01-07,Debit Card,Pending
5106,1393,2026-06-28,Net Banking,Delivered
5107,1136,2025-07-19,Net Banking,Delivered
5108,1457,2025-04-27,Debit Card,Pending
5109,1244,2024-11-26,Cash on Delivery,Returned
5110,1462,2025-08-25,Credit Card,Returned
5111,1021,2025-11-05,Cash on Delivery,Delivered
5112,1006,2026-01-20,Cash on Delivery,Returned
5113,1238,2025-04-15,Cash on Delivery,Cancelled
5114,1285,2025-10-28,Net Banking,Delivered
5115,1135,2024-09-08,Cash on Delivery,Delivered
5116,1179,2026-06-18,Credit Card,Pending
5117,1499,2025-01-28,Credit Card,Cancelled
5118,1221,2025-03-28,UPI,Delivered
5119,1380,2025-04-27,Net Banking,Delivered
5120,1466,2026-07-29,Cash on Delivery,Pending
5121,1077,2025-06-13,Credit Card,Cancelled
5122,1058,2024-09-05,UPI,Pending
5123,1012,2025-08-29,Credit Card,Cancelled
5124,1098,2025-05-29,Net Banking,Pending
5125,1348,2026-06-18,Net Banking,Delivered
5126,1030,2025-12-29,Cash on Delivery,Cancelled
5127,1302,2026-07-26,Credit Card,Delivered
5128,1426,2025-06-10,Net Banking,Delivered
5129,1434,2024-10-22,Cash on Delivery,Cancelled
5130,1169,2026-02-05,Cash on Delivery,Returned
5131,1219,2026-07-12,Net Banking,Cancelled
5132,1046,2026-01-08,Cash on Delivery,Delivered
5133,1087,2025-09-17,Credit Card,Pending
5134,1333,2026-04-29,Net Banking,Pending
5135,1060,2024-10-03,Net Banking,Delivered
5136,1139,2026-04-28,Cash on Delivery,Returned
5137,1246,2026-02-27,Credit Card,Delivered
5138,1226,2025-06-07,UPI,Returned
5139,1438,2025-05-30,Net Banking,Cancelled
5140,1088,2026-03-27,Credit Card,Delivered
5141,1069,2025-01-17,Net Banking,Delivered
5142,1400,2024-09-04,Credit Card,Cancelled
5143,1304,2026-04-06,Credit Card,Returned
5144,1413,2024-10-13,Credit Card,Pending
5145,1300,2026-06-19,Credit Card,Returned
5146,1454,2024-11-21,UPI,Pending
5147,1223,2026-01-12,Net Banking,Cancelled
5148,1366,2024-09-14,Debit Card,Cancelled
5149,1309,2025-05-30,UPI,Pending
5150,1249,2024-12-12,Cash on Delivery,Pending
5151,1183,2025-12-08,Cash on Delivery,Cancelled
5152,1303,2026-02-22,UPI,Pending
5153,1259,2025-11-04,Cash on Delivery,Delivered
5154,1465,2025-11-17,Cash on Delivery,Returned
5155,1485,2024-11-26,Cash on Delivery,Cancelled
5156,1355,2025-05-17,Cash on Delivery,Cancelled
5157,1183,2025-04-29,Net Banking,Pending
5158,1288,2026-04-09,UPI,Delivered
5159,1172,2025-10-03,UPI,Pending
5160,1418,2025-03-05,Debit Card,Returned
5161,1159,2026-06-10,Cash on Delivery,Returned
5162,1104,2025-08-10,UPI,Pending
5163,1260,2024-10-02,Cash on Delivery,Cancelled
5164,1249,2026-02-04,Net Banking,Delivered
5165,1386,2024-09-23,Credit Card,Pending
5166,1159,2025-02-24,Net Banking,Delivered
5167,1152,2024-09-04,Cash on Delivery,Delivered
5168,1193,2025-10-09,Cash on Delivery,Cancelled
5169,1074,2026-07-05,UPI,Cancelled
5170,1072,2026-06-15,Cash on Delivery,Delivered
5171,1432,2025-09-18,Net Banking,Cancelled
5172,1344,2026-03-17,Cash on Delivery,Delivered
5173,1267,2026-04-13,Net Banking,Pending
5174,1290,2025-01-05,Net Banking,Pending
5175,1199,2025-08-11,Debit Card,Cancelled
5176,1388,2025-01-28,Debit Card,Returned
5177,1168,2024-12-08,Credit Card,Cancelled
5178,1395,2026-04-25,Credit Card,Delivered
5179,1447,2024-10-27,Debit Card,Cancelled
5180,1118,2026-02-13,UPI,Pending
5181,1207,2025-04-21,Cash on Delivery,Returned
5182,1049,2026-07-12,Cash on Delivery,Returned
5183,1461,2026-01-22,Net Banking,Pending
5184,1423,2025-09-18,Credit Card,Delivered
5185,1099,2025-01-09,Credit Card,Returned
5186,1348,2024-08-26,Credit Card,Cancelled
5187,1329,2025-09-28,Credit Card,Delivered
5188,1433,2024-11-25,UPI,Cancelled
5189,1229,2025-10-09,Debit Card,Delivered
5190,1350,2026-01-21,Net Banking,Cancelled
5191,1250,2026-04-11,UPI,Pending
5192,1092,2025-07-29,Credit Card,Pending
5193,1098,2025-07-30,Net Banking,Cancelled
5194,1295,2025-11-08,Cash on Delivery,Returned
5195,1402,2026-03-30,Debit Card,Cancelled
5196,1477,2026-01-08,Cash on Delivery,Delivered
5197,1161,2025-08-14,Credit Card,Pending
5198,1100,2024-11-09,Cash on Delivery,Returned
5199,1260,2025-06-16,Credit Card,Returned
5200,1379,2025-01-29,UPI,Pending
5201,1432,2025-09-28,Cash on Delivery,Delivered
5202,1322,2026-02-09,Cash on Delivery,Cancelled
5203,1397,2025-06-05,Cash on Delivery,Delivered
5204,1046,2025-10-12,Net Banking,Delivered
5205,1114,2025-07-20,Debit Card,Pending
5206,9999,2024-09-10,Net Banking,Pending
5207,1361,2025-10-08,UPI,Delivered
5208,1026,2024-11-03,Net Banking,Cancelled
5209,9999,2025-12-25,Net Banking,Delivered
5210,1472,2026-02-09,Credit Card,Returned
5211,1418,2025-09-14,Credit Card,Delivered
5212,1468,2026-06-09,Debit Card,Cancelled
5213,1116,2025-03-09,UPI,Delivered
5214,1056,2025-02-04,Debit Card,Cancelled
5215,1247,2025-02-19,UPI,Returned
5216,1053,2026-03-17,UPI,Cancelled
5217,1022,2026-10-29,Debit Card,Delivered
5218,1174,2026-03-02,UPI,Returned
5219,1200,2024-12-05,UPI,Returned
5220,1115,2025-11-06,Net Banking,Delivered
5221,1465,2025-12-29,Credit Card,Delivered
5222,1290,2025-06-19,Net Banking,Delivered
5223,1010,2025-02-13,UPI,Returned
5224,1389,2025-04-09,Cash on Delivery,Returned
5225,1038,2025-04-08,UPI,Pending
5226,1327,2024-11-25,UPI,Delivered
5227,1034,2025-11-18,Cash on Delivery,Cancelled
5228,1407,2026-06-08,Net Banking,Returned
5229,1204,2025-12-27,Credit Card,Delivered
5230,1158,2025-01-19,Net Banking,Cancelled
5231,1015,2026-06-13,Credit Card,Pending
5232,1139,2026-01-25,Debit Card,Pending
5233,1481,2025-06-30,Net Banking,Returned
5234,1185,2024-10-13,Net Banking,Delivered
5235,1301,2026-05-19,Debit Card,Returned
5236,1462,2026-04-24,UPI,Delivered
5237,1029,2025-03-23,UPI,Pending
5238,1234,2025-07-16,Debit Card,Cancelled
5239,1432,2026-10-29,UPI,Delivered
5240,1052,2025-11-27,Net Banking,Cancelled
5241,1267,2026-06-26,UPI,Delivered
5242,1006,2026-01-13,Cash on Delivery,Pending
5243,1101,2026-06-13,Debit Card,Pending
5244,1263,2026-04-14,Credit Card,Returned
5245,1465,2025-05-15,UPI,Pending
5246,1068,2024-10-22,Debit Card,Cancelled
5247,1391,2026-02-24,UPI,Returned
5248,1311,2025-08-27,Debit Card,Pending
5249,1018,2025-08-08,Net Banking,Cancelled
5250,1022,2025-06-23,UPI,Pending
5251,1130,2025-05-02,Net Banking,Returned
5252,1096,2026-02-17,UPI,Cancelled
5253,1064,2025-10-01,Net Banking,Delivered
5254,1403,2026-05-22,Net Banking,Delivered
5255,1023,2026-04-29,UPI,Pending
5256,1056,2024-12-25,Cash on Delivery,Delivered
5257,1202,2025-05-09,Debit Card,Pending
5258,1412,2026-06-07,Net Banking,Cancelled
5259,1252,2024-09-09,Credit Card,Returned
5260,1368,2025-01-29,Cash on Delivery,Delivered
5261,1474,2026-04-06,Debit Card,Cancelled
5262,1382,2025-06-02,Debit Card,Cancelled
5263,1368,2026-05-27,Debit Card,Pending
5264,1224,2025-05-19,Credit Card,Delivered
5265,1126,2024-10-20,Net Banking,Cancelled
5266,1105,2025-11-06,Debit Card,Cancelled
5267,1036,2026-01-16,UPI,Returned
5268,1074,2024-12-27,UPI,Returned
5269,9999,2024-10-30,Net Banking,Pending
5270,1338,2024-11-06,Credit Card,Pending
5271,1088,2026-03-02,Credit Card,Pending
5272,1222,2024-09-03,Cash on Delivery,Delivered
5273,1360,2025-08-02,Debit Card,Delivered
5274,1020,2025-02-23,Credit Card,Delivered
5275,1139,2025-06-09,Cash on Delivery,Returned
5276,1463,2026-03-05,UPI,Returned
5277,1310,2025-06-17,Debit Card,Returned
5278,1108,2025-04-29,Cash on Delivery,Returned
5279,1298,2025-06-14,Cash on Delivery,Cancelled
5280,1189,2026-03-29,Credit Card,Cancelled
5281,1397,2025-02-13,UPI,Pending
5282,1100,2026-02-04,Cash on Delivery,Cancelled
5283,1290,2024-09-06,Credit Card,Pending
5284,1329,2026-07-24,Net Banking,Cancelled
5285,1137,2025-05-13,Net Banking,Pending
5286,1233,2024-11-09,Credit Card,Returned
5287,1064,2025-03-24,UPI,Pending
5288,1472,2025-05-18,Net Banking,Returned
5289,1463,2025-05-14,Credit Card,Delivered
5290,1057,2025-11-02,Credit Card,Returned
5291,1289,2026-01-11,Cash on Delivery,Delivered
5292,1069,2024-09-19,Net Banking,Returned
5293,1358,2025-09-04,UPI,Returned
5294,1055,2025-05-09,Debit Card,Delivered
5295,1358,2025-04-07,UPI,Cancelled
5296,1360,2025-07-03,Net Banking,Delivered
5297,1156,2025-06-18,Debit Card,Delivered
5298,1109,2026-01-31,Debit Card,Pending
5299,1146,2026-06-07,Cash on Delivery,Cancelled
5300,1382,2025-11-02,Cash on Delivery,Cancelled
5301,1224,2025-09-04,Debit Card,Pending
5302,1296,2026-03-26,Credit Card,Delivered
5303,1445,2026-06-02,UPI,Delivered
5304,1468,2025-04-14,Credit Card,Delivered
5305,1410,2025-12-31,Net Banking,Cancelled
5306,1007,2025-11-16,Net Banking,Pending
5307,1331,2025-06-06,Debit Card,Cancelled
5308,1269,2025-02-15,UPI,Cancelled
5309,1038,2025-12-04,Cash on Delivery,Delivered
5310,1075,2025-04-09,UPI,Returned
5311,1124,2026-01-04,UPI,Delivered
5312,1345,2026-04-11,UPI,Cancelled
5313,1356,2025-01-05,Debit Card,Pending
5314,1266,2024-12-22,Debit Card,Pending
5315,1189,2025-08-14,UPI,Returned
5316,1193,2026-06-18,Cash on Delivery,Delivered
5317,1152,2024-12-16,Debit Card,Returned
5318,1499,2024-10-30,Net Banking,Delivered
5319,1172,2024-10-06,UPI,Delivered
5320,1026,2026-03-15,Net Banking,Returned
5321,1147,2026-03-30,Debit Card,Returned
5322,1155,2025-07-12,Credit Card,Delivered
5323,1002,2025-12-23,Cash on Delivery,Returned
5324,1016,2025-04-13,Credit Card,Returned
5325,1425,2024-09-12,UPI,Cancelled
5326,1303,2025-07-29,Cash on Delivery,Returned
5327,1338,2026-05-24,UPI,Cancelled
5328,1331,2025-06-23,Cash on Delivery,Cancelled
5329,1417,2025-08-18,Cash on Delivery,Pending
5330,1274,2024-09-04,Net Banking,Cancelled
5331,1498,2026-03-23,Net Banking,Pending
5332,1323,2024-08-29,Credit Card,Pending
5333,1454,2026-03-13,Net Banking,Delivered
5334,1415,2025-01-06,Cash on Delivery,Delivered
5335,1092,2024-10-27,Credit Card,Returned
5336,1038,2026-01-11,Net Banking,Delivered
5337,1232,2025-10-18,UPI,Pending
5338,1285,2026-02-19,Credit Card,Delivered
5339,1043,2026-04-30,Cash on Delivery,Returned
5340,1001,2025-05-23,Net Banking,Cancelled
5341,1481,2024-08-15,Cash on Delivery,Pending
5342,1180,2025-06-17,Net Banking,Pending
5343,1329,2025-08-19,Net Banking,Returned
5344,1249,2025-10-02,Credit Card,Delivered
5345,9999,2024-10-10,Debit Card,Returned
5346,1300,2024-09-23,Debit Card,Returned
5347,1093,2026-02-26,Net Banking,Returned
5348,1081,2026-05-02,UPI,Pending
5349,1442,2025-07-04,Debit Card,Cancelled
5350,1229,2025-04-05,Net Banking,Returned
5351,1021,2025-08-10,UPI,Returned
5352,1092,2026-01-26,UPI,Cancelled
5353,1297,2024-08-24,UPI,Pending
5354,1279,2025-02-16,Debit Card,Delivered
5355,1443,2025-10-13,UPI,Pending
5356,1045,2025-07-08,Debit Card,Returned
5357,1341,2025-06-30,Cash on Delivery,Returned
5358,1220,2026-02-04,UPI,Cancelled
5359,1478,2024-10-17,Debit Card,Returned
5360,1415,2026-10-29,UPI,Pending
5361,1275,2025-07-06,Credit Card,Pending
5362,1061,2025-05-25,Debit Card,Delivered
5363,1075,2025-06-05,Credit Card,Delivered
5364,1292,2026-06-30,Net Banking,Returned
5365,1352,2026-03-26,Debit Card,Returned
5366,1444,2024-12-21,UPI,Pending
5367,1287,2025-06-30,Debit Card,Cancelled
5368,1435,2025-02-11,UPI,Delivered
5369,1160,2026-07-14,UPI,Pending
5370,1322,2024-11-06,Debit Card,Returned
5371,1199,2026-01-31,Debit Card,Cancelled
5372,1493,2026-03-27,Debit Card,Delivered
5373,1440,2024-10-27,Net Banking,Returned
5374,1215,2024-08-30,Debit Card,Cancelled
5375,1403,2024-12-13,UPI,Returned
5376,1341,2025-04-08,Cash on Delivery,Returned
5377,1313,2026-04-27,UPI,Delivered
5378,1430,2025-09-20,UPI,Returned
5379,1124,2026-06-28,Net Banking,Cancelled
5380,1094,2024-11-22,UPI,Pending
5381,1128,2026-06-25,Credit Card,Returned
5382,1367,2025-10-22,Net Banking,Pending
5383,1054,2025-01-10,UPI,Delivered
5384,1486,2025-05-06,Cash on Delivery,Returned
5385,1414,2026-03-07,Debit Card,Returned
5386,1309,2024-11-27,Debit Card,Cancelled
5387,1452,2026-07-14,UPI,Pending
5388,1104,2025-04-29,Debit Card,Cancelled
5389,1237,2025-09-22,Debit Card,Cancelled
5390,1366,2025-08-10,Cash on Delivery,Delivered
5391,1143,2026-02-20,Cash on Delivery,Cancelled
5392,1438,2025-04-23,Net Banking,Pending
5393,1106,2025-05-31,Credit Card,Pending
5394,1119,2025-10-26,Net Banking,Pending
5395,1094,2025-10-01,Credit Card,Pending
5396,1098,2026-03-28,Credit Card,Delivered
5397,1421,2024-11-02,Net Banking,Returned
5398,1466,2025-08-15,Debit Card,Pending
5399,1412,2025-03-03,Net Banking,Cancelled
5400,1498,2024-11-29,Cash on Delivery,Delivered
5401,1404,2026-04-18,Debit Card,Returned
5402,1140,2026-04-20,Debit Card,Returned
5403,1378,2025-01-11,Net Banking,Cancelled
5404,1198,2026-07-30,Credit Card,Returned
5405,1137,2024-10-19,UPI,Delivered
5406,1012,2024-11-17,Debit Card,Returned
5407,1334,2025-09-24,Net Banking,Delivered
5408,1187,2024-07-31,UPI,Cancelled
5409,1026,2024-12-13,UPI,Returned
5410,1408,2024-08-26,Net Banking,Returned
5411,1491,2025-03-07,UPI,Delivered
5412,1213,2025-05-27,Credit Card,Pending
5413,1236,2024-09-20,Debit Card,Delivered
5414,1110,2025-05-26,UPI,Returned
5415,1252,2025-08-16,UPI,Cancelled
5416,1417,2025-06-06,Net Banking,Pending
5417,1496,2026-04-13,Cash on Delivery,Returned
5418,1261,2024-12-30,Cash on Delivery,Pending
5419,1426,2025-08-06,Debit Card,Delivered
5420,1308,2026-05-16,Cash on Delivery,Cancelled
5421,1473,2026-03-16,Net Banking,Returned
5422,1041,2025-08-10,Debit Card,Returned
5423,1419,2025-05-30,UPI,Delivered
5424,1275,2025-01-30,Debit Card,Returned
5425,1332,2025-06-26,Net Banking,Delivered
5426,1231,2026-02-16,Net Banking,Cancelled
5427,1311,2025-06-09,Credit Card,Returned
5428,1259,2026-07-14,Credit Card,Delivered
5429,1353,2024-10-08,Cash on Delivery,Cancelled
5430,1006,2026-06-23,UPI,Returned
5431,1459,2024-09-03,Net Banking,Cancelled
5432,1108,2024-12-19,UPI,Delivered
5433,1128,2024-09-09,Cash on Delivery,Cancelled
5434,1285,2025-11-23,Cash on Delivery,Returned
5435,1490,2025-05-08,Net Banking,Cancelled
5436,1418,2025-04-12,UPI,Returned
5437,1380,2024-08-17,UPI,Cancelled
5438,1018,2024-09-16,Net Banking,Returned
5439,1455,2026-03-09,Net Banking,Delivered
5440,1243,2025-07-25,Debit Card,Pending
5441,1254,2026-02-22,Debit Card,Delivered
5442,1272,2025-03-18,Cash on Delivery,Delivered
5443,1455,2025-04-29,Cash on Delivery,Pending
5444,1475,2024-12-17,Net Banking,Delivered
5445,1445,2025-05-25,UPI,Returned
5446,1205,2024-09-09,Credit Card,Cancelled
5447,1044,2025-03-08,Cash on Delivery,Delivered
5448,1195,2026-06-06,Cash on Delivery,Cancelled
5449,1296,2026-02-19,UPI,Cancelled
5450,1354,2026-02-21,Cash on Delivery,Returned
5451,1467,2025-05-08,Debit Card,Delivered
5452,1388,2025-03-26,Cash on Delivery,Returned
5453,1228,2025-12-25,Cash on Delivery,Delivered
5454,1276,2025-04-28,UPI,Delivered
5455,1345,2025-06-27,UPI,Cancelled
5456,1019,2025-10-11,Debit Card,Cancelled
5457,1405,2024-12-19,Credit Card,Pending
5458,1366,2025-10-18,Credit Card,Delivered
5459,1188,2025-11-01,Debit Card,Pending
5460,1176,2025-05-19,Cash on Delivery,Cancelled
5461,1380,2024-08-02,Cash on Delivery,Delivered
5462,1348,2024-08-20,UPI,Cancelled
5463,1469,2024-12-27,Cash on Delivery,Returned
5464,1369,2026-05-26,Net Banking,Returned
5465,1362,2026-01-05,Debit Card,Cancelled
5466,1064,2026-01-10,Credit Card,Returned
5467,1043,2025-02-12,Debit Card,Delivered
5468,1439,2024-08-07,Credit Card,Returned
5469,1197,2024-11-03,Debit Card,Cancelled
5470,1465,2025-10-29,Debit Card,Cancelled
5471,1471,2024-09-29,Debit Card,Pending
5472,1023,2026-07-05,UPI,Cancelled
5473,1095,2024-11-07,UPI,Pending
5474,1471,2026-05-02,Debit Card,Pending
5475,1054,2026-06-01,UPI,Returned
5476,1240,2025-03-17,Cash on Delivery,Delivered
5477,1211,2025-05-28,UPI,Returned
5478,1372,2024-11-25,Cash on Delivery,Delivered
5479,1181,2025-06-30,UPI,Delivered
5480,1340,2026-05-21,UPI,Returned
5481,1395,2025-12-10,Net Banking,Returned
5482,1384,2024-10-07,Debit Card,Pending
5483,1125,2026-02-27,Cash on Delivery,Cancelled
5484,1397,2025-11-20,Cash on Delivery,Pending
5485,1176,2024-12-28,Debit Card,Pending
5486,1423,2024-08-17,Credit Card,Returned
5487,1405,2025-09-02,UPI,Returned
5488,1294,2025-07-13,Cash on Delivery,Returned
5489,1217,2026-06-06,Credit Card,Pending
5490,1065,2026-03-12,Net Banking,Delivered
5491,1397,2025-03-25,UPI,Delivered
5492,1253,2024-10-25,Credit Card,Returned
5493,1480,2024-09-17,Debit Card,Pending
5494,1052,2026-04-13,Credit Card,Pending
5495,1391,2026-01-25,Credit Card,Pending
5496,1248,2025-05-22,Cash on Delivery,Returned
5497,1209,2026-05-21,UPI,Pending
5498,1476,2026-02-17,Debit Card,Delivered
5499,1097,2025-07-20,Credit Card,Pending
5500,1424,2025-07-18,Net Banking,Pending
5501,1249,2025-07-24,UPI,Returned
5502,1217,2025-11-27,UPI,Returned
5503,1108,2025-01-29,Debit Card,Delivered
5504,1064,2025-09-02,Cash on Delivery,Returned
5505,1379,2026-07-09,Credit Card,Pending
5506,1240,2025-01-23,Net Banking,Cancelled
5507,1216,2024-08-31,Cash on Delivery,Cancelled
5508,1099,2025-07-29,Debit Card,Returned
5509,1357,2026-03-27,UPI,Returned
5510,1378,2026-07-11,Net Banking,Delivered
5511,1080,2025-04-28,Debit Card,Delivered
5512,1342,2024-10-19,Cash on Delivery,Cancelled
5513,1022,2026-01-08,Debit Card,Delivered
5514,1402,2024-10-08,Net Banking,Cancelled
5515,1089,2025-04-23,Cash on Delivery,Delivered
5516,1399,2025-03-19,Debit Card,Cancelled
5517,1354,2025-04-23,Debit Card,Pending
5518,1150,2025-08-28,Net Banking,Returned
5519,1292,2026-02-11,UPI,Cancelled
5520,1086,2025-01-18,Credit Card,Pending
5521,1408,2025-06-29,UPI,Cancelled
5522,1497,2024-12-27,Net Banking,Cancelled
5523,1089,2025-11-04,Debit Card,Cancelled
5524,1088,2026-05-19,Net Banking,Cancelled
5525,1025,2025-04-02,UPI,Returned
5526,1237,2026-01-17,Net Banking,Cancelled
5527,1367,2025-12-23,Credit Card,Returned
5528,1005,2026-05-28,Credit Card,Returned
5529,1400,2024-12-02,Cash on Delivery,Returned
5530,1244,2024-09-10,UPI,Pending
5531,1266,2026-03-14,Debit Card,Returned
5532,1056,2024-12-02,UPI,Cancelled
5533,1125,2026-04-19,Debit Card,Pending
5534,1413,2025-04-15,Cash on Delivery,Pending
5535,1147,2024-12-04,Cash on Delivery,Returned
5536,1470,2025-12-06,Debit Card,Delivered
5537,1108,2025-04-02,UPI,Delivered
5538,1210,2024-10-13,Net Banking,Delivered
5539,1352,2025-01-26,Debit Card,Returned
5540,1195,2024-10-17,Net Banking,Cancelled
5541,1300,2026-05-19,Cash on Delivery,Cancelled
5542,1295,2024-11-15,UPI,Pending
5543,1194,2026-03-10,Credit Card,Pending
5544,1105,2025-04-14,Credit Card,Delivered
5545,1183,2025-01-04,Credit Card,Cancelled
5546,1339,2024-11-27,Debit Card,Pending
5547,1017,2024-11-20,Cash on Delivery,Delivered
5548,1432,2025-11-22,UPI,Returned
5549,1355,2026-05-01,Cash on Delivery,Returned
5550,1449,2026-03-15,Credit Card,Pending
5551,1247,2026-07-23,Debit Card,Delivered
5552,1099,2025-11-02,Net Banking,Pending
5553,1248,2024-12-19,UPI,Pending
5554,1243,2025-09-17,Cash on Delivery,Pending
5555,1474,2025-09-07,Debit Card,Pending
5556,9999,2024-09-11,Cash on Delivery,Returned
5557,1184,2026-02-06,Debit Card,Cancelled
5558,1332,2024-11-06,Debit Card,Delivered
5559,1157,2024-11-15,UPI,Delivered
5560,1427,2024-08-21,Net Banking,Returned
5561,1361,2024-08-04,Net Banking,Delivered
5562,1001,2025-06-10,Debit Card,Delivered
5563,1224,2024-09-07,Cash on Delivery,Returned
5564,1273,2026-05-12,Cash on Delivery,Delivered
5565,1026,2025-03-30,Cash on Delivery,Delivered
5566,1250,2025-03-21,Cash on Delivery,Cancelled
5567,1427,2025-09-08,Debit Card,Delivered
5568,1272,2026-03-30,Debit Card,Returned
5569,1117,2024-11-13,UPI,Delivered
5570,1131,2026-02-11,Cash on Delivery,Returned
5571,1142,2026-07-16,UPI,Cancelled
5572,1245,2024-09-20,Debit Card,Returned
5573,1279,2026-05-16,Net Banking,Pending
5574,1417,2024-10-13,Credit Card,Cancelled
5575,1190,2025-09-04,UPI,Pending
5576,1401,2024-11-22,Debit Card,Cancelled
5577,1390,2024-10-13,Debit Card,Cancelled
5578,1488,2025-07-15,UPI,Returned
5579,1175,2025-10-03,Credit Card,Returned
5580,1171,2026-04-14,Net Banking,Cancelled
5581,1090,2025-06-25,Net Banking,Delivered
5582,1411,2025-06-10,Net Banking,Cancelled
5583,1390,2025-04-10,Credit Card,Delivered
5584,1113,2025-10-26,UPI,Pending
5585,1475,2024-08-19,Cash on Delivery,Delivered
5586,1080,2025-11-01,Net Banking,Delivered
5587,1395,2024-09-09,Debit Card,Returned
5588,1496,2025-04-11,Debit Card,Delivered
5589,1006,2026-02-24,Debit Card,Pending
5590,1485,2024-09-01,Cash on Delivery,Delivered
5591,1166,2026-06-30,Credit Card,Cancelled
5592,1093,2025-03-25,Net Banking,Pending
5593,1439,2025-02-26,UPI,Delivered
5594,1106,2025-04-30,UPI,Delivered
5595,1139,2024-08-19,Net Banking,Delivered
5596,1234,2025-03-03,Cash on Delivery,Returned
5597,1429,2025-08-04,Cash on Delivery,Cancelled
5598,1374,2026-07-16,Credit Card,Cancelled
5599,1392,2024-08-13,UPI,Pending
5600,1075,2025-09-15,Debit Card,Cancelled
5601,1269,2026-04-19,Credit Card,Returned
5602,1101,2026-01-27,Net Banking,Pending
5603,1310,2026-03-20,Cash on Delivery,Cancelled
5604,1149,2025-02-11,Credit Card,Cancelled
5605,1276,2025-07-29,Credit Card,Delivered
5606,1434,2025-01-09,Net Banking,Delivered
5607,1322,2025-08-21,UPI,Delivered
5608,1471,2025-08-29,Debit Card,Returned
5609,1024,2026-06-19,Debit Card,Pending
5610,1444,2026-03-16,UPI,Returned
5611,1371,2025-01-15,Cash on Delivery,Cancelled
5612,1432,2025-10-11,Credit Card,Cancelled
5613,1172,2025-06-23,UPI,Returned
5614,1345,2024-11-29,Net Banking,Pending
5615,1172,2026-07-20,Cash on Delivery,Delivered
5616,1177,2025-12-29,Net Banking,Cancelled
5617,1146,2024-11-24,UPI,Delivered
5618,1149,2025-01-28,Credit Card,Returned
5619,1153,2025-06-14,Cash on Delivery,Cancelled
5620,1234,2026-05-12,Net Banking,Pending
5621,1417,2025-12-21,Cash on Delivery,Cancelled
5622,1499,2025-10-06,Cash on Delivery,Cancelled
5623,1088,2024-08-01,Net Banking,Delivered
5624,1371,2024-09-05,Debit Card,Pending
5625,1176,2024-08-22,Debit Card,Pending
5626,1306,2024-12-10,Cash on Delivery,Pending
5627,1197,2025-08-11,Credit Card,Delivered
5628,1415,2025-03-05,Cash on Delivery,Delivered
5629,1327,2025-11-01,UPI,Pending
5630,1223,2025-04-27,Net Banking,Cancelled
5631,1225,2026-02-17,UPI,Cancelled
5632,1308,2025-12-17,Cash on Delivery,Pending
5633,1155,2025-05-26,Net Banking,Pending
5634,1495,2025-10-10,UPI,Pending
5635,1171,2025-12-16,Cash on Delivery,Delivered
5636,1056,2025-05-19,Net Banking,Returned
5637,1070,2025-10-15,UPI,Cancelled
5638,1241,2024-11-12,Net Banking,Delivered
5639,1242,2026-03-11,UPI,Cancelled
5640,1268,2026-10-29,UPI,Delivered
5641,1425,2025-02-28,Cash on Delivery,Delivered
5642,1338,2025-11-22,Credit Card,Pending
5643,1200,2026-04-17,Debit Card,Returned
5644,1453,2025-11-28,Credit Card,Cancelled
5645,1255,2025-11-11,UPI,Returned
5646,1079,2025-01-22,Net Banking,Cancelled
5647,1155,2026-03-27,Debit Card,Delivered
5648,1186,2025-02-09,Credit Card,Cancelled
5649,1187,2026-06-24,UPI,Pending
5650,1221,2024-12-25,UPI,Cancelled
5651,1301,2025-01-01,UPI,Pending
5652,1251,2025-05-05,Credit Card,Pending
5653,1296,2026-03-13,Cash on Delivery,Returned
5654,1206,2025-10-15,Cash on Delivery,Pending
5655,1275,2025-02-25,UPI,Returned
5656,1282,2024-08-21,UPI,Cancelled
5657,1436,2024-09-04,Debit Card,Returned
5658,1156,2025-08-15,UPI,Cancelled
5659,1370,2024-08-06,UPI,Cancelled
5660,1294,2024-08-18,Debit Card,Delivered
5661,1374,2026-07-03,Credit Card,Cancelled
5662,1173,2024-10-25,Credit Card,Delivered
5663,1267,2025-03-19,Credit Card,Cancelled
5664,1085,2025-03-11,Net Banking,Cancelled
5665,1139,2024-09-08,Credit Card,Returned
5666,1265,2026-01-08,Credit Card,Delivered
5667,1228,2024-10-20,Debit Card,Delivered
5668,1352,2025-04-12,UPI,Pending
5669,1128,2026-03-21,UPI,Cancelled
5670,1029,2026-03-14,Credit Card,Returned
5671,1448,2025-08-15,Cash on Delivery,Cancelled
5672,1071,2025-10-05,Debit Card,Delivered
5673,1289,2025-03-29,Net Banking,Cancelled
5674,1056,2026-02-28,Credit Card,Pending
5675,1039,2025-10-17,UPI,Cancelled
5676,1326,2025-03-12,Cash on Delivery,Pending
5677,1225,2025-11-30,Net Banking,Pending
5678,1181,2025-10-28,Debit Card,Returned
5679,1073,2026-05-01,Debit Card,Returned
5680,1400,2025-04-25,Cash on Delivery,Delivered
5681,1236,2026-02-10,Debit Card,Delivered
5682,1266,2024-10-03,Cash on Delivery,Pending
5683,1481,2025-07-31,Credit Card,Returned
5684,1376,2025-10-16,Cash on Delivery,Pending
5685,1236,2025-04-28,Credit Card,Cancelled
5686,1037,2024-11-01,UPI,Pending
5687,1397,2026-05-30,Net Banking,Returned
5688,1030,2026-01-31,Debit Card,Pending
5689,1386,2026-01-18,Cash on Delivery,Cancelled
5690,1157,2025-11-26,Net Banking,Pending
5691,1102,2025-01-31,UPI,Returned
5692,1436,2024-12-12,Debit Card,Returned
5693,1249,2025-07-23,Cash on Delivery,Delivered
5694,1428,2024-10-18,Debit Card,Delivered
5695,1050,2026-05-06,Debit Card,Pending
5696,1277,2026-04-21,UPI,Delivered
5697,1121,2024-12-20,Debit Card,Delivered
5698,1353,2025-07-30,Debit Card,Cancelled
5699,1129,2026-04-17,Cash on Delivery,Cancelled
5700,1006,2025-12-19,UPI,Cancelled
5701,1066,2026-04-12,UPI,Cancelled
5702,1390,2026-07-23,Cash on Delivery,Returned
5703,1234,2024-08-30,Credit Card,Returned
5704,1351,2025-05-07,Net Banking,Returned
5705,1409,2025-02-18,Cash on Delivery,Pending
5706,1224,2025-02-07,Credit Card,Delivered
5707,1208,2026-04-21,Credit Card,Cancelled
5708,1139,2024-12-24,Net Banking,Delivered
5709,1183,2025-06-18,Cash on Delivery,Cancelled
5710,1475,2025-11-10,UPI,Delivered
5711,1414,2026-06-05,Net Banking,Returned
5712,1348,2025-09-18,Cash on Delivery,Delivered
5713,1338,2024-12-06,Credit Card,Cancelled
5714,1395,2025-12-09,Credit Card,Pending
5715,1148,2026-05-05,Cash on Delivery,Cancelled
5716,1464,2025-02-07,Debit Card,Pending
5717,1382,2026-01-28,Net Banking,Cancelled
5718,1084,2024-09-18,Credit Card,Delivered
5719,1170,2025-11-01,Credit Card,Pending
5720,1173,2025-10-09,Debit Card,Cancelled
5721,1379,2024-09-24,Net Banking,Delivered
5722,1274,2024-09-21,UPI,Returned
5723,1296,2025-07-03,UPI,Cancelled
5724,1078,2025-10-24,Debit Card,Cancelled
5725,1478,2025-03-30,Cash on Delivery,Delivered
5726,1445,2024-12-24,UPI,Returned
5727,1156,2024-11-28,Credit Card,Returned
5728,1327,2024-11-21,Net Banking,Delivered
5729,1178,2026-03-14,Debit Card,Cancelled
5730,1191,2026-03-31,Cash on Delivery,Delivered
5731,1192,2025-07-09,Cash on Delivery,Returned
5732,1009,2025-08-09,Net Banking,Pending
5733,1281,2026-07-24,Net Banking,Cancelled
5734,1279,2024-12-06,Credit Card,Pending
5735,1275,2026-01-08,Debit Card,Returned
5736,1290,2024-10-17,Debit Card,Pending
5737,1307,2026-01-14,Net Banking,Delivered
5738,1293,2025-03-13,UPI,Delivered
5739,1159,2025-08-21,Debit Card,Cancelled
5740,1266,2024-12-04,Net Banking,Cancelled
5741,1329,2025-04-10,Credit Card,Returned
5742,1129,2026-03-07,UPI,Returned
5743,1127,2024-12-25,UPI,Delivered
5744,1314,2024-09-27,Credit Card,Cancelled
5745,1394,2024-08-30,Cash on Delivery,Delivered
5746,1463,2025-06-18,UPI,Cancelled
5747,1343,2024-10-18,Credit Card,Returned
5748,1373,2025-05-14,Credit Card,Delivered
5749,1265,2025-01-05,Cash on Delivery,Cancelled
5750,1083,2026-05-03,Cash on Delivery,Cancelled
5751,1141,2025-11-08,UPI,Delivered
5752,1259,2025-10-25,Debit Card,Pending
5753,1286,2025-09-07,Debit Card,Cancelled
5754,1118,2025-05-03,Credit Card,Pending
5755,1005,2026-02-11,Credit Card,Cancelled
5756,1163,2025-08-21,UPI,Delivered
5757,1039,2024-10-25,UPI,Returned
5758,1002,2026-05-23,Cash on Delivery,Returned
5759,1010,2024-12-18,UPI,Delivered
5760,1103,2026-03-18,Net Banking,Cancelled
5761,1064,2024-12-11,Debit Card,Cancelled
5762,1068,2025-06-12,Net Banking,Cancelled
5763,1189,2024-09-28,Debit Card,Pending
5764,1028,2024-12-12,Cash on Delivery,Cancelled
5765,1036,2025-12-23,Credit Card,Delivered
5766,1201,2026-07-07,Net Banking,Returned
5767,1199,2025-08-17,Net Banking,Returned
5768,1341,2025-10-09,Net Banking,Pending
5769,1319,2026-07-03,Credit Card,Cancelled
5770,1129,2024-10-16,Debit Card,Cancelled
5771,1392,2025-02-22,Credit Card,Delivered
5772,1395,2025-09-09,Cash on Delivery,Delivered
5773,1176,2025-03-30,Credit Card,Delivered
5774,1023,2026-05-05,Credit Card,Cancelled
5775,1095,2025-01-21,UPI,Delivered
5776,1297,2025-05-20,UPI,Cancelled
5777,1165,2024-10-11,UPI,Pending
5778,1324,2026-01-18,Credit Card,Delivered
5779,1475,2025-09-19,UPI,Cancelled
5780,1425,2025-06-20,Cash on Delivery,Delivered
5781,1138,2026-06-15,Net Banking,Pending
5782,1160,2024-10-11,Net Banking,Pending
5783,1023,2025-05-06,Net Banking,Pending
5784,1256,2026-04-10,UPI,Cancelled
5785,1045,2025-02-02,Cash on Delivery,Cancelled
5786,1025,2024-12-09,Cash on Delivery,Returned
5787,1088,2026-02-17,Net Banking,Pending
5788,1366,2026-07-08,Credit Card,Pending
5789,1175,2025-10-27,UPI,Returned
5790,1029,2024-08-22,Cash on Delivery,Pending
5791,1428,2024-09-15,Credit Card,Pending
5792,1332,2026-01-08,Credit Card,Delivered
5793,1443,2025-02-28,Net Banking,Pending
5794,1301,2026-07-04,Cash on Delivery,Cancelled
5795,1037,2025-02-05,Debit Card,Cancelled
5796,1325,2026-06-03,UPI,Pending
5797,1294,2024-12-24,Net Banking,Returned
5798,9999,2025-11-30,Credit Card,Returned
5799,1384,2025-08-15,Debit Card,Returned
5800,1167,2025-08-26,Debit Card,Cancelled
5801,1460,2025-12-02,Debit Card,Delivered
5802,1491,2025-10-18,Cash on Delivery,Cancelled
5803,1168,2025-06-19,Credit Card,Returned
5804,1132,2025-05-10,Credit Card,Cancelled
5805,1178,2025-03-17,Credit Card,Delivered
5806,1364,2025-05-20,Cash on Delivery,Pending
5807,1223,2026-01-01,Cash on Delivery,Delivered
5808,1398,2026-04-19,Credit Card,Pending
5809,1199,2025-03-21,Net Banking,Delivered
5810,9999,2026-01-07,Debit Card,Cancelled
5811,1021,2026-04-01,Cash on Delivery,Pending
5812,1435,2026-07-20,Cash on Delivery,Pending
5813,1190,2024-11-01,Net Banking,Delivered
5814,1375,2025-08-26,UPI,Pending
5815,1432,2026-02-11,UPI,Delivered
5816,1392,2026-04-03,Credit Card,Returned
5817,1156,2026-06-26,Debit Card,Pending
5818,1283,2026-07-02,Credit Card,Returned
5819,1276,2025-12-26,UPI,Delivered
5820,1278,2026-03-14,UPI,Delivered
5821,1422,2025-03-29,Net Banking,Pending
5822,1314,2026-03-27,Cash on Delivery,Delivered
5823,1238,2025-07-14,UPI,Cancelled
5824,1032,2026-01-22,Net Banking,Cancelled
5825,1444,2026-05-14,UPI,Pending
5826,1024,2024-11-27,UPI,Returned
5827,1173,2025-04-24,Credit Card,Pending
5828,1475,2026-03-31,UPI,Returned
5829,1250,2025-05-17,UPI,Returned
5830,1256,2025-05-01,Net Banking,Returned
5831,1111,2024-09-20,UPI,Returned
5832,1379,2025-01-13,Debit Card,Returned
5833,1390,2024-08-13,Net Banking,Delivered
5834,1448,2025-03-19,Debit Card,Delivered
5835,1361,2024-12-30,Cash on Delivery,Delivered
5836,1451,2025-06-23,Credit Card,Delivered
5837,1155,2025-08-14,Credit Card,Delivered
5838,1054,2025-10-07,Cash on Delivery,Pending
5839,1391,2025-03-30,Cash on Delivery,Cancelled
5840,1415,2025-09-21,Debit Card,Cancelled
5841,1227,2026-07-23,Net Banking,Cancelled
5842,1103,2024-10-26,Credit Card,Delivered
5843,1244,2025-06-18,Debit Card,Cancelled
5844,1110,2024-12-18,Cash on Delivery,Cancelled
5845,1187,2025-09-18,Credit Card,Returned
5846,1124,2026-03-14,Credit Card,Cancelled
5847,1440,2024-08-20,Cash on Delivery,Cancelled
5848,1071,2025-01-06,Debit Card,Delivered
5849,1304,2025-03-28,Credit Card,Delivered
5850,1122,2025-12-19,UPI,Returned
5851,1416,2024-10-10,UPI,Cancelled
5852,1079,2025-09-22,Cash on Delivery,Pending
5853,1205,2026-05-24,Cash on Delivery,Returned
5854,1013,2025-05-01,Cash on Delivery,Cancelled
5855,1337,2025-06-19,UPI,Cancelled
5856,1098,2026-10-29,Debit Card,Cancelled
5857,1007,2025-07-12,UPI,Cancelled
5858,1047,2026-05-12,UPI,Cancelled
5859,1221,2024-09-11,Cash on Delivery,Returned
5860,1403,2024-12-02,Debit Card,Delivered
5861,1416,2026-05-07,Net Banking,Delivered
5862,1053,2026-05-16,Cash on Delivery,Delivered
5863,1167,2025-12-04,Debit Card,Cancelled
5864,1066,2025-07-04,UPI,Returned
5865,1045,2025-02-16,Credit Card,Cancelled
5866,1027,2026-05-11,Cash on Delivery,Delivered
5867,1098,2025-09-03,Net Banking,Pending
5868,1207,2024-10-26,Cash on Delivery,Cancelled
5869,1123,2025-11-25,Net Banking,Pending
5870,1279,2026-03-11,UPI,Pending
5871,1362,2025-08-20,Cash on Delivery,Delivered
5872,1137,2024-10-14,Debit Card,Returned
5873,1310,2025-10-15,Debit Card,Returned
5874,1190,2025-06-24,UPI,Cancelled
5875,1029,2025-03-29,Net Banking,Cancelled
5876,1042,2025-07-22,Net Banking,Cancelled
5877,1106,2025-07-28,Credit Card,Returned
5878,1133,2025-09-05,Credit Card,Cancelled
5879,1183,2025-12-02,Credit Card,Cancelled
5880,1235,2025-07-21,Credit Card,Returned
5881,1077,2025-11-21,Cash on Delivery,Cancelled
5882,1062,2026-05-04,UPI,Returned
5883,1176,2025-07-06,Debit Card,Pending
5884,1312,2026-01-12,Net Banking,Delivered
5885,1338,2025-12-18,Credit Card,Delivered
5886,1081,2024-12-27,Cash on Delivery,Returned
5887,1284,2025-09-13,Credit Card,Cancelled
5888,1089,2024-12-24,Debit Card,Pending
5889,1076,2025-01-30,UPI,Cancelled
5890,1035,2026-04-14,Debit Card,Cancelled
5891,1103,2025-01-01,Cash on Delivery,Cancelled
5892,1109,2024-08-21,Credit Card,Returned
5893,1301,2026-04-21,Debit Card,Pending
5894,1408,2025-02-16,Net Banking,Delivered
5895,1041,2025-10-04,Net Banking,Cancelled
5896,1385,2024-11-07,Net Banking,Pending
5897,1380,2025-06-08,Net Banking,Pending
5898,1209,2026-05-05,Cash on Delivery,Returned
5899,1078,2025-02-09,Cash on Delivery,Delivered
5900,1011,2025-03-23,Credit Card,Delivered
5901,1391,2025-02-23,Debit Card,Cancelled
5902,1083,2025-05-11,Net Banking,Returned
5903,1292,2025-12-29,Debit Card,Delivered
5904,1173,2024-12-29,Net Banking,Cancelled
5905,1050,2024-08-25,UPI,Returned
5906,1264,2025-02-02,Credit Card,Cancelled
5907,1272,2024-08-22,Credit Card,Pending
5908,1315,2026-02-12,Net Banking,Returned
5909,1280,2026-01-22,Net Banking,Returned
5910,1091,2025-12-26,Debit Card,Pending
5911,1201,2026-06-04,Debit Card,Pending
5912,1419,2025-02-02,Cash on Delivery,Delivered
5913,1430,2026-07-13,Debit Card,Returned
5914,1384,2026-04-22,Debit Card,Pending
5915,1277,2026-04-26,UPI,Pending
5916,1490,2025-11-10,Cash on Delivery,Pending
5917,1217,2026-07-06,Debit Card,Cancelled
5918,1331,2025-12-08,Debit Card,Pending
5919,1481,2025-12-13,Debit Card,Cancelled
5920,1210,2026-06-04,Debit Card,Pending
5921,1061,2026-06-12,Cash on Delivery,Delivered
5922,1341,2024-12-27,Debit Card,Returned
5923,1320,2026-02-21,Cash on Delivery,Cancelled
5924,1463,2024-10-23,Debit Card,Delivered
5925,1260,2025-09-24,Cash on Delivery,Cancelled
5926,1303,2026-05-12,UPI,Pending
5927,1297,2025-02-18,UPI,Pending
5928,1369,2024-08-20,UPI,Pending
5929,1410,2025-02-19,UPI,Cancelled
5930,1235,2024-10-31,Debit Card,Cancelled
5931,1081,2025-08-29,Cash on Delivery,Returned
5932,1148,2024-12-17,Cash on Delivery,Cancelled
5933,1396,2025-07-14,Cash on Delivery,Pending
5934,1261,2026-07-27,Cash on Delivery,Returned
5935,1223,2026-02-22,UPI,Pending
5936,1425,2026-02-04,Net Banking,Pending
5937,1406,2024-08-25,Cash on Delivery,Delivered
5938,1302,2026-03-06,Cash on Delivery,Delivered
5939,1386,2025-02-04,Debit Card,Delivered
5940,1206,2025-04-26,Debit Card,Pending
5941,1128,2025-01-25,UPI,Delivered
5942,1388,2024-08-08,Debit Card,Cancelled
5943,1398,2025-04-02,Cash on Delivery,Pending
5944,1417,2024-11-02,Net Banking,Cancelled
5945,1356,2026-04-17,UPI,Delivered
5946,1224,2025-08-17,UPI,Cancelled
5947,1010,2025-05-20,Debit Card,Pending
5948,1288,2025-08-19,Net Banking,Returned
5949,1440,2025-03-23,UPI,Delivered
5950,1354,2025-07-15,Debit Card,Returned
5951,1102,2026-02-20,Net Banking,Cancelled
5952,1195,2024-09-17,Credit Card,Delivered
5953,1327,2026-04-12,Credit Card,Pending
5954,1463,2026-01-04,Debit Card,Pending
5955,1145,2025-12-31,UPI,Cancelled
5956,1362,2025-08-01,Credit Card,Cancelled
5957,1413,2026-07-24,Net Banking,Cancelled
5958,1303,2025-04-23,Debit Card,Pending
5959,1441,2025-01-20,Credit Card,Returned
5960,1330,2024-09-26,Cash on Delivery,Delivered
5961,1475,2025-01-09,Credit Card,Pending
5962,1418,2025-05-24,Cash on Delivery,Returned
5963,1071,2025-04-05,Cash on Delivery,Pending
5964,1444,2024-10-23,Credit Card,Cancelled
5965,1147,2025-09-19,Debit Card,Cancelled
5966,1040,2025-01-21,Debit Card,Cancelled
5967,1114,2026-04-07,Credit Card,Cancelled
5968,1490,2025-11-11,Debit Card,Pending
5969,1493,2025-07-10,UPI,Pending
5970,1457,2025-01-24,UPI,Returned
5971,1254,2026-02-18,Cash on Delivery,Returned
5972,1454,2024-12-24,Credit Card,Pending
5973,1176,2026-01-07,Debit Card,Returned
5974,1178,2025-11-15,UPI,Pending
5975,1392,2026-05-09,Cash on Delivery,Pending
5976,1204,2026-02-10,Credit Card,Pending
5977,1294,2024-12-21,Cash on Delivery,Cancelled
5978,1267,2025-11-20,Cash on Delivery,Delivered
5979,1201,2024-10-07,Cash on Delivery,Pending
5980,1228,2024-11-19,UPI,Returned
5981,1341,2024-11-28,Credit Card,Returned
5982,1441,2025-08-15,Cash on Delivery,Pending
5983,1087,2024-10-01,UPI,Pending
5984,1115,2025-08-02,Net Banking,Pending
5985,1060,2025-08-23,UPI,Pending
5986,1065,2024-08-13,Net Banking,Pending
5987,1001,2026-02-05,Credit Card,Cancelled
5988,1006,2026-05-29,Credit Card,Delivered
5989,1048,2026-04-08,Debit Card,Returned
5990,1092,2024-08-26,Cash on Delivery,Pending
5991,9999,2025-02-22,Credit Card,Pending
5992,1399,2025-12-29,Debit Card,Delivered
5993,1387,2026-05-10,Net Banking,Pending
5994,1058,2025-07-08,Credit Card,Returned
5995,1341,2025-07-12,Credit Card,Delivered
5996,1126,2025-05-09,Net Banking,Cancelled
5997,1449,2025-01-30,Credit Card,Delivered
5998,1019,2024-08-02,Net Banking,Cancelled
5999,1267,2024-11-01,Net Banking,Cancelled
6000,1412,2026-07-23,Debit Card,Delivered
6001,1428,2025-10-08,UPI,Delivered
6002,1056,2026-05-08,UPI,Delivered
6003,1417,2025-11-01,Net Banking,Cancelled
6004,1476,2025-06-10,Credit Card,Delivered
6005,1433,2025-11-28,Debit Card,Pending
6006,1199,2025-10-28,Credit Card,Returned
6007,1313,2026-04-02,Net Banking,Cancelled
6008,1407,2026-03-13,UPI,Cancelled
6009,1375,2026-03-08,Debit Card,Returned
6010,1156,2025-09-07,Cash on Delivery,Cancelled
6011,1136,2024-11-28,Net Banking,Cancelled
6012,1416,2026-02-09,Debit Card,Returned
6013,1256,2025-07-20,Debit Card,Cancelled
6014,1300,2025-12-19,Credit Card,Pending
6015,1290,2024-11-28,Cash on Delivery,Pending
6016,1229,2026-02-16,UPI,Cancelled
6017,1072,2026-03-09,Debit Card,Delivered
6018,1089,2026-02-07,Cash on Delivery,Pending
6019,1176,2024-12-18,Net Banking,Cancelled
6020,1466,2024-09-18,Debit Card,Pending
6021,1274,2024-12-10,UPI,Pending
6022,1196,2026-06-18,Net Banking,Pending
6023,1271,2025-08-21,Credit Card,Delivered
6024,1213,2026-04-01,Debit Card,Returned
6025,1273,2026-06-04,Credit Card,Delivered
6026,1153,2025-11-13,UPI,Returned
6027,1395,2024-12-13,Credit Card,Returned
6028,1282,2025-06-25,Debit Card,Pending
6029,1355,2025-06-19,Cash on Delivery,Pending
6030,1278,2026-07-18,Debit Card,Cancelled
6031,1022,2025-11-07,Net Banking,Cancelled
6032,1182,2026-04-13,UPI,Pending
6033,1453,2025-07-10,Cash on Delivery,Delivered
6034,1325,2025-03-24,UPI,Cancelled
6035,1309,2025-01-08,Debit Card,Returned
6036,1370,2024-08-17,UPI,Cancelled
6037,1125,2025-07-16,Net Banking,Delivered
6038,1490,2025-06-20,Cash on Delivery,Delivered
6039,1094,2026-06-19,UPI,Returned
6040,1305,2024-10-13,Cash on Delivery,Delivered
6041,1257,2025-01-09,Debit Card,Cancelled
6042,1115,2025-06-03,Debit Card,Pending
6043,1339,2025-07-28,Credit Card,Cancelled
6044,1299,2025-02-20,Debit Card,Pending
6045,1381,2024-10-10,Credit Card,Returned
6046,1206,2026-01-10,Net Banking,Returned
6047,1142,2025-09-15,UPI,Cancelled
6048,1069,2025-08-02,Credit Card,Returned
6049,1043,2026-06-21,Net Banking,Delivered
6050,1349,2025-09-19,UPI,Returned
6051,1088,2025-05-23,Cash on Delivery,Pending
6052,1115,2025-10-03,Debit Card,Returned
6053,1247,2026-02-08,Cash on Delivery,Returned
6054,1197,2025-02-07,Net Banking,Returned
6055,1070,2024-09-15,Cash on Delivery,Cancelled
6056,1322,2025-05-02,Debit Card,Returned
6057,1125,2024-10-26,UPI,Delivered
6058,1137,2025-09-28,Credit Card,Pending
6059,1109,2024-12-09,Credit Card,Pending
6060,1229,2025-02-05,UPI,Pending
6061,1103,2026-02-04,Credit Card,Returned
6062,1245,2026-03-27,Net Banking,Delivered
6063,1303,2026-06-01,Net Banking,Delivered
6064,1306,2025-12-07,Credit Card,Delivered
6065,1215,2025-05-02,Cash on Delivery,Delivered
6066,1255,2025-05-08,UPI,Returned
6067,1045,2024-08-06,UPI,Delivered
6068,1359,2026-01-27,UPI,Delivered
6069,1067,2025-05-18,Debit Card,Delivered
6070,1316,2025-11-09,Credit Card,Cancelled
6071,1087,2025-04-12,Credit Card,Delivered
6072,1409,2026-03-15,Cash on Delivery,Delivered
6073,1102,2025-12-28,Net Banking,Pending
6074,1157,2025-04-10,UPI,Cancelled
6075,1097,2025-07-31,Credit Card,Cancelled
6076,1095,2025-09-01,Cash on Delivery,Delivered
6077,1052,2025-06-08,Net Banking,Pending
6078,1400,2025-11-21,Debit Card,Returned
6079,1248,2026-07-14,Debit Card,Pending
6080,1131,2025-11-16,Credit Card,Cancelled
6081,1262,2025-03-13,Cash on Delivery,Delivered
6082,1392,2025-05-07,Credit Card,Pending
6083,1095,2025-06-13,Cash on Delivery,Pending
6084,1493,2025-10-20,UPI,Pending
6085,1381,2026-05-14,Credit Card,Returned
6086,1242,2026-03-25,Credit Card,Delivered
6087,1350,2026-07-20,Cash on Delivery,Cancelled
6088,1385,2025-01-12,Credit Card,Pending
6089,1389,2026-07-23,Debit Card,Pending
6090,1041,2026-03-25,UPI,Pending
6091,1118,2026-07-23,UPI,Delivered
6092,1428,2025-02-04,Net Banking,Cancelled
6093,1180,2025-05-07,UPI,Returned
6094,1279,2025-07-20,UPI,Cancelled
6095,1193,2025-12-07,Cash on Delivery,Returned
6096,1033,2025-11-06,Credit Card,Cancelled
6097,1051,2026-01-29,Debit Card,Delivered
6098,1392,2026-07-14,Cash on Delivery,Pending
6099,1193,2025-04-28,Cash on Delivery,Returned
6100,1381,2026-07-05,Net Banking,Cancelled
6101,1432,2025-11-08,Debit Card,Pending
6102,1328,2024-11-17,Cash on Delivery,Cancelled
6103,1325,2025-12-18,UPI,Cancelled
6104,1312,2025-09-09,Debit Card,Pending
6105,1233,2025-06-22,Credit Card,Cancelled
6106,1107,2025-04-15,Net Banking,Returned
6107,1250,2025-08-20,Cash on Delivery,Delivered
6108,1358,2024-08-10,Debit Card,Cancelled
6109,1257,2026-01-05,UPI,Returned
6110,1023,2025-03-25,Credit Card,Delivered
6111,1392,2026-03-15,Credit Card,Returned
6112,1273,2025-02-27,Credit Card,Cancelled
6113,1383,2025-11-22,Debit Card,Cancelled
6114,1053,2024-10-31,Credit Card,Pending
6115,1213,2024-11-12,Net Banking,Pending
6116,1062,2025-01-19,Net Banking,Pending
6117,1246,2026-06-30,Debit Card,Returned
6118,1155,2026-04-28,Net Banking,Pending
6119,1122,2024-12-19,UPI,Returned
6120,1255,2025-08-12,Cash on Delivery,Cancelled
6121,1360,2025-06-28,Credit Card,Cancelled
6122,1483,2025-07-11,Credit Card,Pending
6123,1085,2025-06-01,Credit Card,Returned
6124,1072,2026-06-10,Debit Card,Returned
6125,1092,2025-05-16,Net Banking,Returned
6126,1145,2026-03-15,UPI,Pending
6127,1376,2025-04-01,UPI,Pending
6128,1250,2025-01-24,Credit Card,Returned
6129,1442,2026-03-05,Cash on Delivery,Delivered
6130,1012,2026-06-27,Net Banking,Delivered
6131,1197,2025-12-29,UPI,Pending
6132,1258,2026-04-25,Cash on Delivery,Delivered
6133,1129,2024-08-23,Credit Card,Cancelled
6134,1461,2025-08-24,Debit Card,Cancelled
6135,1054,2026-05-19,UPI,Delivered
6136,1186,2024-08-01,Net Banking,Delivered
6137,1222,2026-02-24,Debit Card,Pending
6138,1142,2026-06-10,Debit Card,Cancelled
6139,1342,2026-04-11,Credit Card,Returned
6140,1376,2026-02-08,Credit Card,Cancelled
6141,1159,2024-09-01,UPI,Cancelled
6142,1316,2024-11-23,UPI,Delivered
6143,1473,2024-12-26,Cash on Delivery,Returned
6144,1485,2025-03-18,Cash on Delivery,Cancelled
6145,1470,2025-12-29,Debit Card,Delivered
6146,1463,2024-12-15,UPI,Delivered
6147,1448,2025-11-17,Net Banking,Returned
6148,1011,2024-09-27,Debit Card,Cancelled
6149,1167,2025-09-07,Cash on Delivery,Cancelled
6150,1268,2026-01-17,Cash on Delivery,Returned
6151,1115,2024-08-06,UPI,Cancelled
6152,1324,2024-12-11,Cash on Delivery,Pending
6153,1242,2025-11-01,Debit Card,Cancelled
6154,1467,2024-08-13,Debit Card,Pending
6155,1340,2026-02-17,Debit Card,Returned
6156,1271,2024-08-22,Net Banking,Returned
6157,1204,2025-03-21,Credit Card,Cancelled
6158,1475,2025-10-06,UPI,Returned
6159,1325,2026-01-03,Credit Card,Returned
6160,1439,2024-12-14,Credit Card,Cancelled
6161,1315,2026-03-30,Credit Card,Returned
6162,1217,2024-08-04,Debit Card,Delivered
6163,1188,2024-09-14,UPI,Cancelled
6164,1189,2026-03-12,Cash on Delivery,Pending
6165,1070,2025-12-08,Cash on Delivery,Delivered
6166,1169,2025-06-05,Net Banking,Pending
6167,1116,2026-01-09,UPI,Delivered
6168,1104,2024-08-19,Cash on Delivery,Returned
6169,1099,2025-04-03,Net Banking,Cancelled
6170,1411,2025-08-09,Credit Card,Pending
6171,1353,2024-10-09,UPI,Cancelled
6172,1403,2025-01-14,Debit Card,Returned
6173,1426,2024-09-07,UPI,Returned
6174,1271,2025-07-30,Debit Card,Returned
6175,1065,2026-04-02,Debit Card,Cancelled
6176,1258,2025-01-12,Cash on Delivery,Returned
6177,1185,2025-08-02,Credit Card,Cancelled
6178,1448,2024-12-31,UPI,Delivered
6179,1163,2024-11-12,Credit Card,Delivered
6180,1074,2025-01-27,Debit Card,Returned
6181,1018,2025-05-11,Net Banking,Delivered
6182,1036,2025-12-09,UPI,Cancelled
6183,1176,2026-04-18,Cash on Delivery,Cancelled
6184,1102,2025-01-06,Debit Card,Pending
6185,1242,2025-03-20,Credit Card,Delivered
6186,1332,2024-07-30,Net Banking,Cancelled
6187,1300,2025-10-15,Credit Card,Pending
6188,1450,2025-04-15,Credit Card,Pending
6189,1462,2024-11-15,Debit Card,Pending
6190,1255,2024-11-08,Cash on Delivery,Returned
6191,1396,2026-07-02,Cash on Delivery,Pending
6192,1472,2025-08-25,Cash on Delivery,Returned
6193,1221,2025-12-21,Cash on Delivery,Cancelled
6194,1017,2024-11-30,Debit Card,Pending
6195,1466,2025-05-25,Cash on Delivery,Returned
6196,1293,2025-01-06,Debit Card,Cancelled
6197,1143,2025-04-12,Net Banking,Pending
6198,1062,2025-08-10,Debit Card,Pending
6199,1483,2024-09-05,UPI,Delivered
6200,1429,2024-08-29,Credit Card,Cancelled
6201,1051,2025-08-21,Debit Card,Pending
6202,1268,2025-01-06,Debit Card,Pending
6203,1130,2025-01-05,UPI,Cancelled
6204,1301,2025-01-16,Debit Card,Cancelled
6205,1087,2024-10-22,Debit Card,Returned
6206,1244,2025-04-30,Debit Card,Returned
6207,1439,2025-03-04,UPI,Delivered
6208,1308,2025-01-04,Net Banking,Pending
6209,1065,2025-08-28,UPI,Delivered
6210,1085,2026-01-14,Credit Card,Pending
6211,1481,2026-06-17,Cash on Delivery,Returned
6212,1173,2025-03-20,Credit Card,Delivered
6213,1366,2024-11-08,Net Banking,Delivered
6214,1305,2024-12-10,Net Banking,Delivered
6215,1308,2026-02-20,Net Banking,Cancelled
6216,1061,2025-12-08,UPI,Cancelled
6217,1056,2025-01-20,Debit Card,Returned
6218,1263,2026-06-09,Credit Card,Pending
6219,1472,2024-12-24,UPI,Returned
6220,1386,2025-08-24,Credit Card,Delivered
6221,1476,2026-03-28,UPI,Delivered
6222,1047,2025-11-03,Net Banking,Delivered
6223,1362,2026-01-16,Debit Card,Pending
6224,1107,2026-02-23,UPI,Delivered
6225,1033,2026-07-25,UPI,Delivered
6226,1321,2025-01-08,UPI,Cancelled
6227,1253,2024-07-30,Cash on Delivery,Pending
6228,1307,2026-02-06,Debit Card,Returned
6229,1370,2024-11-12,Credit Card,Returned
6230,1083,2025-11-22,UPI,Pending
6231,1297,2026-02-12,UPI,Returned
6232,1166,2025-11-26,Net Banking,Cancelled
6233,1299,2025-12-24,Debit Card,Pending
6234,1222,2025-01-09,Cash on Delivery,Delivered
6235,1407,2024-08-08,Cash on Delivery,Pending
6236,1478,2025-05-22,Net Banking,Pending
6237,1335,2025-03-03,UPI,Delivered
6238,1132,2026-06-30,Net Banking,Delivered
6239,1056,2025-06-25,Net Banking,Cancelled
6240,1215,2026-05-26,Net Banking,Returned
6241,1278,2026-07-19,Debit Card,Pending
6242,1271,2025-10-09,Debit Card,Cancelled
6243,1059,2025-07-09,Net Banking,Pending
6244,1034,2024-12-14,Debit Card,Pending
6245,1350,2026-01-18,Credit Card,Returned
6246,1406,2026-03-17,Cash on Delivery,Returned
6247,1260,2025-11-07,Debit Card,Delivered
6248,1447,2024-12-30,UPI,Pending
6249,1128,2026-01-18,Credit Card,Cancelled
6250,1141,2024-11-17,Cash on Delivery,Cancelled
6251,1050,2025-08-21,Net Banking,Delivered
6252,1326,2025-12-13,Credit Card,Pending
6253,1097,2026-07-21,Net Banking,Returned
6254,1057,2026-04-06,Debit Card,Cancelled
6255,1403,2026-06-21,Credit Card,Cancelled
6256,1412,2024-12-23,UPI,Returned
6257,1313,2025-05-02,Credit Card,Cancelled
6258,1416,2025-11-26,Debit Card,Pending
6259,1270,2024-11-07,Cash on Delivery,Returned
6260,1378,2025-11-15,Debit Card,Returned
6261,1492,2025-04-08,Debit Card,Delivered
6262,1182,2024-11-16,Debit Card,Delivered
6263,1294,2025-09-28,Cash on Delivery,Returned
6264,1215,2026-03-25,Cash on Delivery,Delivered
6265,1444,2024-10-26,Debit Card,Cancelled
6266,1246,2026-03-13,Cash on Delivery,Pending
6267,1137,2025-01-15,Credit Card,Returned
6268,1075,2025-11-19,Net Banking,Delivered
6269,1262,2024-10-02,Net Banking,Cancelled
6270,1343,2024-11-26,Debit Card,Cancelled
6271,1158,2026-03-01,UPI,Cancelled
6272,1255,2024-08-30,Credit Card,Delivered
6273,1317,2025-10-09,Debit Card,Delivered
6274,1422,2024-12-19,Net Banking,Cancelled
6275,1261,2025-01-03,Net Banking,Returned
6276,1040,2025-08-17,Cash on Delivery,Pending
6277,1471,2025-06-12,Debit Card,Cancelled
6278,1246,2025-01-08,Debit Card,Returned
6279,1101,2025-04-26,Cash on Delivery,Delivered
6280,1072,2025-07-16,Debit Card,Cancelled
6281,1146,2024-12-31,UPI,Delivered
6282,1335,2025-08-11,UPI,Returned
6283,1163,2025-01-11,Net Banking,Pending
6284,1096,2025-10-06,Debit Card,Pending
6285,1225,2026-07-18,Net Banking,Cancelled
6286,1148,2026-04-25,Net Banking,Returned
6287,1443,2026-04-03,Cash on Delivery,Cancelled
6288,1096,2025-08-29,Cash on Delivery,Delivered
6289,1431,2025-10-22,Cash on Delivery,Delivered
6290,1404,2025-06-10,Debit Card,Pending
6291,1148,2025-02-06,Credit Card,Delivered
6292,1096,2026-07-09,Cash on Delivery,Cancelled
6293,1327,2025-02-16,UPI,Pending
6294,1430,2024-10-07,Cash on Delivery,Returned
6295,1477,2025-04-14,Credit Card,Pending
6296,1421,2026-03-23,Debit Card,Delivered
6297,1053,2025-04-26,Net Banking,Pending
6298,1411,2024-11-21,Cash on Delivery,Returned
6299,1214,2024-09-24,Cash on Delivery,Cancelled
6300,1108,2025-06-15,Cash on Delivery,Cancelled
6301,1233,2025-04-27,UPI,Returned
6302,1197,2025-09-04,Cash on Delivery,Returned
6303,1418,2025-04-11,Debit Card,Returned
6304,1411,2025-11-12,Debit Card,Pending
6305,1400,2026-01-13,UPI,Pending
6306,1086,2025-11-10,Credit Card,Returned
6307,1261,2026-03-06,UPI,Cancelled
6308,1456,2026-02-10,Cash on Delivery,Delivered
6309,1433,2025-04-14,Credit Card,Pending
6310,1087,2026-02-15,Cash on Delivery,Cancelled
6311,1120,2025-02-13,Debit Card,Cancelled
6312,1365,2025-12-02,Net Banking,Returned
6313,1452,2026-01-07,UPI,Delivered
6314,1314,2026-04-29,Debit Card,Pending
6315,1253,2024-10-14,Debit Card,Pending
6316,1171,2024-08-04,Cash on Delivery,Delivered
6317,1238,2025-09-29,Credit Card,Cancelled
6318,1038,2024-08-01,Debit Card,Pending
6319,1030,2025-08-11,Net Banking,Pending
6320,1413,2026-05-27,Net Banking,Delivered
6321,1359,2024-11-28,Debit Card,Delivered
6322,1160,2025-07-04,Cash on Delivery,Returned
6323,1079,2026-06-03,UPI,Pending
6324,1343,2026-02-10,UPI,Returned
6325,1425,2025-04-04,Debit Card,Pending
6326,1345,2025-11-23,Credit Card,Pending
6327,1381,2025-11-18,UPI,Cancelled
6328,1306,2025-01-24,Cash on Delivery,Returned
6329,1347,2025-05-27,Cash on Delivery,Returned
6330,1447,2025-01-03,UPI,Pending
6331,1254,2025-03-14,Cash on Delivery,Pending
6332,1367,2026-03-22,Debit Card,Cancelled
6333,1205,2026-01-09,Cash on Delivery,Cancelled
6334,1220,2025-06-14,Debit Card,Cancelled
6335,1128,2025-07-03,Cash on Delivery,Returned
6336,1469,2026-05-31,Cash on Delivery,Cancelled
6337,1330,2025-08-16,Net Banking,Returned
6338,1476,2025-04-17,Net Banking,Returned
6339,1064,2025-03-17,Cash on Delivery,Delivered
6340,1032,2025-06-28,Credit Card,Cancelled
6341,1097,2025-01-01,Debit Card,Returned
6342,1393,2024-12-21,UPI,Pending
6343,1471,2024-11-03,Credit Card,Delivered
6344,1151,2024-12-10,Net Banking,Cancelled
6345,1231,2026-06-21,UPI,Cancelled
6346,1117,2024-11-05,Debit Card,Delivered
6347,1133,2026-01-07,Net Banking,Returned
6348,1291,2024-09-30,Credit Card,Pending
6349,1064,2026-02-13,Credit Card,Returned
6350,1250,2025-03-30,UPI,Cancelled
6351,1004,2025-04-19,Cash on Delivery,Returned
6352,1206,2025-04-29,Cash on Delivery,Pending
6353,1121,2025-03-19,Credit Card,Returned
6354,1333,2026-03-25,Debit Card,Delivered
6355,1070,2025-07-11,Credit Card,Returned
6356,1261,2026-02-01,Net Banking,Returned
6357,1487,2026-03-12,UPI,Returned
6358,1056,2025-03-10,Cash on Delivery,Pending
6359,1141,2026-04-15,Debit Card,Cancelled
6360,1130,2026-04-27,Cash on Delivery,Returned
6361,1021,2025-07-02,Cash on Delivery,Returned
6362,1129,2024-11-27,Net Banking,Returned
6363,1435,2025-03-02,Cash on Delivery,Returned
6364,1243,2025-04-21,UPI,Cancelled
6365,1117,2025-02-09,Credit Card,Pending
6366,1486,2025-05-21,UPI,Cancelled
6367,1421,2025-12-04,UPI,Delivered
6368,1441,2025-02-19,UPI,Delivered
6369,1121,2025-07-31,UPI,Delivered
6370,1099,2025-08-13,Credit Card,Returned
6371,1032,2026-07-14,Cash on Delivery,Pending
6372,1326,2026-06-01,Credit Card,Pending
6373,1454,2024-09-24,UPI,Delivered
6374,1251,2025-02-17,UPI,Returned
6375,1099,2026-03-18,Debit Card,Delivered
6376,1040,2025-01-02,Debit Card,Cancelled
6377,1469,2025-01-23,UPI,Pending
6378,1151,2025-02-18,Debit Card,Cancelled
6379,1192,2025-12-27,Debit Card,Pending
6380,1071,2025-09-20,UPI,Delivered
6381,9999,2026-05-04,Cash on Delivery,Returned
6382,1368,2025-10-13,Credit Card,Cancelled
6383,1043,2025-10-24,UPI,Cancelled
6384,1247,2025-09-20,Net Banking,Returned
6385,1053,2026-03-12,Net Banking,Delivered
6386,1143,2024-12-10,Debit Card,Pending
6387,1346,2025-06-29,Cash on Delivery,Pending
6388,1266,2025-10-28,UPI,Cancelled
6389,1029,2024-12-03,Debit Card,Delivered
6390,1116,2026-07-30,Credit Card,Returned
6391,1189,2024-12-05,Cash on Delivery,Cancelled
6392,1346,2026-03-11,UPI,Pending
6393,1049,2026-04-14,UPI,Cancelled
6394,1375,2024-09-07,Credit Card,Pending
6395,1132,2026-05-09,Debit Card,Pending
6396,1289,2026-04-15,Cash on Delivery,Pending
6397,1278,2026-04-27,Debit Card,Pending
6398,1361,2025-07-06,Net Banking,Cancelled
6399,1122,2026-04-10,UPI,Returned
6400,1162,2025-08-23,Net Banking,Delivered
6401,1169,2025-10-12,Cash on Delivery,Delivered
6402,1480,2024-11-07,Debit Card,Pending
6403,1095,2026-04-03,Cash on Delivery,Cancelled
6404,1063,2025-05-26,Debit Card,Cancelled
6405,1268,2025-12-16,Credit Card,Returned
6406,1353,2025-08-26,Net Banking,Cancelled
6407,1292,2025-12-30,Credit Card,Pending
6408,1283,2025-10-13,UPI,Delivered
6409,1043,2024-10-03,Net Banking,Returned
6410,1344,2025-09-06,UPI,Delivered
6411,1137,2024-09-10,Cash on Delivery,Returned
6412,1231,2025-01-29,Cash on Delivery,Cancelled
6413,1207,2026-06-07,Cash on Delivery,Returned
6414,1247,2025-04-11,Net Banking,Delivered
6415,1201,2025-12-08,Net Banking,Cancelled
6416,1251,2026-01-18,Net Banking,Cancelled
6417,1361,2025-03-12,Debit Card,Pending
6418,1015,2025-04-20,UPI,Returned
6419,1183,2026-02-02,UPI,Delivered
6420,1044,2024-09-02,Credit Card,Cancelled
6421,1088,2024-08-23,Debit Card,Pending
6422,1292,2024-08-07,Cash on Delivery,Delivered
6423,1275,2024-09-26,Net Banking,Delivered
6424,1079,2025-12-04,Net Banking,Delivered
6425,1095,2026-07-16,UPI,Pending
6426,1190,2025-01-31,UPI,Returned
6427,1450,2025-09-26,UPI,Delivered
6428,1221,2025-01-22,UPI,Pending
6429,1399,2025-11-04,Credit Card,Returned
6430,1417,2026-06-29,Credit Card,Returned
6431,1328,2025-06-21,UPI,Pending
6432,1369,2026-03-06,UPI,Returned
6433,1436,2025-11-21,Cash on Delivery,Delivered
6434,1151,2025-03-20,Debit Card,Delivered
6435,1207,2026-04-25,UPI,Returned
6436,1322,2025-03-01,UPI,Returned
6437,1061,2025-05-12,Debit Card,Delivered
6438,1443,2026-02-16,Cash on Delivery,Delivered
6439,1300,2026-03-27,Net Banking,Delivered
6440,1338,2024-11-16,Credit Card,Returned
6441,1455,2026-07-27,UPI,Returned
6442,1479,2024-11-19,UPI,Delivered
6443,1494,2025-04-07,Credit Card,Pending
6444,1055,2024-08-08,Debit Card,Pending
6445,1261,2025-02-04,Debit Card,Cancelled
6446,1136,2024-09-07,Net Banking,Delivered
6447,1385,2025-10-25,Credit Card,Cancelled
6448,1313,2025-03-22,UPI,Returned
6449,1424,2026-03-07,Debit Card,Pending
6450,1368,2025-12-12,UPI,Cancelled
6451,1274,2026-03-30,Net Banking,Cancelled
6452,1018,2024-09-19,UPI,Pending
6453,1450,2026-02-01,Net Banking,Cancelled
6454,1188,2024-08-31,Debit Card,Returned
6455,1175,2026-05-19,Cash on Delivery,Cancelled
6456,1020,2026-04-13,Net Banking,Delivered
6457,1100,2025-08-22,Credit Card,Cancelled
6458,1492,2026-06-11,UPI,Returned
6459,1395,2024-12-08,Net Banking,Pending
6460,1314,2025-10-03,UPI,Delivered
6461,1330,2026-06-18,UPI,Returned
6462,1377,2026-07-25,Debit Card,Delivered
6463,1414,2025-08-17,Cash on Delivery,Returned
6464,1470,2026-03-17,Credit Card,Cancelled
6465,1162,2025-04-16,Cash on Delivery,Returned
6466,1023,2025-12-22,UPI,Delivered
6467,1431,2025-11-04,Net Banking,Returned
6468,1163,2025-04-17,Net Banking,Pending
6469,1018,2026-04-16,Net Banking,Pending
6470,1157,2026-05-31,Credit Card,Delivered
6471,1177,2025-05-18,Net Banking,Cancelled
6472,1352,2025-01-19,Debit Card,Delivered
6473,1047,2025-09-23,Cash on Delivery,Pending
6474,1252,2025-10-25,Cash on Delivery,Pending
6475,1084,2025-11-05,Debit Card,Returned
6476,1064,2024-08-27,UPI,Returned
6477,1043,2024-08-16,Credit Card,Pending
6478,9999,2025-11-19,UPI,Delivered
6479,1423,2026-06-07,Credit Card,Delivered
6480,1356,2025-08-14,UPI,Pending
6481,1258,2024-08-17,Cash on Delivery,Delivered
6482,1258,2026-04-11,UPI,Pending
6483,1341,2024-10-25,Cash on Delivery,Delivered
6484,1102,2026-07-06,Credit Card,Cancelled
6485,1255,2025-01-26,UPI,Cancelled
6486,1446,2025-01-29,Cash on Delivery,Cancelled
6487,1396,2025-10-13,Net Banking,Cancelled
6488,1364,2025-12-28,UPI,Returned
6489,1061,2024-12-04,Credit Card,Cancelled
6490,1052,2025-10-11,Cash on Delivery,Delivered
6491,1024,2025-09-17,Debit Card,Returned
6492,1219,2025-01-16,Credit Card,Returned
6493,1179,2024-09-04,Credit Card,Delivered
6494,1352,2025-08-30,Debit Card,Delivered
6495,1306,2025-03-03,Cash on Delivery,Returned
6496,1482,2025-12-10,Debit Card,Cancelled
6497,1110,2026-04-04,Debit Card,Pending
6498,1403,2024-09-14,UPI,Cancelled
6499,1039,2025-05-19,Credit Card,Pending
6500,1062,2025-01-01,Credit Card,Delivered
6501,1415,2026-02-17,Credit Card,Cancelled
6502,1126,2025-02-14,Credit Card,Pending
6503,1361,2024-12-11,Cash on Delivery,Delivered
6504,1306,2026-02-10,UPI,Cancelled
6505,1127,2025-12-25,Credit Card,Pending
6506,1016,2025-02-02,UPI,Pending
6507,1308,2024-11-15,Credit Card,Cancelled
6508,1027,2026-05-26,UPI,Delivered
6509,1052,2026-05-20,Debit Card,Returned
6510,1022,2024-08-23,Net Banking,Delivered
6511,1284,2026-02-01,Cash on Delivery,Delivered
6512,1111,2026-07-16,Cash on Delivery,Pending
6513,1325,2025-03-28,Net Banking,Pending
6514,1341,2026-03-23,Debit Card,Delivered
6515,1124,2024-12-07,Cash on Delivery,Cancelled
6516,1178,2026-04-29,Credit Card,Cancelled
6517,1494,2026-04-27,Cash on Delivery,Cancelled
6518,1130,2025-02-27,Cash on Delivery,Returned
6519,1063,2025-02-23,Cash on Delivery,Returned
6520,1165,2026-03-26,Cash on Delivery,Cancelled
6521,1493,2024-10-29,Credit Card,Cancelled
6522,1231,2025-09-14,Cash on Delivery,Returned
6523,1116,2024-11-04,Debit Card,Pending
6524,1055,2025-04-21,UPI,Cancelled
6525,1466,2025-10-11,Cash on Delivery,Returned
6526,1422,2026-05-11,Debit Card,Returned
6527,1267,2024-11-05,Cash on Delivery,Cancelled
6528,1098,2025-09-22,Credit Card,Pending
6529,1101,2025-12-02,Debit Card,Returned
6530,1072,2024-08-02,Net Banking,Pending
6531,1171,2024-12-02,Cash on Delivery,Cancelled
6532,1001,2026-05-07,Credit Card,Returned
6533,1252,2025-12-18,UPI,Returned
6534,1486,2025-10-13,Debit Card,Cancelled
6535,1404,2024-10-24,UPI,Returned
6536,1161,2025-04-13,UPI,Returned
6537,1095,2025-04-24,Credit Card,Returned
6538,1357,2026-07-17,Debit Card,Pending
6539,1352,2025-01-10,Debit Card,Pending
6540,1234,2026-07-29,Credit Card,Delivered
6541,1405,2026-05-15,Net Banking,Returned
6542,1067,2024-11-04,Credit Card,Returned
6543,1117,2024-12-04,Credit Card,Pending
6544,1278,2025-07-03,Credit Card,Delivered
6545,1466,2026-05-24,Cash on Delivery,Returned
6546,1164,2025-12-07,Credit Card,Pending
6547,1173,2026-07-27,Cash on Delivery,Pending
6548,1448,2026-05-03,Cash on Delivery,Delivered
6549,1042,2025-07-16,Net Banking,Cancelled
6550,1388,2025-05-03,Cash on Delivery,Returned
6551,1036,2025-08-25,Net Banking,Pending
6552,1371,2026-03-02,Credit Card,Pending
6553,1068,2025-07-01,UPI,Delivered
6554,1318,2025-09-20,UPI,Delivered
6555,1420,2024-10-26,Net Banking,Returned
6556,1373,2025-06-12,Debit Card,Pending
6557,1190,2025-10-13,UPI,Pending
6558,1142,2026-03-11,Debit Card,Delivered
6559,1228,2024-11-19,Credit Card,Cancelled
6560,1058,2024-11-19,Cash on Delivery,Returned
6561,1155,2026-03-13,UPI,Cancelled
6562,1071,2026-01-23,UPI,Cancelled
6563,1489,2024-08-25,UPI,Cancelled
6564,1111,2025-02-24,Net Banking,Returned
6565,1439,2025-05-28,Cash on Delivery,Pending
6566,1135,2026-01-15,Cash on Delivery,Delivered
6567,1133,2025-09-06,Credit Card,Cancelled
6568,1493,2026-01-29,Cash on Delivery,Returned
6569,1379,2024-10-18,Debit Card,Returned
6570,1299,2026-02-01,Cash on Delivery,Returned
6571,1415,2024-12-03,Debit Card,Returned
6572,1268,2025-09-21,Debit Card,Delivered
6573,1286,2025-09-28,Net Banking,Returned
6574,1157,2025-10-17,Credit Card,Delivered
6575,1040,2025-10-13,Credit Card,Delivered
6576,1351,2026-01-05,UPI,Cancelled
6577,1049,2026-05-04,Cash on Delivery,Cancelled
6578,1430,2025-05-15,Credit Card,Returned
6579,1206,2024-10-12,Net Banking,Returned
6580,1497,2025-09-23,Cash on Delivery,Pending
6581,1211,2026-04-21,Net Banking,Cancelled
6582,1487,2024-10-14,UPI,Delivered
6583,1418,2025-07-31,Cash on Delivery,Pending
6584,1177,2025-11-24,Net Banking,Returned
6585,1239,2026-07-06,Debit Card,Delivered
6586,1161,2026-01-20,Net Banking,Pending
6587,1219,2026-06-07,Cash on Delivery,Cancelled
6588,1281,2025-07-08,Cash on Delivery,Pending
6589,1421,2024-09-30,Net Banking,Pending
6590,1322,2025-11-03,Net Banking,Returned
6591,1123,2026-04-18,Cash on Delivery,Returned
6592,1094,2025-10-04,Net Banking,Returned
6593,1366,2025-01-17,UPI,Delivered
6594,1264,2026-03-04,Credit Card,Returned
6595,1105,2026-07-16,UPI,Pending
6596,1354,2025-12-11,Net Banking,Pending
6597,1067,2025-09-11,UPI,Pending
6598,1105,2024-10-05,Debit Card,Delivered
6599,1104,2025-06-29,UPI,Returned
6600,1389,2026-03-06,Credit Card,Cancelled
6601,1261,2026-07-23,Debit Card,Pending
6602,1370,2025-08-12,Debit Card,Returned
6603,1106,2025-08-21,Net Banking,Pending
6604,1255,2024-12-08,Credit Card,Delivered
6605,1244,2025-11-10,Cash on Delivery,Pending
6606,1078,2025-10-09,Credit Card,Cancelled
6607,1441,2025-11-02,Debit Card,Delivered
6608,1379,2025-08-10,Net Banking,Cancelled
6609,1178,2025-09-19,Credit Card,Pending
6610,1106,2025-02-01,Net Banking,Cancelled
6611,1233,2026-05-11,UPI,Returned
6612,1220,2025-07-15,Debit Card,Cancelled
6613,1404,2025-12-07,Cash on Delivery,Delivered
6614,1278,2024-10-10,Cash on Delivery,Pending
6615,1076,2026-05-29,Debit Card,Pending
6616,1485,2025-12-27,UPI,Cancelled
6617,1405,2026-01-11,Net Banking,Pending
6618,1359,2025-05-29,Credit Card,Delivered
6619,1390,2026-06-06,Net Banking,Pending
6620,1454,2026-06-03,Credit Card,Cancelled
6621,1414,2024-10-04,Debit Card,Returned
6622,1033,2024-08-14,UPI,Cancelled
6623,1424,2026-03-30,UPI,Delivered
6624,1377,2025-12-01,Cash on Delivery,Cancelled
6625,1352,2025-11-25,Cash on Delivery,Returned
6626,1078,2025-02-25,UPI,Delivered
6627,1017,2025-12-30,Net Banking,Returned
6628,1213,2026-06-11,UPI,Returned
6629,1079,2024-11-06,UPI,Cancelled
6630,1357,2024-08-21,Debit Card,Returned
6631,1135,2024-12-04,UPI,Pending
6632,1344,2024-08-25,Net Banking,Cancelled
6633,1019,2025-06-23,Debit Card,Pending
6634,1277,2026-02-02,Cash on Delivery,Pending
6635,1365,2024-11-03,Debit Card,Cancelled
6636,1103,2024-11-02,Net Banking,Returned
6637,1114,2025-03-17,Net Banking,Delivered
6638,1385,2025-06-28,Credit Card,Cancelled
6639,1381,2025-10-27,Credit Card,Delivered
6640,1261,2024-09-26,Cash on Delivery,Delivered
6641,1281,2025-07-09,Credit Card,Returned
6642,1082,2025-02-14,Net Banking,Returned
6643,1087,2024-11-03,UPI,Cancelled
6644,1282,2024-08-27,Net Banking,Returned
6645,1160,2026-04-18,Net Banking,Delivered
6646,1077,2026-04-19,Cash on Delivery,Pending
6647,1356,2025-07-07,Debit Card,Cancelled
6648,1461,2025-06-10,UPI,Pending
6649,1473,2025-07-11,Credit Card,Pending
6650,1245,2025-05-16,Credit Card,Delivered
6651,1420,2025-06-21,Net Banking,Returned
6652,1199,2024-12-29,Cash on Delivery,Pending
6653,1090,2025-10-15,Credit Card,Returned
6654,1318,2025-10-03,Debit Card,Pending
6655,1470,2026-07-18,Credit Card,Returned
6656,1312,2026-02-22,Cash on Delivery,Pending
6657,1383,2025-03-23,Cash on Delivery,Pending
6658,1080,2025-08-06,Cash on Delivery,Returned
6659,1083,2026-01-02,Debit Card,Returned
6660,1278,2025-11-03,Debit Card,Delivered
6661,1032,2025-01-18,Debit Card,Cancelled
6662,1457,2025-09-22,Net Banking,Delivered
6663,1133,2026-03-30,Net Banking,Returned
6664,1068,2025-05-03,Debit Card,Cancelled
6665,1492,2025-09-07,Cash on Delivery,Cancelled
6666,1237,2025-09-27,Cash on Delivery,Delivered
6667,1443,2025-01-21,Cash on Delivery,Delivered
6668,1160,2026-02-16,Net Banking,Pending
6669,1215,2025-05-06,UPI,Returned
6670,1113,2025-06-28,UPI,Delivered
6671,1145,2025-11-26,Debit Card,Returned
6672,1429,2025-03-29,Debit Card,Returned
6673,1256,2025-11-21,Net Banking,Pending
6674,1260,2025-02-15,Cash on Delivery,Returned
6675,1159,2025-11-14,UPI,Cancelled
6676,1031,2025-05-28,Cash on Delivery,Pending
6677,1236,2026-06-29,UPI,Delivered
6678,1117,2025-04-01,Debit Card,Delivered
6679,1425,2026-05-05,UPI,Cancelled
6680,1441,2026-01-12,Debit Card,Delivered
6681,1071,2025-12-26,Debit Card,Pending
6682,1263,2025-07-05,Credit Card,Returned
6683,1332,2026-01-18,Credit Card,Delivered
6684,1281,2025-04-21,Debit Card,Delivered
6685,1181,2025-03-20,Cash on Delivery,Returned
6686,1070,2025-11-16,Credit Card,Cancelled
6687,1462,2025-07-23,Debit Card,Delivered
6688,1042,2025-04-27,Debit Card,Pending
6689,1382,2024-10-20,Credit Card,Pending
6690,1421,2025-07-30,Debit Card,Delivered
6691,1251,2026-01-13,UPI,Cancelled
6692,1073,2025-02-05,UPI,Cancelled
6693,1110,2026-07-20,Credit Card,Returned
6694,1489,2025-07-10,UPI,Delivered
6695,1151,2026-02-28,Net Banking,Returned
6696,1449,2024-12-29,Net Banking,Delivered
6697,1468,2025-06-16,Net Banking,Cancelled
6698,1399,2025-01-10,UPI,Delivered
6699,1163,2025-11-12,Cash on Delivery,Cancelled
6700,1238,2025-10-31,Debit Card,Pending
6701,1296,2025-01-24,Credit Card,Delivered
6702,1093,2024-08-17,UPI,Pending
6703,1135,2024-08-30,Net Banking,Returned
6704,1285,2024-11-15,Debit Card,Delivered
6705,1102,2025-11-08,Cash on Delivery,Returned
6706,1055,2025-03-12,UPI,Cancelled
6707,1279,2025-08-31,Net Banking,Returned
6708,1200,2025-08-08,Net Banking,Pending
6709,1346,2024-12-27,Cash on Delivery,Returned
6710,1469,2025-04-27,Credit Card,Cancelled
6711,1379,2025-08-08,Cash on Delivery,Pending
6712,1412,2025-09-01,Net Banking,Pending
6713,1014,2024-12-26,UPI,Returned
6714,1176,2026-03-07,Cash on Delivery,Cancelled
6715,1416,2025-05-10,Cash on Delivery,Delivered
6716,1093,2026-02-09,Cash on Delivery,Delivered
6717,1104,2025-09-29,UPI,Delivered
6718,1250,2024-11-06,Debit Card,Delivered
6719,1002,2024-11-23,Credit Card,Returned
6720,1138,2025-05-19,Debit Card,Delivered
6721,1222,2025-11-15,Credit Card,Returned
6722,1479,2026-02-24,Credit Card,Delivered
6723,1259,2024-12-18,Credit Card,Delivered
6724,1108,2024-12-15,Debit Card,Pending
6725,1045,2026-05-01,Net Banking,Pending
6726,1094,2025-04-14,Cash on Delivery,Cancelled
6727,1137,2025-05-27,Debit Card,Delivered
6728,1079,2026-05-14,Cash on Delivery,Delivered
6729,1411,2026-05-08,Credit Card,Delivered
6730,1348,2024-10-28,Credit Card,Cancelled
6731,1416,2025-05-04,Net Banking,Cancelled
6732,1409,2026-07-02,Cash on Delivery,Delivered
6733,1116,2025-08-18,Debit Card,Returned
6734,1003,2024-11-30,Cash on Delivery,Cancelled
6735,1179,2025-02-04,Net Banking,Delivered
6736,1110,2026-01-10,Net Banking,Cancelled
6737,1358,2026-03-18,UPI,Pending
6738,1470,2026-07-18,Debit Card,Delivered
6739,1369,2026-03-23,Credit Card,Cancelled
6740,1476,2026-07-12,Cash on Delivery,Returned
6741,1237,2024-11-25,Debit Card,Delivered
6742,1280,2025-11-28,Net Banking,Returned
6743,1298,2025-12-22,Net Banking,Delivered
6744,1232,2026-07-10,Net Banking,Delivered
6745,1107,2025-11-21,Debit Card,Delivered
6746,1400,2025-06-25,Credit Card,Cancelled
6747,1023,2026-05-06,UPI,Pending
6748,1112,2024-10-25,Debit Card,Pending
6749,1310,2024-08-25,Credit Card,Delivered
6750,1467,2026-04-20,Debit Card,Pending
6751,1040,2026-06-27,Debit Card,Delivered
6752,1225,2026-04-12,Credit Card,Cancelled
6753,1033,2024-10-16,Net Banking,Cancelled
6754,1078,2025-01-20,Net Banking,Returned
6755,1172,2026-01-19,Net Banking,Returned
6756,1147,2025-09-15,Debit Card,Pending
6757,1248,2025-10-02,Cash on Delivery,Delivered
6758,1043,2024-10-19,UPI,Delivered
6759,1119,2024-11-18,Credit Card,Delivered
6760,1460,2025-01-13,Cash on Delivery,Returned
6761,1135,2024-10-03,Debit Card,Delivered
6762,1312,2026-06-13,Net Banking,Delivered
6763,1198,2024-09-01,Net Banking,Returned
6764,1138,2026-04-15,Net Banking,Cancelled
6765,1274,2026-01-11,Net Banking,Cancelled
6766,1037,2025-11-11,Credit Card,Pending
6767,1402,2024-09-29,UPI,Delivered
6768,1179,2025-03-24,UPI,Pending
6769,1243,2025-10-31,Cash on Delivery,Pending
6770,1274,2026-04-05,Cash on Delivery,Cancelled
6771,1355,2025-08-24,UPI,Delivered
6772,1048,2025-09-23,Debit Card,Cancelled
6773,1062,2024-12-28,Credit Card,Pending
6774,1007,2025-01-22,Net Banking,Returned
6775,1131,2024-11-08,Credit Card,Returned
6776,1300,2025-06-20,Credit Card,Pending
6777,1377,2025-05-13,Cash on Delivery,Pending
6778,1148,2025-03-28,UPI,Cancelled
6779,1111,2025-02-18,Net Banking,Pending
6780,1445,2025-06-02,Net Banking,Returned
6781,1041,2025-12-22,Net Banking,Delivered
6782,1174,2025-10-01,Net Banking,Delivered
6783,1092,2026-05-19,Net Banking,Cancelled
6784,1487,2025-05-17,Credit Card,Returned
6785,1363,2024-10-08,Cash on Delivery,Returned
6786,1102,2025-12-10,Credit Card,Returned
6787,1232,2026-01-11,Cash on Delivery,Returned
6788,1299,2026-01-22,UPI,Cancelled
6789,1177,2026-07-07,Credit Card,Pending
6790,1133,2026-06-21,Net Banking,Returned
6791,1320,2025-09-05,Credit Card,Returned
6792,1491,2025-03-24,Cash on Delivery,Pending
6793,1132,2025-04-30,Credit Card,Cancelled
6794,1130,2026-10-29,Cash on Delivery,Delivered
6795,1335,2026-07-06,Debit Card,Returned
6796,1184,2025-11-01,Cash on Delivery,Returned
6797,1454,2025-05-23,Net Banking,Delivered
6798,1274,2026-07-04,Cash on Delivery,Returned
6799,1172,2025-02-21,Net Banking,Returned
6800,1236,2025-03-27,Credit Card,Delivered
6801,1321,2025-07-30,Cash on Delivery,Pending
6802,1377,2025-09-06,Net Banking,Cancelled
6803,1356,2024-11-13,Debit Card,Delivered
6804,1128,2024-11-12,UPI,Returned
6805,1355,2025-10-21,Credit Card,Delivered
6806,1208,2026-05-01,Cash on Delivery,Returned
6807,1444,2024-11-13,Cash on Delivery,Delivered
6808,1447,2025-03-20,Credit Card,Delivered
6809,1262,2025-12-22,Cash on Delivery,Returned
6810,1019,2024-08-21,Cash on Delivery,Pending
6811,1489,2024-11-26,Debit Card,Cancelled
6812,1158,2025-09-19,Net Banking,Delivered
6813,1053,2025-10-29,Debit Card,Pending
6814,1269,2025-03-08,Debit Card,Cancelled
6815,1068,2025-05-05,Debit Card,Cancelled
6816,1197,2025-01-29,UPI,Delivered
6817,1455,2025-04-13,Debit Card,Delivered
6818,1005,2026-01-22,UPI,Delivered
6819,1470,2026-02-09,Net Banking,Returned
6820,1186,2024-08-08,Debit Card,Returned
6821,1139,2026-01-23,Cash on Delivery,Delivered
6822,1362,2024-10-12,Net Banking,Cancelled
6823,1332,2025-10-12,Cash on Delivery,Delivered
6824,1202,2025-08-07,Net Banking,Delivered
6825,1379,2024-10-08,Net Banking,Pending
6826,1003,2026-03-20,Credit Card,Cancelled
6827,1069,2025-03-28,Debit Card,Delivered
6828,1078,2026-02-19,Credit Card,Delivered
6829,1062,2025-11-27,Credit Card,Pending
6830,1499,2025-05-03,Cash on Delivery,Delivered
6831,1386,2025-11-27,Debit Card,Cancelled
6832,1057,2025-08-25,Net Banking,Cancelled
6833,1026,2025-01-10,UPI,Delivered
6834,1110,2024-10-12,Net Banking,Cancelled
6835,1117,2025-08-26,Cash on Delivery,Returned
6836,1095,2025-11-15,Net Banking,Pending
6837,1380,2026-05-07,UPI,Pending
6838,1369,2025-07-21,Debit Card,Returned
6839,1248,2026-01-05,Debit Card,Delivered
6840,1275,2025-09-16,UPI,Returned
6841,1218,2026-04-05,Credit Card,Delivered
6842,1007,2025-03-15,Net Banking,Returned
6843,1288,2024-09-03,UPI,Pending
6844,1164,2025-04-15,Cash on Delivery,Delivered
6845,1472,2026-02-13,Net Banking,Pending
6846,1167,2024-11-01,UPI,Pending
6847,1461,2024-12-20,Net Banking,Pending
6848,1203,2025-10-19,UPI,Pending
6849,1221,2025-11-10,Credit Card,Returned
6850,1341,2025-10-26,Cash on Delivery,Returned
6851,1127,2026-04-03,Cash on Delivery,Returned
6852,1318,2025-09-22,UPI,Delivered
6853,1086,2025-03-28,Credit Card,Cancelled
6854,1127,2026-06-20,Net Banking,Cancelled
6855,1267,2026-05-06,Debit Card,Pending
6856,1134,2025-05-10,Credit Card,Cancelled
6857,1131,2026-02-08,UPI,Pending
6858,1307,2024-12-18,Net Banking,Returned
6859,1315,2025-12-10,UPI,Returned
6860,1134,2025-02-26,Debit Card,Cancelled
6861,1091,2026-03-30,Cash on Delivery,Returned
6862,1253,2026-02-09,UPI,Pending
6863,1198,2025-12-31,UPI,Returned
6864,1474,2025-02-01,Debit Card,Returned
6865,1107,2024-12-29,UPI,Pending
6866,1221,2025-12-26,UPI,Delivered
6867,1361,2024-11-17,Debit Card,Cancelled
6868,1334,2025-10-03,Net Banking,Pending
6869,1416,2024-10-07,Net Banking,Pending
6870,1474,2024-08-23,Credit Card,Pending
6871,1237,2025-06-11,UPI,Cancelled
6872,1246,2026-02-18,UPI,Cancelled
6873,1126,2025-05-11,UPI,Pending
6874,1196,2025-08-02,Credit Card,Pending
6875,1314,2024-12-04,UPI,Cancelled
6876,1076,2026-02-22,Cash on Delivery,Returned
6877,1175,2025-11-20,UPI,Returned
6878,1197,2026-06-05,UPI,Cancelled
6879,1070,2025-10-15,Net Banking,Delivered
6880,1087,2025-07-30,Debit Card,Returned
6881,1256,2025-04-25,Debit Card,Pending
6882,1109,2024-11-18,Cash on Delivery,Cancelled
6883,1469,2026-04-03,Cash on Delivery,Cancelled
6884,1462,2026-01-27,UPI,Cancelled
6885,1348,2024-10-27,Credit Card,Returned
6886,1167,2025-12-11,Cash on Delivery,Delivered
6887,1482,2025-07-21,Net Banking,Cancelled
6888,1339,2026-01-16,Debit Card,Returned
6889,1174,2024-09-03,Credit Card,Returned
6890,1451,2025-08-12,Credit Card,Delivered
6891,1472,2024-11-08,UPI,Returned
6892,1135,2025-08-20,Debit Card,Pending
6893,1084,2025-07-09,UPI,Cancelled
6894,1228,2026-05-29,Debit Card,Pending
6895,1260,2025-03-16,Cash on Delivery,Pending
6896,1066,2025-05-27,Net Banking,Returned
6897,1475,2024-12-19,Cash on Delivery,Cancelled
6898,1117,2025-11-24,Cash on Delivery,Pending
6899,1284,2024-08-26,UPI,Delivered
6900,1438,2025-07-03,Debit Card,Pending
6901,1255,2025-05-23,Credit Card,Delivered
6902,1420,2025-10-26,Credit Card,Pending
6903,1148,2025-09-16,Credit Card,Delivered
6904,1303,2026-03-09,UPI,Returned
6905,1276,2025-01-20,Cash on Delivery,Delivered
6906,1015,2026-04-25,Credit Card,Returned
6907,1340,2025-09-01,UPI,Cancelled
6908,1373,2024-09-20,Net Banking,Cancelled
6909,1397,2025-03-20,Debit Card,Pending
6910,1049,2024-11-29,Cash on Delivery,Cancelled
6911,1219,2024-12-18,Net Banking,Pending
6912,1129,2025-03-14,Debit Card,Pending
6913,1319,2025-07-19,UPI,Returned
6914,1069,2025-11-17,Credit Card,Cancelled
6915,1395,2026-05-04,Credit Card,Returned
6916,1301,2025-07-31,Cash on Delivery,Cancelled
6917,1361,2025-07-10,Debit Card,Delivered
6918,1297,2026-04-02,Credit Card,Cancelled
6919,1246,2025-05-03,Credit Card,Returned
6920,1291,2024-10-21,UPI,Delivered
6921,1017,2025-01-20,UPI,Pending
6922,1347,2025-02-15,Debit Card,Returned
6923,1223,2024-10-25,Credit Card,Delivered
6924,1068,2025-11-04,Credit Card,Delivered
6925,1341,2024-12-19,Debit Card,Pending
6926,1140,2026-07-01,Cash on Delivery,Returned
6927,1443,2026-04-10,Cash on Delivery,Delivered
6928,1205,2026-06-04,Cash on Delivery,Pending
6929,1051,2024-10-18,Cash on Delivery,Delivered
6930,1439,2026-05-28,Debit Card,Pending
6931,1336,2025-08-03,Net Banking,Delivered
6932,1331,2024-10-30,Cash on Delivery,Delivered
6933,1028,2025-11-16,Credit Card,Cancelled
6934,1125,2025-06-10,Credit Card,Pending
6935,1465,2026-04-11,Cash on Delivery,Pending
6936,1166,2024-08-04,Cash on Delivery,Delivered
6937,1058,2025-01-10,Debit Card,Returned
6938,1017,2025-03-07,UPI,Pending
6939,1455,2025-08-10,Debit Card,Pending
6940,1007,2025-06-09,Credit Card,Delivered
6941,1428,2024-11-22,Cash on Delivery,Returned
6942,1268,2026-02-02,UPI,Returned
6943,1103,2025-12-13,Cash on Delivery,Pending
6944,1232,2025-11-25,Debit Card,Cancelled
6945,1285,2025-07-29,UPI,Delivered
6946,1090,2026-03-26,Net Banking,Cancelled
6947,1181,2026-07-17,Net Banking,Returned
6948,1264,2025-01-04,Cash on Delivery,Pending
6949,1496,2025-10-09,Net Banking,Pending
6950,1360,2026-05-18,Credit Card,Pending
6951,1200,2025-01-29,Credit Card,Pending
6952,1383,2025-09-25,Debit Card,Returned
6953,1318,2025-12-09,Credit Card,Delivered
6954,1151,2025-12-25,Debit Card,Delivered
6955,1150,2025-04-05,Net Banking,Pending
6956,1202,2025-08-27,Net Banking,Cancelled
6957,1217,2025-08-25,Debit Card,Delivered
6958,1007,2024-12-09,UPI,Cancelled
6959,1225,2024-08-06,Net Banking,Returned
6960,1021,2026-01-09,Credit Card,Returned
6961,1042,2025-11-08,Debit Card,Delivered
6962,1412,2025-02-12,Credit Card,Pending
6963,1302,2024-10-29,UPI,Returned
6964,1144,2026-07-03,Cash on Delivery,Pending
6965,1372,2025-04-04,UPI,Cancelled
6966,1024,2026-02-08,Credit Card,Delivered
6967,1005,2025-07-14,UPI,Returned
6968,1454,2025-05-08,Debit Card,Pending
6969,1324,2026-01-20,Credit Card,Pending
6970,1498,2026-06-20,Cash on Delivery,Cancelled
6971,1210,2025-04-25,Debit Card,Delivered
6972,1179,2025-02-19,Net Banking,Returned
6973,1184,2024-10-28,UPI,Returned
6974,1218,2025-11-23,Debit Card,Delivered
6975,1260,2025-11-28,UPI,Returned
6976,1440,2026-07-05,Credit Card,Pending
6977,1241,2026-03-24,UPI,Cancelled
6978,1197,2026-07-23,UPI,Pending
6979,1067,2025-11-08,Cash on Delivery,Cancelled
6980,1154,2025-10-29,Debit Card,Cancelled
6981,1149,2025-11-10,Debit Card,Pending
6982,1407,2026-02-26,UPI,Pending
6983,1212,2025-09-09,Cash on Delivery,Delivered
6984,1181,2025-03-07,UPI,Delivered
6985,1124,2024-10-05,UPI,Cancelled
6986,1069,2024-10-18,Debit Card,Pending
6987,1064,2025-06-26,Cash on Delivery,Delivered
6988,1493,2025-08-01,UPI,Returned
6989,1097,2026-06-25,Cash on Delivery,Cancelled
6990,1354,2025-09-16,Debit Card,Pending
6991,1120,2026-02-01,Credit Card,Pending
6992,1330,2026-04-23,Cash on Delivery,Delivered
6993,1264,2024-09-26,UPI,Pending
6994,1253,2024-11-05,UPI,Returned
6995,1288,2024-09-08,Credit Card,Delivered
6996,1351,2025-06-08,UPI,Delivered
6997,1012,2024-09-05,Credit Card,Delivered
6998,1352,2025-01-01,UPI,Cancelled
6999,1307,2025-10-23,UPI,Returned
7000,9999,2025-01-05,Net Banking,Delivered
7001,1394,2026-04-15,UPI,Cancelled
7002,1297,2026-01-18,Debit Card,Returned
7003,1469,2024-08-26,Net Banking,Delivered
7004,1145,2025-04-28,UPI,Pending
7005,9999,2026-06-03,UPI,Pending
7006,1049,2024-11-24,Net Banking,Pending
7007,1496,2025-09-21,UPI,Delivered
7008,1027,2025-12-14,Net Banking,Returned
7009,1048,2026-02-09,Cash on Delivery,Cancelled
7010,1437,2024-12-25,Debit Card,Cancelled
7011,1419,2025-04-07,UPI,Returned
7012,1265,2024-09-23,Net Banking,Returned
7013,1024,2025-09-10,Credit Card,Returned
7014,1024,2025-11-18,Net Banking,Cancelled
7015,1446,2025-04-17,Cash on Delivery,Pending
7016,1323,2024-08-07,Cash on Delivery,Cancelled
7017,1495,2025-05-22,Cash on Delivery,Pending
7018,1477,2025-06-15,UPI,Cancelled
7019,1395,2026-01-27,UPI,Pending
7020,1182,2026-07-08,Net Banking,Pending
7021,1343,2025-10-04,UPI,Cancelled
7022,1396,2025-03-20,Net Banking,Delivered
7023,1134,2026-05-18,Cash on Delivery,Cancelled
7024,1355,2025-04-21,Cash on Delivery,Pending
7025,1228,2025-01-28,Debit Card,Delivered
7026,1445,2025-02-05,UPI,Cancelled
7027,1481,2024-10-01,Cash on Delivery,Pending
7028,1106,2025-09-04,Credit Card,Delivered
7029,1128,2025-09-26,Credit Card,Returned
7030,1395,2026-02-15,Net Banking,Pending
7031,1406,2026-02-17,Net Banking,Returned
7032,1147,2025-01-18,Net Banking,Cancelled
7033,1332,2026-05-04,Debit Card,Delivered
7034,1309,2025-01-10,Debit Card,Returned
7035,1269,2025-11-18,Net Banking,Pending
7036,1398,2026-07-05,Cash on Delivery,Cancelled
7037,1161,2026-02-07,Credit Card,Pending
7038,1495,2025-09-07,Credit Card,Returned
7039,1039,2026-01-27,Cash on Delivery,Pending
7040,1071,2025-05-11,UPI,Cancelled
7041,1493,2026-07-16,Cash on Delivery,Returned
7042,1462,2025-09-21,Credit Card,Cancelled
7043,1016,2025-06-14,Debit Card,Pending
7044,1403,2025-09-13,Credit Card,Returned
7045,1254,2025-08-02,Debit Card,Delivered
7046,1094,2024-12-14,Cash on Delivery,Cancelled
7047,1252,2024-08-27,UPI,Cancelled
7048,1400,2025-01-15,UPI,Pending
7049,1017,2025-08-26,UPI,Delivered
7050,1155,2025-05-22,Debit Card,Delivered
7051,1202,2025-04-17,Debit Card,Delivered
7052,1269,2025-02-17,UPI,Delivered
7053,1283,2025-12-02,Credit Card,Cancelled
7054,1259,2025-06-14,Debit Card,Cancelled
7055,1259,2025-08-31,UPI,Cancelled
7056,1076,2026-06-04,Cash on Delivery,Delivered
7057,1293,2025-04-27,Credit Card,Returned
7058,1235,2024-11-04,Cash on Delivery,Pending
7059,1067,2025-12-15,UPI,Cancelled
7060,1041,2025-07-21,Net Banking,Delivered
7061,1017,2026-07-06,Debit Card,Cancelled
7062,1166,2026-07-27,Cash on Delivery,Returned
7063,1421,2024-10-08,Net Banking,Returned
7064,1020,2025-09-09,Credit Card,Delivered
7065,1346,2025-07-31,Cash on Delivery,Delivered
7066,1448,2025-09-08,Cash on Delivery,Delivered
7067,1138,2025-04-22,UPI,Pending
7068,1166,2025-08-18,UPI,Delivered
7069,1462,2024-11-27,Credit Card,Cancelled
7070,1055,2025-08-13,Debit Card,Cancelled
7071,1109,2024-12-28,UPI,Cancelled
7072,1437,2026-01-20,UPI,Returned
7073,1393,2026-02-08,Cash on Delivery,Cancelled
7074,1326,2026-02-10,UPI,Cancelled
7075,1140,2025-03-05,Credit Card,Delivered
7076,1250,2025-03-22,Debit Card,Returned
7077,1051,2026-03-29,UPI,Cancelled
7078,1442,2024-08-30,Net Banking,Cancelled
7079,1096,2026-05-23,Debit Card,Delivered
7080,1168,2025-02-22,Net Banking,Pending
7081,1423,2025-05-17,Cash on Delivery,Cancelled
7082,1025,2026-04-01,Net Banking,Pending
7083,1492,2025-06-11,Net Banking,Cancelled
7084,1337,2026-07-15,Cash on Delivery,Delivered
7085,1334,2025-04-29,Net Banking,Pending
7086,1434,2026-02-18,Credit Card,Delivered
7087,1007,2024-09-09,Net Banking,Cancelled
7088,1085,2025-09-02,Debit Card,Cancelled
7089,1278,2024-10-10,Cash on Delivery,Pending
7090,1443,2026-06-03,Credit Card,Returned
7091,1494,2024-12-26,Debit Card,Cancelled
7092,1160,2026-03-20,Cash on Delivery,Pending
7093,1149,2024-09-28,Debit Card,Pending
7094,1338,2025-08-30,Net Banking,Delivered
7095,1238,2026-10-29,Net Banking,Delivered
7096,1254,2026-02-05,Net Banking,Returned
7097,1023,2026-02-21,Net Banking,Cancelled
7098,1108,2024-10-26,Net Banking,Cancelled
7099,1144,2025-01-03,Credit Card,Pending
7100,1334,2025-08-20,Cash on Delivery,Cancelled
7101,1172,2025-07-27,Net Banking,Cancelled
7102,1451,2026-07-28,Net Banking,Delivered
7103,1107,2025-04-13,Debit Card,Cancelled
7104,1213,2025-01-21,UPI,Cancelled
7105,1213,2026-04-27,Cash on Delivery,Delivered
7106,1316,2024-09-04,UPI,Cancelled
7107,1065,2025-03-19,UPI,Delivered
7108,1376,2024-11-26,Debit Card,Cancelled
7109,1366,2024-11-17,Debit Card,Pending
7110,1274,2026-07-12,UPI,Returned
7111,1090,2024-09-28,Credit Card,Cancelled
7112,1219,2026-10-29,UPI,Returned
7113,1082,2025-08-21,Credit Card,Returned
7114,1290,2024-08-04,Cash on Delivery,Cancelled
7115,1457,2025-03-25,Debit Card,Delivered
7116,1046,2024-10-12,Net Banking,Cancelled
7117,1305,2024-12-22,Net Banking,Cancelled
7118,1355,2025-10-29,Net Banking,Returned
7119,1345,2025-12-02,Debit Card,Delivered
7120,1047,2026-04-11,Credit Card,Cancelled
7121,1131,2025-10-30,Net Banking,Delivered
7122,1375,2026-03-08,Net Banking,Cancelled
7123,1288,2025-01-14,Debit Card,Returned
7124,1328,2026-04-06,Cash on Delivery,Cancelled
7125,1066,2026-02-09,UPI,Returned
7126,1324,2026-07-04,Cash on Delivery,Pending
7127,1175,2025-07-03,Debit Card,Delivered
7128,1027,2026-06-21,Debit Card,Delivered
7129,1004,2026-02-07,Credit Card,Pending
7130,1230,2026-03-09,Net Banking,Pending
7131,1386,2024-08-19,Debit Card,Delivered
7132,1129,2025-10-13,Cash on Delivery,Delivered
7133,1031,2026-02-13,UPI,Delivered
7134,1129,2025-02-23,Credit Card,Delivered
7135,1213,2025-04-29,UPI,Cancelled
7136,1370,2024-12-16,Cash on Delivery,Pending
7137,1200,2025-09-26,Net Banking,Returned
7138,1335,2025-12-10,Net Banking,Cancelled
7139,1355,2024-08-16,Cash on Delivery,Pending
7140,1418,2025-06-09,Debit Card,Delivered
7141,1223,2025-12-14,Cash on Delivery,Delivered
7142,1002,2024-08-08,UPI,Returned
7143,1330,2026-01-03,Debit Card,Cancelled
7144,1011,2026-03-22,Debit Card,Returned
7145,1149,2025-02-02,UPI,Cancelled
7146,1486,2026-06-20,UPI,Returned
7147,1225,2025-09-02,UPI,Cancelled
7148,1127,2026-03-19,Credit Card,Pending
7149,1389,2026-04-05,Net Banking,Delivered
7150,1198,2026-04-25,Net Banking,Cancelled
7151,1246,2025-03-02,Credit Card,Pending
7152,1488,2025-07-12,Credit Card,Cancelled
7153,1374,2025-09-18,UPI,Pending
7154,1040,2025-09-14,UPI,Pending
7155,1275,2025-08-28,Net Banking,Delivered
7156,1310,2025-06-22,Debit Card,Delivered
7157,1200,2025-08-18,Credit Card,Returned
7158,1140,2025-06-16,Debit Card,Cancelled
7159,1239,2025-07-07,Credit Card,Returned
7160,1215,2026-03-26,Debit Card,Returned
7161,1429,2025-08-02,Debit Card,Pending
7162,1305,2025-06-01,Net Banking,Returned
7163,1494,2026-03-16,Net Banking,Cancelled
7164,1072,2024-08-17,Debit Card,Returned
7165,1380,2026-05-18,Cash on Delivery,Pending
7166,1317,2026-04-29,Net Banking,Returned
7167,1164,2024-11-02,Net Banking,Pending
7168,1278,2024-09-22,Credit Card,Delivered
7169,1212,2026-03-04,Debit Card,Delivered
7170,1253,2025-04-11,Credit Card,Returned
7171,1178,2026-05-01,Credit Card,Pending
7172,1257,2024-12-11,Credit Card,Delivered
7173,1050,2026-05-28,Debit Card,Delivered
7174,1133,2025-12-26,Credit Card,Cancelled
7175,1407,2026-02-18,UPI,Cancelled
7176,1038,2026-01-12,UPI,Cancelled
7177,1140,2026-07-03,Credit Card,Returned
7178,1080,2025-05-12,Cash on Delivery,Returned
7179,1224,2025-06-30,Net Banking,Delivered
7180,1029,2025-04-03,Cash on Delivery,Cancelled
7181,1337,2025-06-07,Net Banking,Returned
7182,1016,2025-02-22,Cash on Delivery,Delivered
7183,1248,2024-09-25,Credit Card,Delivered
7184,1377,2026-05-02,Credit Card,Pending
7185,1269,2025-01-04,Cash on Delivery,Pending
7186,1437,2025-07-29,Credit Card,Delivered
7187,1234,2025-11-02,UPI,Delivered
7188,1106,2025-05-08,Cash on Delivery,Cancelled
7189,1384,2025-08-04,Credit Card,Delivered
7190,1266,2025-05-08,Cash on Delivery,Pending
7191,1379,2025-08-04,UPI,Pending
7192,1066,2025-10-14,UPI,Returned
7193,1249,2026-01-31,Credit Card,Cancelled
7194,1330,2025-07-07,Net Banking,Returned
7195,1446,2025-07-22,UPI,Cancelled
7196,1318,2026-06-16,Net Banking,Pending
7197,1364,2025-03-20,Cash on Delivery,Cancelled
7198,1417,2025-10-12,Debit Card,Returned
7199,1209,2026-02-17,Debit Card,Returned
7200,1221,2026-06-07,UPI,Cancelled
7201,1263,2026-03-31,Cash on Delivery,Delivered
7202,1309,2024-08-20,Credit Card,Returned
7203,1153,2025-09-08,Cash on Delivery,Delivered
7204,1281,2024-09-27,UPI,Pending
7205,1433,2025-07-14,Debit Card,Pending
7206,1174,2026-03-11,UPI,Delivered
7207,1317,2025-01-03,Net Banking,Cancelled
7208,1018,2026-07-29,Cash on Delivery,Delivered
7209,1266,2024-10-05,Credit Card,Cancelled
7210,1365,2025-10-13,Credit Card,Delivered
7211,1057,2026-01-25,Cash on Delivery,Returned
7212,1115,2025-07-26,UPI,Cancelled
7213,1327,2026-06-15,Cash on Delivery,Returned
7214,1060,2025-09-17,Credit Card,Returned
7215,1443,2025-09-18,Credit Card,Delivered
7216,1404,2025-09-12,Net Banking,Delivered
7217,1145,2026-07-23,UPI,Delivered
7218,1460,2025-05-03,Cash on Delivery,Pending
7219,1097,2025-06-12,Cash on Delivery,Returned
7220,1296,2025-05-16,Debit Card,Cancelled
7221,1359,2024-10-11,Debit Card,Delivered
7222,1229,2025-06-03,UPI,Delivered
7223,1312,2025-09-02,Debit Card,Returned
7224,1375,2025-04-26,Credit Card,Returned
7225,1153,2026-04-21,Debit Card,Delivered
7226,1208,2026-06-05,Debit Card,Returned
7227,1480,2026-02-17,UPI,Pending
7228,1473,2026-03-08,Cash on Delivery,Delivered
7229,1117,2024-12-26,Debit Card,Delivered
7230,1188,2025-01-02,Net Banking,Pending
7231,1184,2025-05-09,Credit Card,Returned
7232,1153,2025-03-28,Cash on Delivery,Cancelled
7233,1343,2026-03-15,Net Banking,Pending
7234,1308,2024-12-12,Cash on Delivery,Returned
7235,1365,2026-04-23,Net Banking,Cancelled
7236,1340,2025-10-12,Credit Card,Delivered
7237,1200,2026-05-14,Cash on Delivery,Cancelled
7238,1157,2024-08-27,Credit Card,Delivered
7239,1113,2026-02-02,Cash on Delivery,Pending
7240,1446,2024-11-25,Debit Card,Cancelled
7241,1391,2024-10-13,Cash on Delivery,Returned
7242,1425,2025-05-10,Debit Card,Delivered
7243,1207,2026-02-21,Debit Card,Pending
7244,1448,2024-12-31,Credit Card,Pending
7245,1023,2026-01-26,Debit Card,Pending
7246,1198,2025-12-14,Cash on Delivery,Delivered
7247,1177,2026-02-22,UPI,Cancelled
7248,1423,2025-11-19,Cash on Delivery,Delivered
7249,1280,2025-01-04,Credit Card,Delivered
7250,1453,2024-10-24,Net Banking,Returned
7251,1211,2025-10-12,Cash on Delivery,Cancelled
7252,1405,2025-03-05,Net Banking,Returned
7253,1467,2024-09-17,Debit Card,Pending
7254,1453,2024-08-29,Debit Card,Delivered
7255,1225,2025-02-10,Credit Card,Cancelled
7256,1342,2026-01-20,UPI,Returned
7257,1198,2024-08-01,Credit Card,Delivered
7258,1058,2025-01-18,Net Banking,Cancelled
7259,1483,2025-01-28,Credit Card,Returned
7260,1067,2025-09-07,Cash on Delivery,Returned
7261,1007,2024-11-26,Debit Card,Delivered
7262,1037,2024-10-19,Cash on Delivery,Cancelled
7263,1395,2026-06-29,Credit Card,Cancelled
7264,1016,2025-03-05,Net Banking,Pending
7265,1163,2026-03-19,Net Banking,Pending
7266,1170,2025-07-15,Cash on Delivery,Cancelled
7267,1203,2025-04-23,Debit Card,Pending
7268,1175,2026-06-19,Cash on Delivery,Pending
7269,1062,2025-11-21,UPI,Cancelled
7270,1439,2026-06-28,UPI,Pending
7271,1256,2026-01-04,Debit Card,Returned
7272,1089,2026-06-24,UPI,Cancelled
7273,1209,2024-11-12,UPI,Returned
7274,1453,2026-05-15,Net Banking,Returned
7275,1004,2025-08-30,Debit Card,Pending
7276,1430,2025-03-27,Cash on Delivery,Pending
7277,1292,2026-04-06,Credit Card,Returned
7278,1451,2026-07-15,UPI,Pending
7279,1124,2026-01-31,UPI,Delivered
7280,1257,2025-02-23,Cash on Delivery,Returned
7281,1094,2025-05-22,Debit Card,Returned
7282,1471,2025-07-15,UPI,Cancelled
7283,1094,2025-08-17,Credit Card,Returned
7284,1173,2025-01-12,Credit Card,Returned
7285,1394,2025-10-25,UPI,Returned
7286,1029,2026-02-26,Credit Card,Pending
7287,1053,2025-09-05,Debit Card,Delivered
7288,1132,2024-11-15,Credit Card,Delivered
7289,1411,2026-05-19,Debit Card,Cancelled
7290,1162,2026-01-14,Credit Card,Returned
7291,1120,2026-03-05,Net Banking,Cancelled
7292,1479,2024-09-14,UPI,Cancelled
7293,1333,2026-02-13,Credit Card,Returned
7294,1233,2025-01-04,Net Banking,Returned
7295,1021,2025-05-12,Net Banking,Cancelled
7296,1482,2025-02-16,Cash on Delivery,Pending
7297,1498,2024-08-14,Cash on Delivery,Delivered
7298,1459,2026-01-02,Debit Card,Pending
7299,1305,2024-09-07,Debit Card,Delivered
7300,1066,2024-10-24,Debit Card,Returned
7301,1206,2026-05-04,UPI,Delivered
7302,1222,2025-12-29,Credit Card,Pending
7303,1122,2025-11-04,Debit Card,Returned
7304,1189,2026-03-08,Net Banking,Cancelled
7305,1321,2025-07-22,Net Banking,Returned
7306,1301,2025-07-08,Net Banking,Delivered
7307,1031,2024-11-06,Debit Card,Returned
7308,1481,2025-06-28,Net Banking,Returned
7309,1018,2026-02-10,Debit Card,Delivered
7310,1171,2026-02-22,Debit Card,Returned
7311,1093,2026-01-02,Cash on Delivery,Returned
7312,1313,2024-12-25,Net Banking,Returned
7313,1348,2025-01-22,Cash on Delivery,Delivered
7314,1294,2025-08-08,UPI,Pending
7315,1202,2025-02-21,Net Banking,Returned
7316,1049,2025-02-15,UPI,Delivered
7317,1246,2026-03-01,UPI,Cancelled
7318,1276,2025-05-15,Debit Card,Returned
7319,1201,2024-10-14,Credit Card,Delivered
7320,1040,2025-09-07,Credit Card,Pending
7321,1239,2024-08-17,Credit Card,Delivered
7322,1410,2025-11-27,Credit Card,Cancelled
7323,1241,2026-03-04,Net Banking,Returned
7324,1039,2026-04-23,Debit Card,Returned
7325,1195,2026-06-04,Credit Card,Delivered
7326,1352,2026-03-21,Debit Card,Cancelled
7327,1048,2026-05-29,Cash on Delivery,Pending
7328,1437,2025-04-16,Credit Card,Cancelled
7329,1391,2025-06-28,UPI,Cancelled
7330,1267,2025-05-01,UPI,Cancelled
7331,1341,2026-01-24,UPI,Returned
7332,1463,2024-11-14,UPI,Cancelled
7333,1455,2024-11-18,Debit Card,Returned
7334,1175,2024-12-12,UPI,Delivered
7335,1375,2026-01-14,Credit Card,Returned
7336,1435,2025-06-24,Net Banking,Cancelled
7337,1039,2025-04-08,Cash on Delivery,Cancelled
7338,1298,2025-12-06,Cash on Delivery,Pending
7339,1407,2025-02-20,Net Banking,Delivered
7340,1050,2024-10-31,Credit Card,Returned
7341,1479,2026-03-31,Credit Card,Pending
7342,1175,2025-07-17,Credit Card,Cancelled
7343,1185,2024-10-18,Debit Card,Pending
7344,1135,2025-11-18,Net Banking,Pending
7345,1279,2024-11-26,UPI,Cancelled
7346,1428,2025-03-19,Credit Card,Delivered
7347,1340,2024-10-14,Cash on Delivery,Cancelled
7348,1483,2025-12-04,Debit Card,Returned
7349,1188,2026-06-13,Cash on Delivery,Pending
7350,1098,2026-04-11,Debit Card,Returned
7351,1236,2026-01-22,Cash on Delivery,Delivered
7352,1092,2025-06-07,UPI,Cancelled
7353,1170,2026-06-24,Cash on Delivery,Cancelled
7354,1456,2026-01-12,Cash on Delivery,Pending
7355,1103,2025-01-10,UPI,Delivered
7356,1374,2025-03-23,Cash on Delivery,Returned
7357,1436,2025-06-05,Credit Card,Pending
7358,1398,2026-05-06,Credit Card,Returned
7359,1467,2024-11-07,Net Banking,Pending
7360,1199,2024-10-11,UPI,Delivered
7361,1034,2025-07-21,Cash on Delivery,Cancelled
7362,1433,2024-12-04,Debit Card,Returned
7363,1448,2026-03-26,Cash on Delivery,Cancelled
7364,1082,2026-01-28,Net Banking,Pending
7365,1360,2025-09-08,Net Banking,Pending
7366,1437,2026-01-13,UPI,Cancelled
7367,1427,2024-10-21,Cash on Delivery,Pending
7368,1360,2026-01-17,Cash on Delivery,Returned
7369,1346,2025-09-08,UPI,Pending
7370,1221,2025-04-15,Net Banking,Returned
7371,1179,2024-08-31,Debit Card,Pending
7372,1338,2025-10-03,Debit Card,Returned
7373,1133,2025-03-30,Net Banking,Returned
7374,1192,2024-12-31,Net Banking,Returned
7375,1433,2025-11-26,Credit Card,Returned
7376,1423,2026-02-23,Cash on Delivery,Cancelled
7377,1035,2026-01-23,UPI,Cancelled
7378,1441,2024-10-14,UPI,Delivered
7379,1500,2025-10-16,Credit Card,Pending
7380,1391,2025-04-30,Credit Card,Pending
7381,1006,2025-06-22,Debit Card,Pending
7382,1476,2025-07-09,Credit Card,Delivered
7383,1413,2025-08-25,Debit Card,Cancelled
7384,1227,2025-02-09,Debit Card,Cancelled
7385,1075,2025-05-31,UPI,Delivered
7386,1188,2025-02-05,Credit Card,Cancelled
7387,1339,2025-07-31,Net Banking,Pending
7388,1070,2026-02-21,Credit Card,Returned
7389,1387,2025-01-02,Debit Card,Returned
7390,1204,2026-05-23,Debit Card,Returned
7391,1102,2025-07-15,UPI,Pending
7392,1431,2025-07-08,Net Banking,Cancelled
7393,1217,2026-04-28,Net Banking,Returned
7394,1310,2025-05-28,Debit Card,Cancelled
7395,1100,2024-12-16,Cash on Delivery,Returned
7396,1299,2026-02-08,Debit Card,Delivered
7397,1454,2025-06-12,Credit Card,Cancelled
7398,1240,2025-04-01,Cash on Delivery,Pending
7399,1165,2024-09-30,Cash on Delivery,Returned
7400,1323,2025-06-12,Cash on Delivery,Returned
7401,1346,2025-09-13,Debit Card,Returned
7402,1311,2025-09-25,Cash on Delivery,Returned
7403,1198,2025-06-11,UPI,Delivered
7404,1052,2024-10-02,Debit Card,Delivered
7405,1249,2025-07-10,Debit Card,Pending
7406,1209,2024-08-07,UPI,Delivered
7407,1429,2026-03-28,Credit Card,Delivered
7408,1041,2025-09-06,Cash on Delivery,Pending
7409,1225,2025-05-16,Cash on Delivery,Pending
7410,1343,2026-02-04,UPI,Cancelled
7411,1244,2024-11-27,UPI,Returned
7412,1244,2024-11-24,Net Banking,Pending
7413,1455,2024-12-07,Cash on Delivery,Returned
7414,1007,2024-10-31,Credit Card,Pending
7415,1275,2024-09-08,Net Banking,Returned
7416,1326,2025-01-15,Debit Card,Cancelled
7417,1030,2026-07-24,Cash on Delivery,Pending
7418,1128,2025-01-25,Debit Card,Pending
7419,1154,2026-01-26,Cash on Delivery,Cancelled
7420,1090,2024-08-07,Cash on Delivery,Cancelled
7421,1415,2025-06-24,Cash on Delivery,Delivered
7422,1276,2024-08-02,Credit Card,Delivered
7423,1410,2025-11-10,Credit Card,Delivered
7424,1256,2026-04-01,Credit Card,Returned
7425,1150,2026-03-08,Credit Card,Delivered
7426,1135,2025-04-30,Credit Card,Cancelled
7427,1320,2024-09-06,Credit Card,Cancelled
7428,1484,2024-11-22,Debit Card,Cancelled
7429,1348,2025-02-23,Cash on Delivery,Returned
7430,1158,2025-02-26,Net Banking,Cancelled
7431,1260,2024-09-12,Credit Card,Pending
7432,1083,2025-08-27,UPI,Pending
7433,1428,2026-04-22,Cash on Delivery,Pending
7434,1120,2024-08-13,UPI,Returned
7435,1369,2025-02-17,Credit Card,Pending
7436,1487,2026-10-29,Net Banking,Returned
7437,1236,2024-10-29,Net Banking,Returned
7438,1294,2025-10-22,Cash on Delivery,Pending
7439,1025,2025-03-25,Net Banking,Cancelled
7440,1017,2026-02-28,Net Banking,Cancelled
7441,1152,2024-11-27,Debit Card,Cancelled
7442,1064,2025-09-01,Debit Card,Pending
7443,1396,2025-02-15,Credit Card,Returned
7444,1255,2026-05-06,Net Banking,Returned
7445,1472,2025-07-18,Net Banking,Delivered
7446,1105,2025-01-06,Debit Card,Returned
7447,1295,2026-03-06,Net Banking,Cancelled
7448,1167,2025-09-04,Debit Card,Returned
7449,1449,2026-02-22,Cash on Delivery,Returned
7450,1040,2024-12-20,UPI,Delivered
7451,1497,2024-08-20,Debit Card,Cancelled
7452,1161,2024-07-30,Credit Card,Returned
7453,1361,2025-09-16,Debit Card,Delivered
7454,1196,2026-02-28,UPI,Pending
7455,1340,2024-08-20,Net Banking,Delivered
7456,1343,2025-09-19,Net Banking,Returned
7457,1252,2024-08-02,Credit Card,Pending
7458,1230,2025-06-08,Credit Card,Returned
7459,1316,2025-12-11,Debit Card,Returned
7460,1114,2025-07-04,Debit Card,Returned
7461,1349,2025-09-08,Debit Card,Pending
7462,1171,2025-10-04,Credit Card,Pending
7463,1152,2025-02-15,Cash on Delivery,Delivered
7464,1307,2025-08-06,Cash on Delivery,Delivered
7465,1153,2025-02-03,Credit Card,Returned
7466,1488,2025-05-28,Debit Card,Cancelled
7467,1076,2025-05-19,Debit Card,Delivered
7468,1135,2025-06-16,Debit Card,Delivered
7469,1198,2025-12-24,Net Banking,Returned
7470,1351,2025-01-07,Net Banking,Delivered
7471,1184,2024-12-29,Net Banking,Pending
7472,1005,2025-05-14,Net Banking,Delivered
7473,1389,2025-12-27,Net Banking,Pending
7474,1336,2024-10-28,Debit Card,Cancelled
7475,1408,2025-07-29,Credit Card,Pending
7476,1315,2025-08-25,Credit Card,Returned
7477,1355,2025-05-14,Credit Card,Pending
7478,1480,2025-11-02,Cash on Delivery,Returned
7479,1369,2025-02-02,Debit Card,Cancelled
7480,1258,2025-07-09,Debit Card,Returned
7481,1206,2024-10-09,UPI,Delivered
7482,1403,2024-11-01,Debit Card,Cancelled
7483,1183,2025-08-18,Net Banking,Pending
7484,1049,2024-08-14,Debit Card,Pending
7485,1003,2024-09-10,Debit Card,Returned
7486,1270,2025-12-04,Cash on Delivery,Cancelled
7487,1035,2026-05-24,Cash on Delivery,Delivered
7488,1057,2025-11-08,Cash on Delivery,Cancelled
7489,1092,2024-12-01,Cash on Delivery,Delivered
7490,1075,2025-11-12,Cash on Delivery,Cancelled
7491,1029,2025-02-26,Net Banking,Returned
7492,1409,2026-03-19,Credit Card,Pending
7493,1182,2024-09-26,UPI,Delivered
7494,1352,2025-02-09,Credit Card,Delivered
7495,1068,2025-11-01,UPI,Delivered
7496,1263,2026-07-12,Credit Card,Delivered
7497,1063,2026-01-01,Credit Card,Cancelled
7498,1468,2025-04-07,Debit Card,Returned
7499,1309,2024-12-26,Credit Card,Cancelled
7500,1285,2024-10-08,Cash on Delivery,Delivered
7501,1193,2024-08-06,Debit Card,Returned
7502,1363,2025-12-13,UPI,Returned
7503,1287,2025-05-02,Debit Card,Pending
7504,1301,2025-07-18,Debit Card,Cancelled
7505,1022,2025-04-23,Cash on Delivery,Delivered
7506,1413,2025-08-16,UPI,Pending
7507,1158,2024-08-02,Debit Card,Returned
7508,1056,2026-04-22,Cash on Delivery,Pending
7509,1003,2025-04-25,Debit Card,Pending
7510,1310,2025-02-21,Net Banking,Pending
7511,1408,2026-05-24,Cash on Delivery,Delivered
7512,1038,2024-08-31,Credit Card,Pending
7513,1400,2024-10-12,Debit Card,Pending
7514,1198,2024-09-24,Credit Card,Returned
7515,1129,2024-08-26,Net Banking,Returned
7516,1199,2025-02-07,Credit Card,Returned
7517,1415,2026-02-27,Net Banking,Pending
7518,1067,2024-09-07,Net Banking,Returned
7519,1322,2025-11-29,Net Banking,Returned
7520,1414,2026-04-24,UPI,Delivered
7521,1222,2025-01-13,Cash on Delivery,Pending
7522,1427,2026-05-30,Debit Card,Cancelled
7523,1263,2025-01-29,Cash on Delivery,Returned
7524,1243,2025-12-08,Credit Card,Returned
7525,1227,2025-12-13,Cash on Delivery,Cancelled
7526,1118,2025-05-06,Credit Card,Cancelled
7527,1107,2024-11-08,Cash on Delivery,Pending
7528,1078,2025-04-04,Net Banking,Cancelled
7529,1337,2025-06-18,Cash on Delivery,Cancelled
7530,1461,2026-02-04,Debit Card,Delivered
7531,1338,2024-10-07,Net Banking,Delivered
7532,1313,2026-05-17,Net Banking,Returned
7533,1017,2024-11-01,Debit Card,Returned
7534,1154,2025-12-09,Cash on Delivery,Returned
7535,1121,2024-07-30,UPI,Delivered
7536,1317,2026-03-29,UPI,Pending
7537,1217,2025-11-02,Cash on Delivery,Returned
7538,1217,2026-04-14,Net Banking,Returned
7539,1319,2025-04-05,Net Banking,Pending
7540,1077,2026-04-24,UPI,Delivered
7541,1200,2025-04-25,Cash on Delivery,Pending
7542,1328,2025-07-19,Net Banking,Pending
7543,1167,2025-08-11,Net Banking,Delivered
7544,1402,2026-01-09,Net Banking,Pending
7545,1390,2025-11-23,Net Banking,Pending
7546,1178,2025-08-02,Cash on Delivery,Returned
7547,1465,2024-12-27,UPI,Cancelled
7548,1338,2024-12-03,Debit Card,Delivered
7549,1052,2025-07-25,Net Banking,Pending
7550,1307,2025-10-03,Net Banking,Returned
7551,1428,2026-05-21,Cash on Delivery,Pending
7552,1074,2026-06-27,Net Banking,Cancelled
7553,1100,2026-07-30,Cash on Delivery,Pending
7554,1049,2025-09-03,Net Banking,Delivered
7555,1280,2026-05-16,Net Banking,Cancelled
7556,1436,2025-06-15,Debit Card,Delivered
7557,1467,2025-08-07,Debit Card,Pending
7558,1013,2024-09-21,UPI,Delivered
7559,1050,2025-10-08,Debit Card,Pending
7560,1448,2024-10-28,Debit Card,Cancelled
7561,1480,2025-11-08,UPI,Pending
7562,1311,2025-09-17,Credit Card,Cancelled
7563,1436,2025-10-01,Cash on Delivery,Delivered
7564,1259,2024-08-22,Cash on Delivery,Delivered
7565,1486,2024-12-23,Cash on Delivery,Delivered
7566,1031,2026-02-18,Cash on Delivery,Returned
7567,1277,2026-02-06,Debit Card,Delivered
7568,1232,2026-01-23,Net Banking,Returned
7569,1370,2025-11-16,Cash on Delivery,Returned
7570,1351,2025-01-08,Credit Card,Cancelled
7571,1452,2026-07-08,UPI,Pending
7572,1292,2026-03-05,Credit Card,Returned
7573,1145,2024-12-13,Debit Card,Returned
7574,1217,2025-06-30,Cash on Delivery,Returned
7575,1052,2025-06-08,Cash on Delivery,Cancelled
7576,1352,2025-11-27,Debit Card,Cancelled
7577,1106,2026-02-23,Cash on Delivery,Pending
7578,1366,2024-10-26,Net Banking,Pending
7579,1110,2025-09-23,Credit Card,Returned
7580,1247,2025-03-05,Net Banking,Delivered
7581,1036,2024-11-21,UPI,Delivered
7582,1264,2025-09-06,Debit Card,Delivered
7583,1485,2025-03-02,UPI,Returned
7584,1325,2024-09-07,Cash on Delivery,Cancelled
7585,1086,2024-10-29,UPI,Pending
7586,1049,2026-02-12,Net Banking,Pending
7587,1261,2025-02-26,Net Banking,Pending
7588,1126,2025-06-01,Debit Card,Returned
7589,1372,2025-08-31,Debit Card,Cancelled
7590,1428,2025-05-03,Cash on Delivery,Cancelled
7591,1439,2026-06-22,Credit Card,Pending
7592,1111,2025-08-04,UPI,Cancelled
7593,1383,2024-12-21,Cash on Delivery,Delivered
7594,1332,2025-03-28,Credit Card,Pending
7595,1065,2025-09-07,Cash on Delivery,Cancelled
7596,1239,2024-09-14,Credit Card,Pending
7597,1096,2025-02-11,Net Banking,Pending
7598,1027,2025-03-12,Credit Card,Returned
7599,1181,2025-10-23,UPI,Pending
7600,1445,2024-08-26,Debit Card,Delivered
7601,1340,2025-11-02,Credit Card,Cancelled
7602,1411,2024-11-09,Credit Card,Cancelled
7603,1009,2025-07-14,Cash on Delivery,Delivered
7604,1070,2026-03-24,UPI,Cancelled
7605,1075,2026-06-06,Debit Card,Returned
7606,1439,2026-04-04,Cash on Delivery,Returned
7607,1095,2025-09-12,Credit Card,Delivered
7608,1001,2025-08-16,Credit Card,Returned
7609,1020,2024-09-20,Credit Card,Delivered
7610,1363,2026-03-13,Net Banking,Returned
7611,1135,2025-03-09,Net Banking,Returned
7612,1494,2025-04-21,Cash on Delivery,Delivered
7613,1352,2025-12-03,Net Banking,Delivered
7614,1445,2025-12-10,Cash on Delivery,Delivered
7615,1474,2025-10-23,Debit Card,Delivered
7616,1183,2025-02-02,Cash on Delivery,Returned
7617,1459,2025-04-17,Cash on Delivery,Returned
7618,1351,2025-10-19,Debit Card,Cancelled
7619,1394,2026-05-08,Credit Card,Cancelled
7620,1164,2025-10-16,Net Banking,Returned
7621,1285,2024-10-25,UPI,Delivered
7622,1288,2025-05-02,Debit Card,Pending
7623,1246,2026-01-31,UPI,Cancelled
7624,1307,2025-05-28,Net Banking,Cancelled
7625,1356,2026-01-11,UPI,Returned
7626,1035,2025-05-16,UPI,Pending
7627,1418,2025-07-10,UPI,Pending
7628,1195,2025-03-20,UPI,Delivered
7629,1348,2026-07-08,Net Banking,Returned
7630,1335,2025-12-03,Credit Card,Pending
7631,1064,2026-01-13,Cash on Delivery,Returned
7632,1253,2024-11-13,UPI,Cancelled
7633,1479,2025-01-24,Cash on Delivery,Pending
7634,1444,2025-01-21,Net Banking,Cancelled
7635,1358,2025-12-28,Debit Card,Returned
7636,1281,2024-10-07,Credit Card,Pending
7637,1387,2026-01-28,Credit Card,Returned
7638,1258,2025-11-28,Credit Card,Cancelled
7639,1315,2024-09-25,UPI,Delivered
7640,1343,2026-02-24,Debit Card,Cancelled
7641,1244,2025-01-13,Debit Card,Delivered
7642,1408,2024-07-31,Debit Card,Pending
7643,1426,2025-12-27,Cash on Delivery,Cancelled
7644,1279,2025-11-09,Net Banking,Pending
7645,1021,2026-05-20,Cash on Delivery,Delivered
7646,1422,2026-02-28,Cash on Delivery,Cancelled
7647,1220,2025-02-28,Credit Card,Returned
7648,1481,2026-01-06,Cash on Delivery,Pending
7649,1344,2024-09-18,Net Banking,Delivered
7650,1292,2025-12-05,UPI,Returned
7651,1470,2026-06-05,UPI,Delivered
7652,1360,2025-09-26,Credit Card,Pending
7653,1433,2025-10-19,Debit Card,Cancelled
7654,1475,2025-04-18,Cash on Delivery,Pending
7655,1366,2025-10-01,Net Banking,Pending
7656,1040,2026-07-10,Cash on Delivery,Pending
7657,1448,2026-03-21,UPI,Delivered
7658,1423,2025-09-16,Cash on Delivery,Delivered
7659,1237,2025-01-06,Credit Card,Delivered
7660,1299,2026-06-23,UPI,Returned
7661,1039,2024-12-28,Credit Card,Cancelled
7662,1125,2025-12-15,UPI,Delivered
7663,1138,2024-08-17,Credit Card,Cancelled
7664,1298,2024-10-19,Net Banking,Delivered
7665,1243,2026-07-22,UPI,Cancelled
7666,1212,2025-10-24,Debit Card,Delivered
7667,1098,2025-12-14,Credit Card,Pending
7668,9999,2026-06-20,Debit Card,Pending
7669,1175,2025-05-06,Debit Card,Returned
7670,1003,2025-11-30,Cash on Delivery,Returned
7671,1226,2024-12-19,Debit Card,Cancelled
7672,1290,2025-10-27,Net Banking,Cancelled
7673,1102,2026-03-01,Net Banking,Pending
7674,1151,2025-05-16,Net Banking,Delivered
7675,1090,2026-02-25,Credit Card,Cancelled
7676,1266,2024-08-12,UPI,Delivered
7677,1459,2026-02-12,UPI,Pending
7678,1479,2024-10-04,Debit Card,Returned
7679,1357,2026-03-29,UPI,Delivered
7680,1398,2025-11-22,Debit Card,Returned
7681,1431,2026-04-04,Credit Card,Returned
7682,1406,2026-06-15,Cash on Delivery,Pending
7683,1328,2024-10-06,UPI,Cancelled
7684,1359,2026-05-29,Debit Card,Cancelled
7685,1356,2025-02-19,Net Banking,Cancelled
7686,1497,2025-08-16,UPI,Delivered
7687,1230,2025-04-05,Cash on Delivery,Cancelled
7688,1189,2025-10-03,Credit Card,Pending
7689,1173,2026-04-23,Debit Card,Delivered
7690,1354,2025-09-20,UPI,Cancelled
7691,1426,2024-11-09,UPI,Returned
7692,1275,2025-09-17,Debit Card,Delivered
7693,1177,2025-04-08,Credit Card,Pending
7694,1035,2026-05-18,Net Banking,Cancelled
7695,1109,2025-10-07,UPI,Returned
7696,1037,2025-07-12,UPI,Cancelled
7697,1206,2025-08-05,UPI,Cancelled
7698,1481,2025-12-10,Net Banking,Pending
7699,1042,2025-01-13,Debit Card,Cancelled
7700,1252,2026-02-09,Credit Card,Delivered
7701,1445,2025-04-09,Credit Card,Delivered
7702,1082,2025-11-20,Net Banking,Pending
7703,1457,2025-03-08,Credit Card,Delivered
7704,1048,2024-12-28,Credit Card,Pending
7705,1091,2025-01-06,Net Banking,Cancelled
7706,1294,2026-07-07,Debit Card,Cancelled
7707,1127,2026-01-08,UPI,Pending
7708,1002,2024-09-06,Net Banking,Pending
7709,1171,2024-11-25,Credit Card,Returned
7710,1148,2026-04-29,Credit Card,Delivered
7711,1407,2025-06-22,UPI,Returned
7712,1420,2025-08-27,UPI,Delivered
7713,1064,2025-10-17,Cash on Delivery,Cancelled
7714,1137,2024-12-20,Net Banking,Delivered
7715,1171,2026-04-20,UPI,Delivered
7716,1336,2025-11-13,Credit Card,Pending
7717,1138,2024-08-04,UPI,Cancelled
7718,1223,2024-08-22,UPI,Cancelled
7719,1051,2026-02-27,Debit Card,Cancelled
7720,1280,2024-09-24,Debit Card,Returned
7721,1059,2025-03-08,Net Banking,Delivered
7722,1238,2024-12-08,Credit Card,Returned
7723,1450,2026-07-30,Net Banking,Returned
7724,1286,2026-03-28,Credit Card,Delivered
7725,1054,2025-06-18,Debit Card,Cancelled
7726,1137,2025-05-03,Debit Card,Pending
7727,1220,2026-04-29,Net Banking,Delivered
7728,1055,2024-10-21,Credit Card,Returned
7729,1098,2026-07-27,UPI,Cancelled
7730,1201,2024-08-17,Net Banking,Cancelled
7731,1266,2026-02-20,Cash on Delivery,Cancelled
7732,1336,2026-01-14,Net Banking,Cancelled
7733,1360,2025-12-07,Debit Card,Pending
7734,1038,2026-03-04,Credit Card,Pending
7735,1239,2024-12-28,Net Banking,Cancelled
7736,1412,2025-06-21,Debit Card,Returned
7737,1043,2025-11-25,Credit Card,Returned
7738,1043,2025-01-01,Debit Card,Pending
7739,1428,2024-11-22,Cash on Delivery,Delivered
7740,1352,2024-08-26,Debit Card,Delivered
7741,1133,2025-11-25,Debit Card,Cancelled
7742,1124,2025-05-02,Net Banking,Delivered
7743,1445,2025-02-19,UPI,Returned
7744,1073,2024-08-28,Credit Card,Returned
7745,1059,2025-02-18,Cash on Delivery,Cancelled
7746,1399,2025-09-02,Cash on Delivery,Cancelled
7747,1485,2025-02-16,UPI,Pending
7748,1150,2025-07-03,Net Banking,Delivered
7749,1004,2026-02-15,Net Banking,Pending
7750,1064,2024-11-20,Cash on Delivery,Cancelled
7751,1445,2025-12-25,UPI,Cancelled
7752,1096,2024-11-22,Debit Card,Pending
7753,1054,2026-06-27,UPI,Cancelled
7754,1004,2025-11-23,Credit Card,Cancelled
7755,1485,2025-04-12,Cash on Delivery,Pending
7756,1185,2024-09-29,Debit Card,Pending
7757,1253,2026-04-19,Credit Card,Returned
7758,1299,2025-09-22,Credit Card,Cancelled
7759,1260,2025-05-18,Net Banking,Returned
7760,1391,2024-10-04,Debit Card,Delivered
7761,1167,2025-05-15,Net Banking,Pending
7762,1014,2025-11-09,Cash on Delivery,Cancelled
7763,1238,2026-06-25,Debit Card,Returned
7764,1336,2024-09-15,UPI,Pending
7765,1423,2024-11-03,Debit Card,Returned
7766,1069,2024-12-06,Debit Card,Pending
7767,1315,2024-10-27,Debit Card,Delivered
7768,1211,2025-11-07,Credit Card,Cancelled
7769,1461,2025-11-06,Net Banking,Delivered
7770,1189,2024-12-23,Net Banking,Cancelled
7771,1295,2024-12-22,Debit Card,Delivered
7772,1357,2026-04-25,Cash on Delivery,Returned
7773,1489,2025-01-24,Debit Card,Cancelled
7774,1486,2025-02-24,Debit Card,Cancelled
7775,1177,2025-08-02,Credit Card,Delivered
7776,1003,2025-01-02,UPI,Delivered
7777,1067,2026-06-30,Cash on Delivery,Pending
7778,1450,2024-10-03,Net Banking,Delivered
7779,1393,2025-07-31,UPI,Returned
7780,1380,2024-09-13,Debit Card,Pending
7781,1064,2026-03-09,Cash on Delivery,Cancelled
7782,1320,2025-11-05,Debit Card,Returned
7783,1101,2026-05-26,UPI,Delivered
7784,1011,2025-09-11,Credit Card,Returned
7785,1067,2025-09-13,UPI,Cancelled
7786,1090,2025-06-03,UPI,Returned
7787,1412,2026-02-02,UPI,Returned
7788,1309,2025-12-17,UPI,Returned
7789,1091,2024-10-19,Net Banking,Returned
7790,1204,2024-08-19,Debit Card,Cancelled
7791,1025,2024-10-08,UPI,Pending
7792,1165,2026-01-26,Cash on Delivery,Returned
7793,1304,2025-06-17,Debit Card,Delivered
7794,1241,2026-07-13,Debit Card,Cancelled
7795,1067,2025-04-30,Debit Card,Cancelled
7796,1236,2024-09-07,UPI,Cancelled
7797,1031,2025-06-10,UPI,Cancelled
7798,1056,2026-01-19,UPI,Cancelled
7799,1409,2025-11-29,Net Banking,Cancelled
7800,1063,2024-09-07,Credit Card,Pending
7801,1364,2024-10-06,Debit Card,Pending
7802,1362,2024-12-30,Net Banking,Pending
7803,1180,2025-06-08,Credit Card,Returned
7804,1180,2025-01-23,Debit Card,Delivered
7805,1319,2025-05-31,Cash on Delivery,Cancelled
7806,1150,2024-08-03,Cash on Delivery,Returned
7807,1113,2026-05-09,Debit Card,Pending
7808,1308,2025-05-17,Credit Card,Pending
7809,1175,2025-03-03,UPI,Returned
7810,1137,2024-08-06,Cash on Delivery,Pending
7811,1377,2026-01-22,UPI,Pending
7812,1351,2026-05-12,Net Banking,Delivered
7813,1121,2025-06-16,Debit Card,Returned
7814,1074,2024-08-20,Cash on Delivery,Delivered
7815,1055,2026-07-18,Credit Card,Returned
7816,1102,2025-04-09,Cash on Delivery,Pending
7817,1460,2025-10-30,Cash on Delivery,Returned
7818,1064,2026-05-23,UPI,Cancelled
7819,1369,2024-11-01,Net Banking,Delivered
7820,1186,2025-10-05,Cash on Delivery,Cancelled
7821,1429,2025-01-26,Net Banking,Returned
7822,1231,2025-12-19,Cash on Delivery,Returned
7823,1214,2025-04-08,Net Banking,Returned
7824,1456,2026-06-08,Net Banking,Cancelled
7825,1416,2025-05-27,Net Banking,Pending
7826,1096,2025-04-20,Net Banking,Cancelled
7827,1441,2025-04-04,Credit Card,Returned
7828,1076,2025-07-02,Credit Card,Pending
7829,1152,2025-02-05,Credit Card,Returned
7830,1283,2026-01-14,Cash on Delivery,Returned
7831,1168,2026-01-31,UPI,Returned
7832,1196,2025-11-12,Cash on Delivery,Delivered
7833,1313,2024-11-24,UPI,Pending
7834,1140,2025-12-24,Debit Card,Cancelled
7835,1175,2026-06-28,Debit Card,Pending
7836,1364,2026-07-15,UPI,Returned
7837,1130,2024-09-05,Cash on Delivery,Cancelled
7838,1065,2024-11-26,UPI,Cancelled
7839,1320,2026-01-29,Credit Card,Pending
7840,1409,2026-04-24,UPI,Returned
7841,1444,2026-07-20,Debit Card,Cancelled
7842,1083,2025-06-23,Cash on Delivery,Cancelled
7843,1186,2025-12-12,Net Banking,Cancelled
7844,1256,2025-11-16,Net Banking,Returned
7845,1221,2025-12-26,Credit Card,Delivered
7846,1087,2024-09-13,Credit Card,Cancelled
7847,1444,2025-05-06,Cash on Delivery,Delivered
7848,1330,2026-04-26,UPI,Cancelled
7849,1078,2026-07-26,UPI,Returned
7850,1423,2024-10-17,Net Banking,Pending
7851,1406,2025-03-29,Credit Card,Cancelled
7852,1156,2025-05-06,Cash on Delivery,Cancelled
7853,1089,2025-05-02,Net Banking,Returned
7854,1256,2025-01-16,Cash on Delivery,Pending
7855,1359,2026-02-24,Cash on Delivery,Pending
7856,1438,2026-03-29,Credit Card,Cancelled
7857,1410,2024-10-15,Debit Card,Delivered
7858,1216,2025-03-18,Cash on Delivery,Cancelled
7859,1215,2026-05-22,UPI,Pending
7860,1458,2025-05-02,UPI,Pending
7861,1489,2025-09-21,Debit Card,Cancelled
7862,1373,2025-12-19,Debit Card,Pending
7863,1284,2025-01-08,Debit Card,Pending
7864,1484,2025-10-13,Debit Card,Delivered
7865,1074,2026-07-11,Net Banking,Returned
7866,1216,2025-12-27,Cash on Delivery,Delivered
7867,1117,2026-07-14,Debit Card,Returned
7868,1311,2024-10-07,Debit Card,Cancelled
7869,1197,2026-01-18,Net Banking,Returned
7870,1109,2025-01-13,UPI,Pending
7871,1017,2025-04-20,Credit Card,Cancelled
7872,1346,2025-10-07,Credit Card,Delivered
7873,1105,2024-08-01,Debit Card,Returned
7874,1342,2025-07-13,Net Banking,Delivered
7875,1488,2024-09-03,UPI,Cancelled
7876,1496,2024-10-07,Debit Card,Delivered
7877,1326,2025-06-17,Credit Card,Returned
7878,1500,2025-07-27,Credit Card,Returned
7879,1338,2026-04-27,Cash on Delivery,Cancelled
7880,1409,2025-09-07,Credit Card,Pending
7881,1339,2026-05-14,Debit Card,Returned
7882,1383,2024-09-21,Debit Card,Delivered
7883,1030,2026-05-18,Credit Card,Pending
7884,1195,2025-10-14,UPI,Returned
7885,1297,2026-04-23,UPI,Returned
7886,1449,2025-06-20,UPI,Returned
7887,1219,2025-01-19,Credit Card,Pending
7888,1077,2025-01-25,Credit Card,Delivered
7889,1079,2025-04-05,Credit Card,Pending
7890,1279,2025-02-05,Debit Card,Delivered
7891,1350,2025-04-17,Cash on Delivery,Returned
7892,1229,2026-05-22,Cash on Delivery,Returned
7893,1378,2025-05-26,Net Banking,Pending
7894,1273,2025-11-14,UPI,Delivered
7895,1262,2026-06-03,Net Banking,Returned
7896,1455,2025-10-23,Net Banking,Returned
7897,1467,2025-09-23,Cash on Delivery,Returned
7898,1280,2025-12-15,Credit Card,Pending
7899,1481,2025-08-04,Debit Card,Cancelled
7900,1107,2026-07-16,Credit Card,Returned
7901,1347,2026-01-27,Cash on Delivery,Cancelled
7902,1201,2025-04-15,Cash on Delivery,Delivered
7903,1216,2025-08-22,UPI,Delivered
7904,1041,2024-12-05,Credit Card,Cancelled
7905,1381,2026-01-16,Net Banking,Returned
7906,1256,2026-01-19,Credit Card,Cancelled
7907,1266,2026-02-11,Credit Card,Cancelled
7908,1135,2025-12-13,UPI,Delivered
7909,1322,2025-02-28,Debit Card,Pending
7910,1211,2026-06-27,UPI,Pending
7911,1220,2024-09-18,UPI,Cancelled
7912,1118,2025-01-31,Cash on Delivery,Pending
7913,1108,2024-09-11,UPI,Returned
7914,1115,2024-08-23,Debit Card,Pending
7915,1143,2026-05-28,Credit Card,Cancelled
7916,1205,2025-01-26,Debit Card,Cancelled
7917,1133,2025-09-10,Cash on Delivery,Cancelled
7918,1364,2026-06-01,Credit Card,Delivered
7919,1044,2025-11-28,Net Banking,Delivered
7920,1284,2025-07-06,Net Banking,Returned
7921,1472,2024-09-01,Net Banking,Pending
7922,1236,2025-06-18,Credit Card,Cancelled
7923,1080,2024-11-06,Net Banking,Delivered
7924,1156,2025-05-07,UPI,Returned
7925,1184,2026-01-29,Cash on Delivery,Pending
7926,1127,2025-01-20,Credit Card,Delivered
7927,1180,2025-07-18,Net Banking,Returned
7928,1156,2025-08-23,Credit Card,Returned
7929,1396,2025-03-06,Credit Card,Returned
7930,1456,2025-03-08,Cash on Delivery,Pending
7931,1256,2024-11-12,Cash on Delivery,Pending
7932,1057,2025-04-24,Credit Card,Delivered
7933,1046,2024-12-19,Net Banking,Returned
7934,1080,2024-10-21,Cash on Delivery,Delivered
7935,1279,2025-04-14,Net Banking,Pending
7936,1471,2024-10-10,Debit Card,Pending
7937,1431,2025-10-09,Credit Card,Delivered
7938,1498,2026-02-04,Credit Card,Pending
7939,1093,2024-10-25,UPI,Returned
7940,1148,2025-03-04,Net Banking,Cancelled
7941,1164,2025-05-15,Cash on Delivery,Pending
7942,1474,2025-07-06,Credit Card,Cancelled
7943,1273,2026-07-28,Net Banking,Cancelled
7944,1092,2025-09-23,Debit Card,Delivered
7945,1414,2024-09-26,Credit Card,Cancelled
7946,1489,2025-02-12,Cash on Delivery,Returned
7947,9999,2025-12-22,Net Banking,Cancelled
7948,1399,2025-12-29,UPI,Cancelled
7949,1466,2026-04-17,Net Banking,Pending
7950,1384,2025-01-04,Net Banking,Cancelled
7951,1440,2026-02-24,Net Banking,Pending
7952,1159,2025-06-25,Credit Card,Cancelled
7953,1315,2026-04-14,UPI,Cancelled
7954,1390,2025-04-24,Credit Card,Cancelled
7955,1327,2026-01-05,Net Banking,Pending
7956,1170,2025-11-04,Debit Card,Pending
7957,1365,2025-10-07,Cash on Delivery,Returned
7958,1257,2024-11-16,Debit Card,Cancelled
7959,1352,2024-10-29,UPI,Delivered
7960,1383,2025-08-03,UPI,Cancelled
7961,1284,2024-09-04,Debit Card,Returned
7962,1268,2025-02-23,Debit Card,Returned
7963,1406,2026-01-11,Debit Card,Pending
7964,1422,2025-08-31,Cash on Delivery,Delivered
7965,1212,2026-05-26,Net Banking,Cancelled
7966,1056,2025-08-06,Net Banking,Pending
7967,1309,2025-04-24,Cash on Delivery,Cancelled
7968,1276,2025-01-06,Net Banking,Pending
7969,1239,2025-03-16,UPI,Cancelled
7970,1159,2026-06-05,Credit Card,Pending
7971,1108,2025-12-05,Debit Card,Delivered
7972,1024,2024-08-30,Cash on Delivery,Returned
7973,1128,2025-01-22,Cash on Delivery,Cancelled
7974,1132,2025-04-21,UPI,Cancelled
7975,1484,2025-05-21,Debit Card,Cancelled
7976,1091,2025-09-22,Debit Card,Delivered
7977,1028,2025-04-21,Net Banking,Delivered
7978,1348,2024-12-10,Credit Card,Pending
7979,1087,2025-12-24,Debit Card,Returned
7980,1285,2026-10-29,Cash on Delivery,Cancelled
7981,1078,2026-05-28,Net Banking,Pending
7982,1436,2026-01-22,Cash on Delivery,Cancelled
7983,1422,2025-04-03,Credit Card,Delivered
7984,1469,2025-05-04,Credit Card,Delivered
7985,1350,2025-06-03,Debit Card,Cancelled
7986,1106,2026-05-19,Debit Card,Delivered
7987,1485,2025-08-30,Credit Card,Cancelled
7988,1136,2025-06-16,UPI,Pending
7989,1356,2024-08-01,Debit Card,Cancelled
7990,1035,2025-03-02,Net Banking,Delivered
7991,1473,2025-08-05,Debit Card,Pending
7992,1083,2025-03-10,Cash on Delivery,Returned
7993,1385,2025-09-16,Cash on Delivery,Returned
7994,1307,2025-11-14,UPI,Pending
7995,1329,2024-08-24,Debit Card,Cancelled
7996,1271,2024-09-21,Cash on Delivery,Cancelled
7997,1316,2025-04-30,Cash on Delivery,Pending
7998,1411,2026-07-04,Credit Card,Pending
7999,1291,2025-09-24,Net Banking,Cancelled
8000,1470,2025-04-03,Credit Card,Delivered
8001,1273,2025-07-12,Credit Card,Returned
8002,1302,2025-04-08,Net Banking,Delivered
8003,1462,2025-10-09,Credit Card,Pending
8004,1397,2026-03-09,Debit Card,Cancelled
8005,1050,2025-06-01,Debit Card,Cancelled
8006,1182,2025-06-04,Credit Card,Returned
8007,1259,2026-05-22,Cash on Delivery,Cancelled
8008,1415,2024-10-21,Debit Card,Pending
8009,1082,2025-10-03,Debit Card,Delivered
8010,1157,2025-03-28,Cash on Delivery,Delivered
8011,1417,2026-01-14,Credit Card,Pending
8012,1125,2026-05-09,Debit Card,Returned
8013,1147,2025-11-22,Net Banking,Returned
8014,1206,2024-09-30,Debit Card,Returned
8015,1292,2026-01-21,UPI,Pending
8016,1323,2026-05-25,Debit Card,Delivered
8017,1155,2024-08-22,Net Banking,Delivered
8018,1479,2026-05-07,Cash on Delivery,Cancelled
8019,1039,2024-11-18,Debit Card,Returned
8020,1044,2026-05-20,Debit Card,Returned
8021,1165,2024-08-29,Credit Card,Pending
8022,1149,2024-09-22,Cash on Delivery,Delivered
8023,1064,2026-01-25,Net Banking,Cancelled
8024,1376,2026-04-19,Cash on Delivery,Delivered
8025,1017,2025-09-03,UPI,Cancelled
8026,1051,2024-09-22,Net Banking,Pending
8027,1368,2025-02-27,Cash on Delivery,Returned
8028,1156,2026-02-13,Debit Card,Pending
8029,1353,2026-05-09,UPI,Delivered
8030,1419,2025-02-19,Cash on Delivery,Delivered
8031,1070,2025-06-11,Debit Card,Delivered
8032,1185,2025-09-12,Credit Card,Pending
8033,1336,2024-08-08,Cash on Delivery,Returned
8034,1389,2025-04-25,Debit Card,Delivered
8035,1326,2025-01-15,Net Banking,Cancelled
8036,1255,2024-11-07,Credit Card,Returned
8037,1277,2025-04-27,Debit Card,Delivered
8038,1062,2025-08-11,Credit Card,Pending
8039,1120,2025-12-06,Credit Card,Pending
8040,1029,2024-12-06,Credit Card,Cancelled
8041,1467,2026-06-21,Debit Card,Delivered
8042,1419,2026-03-16,Debit Card,Cancelled
8043,1168,2026-07-25,Cash on Delivery,Returned
8044,1090,2025-03-30,UPI,Returned
8045,1006,2024-07-31,UPI,Delivered
8046,1470,2025-05-30,Cash on Delivery,Returned
8047,1108,2026-04-08,Credit Card,Returned
8048,1401,2024-08-03,Net Banking,Returned
8049,1375,2026-03-18,Debit Card,Cancelled
8050,1296,2024-11-24,Credit Card,Delivered
8051,1180,2026-02-16,Net Banking,Returned
8052,1009,2024-10-17,Net Banking,Returned
8053,1375,2024-12-22,Credit Card,Returned
8054,1217,2024-12-05,Cash on Delivery,Delivered
8055,1359,2025-03-11,Debit Card,Cancelled
8056,1045,2026-02-11,UPI,Cancelled
8057,1366,2026-07-27,Cash on Delivery,Pending
8058,1425,2025-02-09,Cash on Delivery,Delivered
8059,1228,2025-10-19,Net Banking,Returned
8060,1322,2025-07-11,Credit Card,Returned
8061,1483,2026-02-07,Cash on Delivery,Cancelled
8062,1128,2026-02-14,UPI,Delivered
8063,1309,2026-03-13,Debit Card,Returned
8064,1020,2026-04-05,UPI,Pending
8065,1190,2026-07-25,Debit Card,Pending
8066,1050,2026-02-28,Cash on Delivery,Returned
8067,1288,2026-05-30,Cash on Delivery,Delivered
8068,1341,2025-03-31,Credit Card,Cancelled
8069,1343,2024-09-18,Credit Card,Returned
8070,1392,2025-06-09,Cash on Delivery,Pending
8071,1359,2025-04-09,Net Banking,Returned
8072,1195,2024-10-18,Net Banking,Delivered
8073,1048,2025-09-10,Net Banking,Returned
8074,1319,2025-10-10,UPI,Cancelled
8075,1145,2026-01-22,Net Banking,Returned
8076,1409,2026-06-22,Debit Card,Pending
8077,1155,2026-02-14,UPI,Returned
8078,1486,2024-08-19,Net Banking,Delivered
8079,1020,2025-11-29,UPI,Delivered
8080,1056,2026-10-29,Net Banking,Pending
8081,1233,2024-11-21,Net Banking,Cancelled
8082,1457,2026-04-01,Debit Card,Delivered
8083,1500,2024-10-04,Cash on Delivery,Returned
8084,1343,2025-09-13,Net Banking,Cancelled
8085,1401,2026-03-11,UPI,Pending
8086,1396,2025-01-07,Credit Card,Returned
8087,1304,2025-02-26,Credit Card,Cancelled
8088,1326,2025-08-19,Net Banking,Cancelled
8089,1380,2026-07-26,Net Banking,Delivered
8090,1070,2025-07-22,Credit Card,Cancelled
8091,1322,2025-03-31,Cash on Delivery,Delivered
8092,1275,2026-05-14,UPI,Cancelled
8093,1094,2025-03-18,Credit Card,Cancelled
8094,1044,2024-10-04,Debit Card,Delivered
8095,1161,2025-04-24,Cash on Delivery,Cancelled
8096,1039,2026-03-18,UPI,Delivered
8097,1208,2025-11-18,Cash on Delivery,Pending
8098,1161,2024-11-29,Debit Card,Cancelled
8099,1171,2024-11-18,Debit Card,Cancelled
8100,1343,2025-12-15,Debit Card,Cancelled
8101,1296,2025-11-25,Credit Card,Cancelled
8102,1080,2026-02-12,Credit Card,Cancelled
8103,1427,2025-08-15,Debit Card,Cancelled
8104,1370,2026-06-22,Credit Card,Returned
8105,1344,2024-12-20,UPI,Pending
8106,1282,2025-10-29,Cash on Delivery,Delivered
8107,1187,2026-02-01,Net Banking,Pending
8108,1142,2025-01-16,UPI,Pending
8109,1308,2024-12-09,Debit Card,Returned
8110,1474,2025-10-15,Net Banking,Cancelled
8111,1337,2026-04-27,Debit Card,Delivered
8112,1170,2025-10-02,Credit Card,Returned
8113,1207,2024-11-19,UPI,Returned
8114,1437,2025-04-22,Net Banking,Pending
8115,1397,2024-08-26,Cash on Delivery,Returned
8116,1303,2026-01-15,Credit Card,Pending
8117,1104,2025-12-07,Credit Card,Cancelled
8118,1130,2025-06-08,Debit Card,Delivered
8119,1278,2025-12-28,Cash on Delivery,Returned
8120,1190,2024-08-26,UPI,Delivered
8121,1449,2025-01-02,Debit Card,Delivered
8122,1213,2024-10-25,Cash on Delivery,Delivered
8123,1016,2026-01-17,Net Banking,Cancelled
8124,1193,2024-12-18,UPI,Pending
8125,1094,2024-11-06,Net Banking,Delivered
8126,1069,2026-06-07,Cash on Delivery,Cancelled
8127,1164,2026-01-28,Credit Card,Pending
8128,1073,2024-09-14,UPI,Cancelled
8129,1163,2024-12-19,Cash on Delivery,Delivered
8130,1374,2025-03-08,Cash on Delivery,Pending
8131,1359,2026-02-03,Cash on Delivery,Delivered
8132,1318,2024-09-15,Credit Card,Returned
8133,1193,2024-09-08,Cash on Delivery,Pending
8134,1234,2026-06-05,UPI,Cancelled
8135,1197,2025-09-10,Net Banking,Pending
8136,1387,2024-10-07,Debit Card,Pending
8137,1121,2026-06-24,UPI,Cancelled
8138,1417,2025-03-07,Cash on Delivery,Pending
8139,1159,2025-12-13,Credit Card,Cancelled
8140,1182,2025-09-26,Debit Card,Pending
8141,1310,2025-01-30,Credit Card,Pending
8142,1350,2026-07-16,UPI,Pending
8143,1090,2024-09-20,Cash on Delivery,Returned
8144,1057,2026-01-19,Debit Card,Returned
8145,1183,2026-06-27,Credit Card,Returned
8146,1362,2025-08-10,Credit Card,Cancelled
8147,1439,2024-12-28,Cash on Delivery,Delivered
8148,1160,2025-12-30,Net Banking,Pending
8149,1134,2026-04-15,Credit Card,Delivered
8150,1203,2024-09-29,Credit Card,Pending
8151,1204,2026-02-16,Debit Card,Cancelled
8152,1331,2025-12-08,Net Banking,Cancelled
8153,1202,2026-07-15,Debit Card,Pending
8154,1309,2026-07-16,Credit Card,Pending
8155,1249,2025-07-05,Debit Card,Pending
8156,1432,2025-05-17,Net Banking,Delivered
8157,1475,2024-09-16,Credit Card,Returned
8158,1251,2024-10-07,UPI,Delivered
8159,1483,2026-02-18,UPI,Returned
8160,1043,2026-05-17,Credit Card,Cancelled
8161,1072,2025-08-17,Debit Card,Returned
8162,1408,2025-07-25,UPI,Delivered
8163,1408,2025-12-19,Credit Card,Cancelled
8164,1251,2024-11-27,Debit Card,Delivered
8165,1264,2025-09-13,UPI,Cancelled
8166,1457,2025-09-10,Credit Card,Cancelled
8167,1430,2024-10-20,Net Banking,Pending
8168,1259,2025-11-29,UPI,Delivered
8169,1302,2025-10-07,Debit Card,Cancelled
8170,1342,2026-04-07,Net Banking,Returned
8171,1303,2026-04-06,Cash on Delivery,Cancelled
8172,1367,2024-09-14,Cash on Delivery,Cancelled
8173,1400,2026-01-09,Credit Card,Cancelled
8174,1459,2026-07-14,Net Banking,Delivered
8175,1403,2025-07-17,UPI,Returned
8176,1447,2024-10-16,Cash on Delivery,Delivered
8177,1292,2026-10-29,Cash on Delivery,Pending
8178,1235,2025-02-02,Debit Card,Cancelled
8179,1052,2024-08-11,Cash on Delivery,Returned
8180,1466,2026-07-15,Debit Card,Returned
8181,1007,2025-04-22,Net Banking,Cancelled
8182,1111,2025-03-28,Credit Card,Delivered
8183,1227,2026-05-25,Net Banking,Cancelled
8184,1171,2026-06-25,Cash on Delivery,Cancelled
8185,1153,2026-03-15,Debit Card,Cancelled
8186,1470,2025-10-01,Debit Card,Pending
8187,1182,2024-09-04,Cash on Delivery,Returned
8188,1452,2025-01-18,UPI,Delivered
8189,1173,2025-10-25,Cash on Delivery,Returned
8190,1260,2025-03-24,Net Banking,Delivered
8191,1400,2025-01-15,Cash on Delivery,Returned
8192,1134,2024-10-02,Credit Card,Pending
8193,1382,2024-12-31,UPI,Returned
8194,1136,2024-08-25,Cash on Delivery,Delivered
8195,1363,2026-04-21,UPI,Cancelled
8196,1416,2024-11-28,Net Banking,Pending
8197,1126,2024-08-14,Cash on Delivery,Pending
8198,1252,2026-06-05,Credit Card,Returned
8199,1413,2026-02-28,Cash on Delivery,Cancelled
8200,1407,2025-06-24,Credit Card,Returned
8201,1344,2025-03-14,Cash on Delivery,Delivered
8202,1410,2025-12-31,Cash on Delivery,Pending
8203,1433,2024-11-16,Debit Card,Delivered
8204,1353,2025-04-20,Credit Card,Pending
8205,1246,2025-06-21,Debit Card,Returned
8206,1398,2026-05-11,Debit Card,Delivered
8207,1433,2026-06-14,UPI,Pending
8208,1079,2024-10-30,Net Banking,Cancelled
8209,1005,2024-08-27,Credit Card,Pending
8210,1303,2026-01-07,Cash on Delivery,Delivered
8211,1334,2024-09-21,UPI,Delivered
8212,1255,2025-12-17,Credit Card,Returned
8213,1231,2025-03-18,Credit Card,Delivered
8214,1206,2025-10-17,Credit Card,Cancelled
8215,1476,2025-07-22,Net Banking,Pending
8216,1069,2025-03-03,Credit Card,Cancelled
8217,1332,2026-03-19,Credit Card,Delivered
8218,1089,2026-02-03,Cash on Delivery,Returned
8219,1500,2024-11-01,Cash on Delivery,Cancelled
8220,1363,2026-04-17,Credit Card,Cancelled
8221,1352,2025-11-24,UPI,Cancelled
8222,1389,2024-11-18,Credit Card,Pending
8223,1223,2025-01-24,UPI,Returned
8224,1108,2025-12-01,UPI,Returned
8225,1066,2026-03-14,UPI,Returned
8226,1119,2025-08-20,Debit Card,Pending
8227,1262,2025-04-16,Debit Card,Pending
8228,1125,2025-06-04,Cash on Delivery,Cancelled
8229,1477,2025-02-26,Net Banking,Delivered
8230,1033,2025-01-22,Net Banking,Returned
8231,1481,2024-08-20,Net Banking,Pending
8232,1003,2025-04-17,Credit Card,Returned
8233,1185,2025-06-26,Net Banking,Pending
8234,1198,2025-01-30,UPI,Pending
8235,1325,2026-06-11,Cash on Delivery,Delivered
8236,1449,2026-03-22,Debit Card,Returned
8237,1025,2025-03-01,Cash on Delivery,Cancelled
8238,1161,2024-11-03,Net Banking,Pending
8239,1318,2026-01-07,Net Banking,Delivered
8240,1103,2025-04-22,UPI,Cancelled
8241,1340,2025-02-01,Debit Card,Delivered
8242,1380,2026-05-05,Credit Card,Delivered
8243,1173,2025-09-29,UPI,Pending
8244,1491,2025-11-17,Cash on Delivery,Cancelled
8245,1391,2026-05-23,Debit Card,Delivered
8246,1011,2025-07-23,Net Banking,Returned
8247,1251,2025-09-02,Debit Card,Pending
8248,1484,2025-12-07,Cash on Delivery,Delivered
8249,1189,2026-01-10,Cash on Delivery,Pending
8250,1412,2025-08-17,Debit Card,Returned
8251,1089,2025-03-12,Debit Card,Cancelled
8252,1195,2025-12-26,Net Banking,Delivered
8253,1184,2024-11-06,Credit Card,Pending
8254,1123,2025-09-24,Credit Card,Pending
8255,1334,2025-04-21,Credit Card,Returned
8256,1500,2025-12-19,UPI,Returned
8257,1325,2025-04-24,Cash on Delivery,Delivered
8258,1096,2025-08-21,Cash on Delivery,Pending
8259,1050,2026-01-13,UPI,Cancelled
8260,1042,2026-06-17,Debit Card,Pending
8261,1070,2024-12-25,UPI,Returned
8262,1392,2024-12-15,Cash on Delivery,Cancelled
8263,1023,2026-04-19,Debit Card,Returned
8264,1089,2024-10-24,UPI,Returned
8265,1455,2024-12-13,Net Banking,Returned
8266,1095,2024-08-31,Cash on Delivery,Delivered
8267,1332,2026-02-10,Cash on Delivery,Cancelled
8268,1455,2024-09-16,UPI,Pending
8269,1458,2024-11-21,Debit Card,Returned
8270,1062,2025-03-25,UPI,Returned
8271,1195,2025-12-13,Cash on Delivery,Returned
8272,1324,2026-04-06,Debit Card,Pending
8273,1181,2024-09-24,Cash on Delivery,Returned
8274,1159,2026-07-03,Debit Card,Delivered
8275,1290,2025-05-12,Debit Card,Delivered
8276,1467,2025-09-27,UPI,Returned
8277,1297,2024-08-05,Net Banking,Returned
8278,1293,2026-06-21,Credit Card,Pending
8279,1190,2025-02-23,Net Banking,Cancelled
8280,1256,2026-05-28,Net Banking,Delivered
8281,1270,2025-10-24,UPI,Cancelled
8282,1370,2026-04-09,Net Banking,Delivered
8283,1432,2024-09-29,Cash on Delivery,Cancelled
8284,1405,2025-11-22,Debit Card,Returned
8285,1205,2025-03-29,Credit Card,Pending
8286,1324,2024-11-07,Cash on Delivery,Returned
8287,1067,2026-03-23,Cash on Delivery,Delivered
8288,1420,2025-02-04,Cash on Delivery,Pending
8289,1075,2026-06-28,Net Banking,Pending
8290,1102,2025-08-13,Cash on Delivery,Cancelled
8291,1142,2026-05-14,Debit Card,Pending
8292,1255,2026-03-22,Cash on Delivery,Cancelled
8293,1263,2025-05-25,Cash on Delivery,Returned
8294,1020,2025-02-25,Credit Card,Delivered
8295,1075,2025-12-05,Credit Card,Delivered
8296,1460,2026-02-17,Net Banking,Pending
8297,1069,2024-08-26,Debit Card,Returned
8298,1361,2026-07-17,Net Banking,Cancelled
8299,1006,2026-06-22,Cash on Delivery,Delivered
8300,1340,2025-06-03,Net Banking,Cancelled
8301,1079,2025-10-23,Debit Card,Returned
8302,1253,2026-07-14,Debit Card,Pending
8303,1423,2024-12-18,Debit Card,Cancelled
8304,1267,2025-08-20,Cash on Delivery,Returned
8305,1407,2024-11-30,Net Banking,Returned
8306,1358,2025-12-26,Cash on Delivery,Returned
8307,1043,2025-05-29,UPI,Cancelled
8308,1197,2025-09-23,Cash on Delivery,Returned
8309,1017,2025-05-10,Credit Card,Pending
8310,1177,2025-07-12,Net Banking,Delivered
8311,1393,2025-11-06,Credit Card,Returned
8312,1208,2025-05-10,Credit Card,Delivered
8313,1173,2025-12-07,Cash on Delivery,Returned
8314,1281,2026-06-08,Net Banking,Pending
8315,1028,2025-12-01,UPI,Pending
8316,1014,2026-03-06,Debit Card,Pending
8317,1009,2025-07-14,Debit Card,Delivered
8318,1401,2025-07-26,Debit Card,Cancelled
8319,1488,2025-06-11,Credit Card,Delivered
8320,1409,2025-04-27,Debit Card,Returned
8321,1228,2024-12-22,Net Banking,Pending
8322,1005,2026-07-18,Debit Card,Cancelled
8323,1123,2025-04-04,Cash on Delivery,Delivered
8324,1351,2024-12-13,Debit Card,Returned
8325,1292,2026-01-01,Net Banking,Returned
8326,1331,2024-08-14,Debit Card,Cancelled
8327,1103,2025-02-08,Net Banking,Pending
8328,1189,2026-05-10,Net Banking,Cancelled
8329,1283,2025-01-27,UPI,Cancelled
8330,1205,2025-03-03,UPI,Pending
8331,1308,2025-07-11,Cash on Delivery,Returned
8332,1112,2025-04-01,Net Banking,Cancelled
8333,1426,2025-07-14,Debit Card,Pending
8334,1414,2024-11-13,Net Banking,Pending
8335,1429,2025-08-25,UPI,Returned
8336,1370,2025-12-30,UPI,Returned
8337,1240,2026-01-27,Cash on Delivery,Returned
8338,1484,2025-11-02,Net Banking,Pending
8339,1111,2026-04-17,Net Banking,Delivered
8340,1148,2024-07-31,Credit Card,Pending
8341,1257,2026-03-13,UPI,Delivered
8342,1257,2025-05-07,Debit Card,Cancelled
8343,1272,2025-02-26,UPI,Pending
8344,1358,2025-03-10,UPI,Delivered
8345,1010,2026-03-27,Debit Card,Returned
8346,1236,2026-06-13,Cash on Delivery,Delivered
8347,1059,2026-07-15,Debit Card,Returned
8348,1407,2024-12-05,Debit Card,Delivered
8349,1390,2024-11-12,Net Banking,Cancelled
8350,1039,2025-01-15,Cash on Delivery,Delivered
8351,1409,2026-07-20,Credit Card,Cancelled
8352,1338,2025-08-04,Credit Card,Pending
8353,1499,2025-12-22,UPI,Cancelled
8354,1289,2025-05-04,Credit Card,Cancelled
8355,1158,2026-05-23,Net Banking,Pending
8356,1260,2025-06-04,UPI,Pending
8357,1473,2026-04-09,Net Banking,Delivered
8358,1140,2026-03-24,Net Banking,Cancelled
8359,1389,2025-01-23,UPI,Pending
8360,1006,2024-10-26,Net Banking,Delivered
8361,1064,2024-09-08,Debit Card,Returned
8362,1200,2026-02-03,Debit Card,Pending
8363,1457,2024-12-27,Net Banking,Delivered
8364,1251,2026-03-10,Net Banking,Pending
8365,1067,2024-09-07,Net Banking,Pending
8366,1261,2026-02-23,Debit Card,Delivered
8367,1188,2024-10-18,Net Banking,Pending
8368,1081,2025-03-29,Net Banking,Delivered
8369,1240,2024-07-30,Credit Card,Delivered
8370,1382,2025-02-21,Cash on Delivery,Pending
8371,1247,2026-02-22,Cash on Delivery,Pending
8372,1166,2026-07-04,Cash on Delivery,Delivered
8373,1277,2025-02-06,Net Banking,Delivered
8374,1189,2025-12-22,Debit Card,Returned
8375,1234,2026-07-04,Cash on Delivery,Cancelled
8376,1473,2024-10-16,Debit Card,Returned
8377,1200,2025-08-01,Net Banking,Delivered
8378,1011,2026-06-11,Debit Card,Pending
8379,1173,2026-07-08,Net Banking,Returned
8380,1247,2024-11-07,Credit Card,Delivered
8381,1243,2024-09-05,Credit Card,Cancelled
8382,1070,2024-09-23,Cash on Delivery,Delivered
8383,1322,2025-11-22,Credit Card,Delivered
8384,1415,2025-09-24,Cash on Delivery,Pending
8385,1433,2025-07-02,Debit Card,Returned
8386,1371,2026-05-31,Net Banking,Returned
8387,1348,2025-09-16,Credit Card,Cancelled
8388,1343,2025-03-13,Cash on Delivery,Delivered
8389,1313,2026-04-27,Credit Card,Returned
8390,1450,2024-11-05,Net Banking,Cancelled
8391,1293,2026-01-17,Credit Card,Delivered
8392,1164,2026-06-05,Credit Card,Cancelled
8393,1193,2025-05-11,Cash on Delivery,Pending
8394,1071,2025-08-09,UPI,Pending
8395,1230,2025-12-24,Credit Card,Cancelled
8396,1148,2025-11-20,Net Banking,Delivered
8397,1496,2026-05-06,Cash on Delivery,Cancelled
8398,1063,2024-10-07,Debit Card,Delivered
8399,1414,2025-04-28,Debit Card,Returned
8400,1473,2025-09-21,UPI,Returned
8401,1174,2025-03-07,Credit Card,Pending
8402,1427,2025-10-15,Cash on Delivery,Returned
8403,1446,2024-09-24,Debit Card,Pending
8404,1488,2026-07-12,Credit Card,Pending
8405,1152,2025-11-29,Cash on Delivery,Cancelled
8406,1494,2024-09-04,Cash on Delivery,Cancelled
8407,1209,2026-02-24,Credit Card,Delivered
8408,1057,2024-09-23,Net Banking,Returned
8409,1205,2025-10-03,Credit Card,Returned
8410,1178,2026-02-19,Debit Card,Delivered
8411,1346,2026-06-27,Credit Card,Pending
8412,1163,2025-08-02,Credit Card,Cancelled
8413,1183,2024-09-27,Net Banking,Delivered
8414,1050,2026-07-17,Net Banking,Cancelled
8415,1417,2025-11-10,Cash on Delivery,Pending
8416,1156,2025-01-16,Debit Card,Pending
8417,1329,2026-03-29,Net Banking,Pending
8418,1497,2026-01-06,Debit Card,Cancelled
8419,1394,2025-01-30,UPI,Cancelled
8420,1483,2024-08-09,Debit Card,Cancelled
8421,1252,2026-07-10,UPI,Pending
8422,1397,2025-05-03,Net Banking,Delivered
8423,1339,2025-05-10,Net Banking,Delivered
8424,1013,2025-03-24,Debit Card,Delivered
8425,1232,2024-12-09,Debit Card,Returned
8426,1102,2025-02-26,UPI,Returned
8427,1294,2025-04-09,Cash on Delivery,Pending
8428,1421,2025-08-10,Debit Card,Returned
8429,1275,2025-04-15,Cash on Delivery,Pending
8430,1446,2025-06-13,UPI,Cancelled
8431,1420,2025-01-14,Credit Card,Delivered
8432,1307,2025-12-02,Net Banking,Cancelled
8433,1375,2025-11-19,Credit Card,Pending
8434,1348,2026-04-11,Credit Card,Delivered
8435,1100,2024-09-26,UPI,Pending
8436,1457,2025-07-11,Net Banking,Returned
8437,1192,2025-09-18,UPI,Cancelled
8438,1166,2025-07-03,Credit Card,Delivered
8439,1046,2024-12-18,Debit Card,Pending
8440,1142,2026-05-18,Cash on Delivery,Cancelled
8441,1392,2025-11-22,Debit Card,Returned
8442,1301,2024-08-06,Cash on Delivery,Returned
8443,1305,2025-10-24,Credit Card,Pending
8444,1216,2026-04-05,Credit Card,Returned
8445,1340,2024-12-10,Net Banking,Returned
8446,1245,2026-01-01,Debit Card,Cancelled
8447,1280,2024-08-20,UPI,Delivered
8448,1365,2025-09-02,Cash on Delivery,Cancelled
8449,1248,2026-02-05,Debit Card,Pending
8450,1301,2024-12-11,UPI,Delivered
8451,1018,2026-05-10,Credit Card,Delivered
8452,1386,2025-08-28,Cash on Delivery,Cancelled
8453,1234,2024-09-20,Debit Card,Pending
8454,1195,2026-01-15,UPI,Returned
8455,1303,2025-08-13,Cash on Delivery,Cancelled
8456,1122,2025-09-15,Debit Card,Delivered
8457,1463,2025-10-19,Debit Card,Cancelled
8458,1211,2024-09-11,Debit Card,Pending
8459,1256,2025-04-06,UPI,Returned
8460,1439,2024-12-06,Net Banking,Cancelled
8461,1471,2026-04-27,Cash on Delivery,Delivered
8462,1258,2026-02-20,Credit Card,Delivered
8463,1284,2026-04-21,Cash on Delivery,Pending
8464,1342,2025-08-03,UPI,Returned
8465,1113,2025-05-05,Debit Card,Cancelled
8466,1357,2025-12-10,Debit Card,Pending
8467,1189,2025-11-29,Cash on Delivery,Delivered
8468,1044,2025-11-30,Credit Card,Delivered
8469,1248,2026-07-18,UPI,Cancelled
8470,1092,2026-07-21,Debit Card,Delivered
8471,1470,2025-12-18,UPI,Cancelled
8472,1150,2026-02-25,Net Banking,Cancelled
8473,1156,2024-11-19,Cash on Delivery,Cancelled
8474,1346,2025-09-19,Debit Card,Returned
8475,1274,2024-10-21,Credit Card,Delivered
8476,1034,2025-08-25,Net Banking,Delivered
8477,1439,2025-07-09,Cash on Delivery,Pending
8478,1436,2026-01-31,Credit Card,Delivered
8479,1386,2025-09-30,UPI,Pending
8480,1167,2026-01-01,Net Banking,Delivered
8481,1167,2026-04-01,Net Banking,Returned
8482,1268,2025-09-26,Debit Card,Pending
8483,1277,2025-03-30,Cash on Delivery,Cancelled
8484,1431,2025-10-09,Debit Card,Returned
8485,1292,2025-07-04,UPI,Pending
8486,1340,2025-03-29,UPI,Cancelled
8487,1390,2024-11-04,UPI,Delivered
8488,1298,2026-06-25,Net Banking,Pending
8489,1434,2025-12-20,UPI,Cancelled
8490,1040,2024-11-08,Cash on Delivery,Cancelled
8491,1005,2026-04-25,Debit Card,Pending
8492,1029,2025-01-06,Credit Card,Returned
8493,1381,2026-05-27,Debit Card,Delivered
8494,1332,2025-12-29,UPI,Delivered
8495,1193,2024-10-26,Cash on Delivery,Returned
8496,1146,2024-11-20,Debit Card,Delivered
8497,1490,2026-06-20,Credit Card,Returned
8498,1219,2025-03-07,Debit Card,Delivered
8499,1216,2026-01-25,Credit Card,Returned
8500,1377,2025-05-16,UPI,Returned
8501,1324,2025-11-20,Debit Card,Delivered
8502,1107,2024-10-15,Debit Card,Cancelled
8503,1073,2025-04-29,Net Banking,Delivered
8504,1472,2025-10-09,Debit Card,Cancelled
8505,1080,2025-12-09,Cash on Delivery,Pending
8506,1339,2025-02-04,UPI,Cancelled
8507,1455,2024-09-14,Net Banking,Delivered
8508,1466,2025-09-26,Cash on Delivery,Pending
8509,1283,2025-01-13,UPI,Delivered
8510,1464,2024-10-26,Net Banking,Cancelled
8511,1116,2025-11-15,Cash on Delivery,Delivered
8512,1248,2026-07-05,UPI,Delivered
8513,1371,2025-10-01,Debit Card,Pending
8514,1322,2026-06-10,Credit Card,Returned
8515,1429,2025-08-02,Debit Card,Returned
8516,1448,2025-10-11,Net Banking,Pending
8517,1149,2025-04-23,Net Banking,Delivered
8518,1194,2025-06-30,Credit Card,Cancelled
8519,1188,2024-09-17,Credit Card,Pending
8520,1346,2025-03-31,Credit Card,Cancelled
8521,1480,2025-03-30,Credit Card,Cancelled
8522,1146,2024-09-01,Cash on Delivery,Delivered
8523,1325,2025-07-11,Credit Card,Delivered
8524,1305,2026-03-28,Debit Card,Returned
8525,1378,2024-08-09,Credit Card,Delivered
8526,1270,2024-10-03,Debit Card,Delivered
8527,1352,2024-10-28,Debit Card,Cancelled
8528,1180,2024-11-25,UPI,Delivered
8529,1147,2025-11-16,Credit Card,Pending
8530,1361,2025-07-14,UPI,Returned
8531,1374,2024-08-04,Cash on Delivery,Delivered
8532,1391,2025-11-25,Credit Card,Cancelled
8533,1440,2026-02-18,UPI,Cancelled
8534,1400,2026-01-30,Cash on Delivery,Returned
8535,1146,2025-03-11,Net Banking,Returned
8536,1134,2024-10-24,Cash on Delivery,Returned
8537,1153,2024-11-01,UPI,Delivered
8538,1092,2026-01-17,Debit Card,Pending
8539,1003,2026-03-15,UPI,Pending
8540,1358,2025-04-24,UPI,Pending
8541,1059,2026-03-10,Debit Card,Cancelled
8542,1489,2026-06-17,Cash on Delivery,Delivered
8543,1423,2026-05-10,Debit Card,Delivered
8544,1097,2024-09-09,Debit Card,Cancelled
8545,1339,2026-04-14,UPI,Cancelled
8546,1308,2025-05-17,Credit Card,Delivered
8547,1340,2025-05-12,Cash on Delivery,Pending
8548,1099,2024-09-21,UPI,Cancelled
8549,1317,2024-08-02,Net Banking,Returned
8550,1376,2026-07-14,Cash on Delivery,Cancelled
8551,1113,2026-07-12,Net Banking,Delivered
8552,1164,2025-02-11,UPI,Returned
8553,1292,2025-03-17,UPI,Returned
8554,1362,2024-10-23,Net Banking,Delivered
8555,1267,2024-08-26,Credit Card,Cancelled
8556,1170,2026-03-27,Debit Card,Cancelled
8557,1200,2025-01-24,UPI,Cancelled
8558,1070,2026-03-26,UPI,Returned
8559,1148,2026-01-05,Debit Card,Pending
8560,1375,2025-12-15,Debit Card,Returned
8561,1062,2026-05-09,UPI,Cancelled
8562,1389,2025-05-08,Credit Card,Cancelled
8563,1168,2025-11-10,Credit Card,Pending
8564,1185,2025-08-28,Net Banking,Cancelled
8565,1427,2025-04-23,UPI,Delivered
8566,1048,2025-04-12,Net Banking,Cancelled
8567,1275,2025-11-08,Net Banking,Delivered
8568,1296,2024-11-01,Credit Card,Pending
8569,1471,2024-12-22,UPI,Delivered
8570,1378,2025-06-16,Credit Card,Cancelled
8571,1488,2026-05-21,Debit Card,Returned
8572,1301,2024-11-21,Cash on Delivery,Pending
8573,1045,2025-11-11,Net Banking,Returned
8574,1487,2025-10-02,Cash on Delivery,Delivered
8575,1304,2025-05-24,UPI,Cancelled
8576,1491,2025-01-26,Cash on Delivery,Cancelled
8577,1072,2025-01-11,Credit Card,Delivered
8578,1333,2026-03-08,Debit Card,Pending
8579,1465,2024-09-28,Credit Card,Pending
8580,1008,2025-09-15,Credit Card,Pending
8581,1223,2025-02-13,Cash on Delivery,Delivered
8582,1386,2026-06-19,Credit Card,Pending
8583,1135,2025-07-19,Debit Card,Delivered
8584,1113,2026-05-07,Debit Card,Returned
8585,1227,2025-12-23,Net Banking,Returned
8586,1212,2025-11-13,Credit Card,Returned
8587,1384,2026-07-28,Debit Card,Pending
8588,1309,2025-08-26,Net Banking,Returned
8589,1003,2025-10-02,Cash on Delivery,Returned
8590,1456,2024-08-01,Debit Card,Cancelled
8591,1240,2025-06-20,Debit Card,Returned
8592,1416,2024-12-20,Net Banking,Returned
8593,1370,2024-07-31,Cash on Delivery,Cancelled
8594,1246,2025-06-07,Credit Card,Delivered
8595,1098,2026-05-19,Cash on Delivery,Returned
8596,1179,2025-10-22,UPI,Returned
8597,1410,2024-12-23,Credit Card,Delivered
8598,1035,2025-02-05,Credit Card,Delivered
8599,1138,2024-11-18,UPI,Cancelled
8600,1119,2024-12-06,Credit Card,Cancelled
8601,1132,2024-08-23,UPI,Pending
8602,1064,2025-11-01,Credit Card,Pending
8603,1384,2025-04-01,UPI,Delivered
8604,1151,2025-09-24,Debit Card,Pending
8605,1281,2025-06-24,Credit Card,Returned
8606,1492,2025-07-06,Net Banking,Pending
8607,1409,2024-11-28,Cash on Delivery,Returned
8608,1408,2024-09-19,Credit Card,Delivered
8609,1014,2024-12-10,Debit Card,Cancelled
8610,1138,2025-01-22,Credit Card,Delivered
8611,1489,2024-09-16,Credit Card,Cancelled
8612,1114,2026-04-07,Credit Card,Cancelled
8613,1110,2024-09-24,UPI,Delivered
8614,1308,2025-11-24,Cash on Delivery,Pending
8615,1156,2026-02-09,Cash on Delivery,Returned
8616,1098,2026-01-02,Credit Card,Pending
8617,1343,2025-07-02,UPI,Pending
8618,1151,2025-03-02,Credit Card,Returned
8619,1089,2025-10-18,Cash on Delivery,Pending
8620,1004,2025-04-19,UPI,Returned
8621,1321,2025-02-26,Cash on Delivery,Cancelled
8622,1217,2025-03-27,Debit Card,Cancelled
8623,1160,2026-02-08,Debit Card,Returned
8624,1255,2025-08-13,Cash on Delivery,Returned
8625,1086,2026-06-18,Credit Card,Pending
8626,1129,2025-01-06,Cash on Delivery,Returned
8627,1162,2025-07-17,Net Banking,Pending
8628,1183,2025-04-19,Debit Card,Cancelled
8629,1123,2024-10-30,UPI,Cancelled
8630,1101,2026-07-04,Net Banking,Pending
8631,1422,2026-07-27,Net Banking,Delivered
8632,1017,2025-08-21,Cash on Delivery,Delivered
8633,1091,2024-10-06,Debit Card,Pending
8634,1471,2025-12-05,Credit Card,Cancelled
8635,1395,2025-09-01,Debit Card,Cancelled
8636,1376,2025-12-29,Debit Card,Cancelled
8637,1498,2024-12-03,Debit Card,Cancelled
8638,1336,2025-02-05,Net Banking,Pending
8639,1395,2025-12-27,Net Banking,Returned
8640,1079,2026-04-08,UPI,Cancelled
8641,1460,2026-05-25,Credit Card,Cancelled
8642,1491,2026-05-21,Debit Card,Delivered
8643,1462,2026-06-28,UPI,Pending
8644,1396,2026-02-23,UPI,Pending
8645,1075,2025-11-05,Debit Card,Returned
8646,1195,2024-08-15,Cash on Delivery,Cancelled
8647,1182,2024-12-27,Net Banking,Delivered
8648,1200,2026-06-08,Net Banking,Delivered
8649,1153,2024-08-17,UPI,Delivered
8650,1262,2026-05-01,Credit Card,Pending
8651,1117,2026-06-10,Net Banking,Returned
8652,1451,2025-02-21,Debit Card,Delivered
8653,1432,2024-11-21,Net Banking,Delivered
8654,1332,2026-07-15,Credit Card,Returned
8655,1129,2025-01-25,Net Banking,Delivered
8656,1177,2025-11-30,UPI,Cancelled
8657,1402,2024-09-03,UPI,Pending
8658,1014,2024-10-31,Net Banking,Pending
8659,1133,2025-09-06,Net Banking,Delivered
8660,1021,2025-10-25,UPI,Cancelled
8661,1335,2026-01-10,Debit Card,Cancelled
8662,1471,2025-03-23,Net Banking,Cancelled
8663,1102,2026-06-29,UPI,Delivered
8664,1089,2026-04-04,Credit Card,Cancelled
8665,1178,2026-07-21,UPI,Returned
8666,1429,2025-11-29,Cash on Delivery,Pending
8667,1066,2026-01-21,Cash on Delivery,Returned
8668,1436,2024-09-26,UPI,Returned
8669,1351,2024-11-22,Net Banking,Returned
8670,1225,2025-06-02,Cash on Delivery,Returned
8671,1480,2024-11-19,Debit Card,Returned
8672,1365,2025-02-28,UPI,Returned
8673,1312,2024-12-28,UPI,Delivered
8674,1259,2025-06-21,Debit Card,Pending
8675,1256,2025-12-26,Credit Card,Cancelled
8676,1102,2026-02-02,Credit Card,Delivered
8677,1134,2025-05-15,Cash on Delivery,Cancelled
8678,1293,2025-11-20,Debit Card,Delivered
8679,1310,2024-10-20,Credit Card,Cancelled
8680,1481,2025-01-23,Credit Card,Returned
8681,1377,2025-10-11,Cash on Delivery,Returned
8682,1216,2025-12-17,UPI,Delivered
8683,1123,2025-07-11,Net Banking,Cancelled
8684,1383,2025-07-08,Debit Card,Pending
8685,1307,2026-03-19,Cash on Delivery,Cancelled
8686,1432,2025-02-18,UPI,Pending
8687,1145,2025-06-18,Net Banking,Delivered
8688,1299,2025-06-18,Debit Card,Returned
8689,1212,2025-08-07,UPI,Delivered
8690,1381,2025-05-06,Net Banking,Delivered
8691,1275,2024-09-29,Debit Card,Returned
8692,1269,2024-11-29,UPI,Delivered
8693,1450,2025-12-16,Net Banking,Delivered
8694,1348,2025-06-10,Credit Card,Returned
8695,1014,2025-07-05,Credit Card,Delivered
8696,1495,2025-11-12,Debit Card,Pending
8697,1206,2025-12-20,Credit Card,Delivered
8698,1394,2025-07-04,UPI,Cancelled
8699,1462,2025-11-15,Credit Card,Returned
8700,1130,2026-04-27,Cash on Delivery,Returned
8701,1093,2025-04-08,UPI,Returned
8702,1339,2025-02-03,UPI,Returned
8703,1028,2025-11-19,Net Banking,Returned
8704,1439,2025-11-30,Net Banking,Returned
8705,1413,2026-01-31,Debit Card,Pending
8706,1080,2024-11-26,Credit Card,Returned
8707,1117,2026-04-18,Net Banking,Returned
8708,1110,2025-08-25,Debit Card,Returned
8709,1039,2026-01-28,Debit Card,Cancelled
8710,1006,2026-06-11,Credit Card,Cancelled
8711,1071,2025-10-02,UPI,Pending
8712,1214,2026-07-28,UPI,Delivered
8713,1194,2026-10-29,Credit Card,Pending
8714,1089,2024-08-14,Credit Card,Pending
8715,1307,2026-07-12,Debit Card,Returned
8716,1320,2025-03-02,Net Banking,Pending
8717,1432,2024-08-11,Credit Card,Pending
8718,1352,2026-03-09,Net Banking,Delivered
8719,1224,2026-03-12,Credit Card,Pending
8720,1415,2026-07-25,Debit Card,Cancelled
8721,1039,2026-04-19,Net Banking,Returned
8722,1471,2025-04-03,UPI,Returned
8723,1113,2026-04-13,Cash on Delivery,Delivered
8724,1372,2024-08-03,Credit Card,Cancelled
8725,1147,2026-04-04,UPI,Delivered
8726,1027,2025-07-18,Net Banking,Cancelled
8727,1479,2025-05-18,Net Banking,Returned
8728,1045,2026-07-28,UPI,Delivered
8729,1407,2026-04-01,Net Banking,Cancelled
8730,1207,2024-09-14,Credit Card,Pending
8731,1489,2025-11-14,UPI,Returned
8732,1468,2025-01-17,Net Banking,Pending
8733,1157,2024-08-02,Debit Card,Delivered
8734,1269,2024-12-18,Credit Card,Pending
8735,1018,2026-01-28,Credit Card,Returned
8736,1413,2025-06-06,Cash on Delivery,Cancelled
8737,1307,2026-03-28,Debit Card,Returned
8738,1050,2024-10-28,Credit Card,Pending
8739,1273,2025-02-14,Cash on Delivery,Pending
8740,1323,2026-06-08,Net Banking,Pending
8741,1054,2025-04-09,UPI,Cancelled
8742,1089,2025-01-05,UPI,Returned
8743,1484,2025-10-17,Net Banking,Delivered
8744,1166,2024-09-07,UPI,Returned
8745,1414,2024-08-07,Debit Card,Cancelled
8746,1092,2024-10-17,Debit Card,Returned
8747,1340,2025-11-19,UPI,Delivered
8748,1035,2025-06-29,Debit Card,Returned
8749,1458,2025-03-30,Net Banking,Pending
8750,1393,2025-08-28,Credit Card,Pending
8751,1181,2025-03-07,Debit Card,Delivered
8752,1435,2025-12-18,Cash on Delivery,Cancelled
8753,1468,2024-11-18,Credit Card,Delivered
8754,1166,2024-11-14,Cash on Delivery,Returned
8755,1488,2026-01-17,Debit Card,Cancelled
8756,1107,2025-07-22,Debit Card,Returned
8757,1199,2024-08-03,Debit Card,Pending
8758,1472,2024-10-09,UPI,Delivered
8759,1467,2024-08-01,Net Banking,Delivered
8760,1341,2026-02-03,Credit Card,Pending
8761,1338,2026-02-06,Cash on Delivery,Cancelled
8762,1321,2025-08-31,Credit Card,Returned
8763,1222,2025-08-14,UPI,Returned
8764,1030,2026-04-07,UPI,Returned
8765,1053,2025-06-05,Cash on Delivery,Pending
8766,1413,2025-10-24,UPI,Pending
8767,1167,2025-08-13,UPI,Cancelled
8768,1167,2026-02-26,Cash on Delivery,Returned
8769,1201,2026-03-21,Debit Card,Pending
8770,1199,2025-07-20,Credit Card,Delivered
8771,1346,2026-03-22,UPI,Returned
8772,1193,2025-01-31,Credit Card,Returned
8773,1011,2024-11-04,UPI,Cancelled
8774,1125,2024-08-07,Net Banking,Delivered
8775,1467,2025-08-17,Net Banking,Delivered
8776,1154,2026-07-05,Net Banking,Cancelled
8777,1255,2024-10-17,Net Banking,Pending
8778,1029,2024-10-01,Net Banking,Delivered
8779,9999,2025-11-03,Credit Card,Pending
8780,1328,2025-11-11,Net Banking,Returned
8781,1277,2026-05-31,Net Banking,Delivered
8782,1076,2025-05-07,UPI,Cancelled
8783,1208,2026-05-27,Cash on Delivery,Cancelled
8784,1309,2025-02-24,UPI,Pending
8785,1107,2025-05-03,Net Banking,Cancelled
8786,1363,2024-10-24,Cash on Delivery,Pending
8787,1420,2025-03-29,Cash on Delivery,Cancelled
8788,1469,2025-04-25,Cash on Delivery,Pending
8789,1344,2025-09-01,Cash on Delivery,Cancelled
8790,1075,2026-01-20,Cash on Delivery,Delivered
8791,1321,2024-11-11,UPI,Delivered
8792,1406,2026-07-25,Cash on Delivery,Cancelled
8793,1250,2026-01-27,UPI,Pending
8794,1217,2026-06-15,UPI,Pending
8795,1357,2026-03-15,Credit Card,Delivered
8796,1058,2026-04-28,Cash on Delivery,Returned
8797,1457,2024-11-24,Debit Card,Pending
8798,1224,2025-04-16,Cash on Delivery,Delivered
8799,1393,2024-11-30,Cash on Delivery,Pending
8800,1312,2025-08-12,Debit Card,Cancelled
8801,1217,2025-07-15,UPI,Pending
8802,1306,2026-04-27,Cash on Delivery,Pending
8803,1430,2026-03-13,Net Banking,Delivered
8804,1169,2026-03-20,UPI,Returned
8805,1137,2026-03-01,Debit Card,Cancelled
8806,1419,2026-03-08,Cash on Delivery,Cancelled
8807,1184,2025-05-08,UPI,Cancelled
8808,1421,2024-12-09,Credit Card,Pending
8809,1485,2025-08-08,Cash on Delivery,Returned
8810,1368,2025-12-27,UPI,Cancelled
8811,1416,2025-07-10,Debit Card,Delivered
8812,1118,2025-07-31,Net Banking,Delivered
8813,1339,2025-01-03,Debit Card,Cancelled
8814,1046,2025-04-17,UPI,Pending
8815,1159,2025-05-29,UPI,Pending
8816,1055,2025-11-27,Net Banking,Returned
8817,1441,2024-10-18,Net Banking,Returned
8818,1326,2025-10-07,UPI,Cancelled
8819,1353,2026-05-17,Net Banking,Pending
8820,1261,2026-02-21,Debit Card,Returned
8821,1342,2026-02-12,Credit Card,Returned
8822,1152,2026-01-02,Cash on Delivery,Cancelled
8823,1026,2024-12-26,Cash on Delivery,Returned
8824,1374,2026-07-06,UPI,Returned
8825,1297,2024-12-17,Cash on Delivery,Cancelled
8826,1332,2026-04-14,Cash on Delivery,Delivered
8827,1009,2024-11-27,UPI,Returned
8828,1157,2025-03-14,Cash on Delivery,Returned
8829,1423,2026-05-26,Cash on Delivery,Delivered
8830,1007,2026-03-16,Net Banking,Delivered
8831,1418,2024-11-10,Debit Card,Delivered
8832,1049,2024-10-21,Net Banking,Cancelled
8833,1211,2024-11-09,Debit Card,Pending
8834,1368,2025-12-18,UPI,Pending
8835,1456,2025-06-30,Cash on Delivery,Delivered
8836,1321,2025-05-26,Credit Card,Delivered
8837,1361,2025-05-01,Net Banking,Cancelled
8838,1274,2025-08-22,Credit Card,Pending
8839,1192,2025-05-23,UPI,Pending
8840,1318,2025-09-15,UPI,Delivered
8841,1324,2025-11-14,Credit Card,Delivered
8842,1282,2025-01-11,Cash on Delivery,Pending
8843,1335,2025-05-07,Debit Card,Pending
8844,1270,2025-08-11,Credit Card,Cancelled
8845,1140,2025-09-13,Net Banking,Delivered
8846,1361,2026-04-10,UPI,Delivered
8847,1360,2024-10-25,Debit Card,Returned
8848,1286,2024-08-16,Debit Card,Returned
8849,1309,2025-07-28,Cash on Delivery,Cancelled
8850,1214,2025-12-27,UPI,Cancelled
8851,1288,2026-06-15,Cash on Delivery,Delivered
8852,1022,2026-03-16,Cash on Delivery,Pending
8853,1408,2026-04-18,Net Banking,Pending
8854,1287,2024-09-08,Credit Card,Cancelled
8855,1198,2025-10-04,Debit Card,Returned
8856,1049,2025-12-02,Cash on Delivery,Delivered
8857,1197,2026-07-27,UPI,Pending
8858,1453,2026-02-04,Net Banking,Pending
8859,1366,2025-03-18,Debit Card,Pending
8860,1407,2024-08-04,Cash on Delivery,Returned
8861,1090,2024-11-18,Debit Card,Pending
8862,1260,2026-10-29,Net Banking,Cancelled
8863,1069,2026-01-18,UPI,Pending
8864,1411,2026-02-11,Cash on Delivery,Cancelled
8865,1472,2024-11-01,Credit Card,Cancelled
8866,1037,2024-09-08,Cash on Delivery,Delivered
8867,1285,2024-12-19,Debit Card,Cancelled
8868,1032,2025-06-17,Credit Card,Delivered
8869,1361,2026-04-22,UPI,Cancelled
8870,1329,2024-12-02,Debit Card,Returned
8871,1412,2025-09-05,Cash on Delivery,Pending
8872,1308,2025-01-19,Debit Card,Returned
8873,1026,2026-05-10,Net Banking,Delivered
8874,1062,2025-10-10,UPI,Returned
8875,1441,2025-08-16,Net Banking,Cancelled
8876,1222,2024-08-27,Credit Card,Returned
8877,1467,2025-09-07,Debit Card,Cancelled
8878,1007,2026-07-20,Cash on Delivery,Returned
8879,1342,2024-12-04,Debit Card,Returned
8880,1458,2025-02-07,Debit Card,Delivered
8881,1061,2025-07-02,UPI,Delivered
8882,1429,2024-12-27,Net Banking,Pending
8883,1222,2026-03-10,Debit Card,Returned
8884,1017,2024-11-13,Net Banking,Delivered
8885,1137,2024-08-02,UPI,Returned
8886,1001,2026-10-29,Debit Card,Delivered
8887,1298,2025-12-15,Cash on Delivery,Delivered
8888,1341,2026-02-25,Credit Card,Delivered
8889,1435,2024-08-13,UPI,Cancelled
8890,1081,2025-08-23,Debit Card,Returned
8891,1066,2024-12-17,Credit Card,Cancelled
8892,1190,2026-04-12,Debit Card,Cancelled
8893,1204,2026-06-27,Net Banking,Pending
8894,1360,2025-10-28,Cash on Delivery,Cancelled
8895,1298,2025-07-11,Net Banking,Cancelled
8896,1256,2026-06-16,Cash on Delivery,Cancelled
8897,1122,2025-09-16,Debit Card,Pending
8898,1240,2024-12-15,Cash on Delivery,Delivered
8899,1125,2024-08-06,Credit Card,Delivered
8900,1279,2024-09-23,Cash on Delivery,Cancelled
8901,1073,2026-02-14,Debit Card,Returned
8902,1250,2024-10-05,Debit Card,Cancelled
8903,1430,2025-08-09,Credit Card,Cancelled
8904,1040,2024-08-30,UPI,Returned
8905,1187,2025-05-17,Net Banking,Returned
8906,1177,2025-01-12,UPI,Delivered
8907,1359,2024-09-21,Credit Card,Returned
8908,1163,2024-11-14,UPI,Pending
8909,1085,2024-10-21,Cash on Delivery,Delivered
8910,1334,2025-07-22,Credit Card,Cancelled
8911,1008,2024-11-02,Debit Card,Returned
8912,1401,2026-02-12,Net Banking,Delivered
8913,1325,2025-12-13,Credit Card,Cancelled
8914,1220,2025-06-22,Net Banking,Cancelled
8915,1128,2024-12-12,UPI,Delivered
8916,1072,2024-11-06,Credit Card,Returned
8917,1009,2025-06-11,Cash on Delivery,Cancelled
8918,1291,2026-03-02,UPI,Pending
8919,1162,2025-08-06,UPI,Returned
8920,1075,2026-07-06,Credit Card,Cancelled
8921,1401,2025-06-25,Cash on Delivery,Pending
8922,1465,2025-09-14,Credit Card,Pending
8923,1064,2026-03-18,Net Banking,Delivered
8924,1303,2025-03-09,Credit Card,Cancelled
8925,1437,2024-11-15,Debit Card,Cancelled
8926,1068,2025-12-01,Cash on Delivery,Returned
8927,1383,2025-12-29,Debit Card,Returned
8928,1265,2025-11-13,UPI,Delivered
8929,1187,2025-05-03,UPI,Cancelled
8930,1037,2025-07-31,Cash on Delivery,Returned
8931,1245,2025-04-29,UPI,Cancelled
8932,1249,2025-11-23,Net Banking,Pending
8933,1073,2025-10-13,Credit Card,Delivered
8934,1058,2024-10-10,UPI,Delivered
8935,1102,2026-06-04,Debit Card,Delivered
8936,1444,2025-06-08,Net Banking,Returned
8937,1011,2024-08-14,Cash on Delivery,Delivered
8938,1384,2024-10-24,UPI,Delivered
8939,1271,2025-03-17,Credit Card,Pending
8940,1399,2024-10-23,Credit Card,Returned
8941,1013,2024-11-13,Net Banking,Cancelled
8942,1008,2026-05-02,Debit Card,Delivered
8943,1423,2025-07-09,Net Banking,Delivered
8944,1384,2026-04-23,Net Banking,Cancelled
8945,1014,2025-01-15,Debit Card,Pending
8946,1024,2025-04-19,UPI,Pending
8947,1308,2026-03-02,Debit Card,Pending
8948,1147,2025-12-29,Credit Card,Returned
8949,1145,2024-08-15,Debit Card,Returned
8950,1103,2025-08-08,Credit Card,Delivered
8951,1244,2025-10-19,Net Banking,Returned
8952,1367,2025-05-02,Debit Card,Pending
8953,1150,2024-12-31,Cash on Delivery,Pending
8954,1410,2025-12-23,Cash on Delivery,Cancelled
8955,1378,2025-03-25,Credit Card,Pending
8956,1124,2025-07-03,Net Banking,Returned
8957,1450,2026-04-25,Net Banking,Returned
8958,1488,2024-09-20,Debit Card,Returned
8959,1426,2025-03-13,Credit Card,Returned
8960,1090,2025-05-08,Debit Card,Returned
8961,1070,2025-09-13,Net Banking,Delivered
8962,1190,2025-03-02,Cash on Delivery,Cancelled
8963,1385,2025-05-01,Net Banking,Pending
8964,1240,2025-04-01,Debit Card,Cancelled
8965,1218,2026-07-24,Cash on Delivery,Pending
8966,1050,2024-08-25,UPI,Delivered
8967,1332,2026-05-19,Net Banking,Pending
8968,1073,2026-01-10,Credit Card,Cancelled
8969,1122,2025-02-16,Cash on Delivery,Returned
8970,1144,2025-08-02,UPI,Pending
8971,1059,2026-05-16,Net Banking,Returned
8972,1359,2025-10-25,Net Banking,Delivered
8973,1221,2024-08-24,Cash on Delivery,Delivered
8974,1256,2025-01-15,UPI,Delivered
8975,1422,2025-01-14,UPI,Pending
8976,1386,2025-07-28,Net Banking,Pending
8977,1028,2025-04-04,Net Banking,Pending
8978,1187,2026-03-13,Debit Card,Returned
8979,1210,2025-06-21,Net Banking,Delivered
8980,1436,2026-04-09,Cash on Delivery,Delivered
8981,1269,2025-10-14,Credit Card,Cancelled
8982,1331,2025-07-21,Debit Card,Returned
8983,1471,2025-08-03,Debit Card,Delivered
8984,1451,2026-03-02,Debit Card,Cancelled
8985,9999,2024-12-27,Credit Card,Returned
8986,1458,2024-08-11,UPI,Cancelled
8987,1397,2025-11-23,Net Banking,Returned
8988,1429,2024-10-26,Cash on Delivery,Pending
8989,1100,2026-01-26,Cash on Delivery,Cancelled
8990,1021,2026-10-29,Debit Card,Delivered
8991,1049,2025-06-22,Credit Card,Pending
8992,1253,2025-04-16,Net Banking,Cancelled
8993,1067,2024-12-02,UPI,Delivered
8994,1074,2026-01-17,Net Banking,Delivered
8995,1412,2025-05-31,Net Banking,Delivered
8996,1310,2026-04-25,Net Banking,Returned
8997,1071,2026-07-26,Cash on Delivery,Cancelled
8998,1168,2026-01-02,Cash on Delivery,Delivered
8999,1126,2024-11-24,UPI,Returned
9000,1258,2025-10-05,Credit Card,Delivered
9001,1395,2025-02-10,UPI,Cancelled
9002,1152,2025-02-22,Net Banking,Returned
9003,1468,2025-08-11,Net Banking,Pending
9004,1469,2025-01-18,Cash on Delivery,Delivered
9005,1167,2025-02-05,Net Banking,Cancelled
9006,1034,2025-07-29,Net Banking,Pending
9007,1242,2025-08-12,Cash on Delivery,Delivered
9008,1023,2026-05-20,UPI,Delivered
9009,1271,2024-09-06,Credit Card,Returned
9010,1413,2024-10-18,Cash on Delivery,Delivered
9011,1250,2024-10-24,Cash on Delivery,Delivered
9012,1096,2025-06-22,UPI,Pending
9013,1251,2025-12-27,UPI,Cancelled
9014,1195,2026-03-30,UPI,Cancelled
9015,1406,2025-05-21,Net Banking,Returned
9016,1105,2025-04-27,Cash on Delivery,Returned
9017,1207,2026-03-24,Net Banking,Cancelled
9018,1056,2024-08-13,UPI,Returned
9019,1423,2024-09-04,Credit Card,Cancelled
9020,1464,2024-10-03,Net Banking,Returned
9021,1105,2025-09-22,Cash on Delivery,Returned
9022,1040,2024-11-12,Cash on Delivery,Cancelled
9023,1232,2025-05-06,Debit Card,Delivered
9024,1456,2025-06-07,Credit Card,Pending
9025,1309,2026-03-15,Debit Card,Delivered
9026,1088,2024-12-17,Cash on Delivery,Delivered
9027,1147,2025-07-17,Cash on Delivery,Returned
9028,1091,2025-08-28,UPI,Pending
9029,1470,2025-08-12,Net Banking,Pending
9030,1394,2026-02-26,Credit Card,Delivered
9031,1087,2026-02-02,Cash on Delivery,Pending
9032,1173,2025-01-01,UPI,Returned
9033,1409,2025-08-19,UPI,Returned
9034,1225,2025-04-23,Credit Card,Cancelled
9035,1095,2024-11-23,Cash on Delivery,Delivered
9036,1428,2026-05-14,Net Banking,Cancelled
9037,1336,2026-05-20,Net Banking,Delivered
9038,1487,2025-01-25,UPI,Cancelled
9039,1096,2025-10-04,Debit Card,Pending
9040,1470,2025-04-29,Net Banking,Delivered
9041,1278,2026-07-15,Credit Card,Delivered
9042,1467,2025-02-19,Cash on Delivery,Returned
9043,1308,2026-07-24,Cash on Delivery,Pending
9044,1227,2025-05-16,Debit Card,Cancelled
9045,1206,2026-03-21,UPI,Delivered
9046,1401,2025-11-24,Cash on Delivery,Delivered
9047,1029,2025-08-09,Credit Card,Returned
9048,1493,2024-12-28,UPI,Cancelled
9049,1228,2026-01-10,UPI,Pending
9050,1399,2025-07-24,Debit Card,Cancelled
9051,1448,2025-09-08,Cash on Delivery,Delivered
9052,1211,2024-12-28,UPI,Delivered
9053,1261,2025-01-25,UPI,Pending
9054,1083,2025-12-01,Cash on Delivery,Delivered
9055,1014,2025-07-03,Debit Card,Pending
9056,1230,2025-02-27,Cash on Delivery,Delivered
9057,1203,2024-11-09,Net Banking,Pending
9058,1257,2026-07-30,Net Banking,Returned
9059,1081,2026-07-12,Net Banking,Returned
9060,1353,2026-01-03,Cash on Delivery,Delivered
9061,1007,2025-02-11,Credit Card,Pending
9062,1336,2024-12-02,Net Banking,Pending
9063,1305,2025-12-16,Credit Card,Pending
9064,1301,2026-04-09,Debit Card,Delivered
9065,1087,2026-05-21,Cash on Delivery,Pending
9066,1244,2025-02-26,UPI,Returned
9067,1487,2024-09-13,Cash on Delivery,Delivered
9068,1226,2025-06-11,UPI,Pending
9069,1144,2026-07-05,Credit Card,Returned
9070,1386,2026-02-01,Credit Card,Delivered
9071,1397,2024-10-08,Cash on Delivery,Returned
9072,1489,2025-09-14,Cash on Delivery,Delivered
9073,1127,2026-02-24,Credit Card,Pending
9074,1435,2024-08-02,Cash on Delivery,Cancelled
9075,1333,2025-10-02,Net Banking,Returned
9076,1292,2025-01-25,Cash on Delivery,Returned
9077,1372,2025-05-17,Net Banking,Delivered
9078,1355,2026-02-06,UPI,Cancelled
9079,1073,2025-03-14,Cash on Delivery,Pending
9080,1422,2024-09-09,Net Banking,Pending
9081,1028,2025-03-22,UPI,Returned
9082,1390,2024-10-02,Credit Card,Pending
9083,1383,2026-06-04,Credit Card,Cancelled
9084,1437,2025-10-01,Cash on Delivery,Pending
9085,1063,2025-04-17,Cash on Delivery,Delivered
9086,1278,2024-10-04,Debit Card,Pending
9087,1411,2026-05-01,Debit Card,Cancelled
9088,1414,2024-12-04,Debit Card,Cancelled
9089,1033,2026-04-17,UPI,Cancelled
9090,1211,2024-11-09,Credit Card,Delivered
9091,1499,2026-01-07,Credit Card,Delivered
9092,1353,2026-03-12,Credit Card,Returned
9093,1452,2025-05-07,Credit Card,Delivered
9094,1124,2025-05-07,UPI,Pending
9095,1266,2026-06-19,Credit Card,Cancelled
9096,1162,2025-06-15,Net Banking,Pending
9097,1161,2025-04-23,UPI,Cancelled
9098,1421,2025-01-10,Credit Card,Returned
9099,1122,2024-08-14,UPI,Cancelled
9100,1163,2025-07-03,Credit Card,Pending
9101,1045,2025-02-24,Debit Card,Delivered
9102,1445,2025-04-07,Credit Card,Returned
9103,1317,2026-04-24,Net Banking,Cancelled
9104,1196,2025-09-23,Net Banking,Cancelled
9105,1017,2025-04-11,Debit Card,Pending
9106,1044,2025-04-26,UPI,Cancelled
9107,1034,2025-01-13,Net Banking,Pending
9108,1304,2025-11-11,Net Banking,Delivered
9109,1477,2025-09-25,Credit Card,Returned
9110,1189,2024-09-29,Cash on Delivery,Pending
9111,1239,2026-04-06,Net Banking,Cancelled
9112,1316,2024-08-15,Debit Card,Pending
9113,1301,2024-10-20,Credit Card,Pending
9114,1146,2025-02-22,Cash on Delivery,Delivered
9115,1354,2025-03-01,UPI,Cancelled
9116,1126,2025-05-29,Net Banking,Returned
9117,1484,2026-01-11,Credit Card,Pending
9118,1138,2025-02-12,Debit Card,Pending
9119,1271,2025-03-30,Credit Card,Cancelled
9120,1441,2024-12-02,Debit Card,Cancelled
9121,1177,2024-09-02,Debit Card,Cancelled
9122,1392,2024-11-13,UPI,Delivered
9123,1434,2026-07-27,Debit Card,Cancelled
9124,1400,2024-10-10,UPI,Returned
9125,1156,2025-02-17,Credit Card,Pending
9126,1028,2024-11-05,Debit Card,Pending
9127,1305,2025-12-12,Net Banking,Pending
9128,1399,2026-01-18,Credit Card,Delivered
9129,1273,2025-04-16,Cash on Delivery,Pending
9130,1342,2024-09-10,Net Banking,Pending
9131,1026,2025-11-03,Debit Card,Delivered
9132,1070,2026-05-27,Credit Card,Returned
9133,1420,2025-09-30,Net Banking,Delivered
9134,1299,2024-09-24,Net Banking,Delivered
9135,1377,2026-07-23,Credit Card,Cancelled
9136,1351,2025-01-28,Debit Card,Cancelled
9137,1330,2025-06-26,UPI,Cancelled
9138,1079,2025-03-01,Cash on Delivery,Delivered
9139,1088,2026-01-09,Cash on Delivery,Pending
9140,1298,2025-04-22,UPI,Delivered
9141,1112,2025-12-23,Credit Card,Cancelled
9142,1132,2026-01-29,Net Banking,Returned
9143,1314,2025-02-11,Debit Card,Returned
9144,1432,2024-09-14,Debit Card,Cancelled
9145,1466,2025-07-12,UPI,Delivered
9146,1134,2025-01-31,Credit Card,Returned
9147,1493,2025-07-07,Debit Card,Pending
9148,1189,2025-11-08,UPI,Pending
9149,1444,2025-07-01,Debit Card,Returned
9150,1231,2026-03-14,Net Banking,Delivered
9151,1283,2025-05-29,Net Banking,Pending
9152,1377,2026-01-05,Cash on Delivery,Pending
9153,1071,2025-07-22,Net Banking,Pending
9154,1093,2025-10-04,Credit Card,Cancelled
9155,1166,2025-10-21,Cash on Delivery,Delivered
9156,1086,2024-09-18,Debit Card,Cancelled
9157,1489,2026-02-14,UPI,Returned
9158,1410,2025-03-10,Credit Card,Pending
9159,1383,2024-08-01,Debit Card,Pending
9160,1445,2024-12-31,Cash on Delivery,Cancelled
9161,1345,2024-09-26,Cash on Delivery,Pending
9162,1475,2025-05-06,Cash on Delivery,Pending
9163,1473,2025-09-25,Net Banking,Cancelled
9164,1011,2025-06-23,Credit Card,Pending
9165,1070,2025-05-09,Debit Card,Cancelled
9166,1055,2026-03-30,Cash on Delivery,Returned
9167,1277,2025-08-31,Credit Card,Cancelled
9168,1287,2025-08-14,Credit Card,Pending
9169,1280,2026-07-18,UPI,Delivered
9170,1212,2026-04-16,Net Banking,Cancelled
9171,1065,2026-05-01,Cash on Delivery,Cancelled
9172,1275,2025-10-02,Cash on Delivery,Cancelled
9173,1352,2024-09-22,UPI,Delivered
9174,1416,2026-01-11,Credit Card,Returned
9175,1463,2026-02-24,Net Banking,Delivered
9176,1304,2025-07-19,Credit Card,Delivered
9177,1299,2026-03-31,UPI,Returned
9178,1215,2025-04-21,Credit Card,Returned
9179,1230,2025-05-05,Debit Card,Returned
9180,1088,2024-12-20,UPI,Pending
9181,1181,2025-09-27,Credit Card,Delivered
9182,1302,2026-03-22,UPI,Returned
9183,1165,2024-09-09,Net Banking,Returned
9184,1081,2026-06-18,UPI,Cancelled
9185,1137,2025-06-21,Credit Card,Cancelled
9186,1474,2026-03-12,Credit Card,Pending
9187,1278,2025-02-22,Debit Card,Returned
9188,1451,2024-12-10,Debit Card,Cancelled
9189,1186,2024-09-09,Debit Card,Delivered
9190,1047,2024-09-03,Cash on Delivery,Delivered
9191,1067,2024-12-16,Net Banking,Pending
9192,1455,2026-01-08,Cash on Delivery,Pending
9193,1273,2025-01-16,Net Banking,Delivered
9194,1130,2024-12-07,Credit Card,Delivered
9195,1276,2025-06-19,Net Banking,Cancelled
9196,1242,2026-02-28,UPI,Returned
9197,1174,2025-04-16,UPI,Pending
9198,1015,2025-11-04,Net Banking,Cancelled
9199,1122,2024-10-27,UPI,Cancelled
9200,1301,2024-07-30,UPI,Returned
9201,1098,2025-05-28,Debit Card,Cancelled
9202,1419,2026-07-30,Cash on Delivery,Returned
9203,1448,2026-01-05,UPI,Pending
9204,1050,2024-11-26,Credit Card,Cancelled
9205,1465,2025-01-16,Debit Card,Delivered
9206,1010,2025-12-11,UPI,Pending
9207,1172,2026-10-29,Debit Card,Cancelled
9208,1006,2025-11-05,UPI,Pending
9209,1328,2025-07-26,Debit Card,Pending
9210,1419,2025-07-04,Net Banking,Returned
9211,1484,2025-01-09,Cash on Delivery,Returned
9212,1225,2025-10-08,Credit Card,Cancelled
9213,1482,2026-06-04,Cash on Delivery,Returned
9214,1478,2025-04-01,Net Banking,Returned
9215,1397,2026-05-14,Debit Card,Cancelled
9216,1300,2025-02-16,UPI,Delivered
9217,1222,2025-04-06,Debit Card,Cancelled
9218,1203,2024-09-14,Credit Card,Returned
9219,1289,2024-10-05,Credit Card,Pending
9220,1239,2025-10-03,Cash on Delivery,Returned
9221,1002,2024-12-14,UPI,Delivered
9222,1207,2024-11-19,Net Banking,Pending
9223,1013,2024-10-26,Cash on Delivery,Pending
9224,1260,2025-08-16,Credit Card,Returned
9225,1133,2025-03-17,UPI,Delivered
9226,1387,2025-05-14,UPI,Cancelled
9227,1141,2026-06-05,Debit Card,Cancelled
9228,1385,2025-01-14,Net Banking,Delivered
9229,1445,2025-08-17,UPI,Returned
9230,1488,2025-09-29,Credit Card,Cancelled
9231,1008,2025-09-07,UPI,Pending
9232,1211,2025-08-02,Cash on Delivery,Pending
9233,1172,2025-05-03,Debit Card,Delivered
9234,1389,2024-09-21,UPI,Returned
9235,1098,2025-07-26,Net Banking,Pending
9236,1225,2024-10-18,UPI,Delivered
9237,1302,2024-09-13,Cash on Delivery,Delivered
9238,1473,2025-06-23,UPI,Delivered
9239,1054,2025-10-29,Debit Card,Pending
9240,1296,2024-11-18,UPI,Returned
9241,1029,2026-06-28,Cash on Delivery,Cancelled
9242,1450,2026-02-02,UPI,Cancelled
9243,1013,2025-07-20,Debit Card,Cancelled
9244,1061,2024-08-25,Net Banking,Returned
9245,1050,2026-01-14,Debit Card,Delivered
9246,1328,2026-01-25,UPI,Delivered
9247,1427,2025-08-23,UPI,Delivered
9248,1289,2025-02-02,UPI,Cancelled
9249,1172,2024-11-16,Debit Card,Cancelled
9250,9999,2025-04-08,UPI,Delivered
9251,1015,2026-04-07,UPI,Cancelled
9252,1041,2025-03-05,UPI,Cancelled
9253,1081,2025-07-11,Debit Card,Delivered
9254,1104,2026-05-27,Net Banking,Pending
9255,1444,2026-03-03,Credit Card,Returned
9256,1121,2025-11-21,Net Banking,Pending
9257,1246,2025-08-06,UPI,Returned
9258,1300,2025-05-05,Debit Card,Returned
9259,1025,2025-08-17,Debit Card,Returned
9260,1472,2025-04-01,Cash on Delivery,Delivered
9261,1164,2025-04-21,Credit Card,Returned
9262,1057,2025-04-19,Credit Card,Pending
9263,1159,2024-08-19,Credit Card,Pending
9264,1375,2026-01-15,Credit Card,Returned
9265,1310,2025-05-12,Credit Card,Delivered
9266,1169,2026-01-01,Credit Card,Returned
9267,1205,2026-01-04,Debit Card,Cancelled
9268,1030,2024-11-30,Debit Card,Delivered
9269,1472,2026-04-30,UPI,Pending
9270,1110,2025-02-14,Credit Card,Cancelled
9271,1407,2025-10-04,Net Banking,Cancelled
9272,1265,2025-04-26,UPI,Cancelled
9273,1382,2025-02-19,UPI,Cancelled
9274,1388,2025-01-20,Credit Card,Cancelled
9275,1404,2026-03-25,Debit Card,Cancelled
9276,1221,2025-05-12,Credit Card,Cancelled
9277,1395,2025-11-03,Net Banking,Pending
9278,1084,2025-01-03,Debit Card,Pending
9279,1152,2025-07-29,Debit Card,Cancelled
9280,1011,2024-10-13,UPI,Returned
9281,1095,2024-10-28,Debit Card,Pending
9282,1034,2026-01-26,Debit Card,Delivered
9283,1455,2025-11-25,Credit Card,Pending
9284,1147,2026-01-24,UPI,Returned
9285,1372,2024-10-24,Net Banking,Pending
9286,1457,2026-06-01,UPI,Returned
9287,1307,2025-10-27,Cash on Delivery,Cancelled
9288,1413,2024-09-06,Cash on Delivery,Cancelled
9289,1052,2025-02-18,Credit Card,Cancelled
9290,1344,2025-11-21,Cash on Delivery,Pending
9291,1370,2026-01-01,Cash on Delivery,Delivered
9292,1245,2024-12-15,Debit Card,Cancelled
9293,1050,2025-11-23,Cash on Delivery,Cancelled
9294,1114,2024-07-30,Credit Card,Returned
9295,1177,2025-02-27,Credit Card,Cancelled
9296,1142,2025-10-05,Net Banking,Pending
9297,1121,2026-05-28,Credit Card,Pending
9298,1241,2025-01-04,Net Banking,Delivered
9299,1064,2024-09-14,UPI,Pending
9300,1173,2025-10-22,Debit Card,Delivered
9301,1153,2024-10-07,Credit Card,Cancelled
9302,1303,2026-05-08,UPI,Returned
9303,1051,2026-02-22,Cash on Delivery,Cancelled
9304,1163,2026-03-13,Credit Card,Returned
9305,1465,2026-05-23,UPI,Cancelled
9306,1265,2024-09-20,Debit Card,Returned
9307,1036,2026-02-09,UPI,Returned
9308,1390,2026-05-11,Net Banking,Pending
9309,1489,2025-08-02,Credit Card,Returned
9310,1441,2026-06-25,Credit Card,Cancelled
9311,1064,2025-12-06,Debit Card,Returned
9312,1402,2026-04-26,UPI,Pending
9313,1164,2025-01-04,UPI,Delivered
9314,1318,2026-07-14,UPI,Delivered
9315,1227,2025-01-06,Net Banking,Delivered
9316,1385,2026-04-20,Cash on Delivery,Cancelled
9317,1400,2026-07-01,UPI,Cancelled
9318,1155,2025-11-20,UPI,Delivered
9319,1197,2025-02-06,Cash on Delivery,Delivered
9320,1271,2026-04-13,Credit Card,Delivered
9321,1180,2026-01-21,Net Banking,Returned
9322,1421,2024-09-28,Net Banking,Delivered
9323,1423,2026-02-22,Cash on Delivery,Cancelled
9324,1018,2025-10-02,UPI,Cancelled
9325,1067,2025-12-06,Net Banking,Delivered
9326,1318,2024-12-20,Debit Card,Pending
9327,1401,2026-02-10,Cash on Delivery,Delivered
9328,1424,2024-10-22,UPI,Cancelled
9329,1020,2026-01-28,Net Banking,Cancelled
9330,1416,2025-05-28,UPI,Returned
9331,1178,2026-05-07,Debit Card,Pending
9332,1495,2026-06-29,Credit Card,Pending
9333,1046,2025-01-15,Credit Card,Delivered
9334,1311,2025-03-31,Cash on Delivery,Delivered
9335,1414,2026-07-18,Net Banking,Pending
9336,1481,2026-07-24,Cash on Delivery,Returned
9337,1079,2025-10-17,Credit Card,Delivered
9338,1446,2025-01-18,Credit Card,Pending
9339,1223,2025-03-29,UPI,Pending
9340,1205,2024-08-26,Credit Card,Returned
9341,1456,2024-12-05,Credit Card,Cancelled
9342,1376,2025-07-03,Debit Card,Pending
9343,1474,2025-01-11,UPI,Pending
9344,1486,2026-04-09,Debit Card,Returned
9345,1330,2025-10-20,Credit Card,Cancelled
9346,1387,2024-12-15,UPI,Delivered
9347,1210,2025-02-21,Credit Card,Delivered
9348,1062,2024-11-28,Credit Card,Returned
9349,1096,2024-10-06,Debit Card,Cancelled
9350,1030,2026-05-22,UPI,Returned
9351,1037,2025-11-29,Net Banking,Delivered
9352,1246,2024-11-02,UPI,Returned
9353,1388,2025-06-30,Cash on Delivery,Returned
9354,1199,2025-09-04,Debit Card,Returned
9355,1440,2024-08-19,Debit Card,Returned
9356,1041,2024-11-10,Net Banking,Pending
9357,1065,2026-03-05,Net Banking,Returned
9358,1082,2025-12-30,Credit Card,Returned
9359,1493,2024-08-17,Credit Card,Returned
9360,1336,2025-02-05,Debit Card,Returned
9361,1135,2025-03-26,Debit Card,Pending
9362,1152,2026-02-23,Debit Card,Returned
9363,1437,2024-12-25,Debit Card,Pending
9364,1029,2024-09-30,Debit Card,Pending
9365,1149,2024-08-23,UPI,Returned
9366,1230,2025-08-14,Credit Card,Returned
9367,1292,2026-01-10,UPI,Delivered
9368,1203,2025-06-08,UPI,Cancelled
9369,1011,2025-07-31,Net Banking,Delivered
9370,1068,2026-06-06,Debit Card,Delivered
9371,1387,2025-05-01,Debit Card,Cancelled
9372,1351,2026-07-03,Credit Card,Returned
9373,1374,2025-04-12,Debit Card,Pending
9374,1253,2025-11-21,Credit Card,Returned
9375,1498,2025-01-15,Cash on Delivery,Pending
9376,1188,2024-12-16,Cash on Delivery,Returned
9377,1138,2024-08-20,Credit Card,Delivered
9378,1272,2024-09-22,UPI,Cancelled
9379,1038,2024-09-06,Net Banking,Delivered
9380,1401,2024-12-21,Debit Card,Pending
9381,1031,2026-01-07,Credit Card,Delivered
9382,1077,2025-10-10,UPI,Pending
9383,1428,2025-10-12,Credit Card,Pending
9384,1030,2025-11-23,Debit Card,Cancelled
9385,1190,2025-11-19,Net Banking,Cancelled
9386,1340,2024-11-06,Net Banking,Delivered
9387,1458,2026-05-29,Debit Card,Cancelled
9388,1054,2025-08-19,Net Banking,Cancelled
9389,1181,2025-05-15,Debit Card,Pending
9390,1328,2025-03-05,UPI,Delivered
9391,1388,2026-04-27,Net Banking,Returned
9392,1294,2025-03-30,UPI,Delivered
9393,1411,2024-08-31,Cash on Delivery,Cancelled
9394,1370,2025-11-04,Credit Card,Returned
9395,1109,2024-08-15,UPI,Delivered
9396,1060,2025-04-03,Debit Card,Returned
9397,1454,2025-10-08,Net Banking,Returned
9398,1015,2025-03-30,Cash on Delivery,Delivered
9399,1097,2025-01-13,Net Banking,Pending
9400,1218,2026-02-23,Net Banking,Returned
9401,1293,2025-02-27,Credit Card,Returned
9402,1421,2025-09-04,Debit Card,Delivered
9403,1381,2025-02-05,Debit Card,Pending
9404,1418,2024-12-21,Debit Card,Delivered
9405,1045,2026-05-20,UPI,Pending
9406,1225,2026-03-23,Debit Card,Cancelled
9407,1190,2024-12-29,Net Banking,Pending
9408,1093,2025-06-21,Cash on Delivery,Cancelled
9409,1499,2025-08-30,Cash on Delivery,Delivered
9410,1276,2026-05-25,Cash on Delivery,Returned
9411,1131,2025-07-19,Cash on Delivery,Pending
9412,1249,2025-01-25,Credit Card,Cancelled
9413,1127,2026-03-04,Credit Card,Delivered
9414,1250,2025-01-27,Credit Card,Returned
9415,1060,2026-01-16,Net Banking,Delivered
9416,1321,2025-11-04,Cash on Delivery,Returned
9417,1014,2025-09-12,Debit Card,Cancelled
9418,1167,2025-03-08,Net Banking,Pending
9419,1383,2025-11-03,Credit Card,Delivered
9420,1195,2025-07-14,Credit Card,Pending
9421,1476,2024-08-22,Debit Card,Returned
9422,1433,2025-03-28,UPI,Cancelled
9423,1179,2026-01-15,UPI,Cancelled
9424,1230,2025-08-11,UPI,Pending
9425,1162,2025-09-17,Cash on Delivery,Returned
9426,1448,2025-11-18,Cash on Delivery,Cancelled
9427,1460,2025-06-30,Net Banking,Delivered
9428,1042,2026-04-29,Credit Card,Returned
9429,1259,2026-05-12,Net Banking,Cancelled
9430,1370,2026-04-05,Cash on Delivery,Delivered
9431,1342,2026-01-15,Credit Card,Pending
9432,1117,2026-03-31,Credit Card,Cancelled
9433,1109,2025-10-24,Net Banking,Returned
9434,1125,2026-06-23,Net Banking,Pending
9435,1459,2025-07-16,Credit Card,Pending
9436,1232,2024-09-08,Net Banking,Delivered
9437,1002,2025-06-09,Net Banking,Cancelled
9438,1392,2025-10-13,Net Banking,Cancelled
9439,1251,2024-09-30,Debit Card,Pending
9440,1057,2026-03-21,Cash on Delivery,Pending
9441,1022,2026-03-04,Credit Card,Returned
9442,1407,2026-02-03,Credit Card,Pending
9443,1448,2024-09-05,Credit Card,Delivered
9444,1431,2024-12-24,Debit Card,Pending
9445,1073,2024-10-01,Debit Card,Returned
9446,1205,2026-02-03,Net Banking,Delivered
9447,1434,2026-03-29,Net Banking,Cancelled
9448,1108,2026-05-09,UPI,Pending
9449,1350,2025-11-26,Net Banking,Cancelled
9450,1091,2026-02-19,Credit Card,Returned
9451,1439,2026-03-17,Debit Card,Pending
9452,1047,2024-10-10,UPI,Pending
9453,1084,2026-04-08,UPI,Cancelled
9454,1048,2025-10-07,UPI,Cancelled
9455,1094,2025-06-19,Credit Card,Cancelled
9456,1056,2026-06-08,Cash on Delivery,Returned
9457,1248,2026-03-07,Cash on Delivery,Pending
9458,1320,2024-08-16,Net Banking,Returned
9459,1098,2025-04-19,Debit Card,Delivered
9460,1439,2025-07-11,Debit Card,Delivered
9461,1300,2026-02-02,Net Banking,Cancelled
9462,1261,2024-12-23,Cash on Delivery,Pending
9463,1391,2025-07-12,Credit Card,Delivered
9464,1195,2025-09-15,Debit Card,Returned
9465,1149,2025-02-14,Cash on Delivery,Cancelled
9466,1218,2024-12-27,Cash on Delivery,Returned
9467,1478,2025-09-15,Debit Card,Delivered
9468,1377,2024-12-24,Cash on Delivery,Returned
9469,1145,2026-06-08,Credit Card,Pending
9470,1151,2024-12-05,Cash on Delivery,Returned
9471,1184,2024-11-03,Net Banking,Cancelled
9472,1231,2024-11-28,Debit Card,Returned
9473,1500,2026-01-03,Debit Card,Cancelled
9474,1385,2025-05-11,UPI,Returned
9475,1077,2024-12-18,Debit Card,Cancelled
9476,1365,2026-04-14,Credit Card,Cancelled
9477,1341,2025-05-18,Net Banking,Delivered
9478,1375,2025-07-18,Cash on Delivery,Delivered
9479,1020,2026-06-24,Credit Card,Returned
9480,1248,2024-11-16,Cash on Delivery,Returned
9481,1453,2025-09-22,Credit Card,Pending
9482,1381,2024-11-18,Credit Card,Returned
9483,1074,2024-08-06,Net Banking,Pending
9484,1432,2025-03-25,Credit Card,Cancelled
9485,1105,2025-11-28,Credit Card,Delivered
9486,1101,2025-07-25,Net Banking,Pending
9487,1500,2025-05-07,Net Banking,Delivered
9488,1448,2026-04-04,Cash on Delivery,Delivered
9489,1126,2025-09-23,UPI,Returned
9490,1101,2026-06-22,UPI,Pending
9491,1481,2024-11-04,UPI,Cancelled
9492,1486,2024-11-23,Cash on Delivery,Delivered
9493,1160,2025-03-12,Cash on Delivery,Pending
9494,1228,2024-09-26,Cash on Delivery,Returned
9495,1399,2025-02-05,Cash on Delivery,Returned
9496,1346,2024-10-09,Net Banking,Delivered
9497,1115,2025-09-27,Credit Card,Returned
9498,1131,2024-11-05,Cash on Delivery,Delivered
9499,1028,2025-10-03,Net Banking,Cancelled
9500,1270,2024-08-25,Credit Card,Delivered
9501,1420,2025-11-09,Net Banking,Delivered
9502,1239,2026-03-01,Cash on Delivery,Pending
9503,1162,2024-11-14,UPI,Delivered
9504,1273,2025-07-11,UPI,Returned
9505,1256,2026-01-22,Net Banking,Returned
9506,1449,2024-09-10,Cash on Delivery,Cancelled
9507,1446,2026-07-10,Credit Card,Delivered
9508,1244,2026-01-08,Credit Card,Returned
9509,1226,2024-11-30,Cash on Delivery,Cancelled
9510,1021,2026-07-10,Cash on Delivery,Cancelled
9511,1259,2025-08-20,Credit Card,Pending
9512,1358,2025-04-10,Cash on Delivery,Returned
9513,1299,2025-03-19,Cash on Delivery,Delivered
9514,1238,2025-11-16,UPI,Cancelled
9515,1331,2024-10-26,Net Banking,Cancelled
9516,1490,2025-08-29,UPI,Cancelled
9517,1289,2025-09-20,Credit Card,Returned
9518,1168,2024-12-19,Net Banking,Delivered
9519,1439,2025-11-04,Net Banking,Delivered
9520,1486,2025-01-18,Cash on Delivery,Returned
9521,1490,2024-11-19,Credit Card,Cancelled
9522,1324,2025-03-19,Cash on Delivery,Cancelled
9523,1391,2025-07-27,Debit Card,Delivered
9524,1069,2025-06-14,Credit Card,Delivered
9525,1002,2025-06-22,UPI,Delivered
9526,1332,2024-10-07,UPI,Returned
9527,1220,2026-07-07,Debit Card,Returned
9528,1283,2026-02-15,Debit Card,Pending
9529,1436,2025-07-27,Debit Card,Delivered
9530,1057,2026-02-20,Credit Card,Delivered
9531,1300,2025-01-13,Cash on Delivery,Returned
9532,1491,2025-02-07,Debit Card,Cancelled
9533,1446,2026-05-21,Cash on Delivery,Pending
9534,1478,2026-10-29,UPI,Delivered
9535,1464,2025-11-01,Net Banking,Delivered
9536,1499,2026-07-20,UPI,Returned
9537,1007,2025-09-19,Credit Card,Cancelled
9538,1288,2024-08-15,UPI,Delivered
9539,1278,2025-03-04,Credit Card,Returned
9540,1405,2026-05-27,Net Banking,Pending
9541,1030,2026-04-30,Debit Card,Pending
9542,1384,2025-03-13,Debit Card,Returned
9543,1097,2024-08-01,Debit Card,Returned
9544,1004,2025-08-17,Credit Card,Cancelled
9545,1141,2025-03-31,Debit Card,Cancelled
9546,1222,2025-12-27,Cash on Delivery,Cancelled
9547,1478,2026-04-24,Credit Card,Delivered
9548,1371,2024-09-25,Cash on Delivery,Cancelled
9549,1399,2025-09-10,Debit Card,Returned
9550,1349,2025-09-17,Credit Card,Cancelled
9551,1188,2026-04-28,Debit Card,Delivered
9552,1105,2026-03-01,Debit Card,Returned
9553,1372,2025-12-23,UPI,Returned
9554,1143,2025-02-06,UPI,Delivered
9555,1197,2026-04-21,Cash on Delivery,Delivered
9556,1084,2024-08-27,Cash on Delivery,Delivered
9557,1318,2026-01-05,Debit Card,Pending
9558,1400,2025-06-23,Net Banking,Delivered
9559,1054,2025-04-05,Debit Card,Pending
9560,1206,2025-12-23,Cash on Delivery,Pending
9561,1252,2025-11-14,Credit Card,Pending
9562,1213,2025-03-09,Credit Card,Cancelled
9563,1205,2024-09-19,Net Banking,Delivered
9564,1386,2026-07-20,UPI,Pending
9565,1143,2025-04-03,UPI,Delivered
9566,1366,2025-07-31,Debit Card,Returned
9567,1341,2026-03-20,Credit Card,Returned
9568,1186,2024-10-17,UPI,Returned
9569,1037,2024-07-30,Debit Card,Cancelled
9570,1381,2025-12-25,Credit Card,Cancelled
9571,1033,2025-03-29,Debit Card,Delivered
9572,1487,2026-07-06,Cash on Delivery,Pending
9573,1462,2025-07-27,Cash on Delivery,Cancelled
9574,1453,2026-01-10,Net Banking,Delivered
9575,1091,2026-02-03,Cash on Delivery,Cancelled
9576,1208,2026-07-28,UPI,Delivered
9577,1303,2026-05-08,UPI,Delivered
9578,1019,2025-07-03,Debit Card,Returned
9579,1035,2025-04-15,Net Banking,Returned
9580,1422,2024-07-31,Credit Card,Returned
9581,1158,2025-05-15,Credit Card,Pending
9582,1434,2025-09-02,Debit Card,Delivered
9583,1461,2026-04-04,Net Banking,Pending
9584,1471,2026-05-01,Net Banking,Pending
9585,1266,2026-07-27,UPI,Cancelled
9586,1407,2024-12-12,Cash on Delivery,Delivered
9587,1228,2026-02-20,Net Banking,Pending
9588,1335,2025-02-05,Net Banking,Returned
9589,1493,2025-03-17,Credit Card,Cancelled
9590,1346,2026-04-01,Credit Card,Cancelled
9591,1420,2025-03-05,Debit Card,Returned
9592,1413,2026-02-26,Debit Card,Returned
9593,1399,2025-07-17,Net Banking,Delivered
9594,1293,2025-05-06,Cash on Delivery,Delivered
9595,1439,2025-10-08,UPI,Returned
9596,1266,2024-12-09,Cash on Delivery,Cancelled
9597,1336,2026-04-17,Credit Card,Cancelled
9598,1169,2024-12-10,Net Banking,Returned
9599,1259,2026-06-05,Credit Card,Delivered
9600,1378,2025-09-05,Credit Card,Returned
9601,1284,2026-02-01,Debit Card,Cancelled
9602,1186,2024-12-29,Credit Card,Pending
9603,1311,2025-09-13,Credit Card,Pending
9604,1260,2024-08-30,Net Banking,Delivered
9605,1404,2026-03-25,UPI,Pending
9606,1003,2025-07-26,UPI,Delivered
9607,1452,2026-07-05,Credit Card,Pending
9608,1353,2024-08-30,Debit Card,Returned
9609,1024,2026-03-13,Debit Card,Returned
9610,1280,2026-03-31,Debit Card,Delivered
9611,1084,2024-09-22,UPI,Cancelled
9612,1113,2026-03-09,Debit Card,Cancelled
9613,1100,2025-09-30,Credit Card,Pending
9614,1064,2024-11-23,Cash on Delivery,Cancelled
9615,1028,2024-12-18,Net Banking,Delivered
9616,1092,2025-11-14,Cash on Delivery,Cancelled
9617,1366,2025-08-27,Credit Card,Pending
9618,1072,2025-12-17,Net Banking,Pending
9619,1030,2025-08-02,Debit Card,Cancelled
9620,1033,2025-02-17,Cash on Delivery,Cancelled
9621,1350,2025-04-18,UPI,Delivered
9622,1217,2026-03-16,UPI,Cancelled
9623,1088,2024-12-08,UPI,Returned
9624,1457,2024-09-29,Credit Card,Returned
9625,1321,2025-03-27,Debit Card,Pending
9626,1345,2026-07-17,UPI,Delivered
9627,1277,2024-11-24,Cash on Delivery,Cancelled
9628,1427,2025-08-31,Credit Card,Cancelled
9629,1240,2025-08-19,Debit Card,Returned
9630,1127,2025-05-06,Net Banking,Pending
9631,1373,2024-08-19,Net Banking,Cancelled
9632,1004,2025-03-29,UPI,Returned
9633,1069,2025-11-13,Debit Card,Delivered
9634,1169,2025-11-18,Credit Card,Pending
9635,1460,2024-12-03,Cash on Delivery,Cancelled
9636,1085,2025-07-14,Cash on Delivery,Returned
9637,1380,2026-10-29,Credit Card,Cancelled
9638,1389,2025-12-21,Net Banking,Returned
9639,1184,2025-08-28,Debit Card,Returned
9640,1492,2025-12-25,Credit Card,Pending
9641,1399,2025-07-08,UPI,Returned
9642,1109,2025-04-21,Credit Card,Returned
9643,1196,2025-07-31,Net Banking,Pending
9644,1375,2025-05-19,Credit Card,Returned
9645,1114,2026-03-25,Net Banking,Cancelled
9646,1016,2024-08-10,Credit Card,Pending
9647,1277,2024-08-31,Net Banking,Cancelled
9648,1177,2024-09-05,Credit Card,Pending
9649,1068,2025-12-12,Credit Card,Returned
9650,1050,2025-03-16,UPI,Pending
9651,1072,2024-11-21,Cash on Delivery,Delivered
9652,1381,2025-09-21,Credit Card,Returned
9653,1498,2025-01-07,Debit Card,Returned
9654,1010,2025-10-02,Net Banking,Pending
9655,1259,2025-11-17,UPI,Cancelled
9656,1239,2024-12-13,UPI,Pending
9657,1033,2026-07-24,Net Banking,Returned
9658,1484,2025-02-05,Credit Card,Pending
9659,1243,2026-01-24,Cash on Delivery,Pending
9660,1403,2025-04-05,Debit Card,Returned
9661,1138,2024-12-17,Debit Card,Returned
9662,1199,2026-03-02,Credit Card,Pending
9663,1194,2026-03-20,Net Banking,Returned
9664,1033,2024-09-04,Cash on Delivery,Cancelled
9665,1097,2025-02-05,Debit Card,Returned
9666,1005,2025-10-16,UPI,Cancelled
9667,1272,2026-02-11,Cash on Delivery,Cancelled
9668,1106,2025-12-07,Cash on Delivery,Delivered
9669,1390,2026-01-11,Credit Card,Delivered
9670,1190,2026-02-14,Net Banking,Cancelled
9671,1037,2025-05-05,Cash on Delivery,Delivered
9672,1400,2025-03-20,Debit Card,Delivered
9673,1437,2024-08-19,Net Banking,Delivered
9674,1398,2025-04-16,Credit Card,Cancelled
9675,1455,2025-10-24,Credit Card,Returned
9676,1285,2025-09-07,Debit Card,Pending
9677,1327,2026-01-09,Cash on Delivery,Returned
9678,1251,2026-06-30,Cash on Delivery,Delivered
9679,1062,2024-11-14,Net Banking,Cancelled
9680,1478,2025-05-11,Net Banking,Delivered
9681,1413,2025-11-18,UPI,Returned
9682,1009,2025-04-04,Cash on Delivery,Pending
9683,1242,2024-09-24,Credit Card,Cancelled
9684,1352,2026-03-15,UPI,Delivered
9685,1278,2026-04-05,Cash on Delivery,Returned
9686,1060,2025-02-08,Cash on Delivery,Delivered
9687,1431,2026-07-06,Debit Card,Returned
9688,1219,2026-05-02,Net Banking,Delivered
9689,1167,2024-10-27,Credit Card,Returned
9690,1326,2025-12-27,Credit Card,Pending
9691,1067,2025-05-16,Cash on Delivery,Pending
9692,1315,2025-06-04,Net Banking,Delivered
9693,1196,2026-01-15,Debit Card,Cancelled
9694,1161,2025-04-16,UPI,Cancelled
9695,1092,2024-10-09,Net Banking,Pending
9696,1288,2025-10-14,Cash on Delivery,Pending
9697,1434,2025-02-10,UPI,Pending
9698,1194,2025-09-18,Debit Card,Returned
9699,1325,2025-07-13,Debit Card,Pending
9700,1049,2024-12-15,Debit Card,Cancelled
9701,1277,2025-04-01,Debit Card,Pending
9702,1494,2024-09-26,Credit Card,Cancelled
9703,1303,2026-07-07,Debit Card,Pending
9704,1395,2025-09-17,Cash on Delivery,Delivered
9705,1489,2025-05-17,Credit Card,Delivered
9706,1010,2025-05-12,Credit Card,Pending
9707,1106,2024-11-28,Credit Card,Returned
9708,1089,2026-01-10,Cash on Delivery,Delivered
9709,1338,2025-04-23,UPI,Returned
9710,1054,2026-01-05,Net Banking,Returned
9711,1036,2025-06-01,Credit Card,Returned
9712,1134,2026-06-18,Debit Card,Returned
9713,1290,2026-03-08,Debit Card,Delivered
9714,1276,2026-05-14,Debit Card,Delivered
9715,1145,2026-01-26,UPI,Pending
9716,1361,2026-07-07,Debit Card,Pending
9717,1403,2025-07-01,Credit Card,Delivered
9718,1179,2025-09-06,Cash on Delivery,Pending
9719,1111,2025-10-19,Credit Card,Delivered
9720,1416,2025-06-22,Debit Card,Delivered
9721,1390,2026-03-27,Credit Card,Pending
9722,1024,2026-05-09,Credit Card,Delivered
9723,1054,2026-07-15,Debit Card,Cancelled
9724,1301,2026-06-16,Debit Card,Delivered
9725,1343,2025-05-29,Net Banking,Returned
9726,1277,2025-03-15,Cash on Delivery,Delivered
9727,1311,2025-08-06,Debit Card,Delivered
9728,1087,2026-04-06,Cash on Delivery,Returned
9729,1147,2025-07-10,Cash on Delivery,Cancelled
9730,1253,2026-03-12,Net Banking,Delivered
9731,1028,2024-09-24,UPI,Cancelled
9732,1293,2025-08-08,Cash on Delivery,Returned
9733,1165,2026-06-09,Cash on Delivery,Pending
9734,1142,2026-03-20,Cash on Delivery,Returned
9735,1413,2025-12-14,Debit Card,Delivered
9736,1006,2026-05-20,UPI,Delivered
9737,1210,2025-08-09,Net Banking,Delivered
9738,1263,2025-09-07,UPI,Delivered
9739,1371,2025-12-11,UPI,Pending
9740,1170,2025-11-08,Debit Card,Cancelled
9741,1421,2025-04-01,Net Banking,Pending
9742,1324,2024-12-23,Net Banking,Pending
9743,1319,2026-06-30,UPI,Cancelled
9744,1262,2026-01-16,Debit Card,Returned
9745,1473,2025-12-11,Debit Card,Returned
9746,1011,2025-11-06,Cash on Delivery,Delivered
9747,1268,2026-07-02,UPI,Cancelled
9748,1177,2025-12-28,Cash on Delivery,Cancelled
9749,1174,2026-01-28,Debit Card,Pending
9750,1214,2024-11-22,UPI,Cancelled
9751,1474,2025-07-18,Net Banking,Cancelled
9752,1381,2025-09-01,Debit Card,Returned
9753,1304,2025-08-04,Debit Card,Cancelled
9754,1339,2025-12-24,Debit Card,Pending
9755,1462,2025-11-30,UPI,Cancelled
9756,1494,2025-10-23,Cash on Delivery,Returned
9757,1486,2025-01-28,UPI,Pending
9758,1346,2025-09-06,Cash on Delivery,Returned
9759,1126,2025-10-17,Net Banking,Delivered
9760,1084,2025-01-06,Debit Card,Cancelled
9761,1369,2025-06-19,Net Banking,Delivered
9762,1143,2024-12-12,UPI,Cancelled
9763,1103,2024-12-27,Net Banking,Returned
9764,1243,2024-12-14,Credit Card,Returned
9765,1184,2025-03-16,Credit Card,Cancelled
9766,1417,2025-07-18,Credit Card,Delivered
9767,1465,2026-01-18,Debit Card,Returned
9768,1226,2025-03-05,Debit Card,Delivered
9769,1192,2025-10-16,Cash on Delivery,Delivered
9770,1267,2025-07-16,Debit Card,Returned
9771,1393,2025-03-23,Net Banking,Delivered
9772,1289,2026-07-29,Debit Card,Delivered
9773,1132,2025-01-22,UPI,Delivered
9774,1341,2025-03-17,Net Banking,Returned
9775,1485,2024-10-11,Credit Card,Returned
9776,1303,2025-12-30,Debit Card,Pending
9777,1253,2025-12-05,Debit Card,Delivered
9778,1002,2025-03-25,Net Banking,Delivered
9779,1405,2024-11-22,Debit Card,Delivered
9780,1087,2024-08-14,Cash on Delivery,Delivered
9781,1325,2026-03-05,UPI,Returned
9782,1112,2026-04-05,Credit Card,Cancelled
9783,1114,2025-05-18,Cash on Delivery,Cancelled
9784,1434,2025-07-07,Net Banking,Delivered
9785,1447,2025-02-05,Net Banking,Delivered
9786,1124,2026-05-25,Credit Card,Returned
9787,1224,2025-02-10,UPI,Pending
9788,1015,2026-05-07,Cash on Delivery,Delivered
9789,1265,2025-03-24,Debit Card,Pending
9790,1043,2024-11-17,Net Banking,Pending
9791,1026,2024-08-06,Credit Card,Pending
9792,9999,2024-10-14,Debit Card,Delivered
9793,1303,2026-07-01,Credit Card,Pending
9794,1195,2026-02-08,Debit Card,Pending
9795,1415,2024-11-08,UPI,Cancelled
9796,1277,2024-12-13,Credit Card,Cancelled
9797,1348,2026-07-03,Credit Card,Delivered
9798,1053,2024-09-10,Cash on Delivery,Returned
9799,1402,2025-04-13,Credit Card,Delivered
9800,1197,2026-02-20,Cash on Delivery,Pending
9801,1304,2024-08-09,Debit Card,Pending
9802,1372,2025-07-17,Credit Card,Pending
9803,1470,2025-05-30,Cash on Delivery,Cancelled
9804,1131,2024-12-11,Credit Card,Pending
9805,1188,2025-06-28,Credit Card,Delivered
9806,1007,2025-08-21,Cash on Delivery,Delivered
9807,1089,2024-08-11,Debit Card,Delivered
9808,1177,2025-04-19,Cash on Delivery,Returned
9809,1459,2025-12-29,Net Banking,Delivered
9810,1455,2025-01-11,Debit Card,Returned
9811,1433,2024-09-02,Net Banking,Pending
9812,1387,2025-03-28,Cash on Delivery,Delivered
9813,1108,2026-02-24,Cash on Delivery,Pending
9814,1031,2026-05-28,Credit Card,Cancelled
9815,1108,2026-02-25,Credit Card,Cancelled
9816,1101,2025-01-22,Net Banking,Returned
9817,1109,2026-01-06,Credit Card,Cancelled
9818,1110,2025-02-24,Cash on Delivery,Pending
9819,1327,2025-11-07,Credit Card,Returned
9820,1247,2026-10-29,Cash on Delivery,Delivered
9821,1140,2024-11-08,Debit Card,Pending
9822,1371,2025-09-19,Net Banking,Cancelled
9823,1348,2024-10-03,Debit Card,Pending
9824,1452,2024-08-15,Net Banking,Delivered
9825,1257,2024-09-14,UPI,Delivered
9826,1480,2026-07-08,Net Banking,Delivered
9827,1041,2026-02-13,Net Banking,Delivered
9828,1088,2025-11-09,Credit Card,Pending
9829,1025,2025-08-13,UPI,Returned
9830,1422,2024-08-08,Net Banking,Pending
9831,1120,2024-12-27,Credit Card,Cancelled
9832,1500,2026-01-01,Credit Card,Delivered
9833,1076,2026-05-17,Credit Card,Returned
9834,1413,2025-09-09,UPI,Delivered
9835,1408,2025-06-08,Debit Card,Returned
9836,1075,2026-04-10,Cash on Delivery,Returned
9837,1037,2024-08-16,Cash on Delivery,Pending
9838,1436,2026-05-11,Debit Card,Pending
9839,1410,2025-06-06,UPI,Cancelled
9840,1211,2025-12-13,UPI,Delivered
9841,1029,2025-10-21,Cash on Delivery,Returned
9842,1204,2026-07-29,UPI,Returned
9843,1190,2026-01-01,Net Banking,Delivered
9844,1255,2026-05-25,Credit Card,Pending
9845,1063,2025-08-12,Cash on Delivery,Cancelled
9846,1151,2025-02-20,Credit Card,Returned
9847,1433,2025-05-22,Credit Card,Cancelled
9848,1226,2025-05-09,Cash on Delivery,Delivered
9849,1245,2026-07-11,Credit Card,Returned
9850,1417,2024-11-13,Credit Card,Pending
9851,1375,2026-04-04,Net Banking,Pending
9852,1311,2024-09-18,Debit Card,Cancelled
9853,1409,2024-12-17,UPI,Returned
9854,1080,2024-09-08,Credit Card,Cancelled
9855,1140,2025-10-12,Cash on Delivery,Cancelled
9856,1486,2026-06-10,UPI,Returned
9857,1306,2025-07-15,Credit Card,Pending
9858,1168,2024-08-02,UPI,Delivered
9859,1252,2025-05-27,Cash on Delivery,Pending
9860,1228,2025-10-12,UPI,Delivered
9861,1165,2026-05-30,Cash on Delivery,Delivered
9862,1480,2026-07-30,Credit Card,Delivered
9863,1383,2026-04-02,Credit Card,Delivered
9864,1169,2026-01-27,Cash on Delivery,Returned
9865,1467,2025-05-15,UPI,Cancelled
9866,1460,2025-10-13,UPI,Pending
9867,1465,2025-04-25,Debit Card,Cancelled
9868,1034,2025-01-20,Net Banking,Pending
9869,1390,2024-09-03,Debit Card,Delivered
9870,1117,2026-07-18,Debit Card,Returned
9871,1333,2025-12-02,Cash on Delivery,Delivered
9872,1056,2025-01-22,Credit Card,Returned
9873,1481,2025-03-26,Credit Card,Returned
9874,1256,2025-05-08,UPI,Returned
9875,1236,2025-12-10,Net Banking,Returned
9876,1172,2026-05-26,UPI,Returned
9877,1408,2026-04-24,Net Banking,Returned
9878,1451,2026-07-03,Cash on Delivery,Returned
9879,1068,2025-05-18,Credit Card,Delivered
9880,1086,2026-01-07,Credit Card,Cancelled
9881,1305,2025-10-08,Debit Card,Delivered
9882,1407,2026-03-14,Debit Card,Pending
9883,1410,2025-07-20,Net Banking,Pending
9884,1243,2026-03-11,Credit Card,Pending
9885,1368,2025-07-01,Cash on Delivery,Delivered
9886,1118,2024-09-26,UPI,Delivered
9887,1098,2025-09-17,UPI,Cancelled
9888,1244,2025-07-24,Credit Card,Cancelled
9889,1442,2024-12-11,Credit Card,Returned
9890,1150,2024-10-02,Credit Card,Pending
9891,1143,2026-04-06,Credit Card,Pending
9892,1408,2025-07-14,UPI,Delivered
9893,1214,2025-05-01,Debit Card,Returned
9894,1024,2026-02-24,Credit Card,Returned
9895,1048,2024-09-10,Credit Card,Returned
9896,1299,2024-08-04,UPI,Delivered
9897,1269,2025-06-20,Cash on Delivery,Delivered
9898,1203,2026-05-18,Net Banking,Cancelled
9899,1072,2026-06-13,Net Banking,Delivered
9900,1407,2025-02-25,UPI,Pending
9901,1251,2024-09-08,Debit Card,Delivered
9902,1459,2025-07-07,Debit Card,Cancelled
9903,1335,2026-07-21,Debit Card,Delivered
9904,1455,2025-05-17,Credit Card,Returned
9905,1140,2025-07-29,UPI,Returned
9906,1314,2025-05-20,Cash on Delivery,Pending
9907,1077,2026-02-18,Cash on Delivery,Delivered
9908,1174,2025-05-25,Credit Card,Pending
9909,1432,2026-04-01,Cash on Delivery,Pending
9910,1447,2025-02-09,UPI,Returned
9911,1191,2025-11-24,UPI,Delivered
9912,1298,2025-04-02,Net Banking,Cancelled
9913,1233,2025-11-04,Net Banking,Delivered
9914,1411,2025-08-22,UPI,Delivered
9915,1199,2025-02-21,UPI,Cancelled
9916,1241,2024-10-26,Net Banking,Cancelled
9917,1159,2025-02-22,Credit Card,Pending
9918,1276,2024-08-06,Credit Card,Cancelled
9919,1270,2026-06-17,Cash on Delivery,Cancelled
9920,1182,2025-07-05,Credit Card,Pending
9921,1198,2025-02-05,Credit Card,Returned
9922,1069,2025-09-28,Cash on Delivery,Pending
9923,1427,2025-05-06,Debit Card,Pending
9924,1214,2026-01-01,Debit Card,Delivered
9925,1338,2025-05-16,Credit Card,Delivered
9926,1144,2025-05-16,Debit Card,Cancelled
9927,1450,2025-02-27,Credit Card,Returned
9928,1252,2025-04-01,Credit Card,Pending
9929,1452,2025-06-12,Net Banking,Returned
9930,1236,2026-03-13,Cash on Delivery,Delivered
9931,1135,2025-08-18,UPI,Cancelled
9932,1075,2025-03-14,Credit Card,Cancelled
9933,1406,2024-10-31,Debit Card,Cancelled
9934,1482,2025-08-15,Net Banking,Pending
9935,1149,2025-04-12,Credit Card,Delivered
9936,1326,2026-05-22,Debit Card,Returned
9937,1393,2024-11-28,UPI,Delivered
9938,1073,2024-11-05,Net Banking,Cancelled
9939,1310,2025-02-13,UPI,Delivered
9940,1048,2025-09-10,Credit Card,Delivered
9941,1131,2025-02-26,UPI,Returned
9942,1087,2024-12-30,Debit Card,Delivered
9943,1485,2026-04-24,Credit Card,Cancelled
9944,1457,2026-02-06,Net Banking,Pending
9945,1412,2026-04-12,Net Banking,Delivered
9946,1058,2026-02-01,Net Banking,Pending
9947,1477,2024-08-14,Credit Card,Cancelled
9948,1040,2024-10-16,Net Banking,Delivered
9949,1255,2025-06-01,Debit Card,Cancelled
9950,1336,2025-05-03,UPI,Returned
9951,1121,2025-09-03,UPI,Delivered
9952,1431,2025-07-28,Cash on Delivery,Returned
9953,1390,2024-11-22,Cash on Delivery,Delivered
9954,1369,2025-07-05,Cash on Delivery,Delivered
9955,1431,2024-10-12,Credit Card,Pending
9956,1493,2025-01-31,Credit Card,Pending
9957,1321,2025-03-19,Net Banking,Cancelled
9958,1423,2025-09-16,Credit Card,Returned
9959,1328,2024-10-22,Debit Card,Pending
9960,1459,2024-10-24,Net Banking,Delivered
9961,1077,2024-11-24,Debit Card,Cancelled
9962,1116,2025-07-26,Debit Card,Cancelled
9963,1311,2025-08-15,Net Banking,Delivered
9964,1004,2025-02-24,Cash on Delivery,Pending
9965,1417,2025-02-05,Debit Card,Delivered
9966,1309,2024-08-30,Net Banking,Cancelled
9967,1352,2025-01-08,Net Banking,Cancelled
9968,1459,2024-10-09,UPI,Delivered
9969,1171,2024-08-09,Cash on Delivery,Returned
9970,1100,2025-03-10,Net Banking,Pending
9971,1268,2026-02-04,Debit Card,Pending
9972,1200,2024-12-06,Debit Card,Delivered
9973,1391,2025-01-05,Net Banking,Delivered
9974,1225,2026-02-26,Credit Card,Delivered
9975,1011,2024-09-20,UPI,Pending
9976,1310,2025-01-05,UPI,Pending
9977,1397,2024-08-11,UPI,Cancelled
9978,1205,2025-06-15,Debit Card,Delivered
9979,1173,2026-07-03,Credit Card,Cancelled
9980,1452,2024-08-17,Debit Card,Cancelled
9981,1482,2024-11-12,UPI,Returned
9982,1185,2025-01-30,Cash on Delivery,Pending
9983,1071,2026-07-02,UPI,Returned
9984,1437,2024-12-22,Debit Card,Cancelled
9985,1032,2026-01-04,UPI,Delivered
9986,1022,2025-04-11,Cash on Delivery,Pending
9987,1425,2025-01-27,Net Banking,Pending
9988,1476,2024-08-03,Cash on Delivery,Returned
9989,1354,2025-03-16,Credit Card,Pending
9990,1379,2025-06-13,Debit Card,Delivered
9991,1466,2025-12-11,Credit Card,Cancelled
9992,1084,2025-01-09,Cash on Delivery,Pending
9993,1168,2026-03-16,Net Banking,Cancelled
9994,1089,2024-10-10,Net Banking,Returned
9995,1061,2024-08-31,Cash on Delivery,Delivered
9996,1061,2024-11-16,Credit Card,Cancelled
9997,1274,2026-06-02,Credit Card,Cancelled
9998,1491,2026-06-11,Net Banking,Pending
9999,1180,2025-09-06,Debit Card,Pending
10000,1162,2026-05-17,Debit Card,Pending
6502,1126,2025-02-14,Credit Card,Pending
7587,1261,2025-02-26,Net Banking,Pending
7654,1475,2025-04-18,Cash on Delivery,Pending
6056,1322,2025-05-02,Debit Card,Returned
5706,1224,2025-02-07,Credit Card,Delivered
5107,1136,2025-07-19,Net Banking,Delivered
5590,1485,2024-09-01,Cash on Delivery,Delivered
7469,1198,2025-12-24,Net Banking,Returned
7414,1007,2024-10-31,Credit Card,Pending
6601,1261,2026-07-23,Debit Card,Pending
